ISO-10303-21;
HEADER;
FILE_DESCRIPTION (( 'STEP AP214' ),
    '1' );
FILE_NAME ('PAD-SMD_L5.0-W2.0_STHW4-DU-HN050206.STEP',
    '2024-07-08T07:21:04',
    ( 'PC' ),
    ( 'Microsoft' ),
    'SwSTEP 2.0',
    'SolidWorks 2020',
    '' );
FILE_SCHEMA (( 'AUTOMOTIVE_DESIGN' ));
ENDSEC;

DATA;
#1 = CARTESIAN_POINT ( 'NONE',  ( -1.492774178759433745, -1.010000000000000009, 0.4342041965456000518 ) ) ;
#2 = CARTESIAN_POINT ( 'NONE',  ( -1.826336474752609851, -1.010000000000000009, 0.3586779331192915810 ) ) ;
#3 =( GEOMETRIC_REPRESENTATION_CONTEXT ( 3 ) GLOBAL_UNCERTAINTY_ASSIGNED_CONTEXT ( ( #10485 ) ) GLOBAL_UNIT_ASSIGNED_CONTEXT ( ( #1581, #468, #9776 ) ) REPRESENTATION_CONTEXT ( 'NONE', 'WORKASPACE' ) );
#4 = LINE ( 'NONE', #7284, #10488 ) ;
#5 = CARTESIAN_POINT ( 'NONE',  ( -1.664116265863606836, -1.010000000000000009, 0.2328489639687963964 ) ) ;
#6 = ORIENTED_EDGE ( 'NONE', *, *, #10882, .T. ) ;
#7 = EDGE_CURVE ( 'NONE', #7081, #38, #440, .T. ) ;
#8 = ADVANCED_FACE ( 'NONE', ( #6108 ), #10825, .T. ) ;
#9 = PRESENTATION_LAYER_ASSIGNMENT (  '', '', ( #9286 ) ) ;
#10 = PRESENTATION_STYLE_ASSIGNMENT (( #9103 ) ) ;
#11 = CARTESIAN_POINT ( 'NONE',  ( -1.677859253886438529, -1.000000000000000000, 0.2516703591251381877 ) ) ;
#12 = DIRECTION ( 'NONE',  ( 0.0000000000000000000, 1.000000000000000000, 0.0000000000000000000 ) ) ;
#13 =( NAMED_UNIT ( * ) SI_UNIT ( $, .STERADIAN. ) SOLID_ANGLE_UNIT ( ) );
#14 = CARTESIAN_POINT ( 'NONE',  ( -2.027292831059733125, -1.000000000000000000, 0.2504884797393431839 ) ) ;
#15 = CARTESIAN_POINT ( 'NONE',  ( -1.826336474752609851, -1.010000000000000009, 0.3034652982244437913 ) ) ;
#16 = DIRECTION ( 'NONE',  ( 1.000000000000000000, 0.0000000000000000000, 0.0000000000000000000 ) ) ;
#17 = DIRECTION ( 'NONE',  ( -1.000000000000000000, 0.0000000000000000000, 0.0000000000000000000 ) ) ;
#18 = MECHANICAL_DESIGN_GEOMETRIC_PRESENTATION_REPRESENTATION (  '', ( #3517 ), #2084 ) ;
#19 = CARTESIAN_POINT ( 'NONE',  ( -1.991143427003361444, -1.010000000000000009, 0.2089836405724676272 ) ) ;
#20 = VERTEX_POINT ( 'NONE', #2785 ) ;
#21 = CARTESIAN_POINT ( 'NONE',  ( -2.248205767888787232, -1.000000000000000000, 0.2551745429188400083 ) ) ;
#22 = MECHANICAL_DESIGN_GEOMETRIC_PRESENTATION_REPRESENTATION (  '', ( #8350 ), #10066 ) ;
#23 =( LENGTH_UNIT ( ) NAMED_UNIT ( * ) SI_UNIT ( .MILLI., .METRE. ) );
#24 = FILL_AREA_STYLE ('',( #9279 ) ) ;
#25 = SURFACE_STYLE_USAGE ( .BOTH. , #4574 ) ;
#26 = FACE_BOUND ( 'NONE', #2253, .T. ) ;
#27 = ORIENTED_EDGE ( 'NONE', *, *, #11379, .F. ) ;
#28 = MECHANICAL_DESIGN_GEOMETRIC_PRESENTATION_REPRESENTATION (  '', ( #411 ), #8728 ) ;
#29 = CARTESIAN_POINT ( 'NONE',  ( -1.434697418514818468, -1.010000000000000009, 0.2909979290547222708 ) ) ;
#30 = CARTESIAN_POINT ( 'NONE',  ( -1.772832687755529824, -1.010000000000000009, 0.3898704243238186318 ) ) ;
#31 = PRESENTATION_STYLE_ASSIGNMENT (( #1088 ) ) ;
#32 = CARTESIAN_POINT ( 'NONE',  ( -1.735791604449712811, -1.010000000000000009, 0.2685181553006110167 ) ) ;
#33 = PRESENTATION_STYLE_ASSIGNMENT (( #97 ) ) ;
#34 = EDGE_CURVE ( 'NONE', #4073, #8575, #3319, .T. ) ;
#35 = CARTESIAN_POINT ( 'NONE',  ( -1.679592170064752921, -1.010000000000000009, 0.2532107290613451744 ) ) ;
#36 = STYLED_ITEM ( 'NONE', ( #7557 ), #8649 ) ;
#37 = STYLED_ITEM ( 'NONE', ( #8516 ), #5080 ) ;
#38 = VERTEX_POINT ( 'NONE', #980 ) ;
#39 = PRESENTATION_LAYER_ASSIGNMENT (  '', '', ( #8172 ) ) ;
#40 = ORIENTED_EDGE ( 'NONE', *, *, #5776, .T. ) ;
#41 = SURFACE_STYLE_USAGE ( .BOTH. , #3579 ) ;
#42 = AXIS2_PLACEMENT_3D ( 'NONE', #7909, #8864, #8925 ) ;
#43 = DIRECTION ( 'NONE',  ( -0.5773502691896257311, -0.5773502691896257311, -0.5773502691896257311 ) ) ;
#44 = CARTESIAN_POINT ( 'NONE',  ( -1.661083662551957385, -1.000000000000000000, 0.2264468014223747216 ) ) ;
#45 = MECHANICAL_DESIGN_GEOMETRIC_PRESENTATION_REPRESENTATION (  '', ( #2768 ), #4111 ) ;
#46 = SURFACE_SIDE_STYLE ('',( #109 ) ) ;
#47 = EDGE_CURVE ( 'NONE', #1228, #11843, #5557, .T. ) ;
#48 = PRESENTATION_LAYER_ASSIGNMENT (  '', '', ( #7402 ) ) ;
#49 = ORIENTED_EDGE ( 'NONE', *, *, #695, .T. ) ;
#50 = CARTESIAN_POINT ( 'NONE',  ( -1.694394162418690009, -1.010000000000000009, 0.2116688773486635200 ) ) ;
#51 = VECTOR ( 'NONE', #9192, 1000.000000000000000 ) ;
#52 = ORIENTED_EDGE ( 'NONE', *, *, #3028, .F. ) ;
#53 = STYLED_ITEM ( 'NONE', ( #5614 ), #876 ) ;
#54 = CARTESIAN_POINT ( 'NONE',  ( -1.737909613111919604, -1.000000000000000000, 0.2409359061334077901 ) ) ;
#55 = VERTEX_POINT ( 'NONE', #6360 ) ;
#56 = FACE_OUTER_BOUND ( 'NONE', #6628, .T. ) ;
#57 = CARTESIAN_POINT ( 'NONE',  ( -1.554533385882042928, -1.000000000000000000, 0.3857306801209408054 ) ) ;
#58 = PRESENTATION_LAYER_ASSIGNMENT (  '', '', ( #1645 ) ) ;
#59 = MECHANICAL_DESIGN_GEOMETRIC_PRESENTATION_REPRESENTATION (  '', ( #8017 ), #3751 ) ;
#60 = CARTESIAN_POINT ( 'NONE',  ( -1.750834279606522825, -1.010000000000000009, 0.3778362841987565335 ) ) ;
#61 = EDGE_CURVE ( 'NONE', #4335, #6276, #9243, .T. ) ;
#62 = AXIS2_PLACEMENT_3D ( 'NONE', #5952, #9406, #9464 ) ;
#63 = CARTESIAN_POINT ( 'NONE',  ( -1.747224037568877897, -1.000000000000000000, 0.2388178974712016345 ) ) ;
#64 = UNCERTAINTY_MEASURE_WITH_UNIT (LENGTH_MEASURE( 1.000000000000000082E-05 ), #8364, 'distance_accuracy_value', 'NONE');
#65 = ORIENTED_EDGE ( 'NONE', *, *, #1521, .F. ) ;
#66 = CARTESIAN_POINT ( 'NONE',  ( -1.671336749938581390, -1.000000000000000000, 0.3694123861110195084 ) ) ;
#67 = ORIENTED_EDGE ( 'NONE', *, *, #6081, .T. ) ;
#68 = VECTOR ( 'NONE', #3907, 1000.000000000000000 ) ;
#69 = ORIENTED_EDGE ( 'NONE', *, *, #3472, .F. ) ;
#70 = MECHANICAL_DESIGN_GEOMETRIC_PRESENTATION_REPRESENTATION (  '', ( #7433 ), #5874 ) ;
#71 = SURFACE_STYLE_FILL_AREA ( #4849 ) ;
#72 = MECHANICAL_DESIGN_GEOMETRIC_PRESENTATION_REPRESENTATION (  '', ( #10308 ), #265 ) ;
#73 = CARTESIAN_POINT ( 'NONE',  ( -1.682167476051521282, -1.010000000000000009, 0.2594684819264291287 ) ) ;
#74 = CARTESIAN_POINT ( 'NONE',  ( -1.668135668665369442, -1.000000000000000000, 0.2474343418007252937 ) ) ;
#75 = DIRECTION ( 'NONE',  ( -0.0000000000000000000, 1.000000000000000000, -0.0000000000000000000 ) ) ;
#76 = FILL_AREA_STYLE ('',( #4738 ) ) ;
#77 = MECHANICAL_DESIGN_GEOMETRIC_PRESENTATION_REPRESENTATION (  '', ( #2613 ), #6278 ) ;
#78 = ADVANCED_FACE ( 'NONE', ( #4643 ), #8468, .T. ) ;
#79 = CARTESIAN_POINT ( 'NONE',  ( -1.632851569818088766, -1.010000000000000009, 0.3694123861110195084 ) ) ;
#80 = EDGE_CURVE ( 'NONE', #4703, #11483, #5499, .T. ) ;
#81 = CARTESIAN_POINT ( 'NONE',  ( -1.552607923462264727, -1.000000000000000000, 0.4403656762897907306 ) ) ;
#82 = LINE ( 'NONE', #3784, #2227 ) ;
#83 = UNCERTAINTY_MEASURE_WITH_UNIT (LENGTH_MEASURE( 1.000000000000000082E-05 ), #6954, 'distance_accuracy_value', 'NONE');
#84 = FILL_AREA_STYLE_COLOUR ( '', #904 ) ;
#85 = VERTEX_POINT ( 'NONE', #6529 ) ;
#86 = LINE ( 'NONE', #4681, #8025 ) ;
#87 = FILL_AREA_STYLE ('',( #11214 ) ) ;
#88 = STYLED_ITEM ( 'NONE', ( #1538 ), #7757 ) ;
#89 = FILL_AREA_STYLE_COLOUR ( '', #350 ) ;
#90 = ORIENTED_EDGE ( 'NONE', *, *, #11495, .F. ) ;
#91 = DIRECTION ( 'NONE',  ( -0.0000000000000000000, 1.000000000000000000, -0.0000000000000000000 ) ) ;
#92 = CARTESIAN_POINT ( 'NONE',  ( -1.634993646760196651, -1.010000000000000009, 0.4420023193468916589 ) ) ;
#93 = SURFACE_STYLE_FILL_AREA ( #1991 ) ;
#95 = EDGE_CURVE ( 'NONE', #6716, #10344, #8407, .T. ) ;
#94 = CARTESIAN_POINT ( 'NONE',  ( 2.450000000000000622, 0.0000000000000000000, 0.0000000000000000000 ) ) ;
#96 = DIRECTION ( 'NONE',  ( 1.000000000000000000, -0.0000000000000000000, -0.0000000000000000000 ) ) ;
#97 = SURFACE_STYLE_USAGE ( .BOTH. , #9126 ) ;
#98 = VERTEX_POINT ( 'NONE', #168 ) ;
#99 = ORIENTED_EDGE ( 'NONE', *, *, #540, .T. ) ;
#100 = CARTESIAN_POINT ( 'NONE',  ( -1.538407638114548170, -1.010000000000000009, 0.3923735254702371833 ) ) ;
#101 = ORIENTED_EDGE ( 'NONE', *, *, #11121, .F. ) ;
#102 = FILL_AREA_STYLE_COLOUR ( '', #8513 ) ;
#103 = EDGE_CURVE ( 'NONE', #2979, #2060, #8287, .T. ) ;
#104 = CARTESIAN_POINT ( 'NONE',  ( -2.185948483602257575, -1.010000000000000009, 0.3736642278398156769 ) ) ;
#105 = CARTESIAN_POINT ( 'NONE',  ( -1.610636547146431896, -1.010000000000000009, 0.2204778679199694558 ) ) ;
#106 = CARTESIAN_POINT ( 'NONE',  ( -1.490944989460548431, -1.000000000000000000, 0.4407989053344494867 ) ) ;
#107 = DIRECTION ( 'NONE',  ( -1.000000000000000000, 0.0000000000000000000, -0.0000000000000000000 ) ) ;
#108 = FACE_OUTER_BOUND ( 'NONE', #9065, .T. ) ;
#109 = SURFACE_STYLE_FILL_AREA ( #9198 ) ;
#110 = LINE ( 'NONE', #2731, #3405 ) ;
#111 = COLOUR_RGB ( '',0.0000000000000000000, 0.0000000000000000000, 0.0000000000000000000 ) ;
#112 = VERTEX_POINT ( 'NONE', #2908 ) ;
#113 = B_SPLINE_SURFACE_WITH_KNOTS ( 'NONE', 3, 1, ( 
 ( #9125, #9075 ),
 ( #8052, #11709 ),
 ( #7078, #9785 ),
 ( #4462, #777 ) ),
 .UNSPECIFIED., .F., .F., .F.,
 ( 4, 4 ),
 ( 2, 2 ),
 ( 3.000000000000000000, 4.000000000000000000 ),
 ( 0.0000000000000000000, 1.000000000000000000 ),
 .UNSPECIFIED. ) ;
#114 = VERTEX_POINT ( 'NONE', #6583 ) ;
#115 = EDGE_LOOP ( 'NONE', ( #8108, #7492, #11254, #7445 ) ) ;
#116 = CARTESIAN_POINT ( 'NONE',  ( -2.007879257485734481, -1.000000000000000000, 0.4011109540794149386 ) ) ;
#117 = AXIS2_PLACEMENT_3D ( 'NONE', #9104, #10850, #4498 ) ;
#118 =( NAMED_UNIT ( * ) PLANE_ANGLE_UNIT ( ) SI_UNIT ( $, .RADIAN. ) );
#119 = ADVANCED_FACE ( 'NONE', ( #3871 ), #5789, .T. ) ;
#120 = ORIENTED_EDGE ( 'NONE', *, *, #8744, .T. ) ;
#121 = CARTESIAN_POINT ( 'NONE',  ( -2.248205767888787232, -1.010000000000000009, 0.2551745429188400083 ) ) ;
#122 = CARTESIAN_POINT ( 'NONE',  ( -1.561248436072007140, -1.000000000000000000, 0.3792322444529834247 ) ) ;
#123 = MECHANICAL_DESIGN_GEOMETRIC_PRESENTATION_REPRESENTATION (  '', ( #4756 ), #9383 ) ;
#124 = PRESENTATION_STYLE_ASSIGNMENT (( #9256 ) ) ;
#126 = EDGE_CURVE ( 'NONE', #9893, #11594, #11231, .T. ) ;
#125 = CARTESIAN_POINT ( 'NONE',  ( -1.728402642412857793, -1.000000000000000000, 0.3570894266226369851 ) ) ;
#127 = VECTOR ( 'NONE', #3814, 1000.000000000000000 ) ;
#128 = LINE ( 'NONE', #997, #10914 ) ;
#129 = CARTESIAN_POINT ( 'NONE',  ( -1.471257136214887629, -1.010000000000000009, 0.2093101858842237872 ) ) ;
#130 = MECHANICAL_DESIGN_GEOMETRIC_PRESENTATION_REPRESENTATION (  '', ( #7294 ), #11909 ) ;
#131 = ORIENTED_EDGE ( 'NONE', *, *, #7685, .T. ) ;
#132 = VECTOR ( 'NONE', #1244, 1000.000000000000000 ) ;
#133 = ORIENTED_EDGE ( 'NONE', *, *, #1397, .T. ) ;
#134 =( NAMED_UNIT ( * ) SI_UNIT ( $, .STERADIAN. ) SOLID_ANGLE_UNIT ( ) );
#135 = ADVANCED_FACE ( 'NONE', ( #9475 ), #4878, .F. ) ;
#136 = CARTESIAN_POINT ( 'NONE',  ( -1.718486510949680746, -1.010000000000000009, 0.2780973308403431599 ) ) ;
#137 = FILL_AREA_STYLE_COLOUR ( '', #5722 ) ;
#138 = VECTOR ( 'NONE', #330, 1000.000000000000000 ) ;
#139 = CARTESIAN_POINT ( 'NONE',  ( -2.185948496370684779, -1.000000000000000000, 0.2571828119320350159 ) ) ;
#140 = SURFACE_STYLE_USAGE ( .BOTH. , #6554 ) ;
#141 = ADVANCED_FACE ( 'NONE', ( #8697 ), #5523, .F. ) ;
#142 = SURFACE_SIDE_STYLE ('',( #5941 ) ) ;
#143 = CARTESIAN_POINT ( 'NONE',  ( -1.668135668665369442, -1.010000000000000009, 0.2474343418007252937 ) ) ;
#144 = FILL_AREA_STYLE ('',( #10062 ) ) ;
#145 = LINE ( 'NONE', #6686, #6104 ) ;
#146 = ORIENTED_EDGE ( 'NONE', *, *, #9560, .F. ) ;
#147 = DIRECTION ( 'NONE',  ( -0.8863488427958627902, 0.0000000000000000000, -0.4630180653866922125 ) ) ;
#149 = EDGE_CURVE ( 'NONE', #11573, #10926, #652, .T. ) ;
#148 = AXIS2_PLACEMENT_3D ( 'NONE', #11648, #2719, #3861 ) ;
#150 = ADVANCED_FACE ( 'NONE', ( #7982 ), #9712, .F. ) ;
#151 = LINE ( 'NONE', #1263, #7174 ) ;
#152 = ORIENTED_EDGE ( 'NONE', *, *, #2633, .F. ) ;
#153 = DIRECTION ( 'NONE',  ( -0.0000000000000000000, 1.000000000000000000, -0.0000000000000000000 ) ) ;
#154 = VERTEX_POINT ( 'NONE', #2534 ) ;
#155 = AXIS2_PLACEMENT_3D ( 'NONE', #10133, #312, #11039 ) ;
#156 = SURFACE_SIDE_STYLE ('',( #3010 ) ) ;
#157 = SURFACE_STYLE_FILL_AREA ( #6985 ) ;
#158 = CARTESIAN_POINT ( 'NONE',  ( -1.401844215972966268, -1.000000000000000000, 0.2093101858842237595 ) ) ;
#159 = PRESENTATION_LAYER_ASSIGNMENT (  '', '', ( #5383 ) ) ;
#160 = EDGE_LOOP ( 'NONE', ( #11170, #2190, #8057, #10640 ) ) ;
#161 = ORIENTED_EDGE ( 'NONE', *, *, #7233, .F. ) ;
#162 = ORIENTED_EDGE ( 'NONE', *, *, #8954, .T. ) ;
#163 = EDGE_CURVE ( 'NONE', #1763, #7566, #6217, .T. ) ;
#164 = VERTEX_POINT ( 'NONE', #9898 ) ;
#165 = ADVANCED_FACE ( 'NONE', ( #2421 ), #8113, .T. ) ;
#166 = SURFACE_STYLE_USAGE ( .BOTH. , #3925 ) ;
#167 =( LENGTH_UNIT ( ) NAMED_UNIT ( * ) SI_UNIT ( .MILLI., .METRE. ) );
#168 = CARTESIAN_POINT ( 'NONE',  ( -1.722168957827996172, -1.010000000000000009, 0.2430539147956138624 ) ) ;
#169 = CARTESIAN_POINT ( 'NONE',  ( -2.197998289210417067, -1.000000000000000000, 0.4339131792713341595 ) ) ;
#170 = CARTESIAN_POINT ( 'NONE',  ( -1.433277389980368577, -1.000000000000000000, 0.2572542001433302805 ) ) ;
#171 =( NAMED_UNIT ( * ) PLANE_ANGLE_UNIT ( ) SI_UNIT ( $, .RADIAN. ) );
#172 = CARTESIAN_POINT ( 'NONE',  ( -1.590515464856758321, -1.010000000000000009, 0.2765569609041355070 ) ) ;
#173 = SURFACE_STYLE_FILL_AREA ( #4775 ) ;
#174 = CARTESIAN_POINT ( 'NONE',  ( 0.0000000000000000000, 0.0000000000000000000, 0.5999999999999999778 ) ) ;
#175 = LINE ( 'NONE', #5008, #1294 ) ;
#176 = ORIENTED_EDGE ( 'NONE', *, *, #1726, .F. ) ;
#177 = ORIENTED_EDGE ( 'NONE', *, *, #8868, .T. ) ;
#178 = SURFACE_STYLE_FILL_AREA ( #8480 ) ;
#179 = CARTESIAN_POINT ( 'NONE',  ( -1.552607923462264727, -1.000000000000000000, 0.4403656762897907306 ) ) ;
#180 = ORIENTED_EDGE ( 'NONE', *, *, #10930, .F. ) ;
#181 = PLANE ( 'NONE',  #2309 ) ;
#182 = FILL_AREA_STYLE ('',( #7451 ) ) ;
#183 =( NAMED_UNIT ( * ) PLANE_ANGLE_UNIT ( ) SI_UNIT ( $, .RADIAN. ) );
#184 = CARTESIAN_POINT ( 'NONE',  ( -1.760750411069702537, -1.010000000000000009, 0.3699418882765709848 ) ) ;
#185 = B_SPLINE_CURVE_WITH_KNOTS ( 'NONE', 3,
 ( #4851, #253, #136, #9332 ),
 .UNSPECIFIED., .F., .F.,
 ( 4, 4 ),
 ( 1.000000000000000000, 2.000000000000000000 ),
 .UNSPECIFIED. ) ;
#187 = ADVANCED_FACE ( 'NONE', ( #8332 ), #3567, .F. ) ;
#186 = DIRECTION ( 'NONE',  ( 0.0000000000000000000, 0.0000000000000000000, -1.000000000000000000 ) ) ;
#188 = VECTOR ( 'NONE', #11330, 1000.000000000000000 ) ;
#189 = ORIENTED_EDGE ( 'NONE', *, *, #2002, .F. ) ;
#190 = CARTESIAN_POINT ( 'NONE',  ( -1.491691106148106849, -1.000000000000000000, 0.4379588482649064973 ) ) ;
#191 = VERTEX_POINT ( 'NONE', #10931 ) ;
#192 = ORIENTED_EDGE ( 'NONE', *, *, #9433, .T. ) ;
#193 = CARTESIAN_POINT ( 'NONE',  ( -1.388943617757946614, -1.010000000000000009, 0.2457014256227323390 ) ) ;
#194 = CARTESIAN_POINT ( 'NONE',  ( -1.519754720920412305, -1.010000000000000009, 0.3586779331192915810 ) ) ;
#195 = CARTESIAN_POINT ( 'NONE',  ( -1.517083141812432645, -1.010000000000000009, 0.3034652982244437913 ) ) ;
#196 = VECTOR ( 'NONE', #2844, 1000.000000000000000 ) ;
#197 = CARTESIAN_POINT ( 'NONE',  ( -1.612080643961746107, -1.010000000000000009, 0.2260135723777171035 ) ) ;
#198 = CARTESIAN_POINT ( 'NONE',  ( -1.552607923462264727, -1.000000000000000000, 0.3718673506963500741 ) ) ;
#199 = SURFACE_STYLE_USAGE ( .BOTH. , #1309 ) ;
#200 = CARTESIAN_POINT ( 'NONE',  ( -2.288371761046226194, -1.010000000000000009, 0.3167624042006468299 ) ) ;
#201 = DIRECTION ( 'NONE',  ( -0.9910683662997870069, 0.0000000000000000000, -0.1333547648937644658 ) ) ;
#203 = EDGE_CURVE ( 'NONE', #426, #3497, #5481, .T. ) ;
#202 = CARTESIAN_POINT ( 'NONE',  ( -1.683900392229514820, -1.010000000000000009, 0.2418505007825332009 ) ) ;
#204 = UNCERTAINTY_MEASURE_WITH_UNIT (LENGTH_MEASURE( 1.000000000000000082E-05 ), #2518, 'distance_accuracy_value', 'NONE');
#205 = CARTESIAN_POINT ( 'NONE',  ( -1.443602682207659527, -1.000000000000000000, 0.2837774449794280285 ) ) ;
#206 = ORIENTED_EDGE ( 'NONE', *, *, #8327, .T. ) ;
#207 = LINE ( 'NONE', #7475, #6189 ) ;
#208 = CARTESIAN_POINT ( 'NONE',  ( -1.661083662551957385, -1.010000000000000009, 0.2264468014223747216 ) ) ;
#209 = ORIENTED_EDGE ( 'NONE', *, *, #1849, .F. ) ;
#210 =( LENGTH_UNIT ( ) NAMED_UNIT ( * ) SI_UNIT ( .MILLI., .METRE. ) );
#211 = LINE ( 'NONE', #9634, #9153 ) ;
#212 = CARTESIAN_POINT ( 'NONE',  ( -2.024615087967786220, -1.000000000000000000, 0.2879767681101151333 ) ) ;
#213 = VECTOR ( 'NONE', #1441, 1000.000000000000000 ) ;
#214 = PRESENTATION_STYLE_ASSIGNMENT (( #7605 ) ) ;
#216 = EDGE_CURVE ( 'NONE', #9359, #3689, #289, .T. ) ;
#215 = DIRECTION ( 'NONE',  ( -0.0000000000000000000, 1.000000000000000000, -0.0000000000000000000 ) ) ;
#217 = UNCERTAINTY_MEASURE_WITH_UNIT (LENGTH_MEASURE( 1.000000000000000082E-05 ), #2229, 'distance_accuracy_value', 'NONE');
#218 = VERTEX_POINT ( 'NONE', #1818 ) ;
#219 = ORIENTED_EDGE ( 'NONE', *, *, #1782, .T. ) ;
#220 =( NAMED_UNIT ( * ) PLANE_ANGLE_UNIT ( ) SI_UNIT ( $, .RADIAN. ) );
#221 = PRESENTATION_LAYER_ASSIGNMENT (  '', '', ( #809 ) ) ;
#222 = FACE_OUTER_BOUND ( 'NONE', #4193, .T. ) ;
#223 = PRESENTATION_STYLE_ASSIGNMENT (( #4705 ) ) ;
#224 = DIRECTION ( 'NONE',  ( 0.0000000000000000000, 0.0000000000000000000, -1.000000000000000000 ) ) ;
#225 = CARTESIAN_POINT ( 'NONE',  ( -1.577470456961678646, -1.010000000000000009, 0.4420023193468916589 ) ) ;
#226 = CARTESIAN_POINT ( 'NONE',  ( -1.588686275558511163, -1.000000000000000000, 0.4420023193468916589 ) ) ;
#227 = VECTOR ( 'NONE', #1407, 1000.000000000000114 ) ;
#228 =( LENGTH_UNIT ( ) NAMED_UNIT ( * ) SI_UNIT ( .MILLI., .METRE. ) );
#229 = DIRECTION ( 'NONE',  ( -0.3897582650654687342, -0.0000000000000000000, -0.9209172030172722012 ) ) ;
#230 = EDGE_CURVE ( 'NONE', #9660, #2433, #6455, .T. ) ;
#231 = VECTOR ( 'NONE', #5726, 1000.000000000000000 ) ;
#232 = ADVANCED_FACE ( 'NONE', ( #11876 ), #1984, .F. ) ;
#233 = CARTESIAN_POINT ( 'NONE',  ( -1.668135668665369442, -1.000000000000000000, 0.2474343418007252937 ) ) ;
#234 = ORIENTED_EDGE ( 'NONE', *, *, #9932, .T. ) ;
#235 = ORIENTED_EDGE ( 'NONE', *, *, #10847, .F. ) ;
#236 = DIRECTION ( 'NONE',  ( 0.0000000000000000000, -0.0000000000000000000, -1.000000000000000000 ) ) ;
#237 = COLOUR_RGB ( '',0.0000000000000000000, 0.0000000000000000000, 0.0000000000000000000 ) ;
#238 = ORIENTED_EDGE ( 'NONE', *, *, #6855, .F. ) ;
#239 = CARTESIAN_POINT ( 'NONE',  ( -1.944952550194483987, -1.000000000000000000, 0.3020348427321144502 ) ) ;
#240 = VERTEX_POINT ( 'NONE', #9119 ) ;
#241 = PRESENTATION_LAYER_ASSIGNMENT (  '', '', ( #8369 ) ) ;
#242 = CARTESIAN_POINT ( 'NONE',  ( -1.997168336191654125, -1.010000000000000009, 0.3542506287292847000 ) ) ;
#243 =( NAMED_UNIT ( * ) SI_UNIT ( $, .STERADIAN. ) SOLID_ANGLE_UNIT ( ) );
#244 = B_SPLINE_SURFACE_WITH_KNOTS ( 'NONE', 3, 1, ( 
 ( #3379, #7916 ),
 ( #1390, #9775 ),
 ( #8875, #4166 ),
 ( #2418, #399 ) ),
 .UNSPECIFIED., .F., .F., .F.,
 ( 4, 4 ),
 ( 2, 2 ),
 ( 9.000000000000000000, 10.00000000000000000 ),
 ( 0.0000000000000000000, 1.000000000000000000 ),
 .UNSPECIFIED. ) ;
#245 =( NAMED_UNIT ( * ) PLANE_ANGLE_UNIT ( ) SI_UNIT ( $, .RADIAN. ) );
#246 = DIRECTION ( 'NONE',  ( 1.000000000000000000, 0.0000000000000000000, 0.0000000000000000000 ) ) ;
#247 = CARTESIAN_POINT ( 'NONE',  ( -1.602910629185807068, -1.000000000000000000, 0.4420023193468916589 ) ) ;
#248 = ORIENTED_EDGE ( 'NONE', *, *, #8798, .T. ) ;
#249 = PLANE ( 'NONE',  #3821 ) ;
#250 = VERTEX_POINT ( 'NONE', #10134 ) ;
#251 = CARTESIAN_POINT ( 'NONE',  ( -1.567939417981752515, -1.010000000000000009, 0.3726856722252213650 ) ) ;
#252 = MECHANICAL_DESIGN_GEOMETRIC_PRESENTATION_REPRESENTATION (  '', ( #8949 ), #7214 ) ;
#253 = CARTESIAN_POINT ( 'NONE',  ( -1.710375500505164847, -1.010000000000000009, 0.2696252961921603575 ) ) ;
#254 = FILL_AREA_STYLE ('',( #1305 ) ) ;
#255 = EDGE_CURVE ( 'NONE', #7548, #1011, #2472, .T. ) ;
#256 = DIRECTION ( 'NONE',  ( 1.000000000000000000, -0.0000000000000000000, -0.0000000000000000000 ) ) ;
#257 = PRODUCT_CONTEXT ( 'NONE', #8139, 'mechanical' ) ;
#258 = DIRECTION ( 'NONE',  ( 0.3667976789509240221, -0.0000000000000000000, 0.9303007377811838285 ) ) ;
#259 = SURFACE_STYLE_USAGE ( .BOTH. , #10361 ) ;
#260 = DIRECTION ( 'NONE',  ( -0.0000000000000000000, 1.000000000000000000, -0.0000000000000000000 ) ) ;
#261 = CARTESIAN_POINT ( 'NONE',  ( -1.722168957827996172, -1.010000000000000009, 0.2430539147956138624 ) ) ;
#262 = SURFACE_STYLE_FILL_AREA ( #11436 ) ;
#263 = ORIENTED_EDGE ( 'NONE', *, *, #3502, .F. ) ;
#264 = VECTOR ( 'NONE', #9573, 1000.000000000000000 ) ;
#265 =( GEOMETRIC_REPRESENTATION_CONTEXT ( 3 ) GLOBAL_UNCERTAINTY_ASSIGNED_CONTEXT ( ( #9641 ) ) GLOBAL_UNIT_ASSIGNED_CONTEXT ( ( #3293, #6194, #1498 ) ) REPRESENTATION_CONTEXT ( 'NONE', 'WORKASPACE' ) );
#266 =( NAMED_UNIT ( * ) PLANE_ANGLE_UNIT ( ) SI_UNIT ( $, .RADIAN. ) );
#267 = EDGE_CURVE ( 'NONE', #10596, #11437, #6210, .T. ) ;
#268 = MECHANICAL_DESIGN_GEOMETRIC_PRESENTATION_REPRESENTATION (  '', ( #10714 ), #9936 ) ;
#269 = CARTESIAN_POINT ( 'NONE',  ( -1.552607923462264727, -1.010000000000000009, 0.4403656762897907306 ) ) ;
#270 =( GEOMETRIC_REPRESENTATION_CONTEXT ( 3 ) GLOBAL_UNCERTAINTY_ASSIGNED_CONTEXT ( ( #4445 ) ) GLOBAL_UNIT_ASSIGNED_CONTEXT ( ( #10616, #4160, #11507 ) ) REPRESENTATION_CONTEXT ( 'NONE', 'WORKASPACE' ) );
#271 = EDGE_LOOP ( 'NONE', ( #11137, #7812, #7069, #710 ) ) ;
#272 = CARTESIAN_POINT ( 'NONE',  ( -1.632851569818088766, -1.010000000000000009, 0.3694123861110195084 ) ) ;
#273 = DIRECTION ( 'NONE',  ( 0.0000000000000000000, -0.0000000000000000000, 1.000000000000000000 ) ) ;
#274 =( LENGTH_UNIT ( ) NAMED_UNIT ( * ) SI_UNIT ( .MILLI., .METRE. ) );
#275 = STYLED_ITEM ( 'NONE', ( #5676 ), #78 ) ;
#276 = CARTESIAN_POINT ( 'NONE',  ( -1.690976466623149266, -1.000000000000000000, 0.2477712977244908299 ) ) ;
#277 = ADVANCED_FACE ( 'NONE', ( #10068 ), #9581, .F. ) ;
#278 = CARTESIAN_POINT ( 'NONE',  ( -1.675500562422002515, -1.000000000000000000, 0.2780973308403431599 ) ) ;
#279 = VECTOR ( 'NONE', #7096, 1000.000000000000000 ) ;
#280 = COLOUR_RGB ( '',0.0000000000000000000, 0.0000000000000000000, 0.0000000000000000000 ) ;
#281 = ORIENTED_EDGE ( 'NONE', *, *, #10114, .F. ) ;
#282 = VECTOR ( 'NONE', #1116, 1000.000000000000000 ) ;
#283 = ORIENTED_EDGE ( 'NONE', *, *, #11495, .T. ) ;
#284 = CARTESIAN_POINT ( 'NONE',  ( -1.497154605764541513, -1.010000000000000009, 0.3034652982244437913 ) ) ;
#285 = EDGE_CURVE ( 'NONE', #3497, #10874, #8563, .T. ) ;
#286 = FILL_AREA_STYLE_COLOUR ( '', #1439 ) ;
#287 =( NAMED_UNIT ( * ) PLANE_ANGLE_UNIT ( ) SI_UNIT ( $, .RADIAN. ) );
#288 = PRESENTATION_STYLE_ASSIGNMENT (( #2064 ) ) ;
#289 = B_SPLINE_CURVE_WITH_KNOTS ( 'NONE', 3,
 ( #7481, #1879, #1017, #5421 ),
 .UNSPECIFIED., .F., .F.,
 ( 4, 4 ),
 ( 21.00000000000000000, 22.00000000000000000 ),
 .UNSPECIFIED. ) ;
#290 = PRESENTATION_STYLE_ASSIGNMENT (( #11352 ) ) ;
#291 =( NAMED_UNIT ( * ) PLANE_ANGLE_UNIT ( ) SI_UNIT ( $, .RADIAN. ) );
#292 =( LENGTH_UNIT ( ) NAMED_UNIT ( * ) SI_UNIT ( .MILLI., .METRE. ) );
#293 = CARTESIAN_POINT ( 'NONE',  ( -1.656558825864866247, -1.010000000000000009, 0.2130648376028878854 ) ) ;
#294 = ORIENTED_EDGE ( 'NONE', *, *, #4189, .T. ) ;
#295 = VERTEX_POINT ( 'NONE', #8625 ) ;
#296 = EDGE_LOOP ( 'NONE', ( #10990, #7592, #10865, #3285, #3204, #9951, #5226 ) ) ;
#297 =( NAMED_UNIT ( * ) SI_UNIT ( $, .STERADIAN. ) SOLID_ANGLE_UNIT ( ) );
#298 = ORIENTED_EDGE ( 'NONE', *, *, #3841, .F. ) ;
#299 = CARTESIAN_POINT ( 'NONE',  ( -1.727223296680637565, -1.000000000000000000, 0.2228846959454959809 ) ) ;
#300 = LINE ( 'NONE', #4896, #227 ) ;
#301 = EDGE_CURVE ( 'NONE', #9214, #9612, #9346, .T. ) ;
#302 = ORIENTED_EDGE ( 'NONE', *, *, #4081, .F. ) ;
#303 = CARTESIAN_POINT ( 'NONE',  ( -1.561513187155105120, -1.000000000000000000, 0.4331451922144963773 ) ) ;
#304 =( GEOMETRIC_REPRESENTATION_CONTEXT ( 3 ) GLOBAL_UNCERTAINTY_ASSIGNED_CONTEXT ( ( #6506 ) ) GLOBAL_UNIT_ASSIGNED_CONTEXT ( ( #4622, #7471, #7591 ) ) REPRESENTATION_CONTEXT ( 'NONE', 'WORKASPACE' ) );
#305 = ORIENTED_EDGE ( 'NONE', *, *, #4304, .F. ) ;
#306 =( GEOMETRIC_REPRESENTATION_CONTEXT ( 3 ) GLOBAL_UNCERTAINTY_ASSIGNED_CONTEXT ( ( #7110 ) ) GLOBAL_UNIT_ASSIGNED_CONTEXT ( ( #6384, #7229, #6323 ) ) REPRESENTATION_CONTEXT ( 'NONE', 'WORKASPACE' ) );
#307 =( NAMED_UNIT ( * ) PLANE_ANGLE_UNIT ( ) SI_UNIT ( $, .RADIAN. ) );
#308 = ORIENTED_EDGE ( 'NONE', *, *, #8567, .F. ) ;
#309 = ORIENTED_EDGE ( 'NONE', *, *, #5237, .F. ) ;
#310 = LINE ( 'NONE', #4735, #4532 ) ;
#311 = MECHANICAL_DESIGN_GEOMETRIC_PRESENTATION_REPRESENTATION (  '', ( #913 ), #7857 ) ;
#312 = DIRECTION ( 'NONE',  ( -0.0000000000000000000, 0.0000000000000000000, 1.000000000000000000 ) ) ;
#313 = CARTESIAN_POINT ( 'NONE',  ( -1.680964062038758478, -1.010000000000000009, 0.2643784110970914258 ) ) ;
#314 = PRESENTATION_STYLE_ASSIGNMENT (( #9504 ) ) ;
#315 = B_SPLINE_SURFACE_WITH_KNOTS ( 'NONE', 3, 1, ( 
 ( #7162, #507 ),
 ( #7897, #9819 ),
 ( #1557, #11555 ),
 ( #6197, #3296 ) ),
 .UNSPECIFIED., .F., .F., .F.,
 ( 4, 4 ),
 ( 2, 2 ),
 ( 1.000000000000000000, 2.000000000000000000 ),
 ( 0.0000000000000000000, 1.000000000000000000 ),
 .UNSPECIFIED. ) ;
#316 = CARTESIAN_POINT ( 'NONE',  ( -1.657112396310640001, -1.000000000000000000, 0.2771345996301309289 ) ) ;
#317 = CARTESIAN_POINT ( 'NONE',  ( -1.632803433257323134, -1.010000000000000009, 0.1776363290739492451 ) ) ;
#318 =( LENGTH_UNIT ( ) NAMED_UNIT ( * ) SI_UNIT ( .MILLI., .METRE. ) );
#319 = PRESENTATION_STYLE_ASSIGNMENT (( #8553 ) ) ;
#320 = STYLED_ITEM ( 'NONE', ( #214 ), #2425 ) ;
#321 = CARTESIAN_POINT ( 'NONE',  ( -1.764408789667795130, -1.000000000000000000, 0.2398769018023066135 ) ) ;
#322 = UNCERTAINTY_MEASURE_WITH_UNIT (LENGTH_MEASURE( 1.000000000000000082E-05 ), #11576, 'distance_accuracy_value', 'NONE');
#323 = SURFACE_SIDE_STYLE ('',( #262 ) ) ;
#324 = CARTESIAN_POINT ( 'NONE',  ( -1.678581302294096300, -1.010000000000000009, 0.2660150541541911329 ) ) ;
#325 = CARTESIAN_POINT ( 'NONE',  ( -1.722168957827996172, -1.010000000000000009, 0.2520554516093513331 ) ) ;
#326 = MECHANICAL_DESIGN_GEOMETRIC_PRESENTATION_REPRESENTATION (  '', ( #2663 ), #928 ) ;
#327 = UNCERTAINTY_MEASURE_WITH_UNIT (LENGTH_MEASURE( 1.000000000000000082E-05 ), #11547, 'distance_accuracy_value', 'NONE');
#329 = CARTESIAN_POINT ( 'NONE',  ( -1.814181993226108291, -1.010000000000000009, 0.2625010852377568926 ) ) ;
#328 = STYLED_ITEM ( 'NONE', ( #8512 ), #1964 ) ;
#330 = DIRECTION ( 'NONE',  ( 1.000000000000000000, -0.0000000000000000000, -0.0000000000000000000 ) ) ;
#331 = SURFACE_STYLE_USAGE ( .BOTH. , #3118 ) ;
#332 = LINE ( 'NONE', #1380, #4143 ) ;
#333 = DIRECTION ( 'NONE',  ( -0.0000000000000000000, 1.000000000000000000, -0.0000000000000000000 ) ) ;
#334 = PRESENTATION_LAYER_ASSIGNMENT (  '', '', ( #5555 ) ) ;
#335 = CARTESIAN_POINT ( 'NONE',  ( -1.743445317569346065, -1.010000000000000009, 0.2780973308403431599 ) ) ;
#336 = EDGE_CURVE ( 'NONE', #4778, #8331, #3064, .T. ) ;
#337 = ORIENTED_EDGE ( 'NONE', *, *, #2301, .T. ) ;
#338 = ORIENTED_EDGE ( 'NONE', *, *, #5477, .F. ) ;
#339 = ORIENTED_EDGE ( 'NONE', *, *, #3673, .F. ) ;
#340 = PRESENTATION_STYLE_ASSIGNMENT (( #8635 ) ) ;
#341 = B_SPLINE_SURFACE_WITH_KNOTS ( 'NONE', 3, 1, ( 
 ( #3752, #5609 ),
 ( #6295, #6357 ),
 ( #4469, #1893 ),
 ( #10031, #3635 ),
 ( #1777, #7323 ),
 ( #11949, #7436 ),
 ( #9297, #11002 ) ),
 .UNSPECIFIED., .F., .F., .F.,
 ( 4, 3, 4 ),
 ( 2, 2 ),
 ( 0.0000000000000000000, 1.000000000000000000, 2.000000000000000000 ),
 ( 0.0000000000000000000, 1.000000000000000000 ),
 .UNSPECIFIED. ) ;
#342 = MECHANICAL_DESIGN_GEOMETRIC_PRESENTATION_REPRESENTATION (  '', ( #10970 ), #6534 ) ;
#343 = CARTESIAN_POINT ( 'NONE',  ( -1.734010551711275605, -1.010000000000000009, 0.2077216793875679424 ) ) ;
#344 = DIRECTION ( 'NONE',  ( -1.000000000000000000, -0.0000000000000000000, -0.0000000000000000000 ) ) ;
#345 = CARTESIAN_POINT ( 'NONE',  ( -1.561513187155105120, -1.010000000000000009, 0.4331451922144963773 ) ) ;
#346 = CARTESIAN_POINT ( 'NONE',  ( -2.024615087967786220, -1.010000000000000009, 0.2879767681101150778 ) ) ;
#347 = SURFACE_SIDE_STYLE ('',( #6896 ) ) ;
#348 = CARTESIAN_POINT ( 'NONE',  ( -1.759234109414038238, -1.010000000000000009, 0.4405582225315766709 ) ) ;
#349 = FACE_OUTER_BOUND ( 'NONE', #9470, .T. ) ;
#350 = COLOUR_RGB ( '',0.0000000000000000000, 0.0000000000000000000, 0.0000000000000000000 ) ;
#351 = CARTESIAN_POINT ( 'NONE',  ( -1.632803433257323134, -1.010000000000000009, 0.1776363290739492451 ) ) ;
#352 = EDGE_CURVE ( 'NONE', #7693, #11126, #2949, .T. ) ;
#353 = ORIENTED_EDGE ( 'NONE', *, *, #8723, .T. ) ;
#354 = ORIENTED_EDGE ( 'NONE', *, *, #6641, .F. ) ;
#355 = VERTEX_POINT ( 'NONE', #6756 ) ;
#356 = ORIENTED_EDGE ( 'NONE', *, *, #8514, .T. ) ;
#357 =( NAMED_UNIT ( * ) PLANE_ANGLE_UNIT ( ) SI_UNIT ( $, .RADIAN. ) );
#358 = CARTESIAN_POINT ( 'NONE',  ( -2.185948483602257575, -1.000000000000000000, 0.3736642278398156769 ) ) ;
#359 = ORIENTED_EDGE ( 'NONE', *, *, #5736, .F. ) ;
#360 = VECTOR ( 'NONE', #11662, 1000.000000000000114 ) ;
#361 = CARTESIAN_POINT ( 'NONE',  ( -1.752446854383083563, -1.000000000000000000, 0.2250508411681471921 ) ) ;
#362 = CARTESIAN_POINT ( 'NONE',  ( -1.772832687755529824, -1.010000000000000009, 0.4191374531085665933 ) ) ;
#363 = FACE_OUTER_BOUND ( 'NONE', #7778, .T. ) ;
#364 = EDGE_CURVE ( 'NONE', #1215, #4778, #4089, .T. ) ;
#365 = B_SPLINE_CURVE_WITH_KNOTS ( 'NONE', 3,
 ( #5578, #4796, #8610, #6494 ),
 .UNSPECIFIED., .F., .F.,
 ( 4, 4 ),
 ( 0.0000000000000000000, 1.000000000000000000 ),
 .UNSPECIFIED. ) ;
#366 = EDGE_LOOP ( 'NONE', ( #206, #2160, #4926, #4238 ) ) ;
#367 = LINE ( 'NONE', #10413, #1303 ) ;
#368 = B_SPLINE_CURVE_WITH_KNOTS ( 'NONE', 3,
 ( #10482, #10362, #2216, #9454 ),
 .UNSPECIFIED., .F., .F.,
 ( 4, 4 ),
 ( 4.000000000000000000, 5.000000000000000000 ),
 .UNSPECIFIED. ) ;
#369 = ORIENTED_EDGE ( 'NONE', *, *, #509, .F. ) ;
#370 = DIRECTION ( 'NONE',  ( 0.7071067811865475727, 0.7071067811865475727, 0.0000000000000000000 ) ) ;
#371 = ORIENTED_EDGE ( 'NONE', *, *, #9754, .T. ) ;
#372 = DIRECTION ( 'NONE',  ( -0.0000000000000000000, 1.000000000000000000, -0.0000000000000000000 ) ) ;
#373 = SURFACE_SIDE_STYLE ('',( #8844 ) ) ;
#374 = SURFACE_SIDE_STYLE ('',( #9679 ) ) ;
#375 = PRESENTATION_STYLE_ASSIGNMENT (( #11426 ) ) ;
#376 = PRESENTATION_LAYER_ASSIGNMENT (  '', '', ( #3087 ) ) ;
#377 = PRESENTATION_STYLE_ASSIGNMENT (( #5763 ) ) ;
#378 = FILL_AREA_STYLE_COLOUR ( '', #3176 ) ;
#379 = CARTESIAN_POINT ( 'NONE',  ( -1.616461070967178726, -1.010000000000000009, 0.2094545955655646996 ) ) ;
#380 =( GEOMETRIC_REPRESENTATION_CONTEXT ( 3 ) GLOBAL_UNCERTAINTY_ASSIGNED_CONTEXT ( ( #2513 ) ) GLOBAL_UNIT_ASSIGNED_CONTEXT ( ( #9116, #4569, #3675 ) ) REPRESENTATION_CONTEXT ( 'NONE', 'WORKASPACE' ) );
#381 = LINE ( 'NONE', #2155, #527 ) ;
#382 = EDGE_CURVE ( 'NONE', #2251, #11959, #7721, .T. ) ;
#383 = ADVANCED_FACE ( 'NONE', ( #11385 ), #7766, .F. ) ;
#384 = CARTESIAN_POINT ( 'NONE',  ( -1.588686275558511163, -1.000000000000000000, 0.4420023193468916589 ) ) ;
#385 = EDGE_LOOP ( 'NONE', ( #3030, #10833, #10468, #9905 ) ) ;
#386 = CARTESIAN_POINT ( 'NONE',  ( -1.749317977950537450, -1.010000000000000009, 0.2367961619298920017 ) ) ;
#387 = STYLED_ITEM ( 'NONE', ( #2608 ), #5705 ) ;
#388 =( LENGTH_UNIT ( ) NAMED_UNIT ( * ) SI_UNIT ( .MILLI., .METRE. ) );
#389 = CARTESIAN_POINT ( 'NONE',  ( -2.206700915953803577, -1.010000000000000009, 0.4225328158202146800 ) ) ;
#390 = CARTESIAN_POINT ( 'NONE',  ( -1.470294405005320826, -1.010000000000000009, 0.3034652982244438468 ) ) ;
#391 = B_SPLINE_CURVE_WITH_KNOTS ( 'NONE', 3,
 ( #3095, #4966, #7573, #1965 ),
 .UNSPECIFIED., .F., .F.,
 ( 4, 4 ),
 ( 6.000000000000000000, 7.000000000000000000 ),
 .UNSPECIFIED. ) ;
#392 = CARTESIAN_POINT ( 'NONE',  ( -1.471497819017762998, -1.010000000000000009, 0.3844309929876059684 ) ) ;
#393 = LINE ( 'NONE', #1206, #4877 ) ;
#394 = DIRECTION ( 'NONE',  ( -0.0000000000000000000, 0.0000000000000000000, -1.000000000000000000 ) ) ;
#395 =( NAMED_UNIT ( * ) PLANE_ANGLE_UNIT ( ) SI_UNIT ( $, .RADIAN. ) );
#396 = ORIENTED_EDGE ( 'NONE', *, *, #9061, .F. ) ;
#397 = ORIENTED_EDGE ( 'NONE', *, *, #4425, .F. ) ;
#398 = ORIENTED_EDGE ( 'NONE', *, *, #10023, .T. ) ;
#399 = CARTESIAN_POINT ( 'NONE',  ( -2.185279060597537626, -1.000000000000000000, 0.1648010583142833774 ) ) ;
#400 = FACE_OUTER_BOUND ( 'NONE', #11635, .T. ) ;
#401 = CARTESIAN_POINT ( 'NONE',  ( -2.185948496370684779, -1.010000000000000009, 0.2571828119320350159 ) ) ;
#402 = FILL_AREA_STYLE ('',( #286 ) ) ;
#403 = FACE_BOUND ( 'NONE', #3439, .T. ) ;
#404 = DIRECTION ( 'NONE',  ( 0.0000000000000000000, -0.0000000000000000000, 1.000000000000000000 ) ) ;
#405 = CARTESIAN_POINT ( 'NONE',  ( -1.724647990693872091, -1.010000000000000009, 0.4544215519561667915 ) ) ;
#406 = EDGE_CURVE ( 'NONE', #6274, #487, #6366, .T. ) ;
#407 =( NAMED_UNIT ( * ) PLANE_ANGLE_UNIT ( ) SI_UNIT ( $, .RADIAN. ) );
#408 = FILL_AREA_STYLE ('',( #10702 ) ) ;
#409 = FACE_OUTER_BOUND ( 'NONE', #3529, .T. ) ;
#410 = ORIENTED_EDGE ( 'NONE', *, *, #1132, .F. ) ;
#411 = STYLED_ITEM ( 'NONE', ( #3100 ), #4713 ) ;
#412 = B_SPLINE_CURVE_WITH_KNOTS ( 'NONE', 3,
 ( #2184, #5848, #8701, #7679 ),
 .UNSPECIFIED., .F., .F.,
 ( 4, 4 ),
 ( 7.000000000000000000, 8.000000000000000000 ),
 .UNSPECIFIED. ) ;
#413 = ORIENTED_EDGE ( 'NONE', *, *, #2656, .T. ) ;
#414 =( LENGTH_UNIT ( ) NAMED_UNIT ( * ) SI_UNIT ( .MILLI., .METRE. ) );
#415 = B_SPLINE_SURFACE_WITH_KNOTS ( 'NONE', 3, 1, ( 
 ( #7172, #637 ),
 ( #7911, #3307 ),
 ( #6271, #11567 ),
 ( #7000, #8038 ) ),
 .UNSPECIFIED., .F., .F., .F.,
 ( 4, 4 ),
 ( 2, 2 ),
 ( 4.000000000000000000, 5.000000000000000000 ),
 ( 0.0000000000000000000, 1.000000000000000000 ),
 .UNSPECIFIED. ) ;
#416 = VERTEX_POINT ( 'NONE', #8921 ) ;
#417 = DIRECTION ( 'NONE',  ( -0.0000000000000000000, -0.0000000000000000000, 1.000000000000000000 ) ) ;
#418 = ORIENTED_EDGE ( 'NONE', *, *, #11958, .F. ) ;
#419 = CARTESIAN_POINT ( 'NONE',  ( -1.752446854383083563, -1.000000000000000000, 0.2282759907212610351 ) ) ;
#420 = EDGE_CURVE ( 'NONE', #9204, #9360, #4322, .T. ) ;
#421 = CARTESIAN_POINT ( 'NONE',  ( -1.722168957827996172, -1.000000000000000000, 0.2630305874033078140 ) ) ;
#422 = EDGE_CURVE ( 'NONE', #2330, #9434, #9692, .T. ) ;
#423 = CARTESIAN_POINT ( 'NONE',  ( -2.222097874890202718, -1.000000000000000000, 0.4238716809816544528 ) ) ;
#424 = ORIENTED_EDGE ( 'NONE', *, *, #10186, .T. ) ;
#425 = LINE ( 'NONE', #2265, #6913 ) ;
#426 = VERTEX_POINT ( 'NONE', #8095 ) ;
#427 = CARTESIAN_POINT ( 'NONE',  ( -1.551187894927172239, -1.010000000000000009, 0.4066219473783987404 ) ) ;
#428 = ORIENTED_EDGE ( 'NONE', *, *, #6337, .T. ) ;
#430 = VECTOR ( 'NONE', #551, 1000.000000000000000 ) ;
#429 = PRESENTATION_LAYER_ASSIGNMENT (  '', '', ( #1027 ) ) ;
#431 = VECTOR ( 'NONE', #1615, 1000.000000000000000 ) ;
#432 = LINE ( 'NONE', #11609, #2996 ) ;
#433 =( LENGTH_UNIT ( ) NAMED_UNIT ( * ) SI_UNIT ( .MILLI., .METRE. ) );
#434 = FILL_AREA_STYLE_COLOUR ( '', #2275 ) ;
#435 = CARTESIAN_POINT ( 'NONE',  ( -1.490944989460548209, -1.010000000000000009, 0.4407989053344495423 ) ) ;
#436 = EDGE_CURVE ( 'NONE', #10013, #8533, #3364, .T. ) ;
#437 = STYLED_ITEM ( 'NONE', ( #9831 ), #9074 ) ;
#438 =( LENGTH_UNIT ( ) NAMED_UNIT ( * ) SI_UNIT ( .MILLI., .METRE. ) );
#439 = DIRECTION ( 'NONE',  ( -0.0000000000000000000, 0.0000000000000000000, -1.000000000000000000 ) ) ;
#440 = B_SPLINE_CURVE_WITH_KNOTS ( 'NONE', 3,
 ( #1597, #9910, #8955, #3459 ),
 .UNSPECIFIED., .F., .F.,
 ( 4, 4 ),
 ( 1.000000000000000000, 2.000000000000000000 ),
 .UNSPECIFIED. ) ;
#441 = DIRECTION ( 'NONE',  ( -1.000000000000000000, 0.0000000000000000000, -0.0000000000000000000 ) ) ;
#442 = CARTESIAN_POINT ( 'NONE',  ( -2.048045250642851034, -1.010000000000000009, 0.2297360601562266069 ) ) ;
#443 = UNCERTAINTY_MEASURE_WITH_UNIT (LENGTH_MEASURE( 1.000000000000000082E-05 ), #2335, 'distance_accuracy_value', 'NONE');
#444 = CARTESIAN_POINT ( 'NONE',  ( -1.826336474752609851, -1.010000000000000009, 0.2093101858842237595 ) ) ;
#445 = ORIENTED_EDGE ( 'NONE', *, *, #4887, .T. ) ;
#446 = COLOUR_RGB ( '',0.0000000000000000000, 0.0000000000000000000, 0.0000000000000000000 ) ;
#447 = MECHANICAL_DESIGN_GEOMETRIC_PRESENTATION_REPRESENTATION (  '', ( #7402 ), #2399 ) ;
#448 =( GEOMETRIC_REPRESENTATION_CONTEXT ( 3 ) GLOBAL_UNCERTAINTY_ASSIGNED_CONTEXT ( ( #217 ) ) GLOBAL_UNIT_ASSIGNED_CONTEXT ( ( #2229, #11279, #10434 ) ) REPRESENTATION_CONTEXT ( 'NONE', 'WORKASPACE' ) );
#449 = CARTESIAN_POINT ( 'NONE',  ( -1.642839906121935645, -1.010000000000000009, 0.2765569609041355070 ) ) ;
#450 = UNCERTAINTY_MEASURE_WITH_UNIT (LENGTH_MEASURE( 1.000000000000000082E-05 ), #10371, 'distance_accuracy_value', 'NONE');
#452 = ADVANCED_FACE ( 'NONE', ( #11623 ), #11502, .F. ) ;
#451 = PRESENTATION_STYLE_ASSIGNMENT (( #6204 ) ) ;
#453 = FILL_AREA_STYLE ('',( #5038 ) ) ;
#454 =( LENGTH_UNIT ( ) NAMED_UNIT ( * ) SI_UNIT ( .MILLI., .METRE. ) );
#455 = EDGE_CURVE ( 'NONE', #2530, #9328, #2347, .T. ) ;
#456 = DIRECTION ( 'NONE',  ( 1.000000000000000000, -0.0000000000000000000, -0.0000000000000000000 ) ) ;
#457 = SURFACE_SIDE_STYLE ('',( #5290 ) ) ;
#458 =( NAMED_UNIT ( * ) PLANE_ANGLE_UNIT ( ) SI_UNIT ( $, .RADIAN. ) );
#459 = CARTESIAN_POINT ( 'NONE',  ( -2.185279047829110866, -1.000000000000000000, 0.2993571379454478820 ) ) ;
#460 = VECTOR ( 'NONE', #632, 1000.000000000000000 ) ;
#461 = CARTESIAN_POINT ( 'NONE',  ( -1.621635751221256250, -1.010000000000000009, 0.1972279091980717602 ) ) ;
#462 = UNCERTAINTY_MEASURE_WITH_UNIT (LENGTH_MEASURE( 1.000000000000000082E-05 ), #388, 'distance_accuracy_value', 'NONE');
#463 = VERTEX_POINT ( 'NONE', #8032 ) ;
#464 = ORIENTED_EDGE ( 'NONE', *, *, #4428, .T. ) ;
#465 = ORIENTED_EDGE ( 'NONE', *, *, #5009, .T. ) ;
#466 = CARTESIAN_POINT ( 'NONE',  ( -1.694394162418690009, -1.000000000000000000, 0.2116688773486635478 ) ) ;
#467 = MECHANICAL_DESIGN_GEOMETRIC_PRESENTATION_REPRESENTATION (  '', ( #8586 ), #5289 ) ;
#468 =( NAMED_UNIT ( * ) PLANE_ANGLE_UNIT ( ) SI_UNIT ( $, .RADIAN. ) );
#469 = CARTESIAN_POINT ( 'NONE',  ( -1.735021419481611371, -1.010000000000000009, 0.4434464161615654931 ) ) ;
#470 = SURFACE_SIDE_STYLE ('',( #2302 ) ) ;
#471 = CARTESIAN_POINT ( 'NONE',  ( -1.775696813105298144, -1.010000000000000009, 0.2200446388759535743 ) ) ;
#472 = PRESENTATION_LAYER_ASSIGNMENT (  '', '', ( #8207 ) ) ;
#473 = ADVANCED_FACE ( 'NONE', ( #6995, #10675 ), #7169, .F. ) ;
#474 = CARTESIAN_POINT ( 'NONE',  ( -1.497154605764541513, -1.010000000000000009, 0.3034652982244437913 ) ) ;
#475 = B_SPLINE_CURVE_WITH_KNOTS ( 'NONE', 3,
 ( #5162, #4156, #10740, #7970 ),
 .UNSPECIFIED., .F., .F.,
 ( 4, 4 ),
 ( 7.000000000000000000, 8.000000000000000000 ),
 .UNSPECIFIED. ) ;
#476 =( LENGTH_UNIT ( ) NAMED_UNIT ( * ) SI_UNIT ( .MILLI., .METRE. ) );
#477 = DIRECTION ( 'NONE',  ( -1.000000000000000000, 0.0000000000000000000, -0.0000000000000000000 ) ) ;
#478 = VECTOR ( 'NONE', #6979, 1000.000000000000114 ) ;
#479 = CARTESIAN_POINT ( 'NONE',  ( -1.775696813105298144, -1.010000000000000009, 0.2200446388759535743 ) ) ;
#480 = PRESENTATION_LAYER_ASSIGNMENT (  '', '', ( #5882 ) ) ;
#481 =( NAMED_UNIT ( * ) SI_UNIT ( $, .STERADIAN. ) SOLID_ANGLE_UNIT ( ) );
#482 = VERTEX_POINT ( 'NONE', #9219 ) ;
#483 = ORIENTED_EDGE ( 'NONE', *, *, #1492, .F. ) ;
#484 = ORIENTED_EDGE ( 'NONE', *, *, #6981, .T. ) ;
#485 = DIRECTION ( 'NONE',  ( -0.0000000000000000000, 0.0000000000000000000, -1.000000000000000000 ) ) ;
#486 = EDGE_CURVE ( 'NONE', #55, #8780, #3778, .T. ) ;
#487 = VERTEX_POINT ( 'NONE', #1922 ) ;
#488 = DIRECTION ( 'NONE',  ( 1.000000000000000000, 0.0000000000000000000, -0.0000000000000000000 ) ) ;
#489 = ORIENTED_EDGE ( 'NONE', *, *, #3841, .T. ) ;
#490 = CARTESIAN_POINT ( 'NONE',  ( -1.749029158587541710, -1.000000000000000000, 0.2204297313595212360 ) ) ;
#491 = FILL_AREA_STYLE_COLOUR ( '', #6475 ) ;
#492 =( LENGTH_UNIT ( ) NAMED_UNIT ( * ) SI_UNIT ( .MILLI., .METRE. ) );
#493 = SURFACE_STYLE_USAGE ( .BOTH. , #7089 ) ;
#494 = ORIENTED_EDGE ( 'NONE', *, *, #6480, .T. ) ;
#495 = CARTESIAN_POINT ( 'NONE',  ( -1.674056465607005384, -1.000000000000000000, 0.2497448967047174728 ) ) ;
#496 = ORIENTED_EDGE ( 'NONE', *, *, #5948, .T. ) ;
#497 = EDGE_CURVE ( 'NONE', #11126, #8768, #1752, .T. ) ;
#498 = ORIENTED_EDGE ( 'NONE', *, *, #4886, .T. ) ;
#499 = CARTESIAN_POINT ( 'NONE',  ( -2.248205767888787232, -1.010000000000000009, 0.2551745429188400083 ) ) ;
#500 = LINE ( 'NONE', #3224, #5502 ) ;
#501 = CARTESIAN_POINT ( 'NONE',  ( -1.826336474752609851, -1.000000000000000000, 0.3034652982244437913 ) ) ;
#502 = PRESENTATION_STYLE_ASSIGNMENT (( #10475 ) ) ;
#503 = MECHANICAL_DESIGN_GEOMETRIC_PRESENTATION_REPRESENTATION (  '', ( #7848 ), #4944 ) ;
#504 = FILL_AREA_STYLE_COLOUR ( '', #7023 ) ;
#505 = STYLED_ITEM ( 'NONE', ( #288 ), #7964 ) ;
#506 = SURFACE_SIDE_STYLE ('',( #3294 ) ) ;
#507 = CARTESIAN_POINT ( 'NONE',  ( -1.661083662551957385, -1.000000000000000000, 0.2264468014223747216 ) ) ;
#508 = ORIENTED_EDGE ( 'NONE', *, *, #9210, .T. ) ;
#509 = EDGE_CURVE ( 'NONE', #7196, #2824, #5408, .T. ) ;
#510 = AXIS2_PLACEMENT_3D ( 'NONE', #8796, #1315, #3298 ) ;
#511 = SURFACE_SIDE_STYLE ('',( #9689 ) ) ;
#512 = CARTESIAN_POINT ( 'NONE',  ( -2.500000000000000000, -0.9500000000000007327, 0.5500000000000007105 ) ) ;
#513 = VECTOR ( 'NONE', #6610, 1000.000000000000000 ) ;
#514 = B_SPLINE_CURVE_WITH_KNOTS ( 'NONE', 3,
 ( #4002, #4062, #8827, #10458 ),
 .UNSPECIFIED., .F., .F.,
 ( 4, 4 ),
 ( 11.00000000000000000, 12.00000000000000000 ),
 .UNSPECIFIED. ) ;
#515 =( LENGTH_UNIT ( ) NAMED_UNIT ( * ) SI_UNIT ( .MILLI., .METRE. ) );
#516 = CARTESIAN_POINT ( 'NONE',  ( -1.722168957827996172, -1.010000000000000009, 0.2093101858842237595 ) ) ;
#517 = LINE ( 'NONE', #9575, #2516 ) ;
#518 = B_SPLINE_CURVE_WITH_KNOTS ( 'NONE', 3,
 ( #558, #6240, #5087, #6120 ),
 .UNSPECIFIED., .F., .F.,
 ( 4, 4 ),
 ( 35.00000000000000000, 36.00000000000000000 ),
 .UNSPECIFIED. ) ;
#519 = SURFACE_STYLE_USAGE ( .BOTH. , #6009 ) ;
#520 = STYLED_ITEM ( 'NONE', ( #8455 ), #2396 ) ;
#521 =( GEOMETRIC_REPRESENTATION_CONTEXT ( 3 ) GLOBAL_UNCERTAINTY_ASSIGNED_CONTEXT ( ( #10242 ) ) GLOBAL_UNIT_ASSIGNED_CONTEXT ( ( #5850, #291, #1225 ) ) REPRESENTATION_CONTEXT ( 'NONE', 'WORKASPACE' ) );
#522 = FILL_AREA_STYLE_COLOUR ( '', #9808 ) ;
#523 = PRESENTATION_LAYER_ASSIGNMENT (  '', '', ( #5735 ) ) ;
#524 = ADVANCED_FACE ( 'NONE', ( #884 ), #2754, .F. ) ;
#525 = VERTEX_POINT ( 'NONE', #3720 ) ;
#526 = ORIENTED_EDGE ( 'NONE', *, *, #11390, .F. ) ;
#527 = VECTOR ( 'NONE', #5883, 1000.000000000000000 ) ;
#528 = ORIENTED_EDGE ( 'NONE', *, *, #7545, .F. ) ;
#529 = CARTESIAN_POINT ( 'NONE',  ( -1.434697418514818468, -1.010000000000000009, 0.2909979290547222708 ) ) ;
#530 =( GEOMETRIC_REPRESENTATION_CONTEXT ( 3 ) GLOBAL_UNCERTAINTY_ASSIGNED_CONTEXT ( ( #1328 ) ) GLOBAL_UNIT_ASSIGNED_CONTEXT ( ( #7036, #4294, #10716 ) ) REPRESENTATION_CONTEXT ( 'NONE', 'WORKASPACE' ) );
#531 = CARTESIAN_POINT ( 'NONE',  ( -1.450028913034306477, -1.010000000000000009, 0.2233179249895118901 ) ) ;
#532 = LINE ( 'NONE', #2120, #5166 ) ;
#533 = CARTESIAN_POINT ( 'NONE',  ( -1.993151747090587511, -1.010000000000000009, 0.2498190567349448388 ) ) ;
#534 = CARTESIAN_POINT ( 'NONE',  ( -2.048045250642851034, -1.000000000000000000, 0.4379297811405066243 ) ) ;
#535 =( LENGTH_UNIT ( ) NAMED_UNIT ( * ) SI_UNIT ( .MILLI., .METRE. ) );
#536 = DIRECTION ( 'NONE',  ( 0.0000000000000000000, 0.0000000000000000000, -1.000000000000000000 ) ) ;
#537 = STYLED_ITEM ( 'NONE', ( #10512 ), #6700 ) ;
#539 = VECTOR ( 'NONE', #4443, 1000.000000000000000 ) ;
#538 = CARTESIAN_POINT ( 'NONE',  ( -1.904117108495793298, -1.000000000000000000, 0.3428702588939518958 ) ) ;
#540 = EDGE_CURVE ( 'NONE', #2012, #5068, #7405, .T. ) ;
#541 = VECTOR ( 'NONE', #8894, 1000.000000000000000 ) ;
#542 = ORIENTED_EDGE ( 'NONE', *, *, #2164, .F. ) ;
#543 = EDGE_CURVE ( 'NONE', #1910, #5714, #1902, .T. ) ;
#544 = VERTEX_POINT ( 'NONE', #4436 ) ;
#545 =( NAMED_UNIT ( * ) SI_UNIT ( $, .STERADIAN. ) SOLID_ANGLE_UNIT ( ) );
#546 = ORIENTED_EDGE ( 'NONE', *, *, #497, .T. ) ;
#547 = LINE ( 'NONE', #7997, #3696 ) ;
#548 = CARTESIAN_POINT ( 'NONE',  ( -1.669290946117363283, -1.010000000000000009, 0.2685181553006110167 ) ) ;
#549 = ORIENTED_EDGE ( 'NONE', *, *, #4943, .F. ) ;
#550 = LINE ( 'NONE', #7033, #360 ) ;
#551 = DIRECTION ( 'NONE',  ( -0.0000000000000000000, 1.000000000000000000, -0.0000000000000000000 ) ) ;
#552 = B_SPLINE_SURFACE_WITH_KNOTS ( 'NONE', 3, 1, ( 
 ( #6662, #6851 ),
 ( #11247, #3092 ),
 ( #362, #9436 ),
 ( #4185, #11366 ) ),
 .UNSPECIFIED., .F., .F., .F.,
 ( 4, 4 ),
 ( 2, 2 ),
 ( 3.000000000000000000, 4.000000000000000000 ),
 ( 0.0000000000000000000, 1.000000000000000000 ),
 .UNSPECIFIED. ) ;
#553 = CARTESIAN_POINT ( 'NONE',  ( -1.343984070249720331, -1.010000000000000009, 0.2093101858842237595 ) ) ;
#554 = FACE_OUTER_BOUND ( 'NONE', #1686, .T. ) ;
#555 = DIRECTION ( 'NONE',  ( -0.0000000000000000000, 1.000000000000000000, -0.0000000000000000000 ) ) ;
#556 = FACE_OUTER_BOUND ( 'NONE', #3453, .T. ) ;
#557 = EDGE_LOOP ( 'NONE', ( #2587, #1457, #3469, #5321 ) ) ;
#558 = CARTESIAN_POINT ( 'NONE',  ( -1.903447685491074237, -1.000000000000000000, 0.3027042912733673985 ) ) ;
#559 = ORIENTED_EDGE ( 'NONE', *, *, #11527, .T. ) ;
#560 =( GEOMETRIC_REPRESENTATION_CONTEXT ( 3 ) GLOBAL_UNCERTAINTY_ASSIGNED_CONTEXT ( ( #6994 ) ) GLOBAL_UNIT_ASSIGNED_CONTEXT ( ( #6850, #1353, #4244 ) ) REPRESENTATION_CONTEXT ( 'NONE', 'WORKASPACE' ) );
#561 = CARTESIAN_POINT ( 'NONE',  ( -2.185279060597537626, -1.010000000000000009, 0.1648010583142833774 ) ) ;
#562 = DIRECTION ( 'NONE',  ( -0.0000000000000000000, 1.000000000000000000, -0.0000000000000000000 ) ) ;
#563 = DIRECTION ( 'NONE',  ( 0.4630180653866921570, 0.0000000000000000000, -0.8863488427958627902 ) ) ;
#564 = SURFACE_SIDE_STYLE ('',( #6129 ) ) ;
#565 = DIRECTION ( 'NONE',  ( -0.0000000000000000000, 1.000000000000000000, -0.0000000000000000000 ) ) ;
#566 = CARTESIAN_POINT ( 'NONE',  ( -1.608807357847545916, -1.010000000000000009, 0.1991533716184925029 ) ) ;
#567 = EDGE_CURVE ( 'NONE', #1459, #2620, #8522, .T. ) ;
#568 = VECTOR ( 'NONE', #3508, 1000.000000000000000 ) ;
#569 = CARTESIAN_POINT ( 'NONE',  ( -1.371566319417562019, -1.000000000000000000, 0.2848364493105310369 ) ) ;
#570 = UNCERTAINTY_MEASURE_WITH_UNIT (LENGTH_MEASURE( 1.000000000000000082E-05 ), #7732, 'distance_accuracy_value', 'NONE');
#571 = CARTESIAN_POINT ( 'NONE',  ( -1.764408789667795130, -1.010000000000000009, 0.2273132595116904575 ) ) ;
#572 = STYLED_ITEM ( 'NONE', ( #5700 ), #11952 ) ;
#573 = CARTESIAN_POINT ( 'NONE',  ( -1.826336474752609851, -1.000000000000000000, 0.3586779331192915810 ) ) ;
#574 = UNCERTAINTY_MEASURE_WITH_UNIT (LENGTH_MEASURE( 1.000000000000000082E-05 ), #2671, 'distance_accuracy_value', 'NONE');
#575 = CARTESIAN_POINT ( 'NONE',  ( -2.039342623899785600, -1.010000000000000009, 0.2096530635768659445 ) ) ;
#576 = DIRECTION ( 'NONE',  ( -0.3416038306902401955, 0.0000000000000000000, 0.9398440417738220809 ) ) ;
#577 = PRESENTATION_STYLE_ASSIGNMENT (( #1508 ) ) ;
#578 = EDGE_CURVE ( 'NONE', #4653, #7260, #7217, .T. ) ;
#579 = SURFACE_SIDE_STYLE ('',( #8866 ) ) ;
#580 = SURFACE_STYLE_USAGE ( .BOTH. , #10010 ) ;
#581 = UNCERTAINTY_MEASURE_WITH_UNIT (LENGTH_MEASURE( 1.000000000000000082E-05 ), #10009, 'distance_accuracy_value', 'NONE');
#582 = VECTOR ( 'NONE', #5089, 1000.000000000000000 ) ;
#583 = EDGE_LOOP ( 'NONE', ( #8526, #3206, #11833, #7759 ) ) ;
#584 = ORIENTED_EDGE ( 'NONE', *, *, #1448, .T. ) ;
#585 = ORIENTED_EDGE ( 'NONE', *, *, #4276, .F. ) ;
#586 = CARTESIAN_POINT ( 'NONE',  ( -2.248205767888787232, -1.010000000000000009, 0.2551745429188400083 ) ) ;
#587 = SURFACE_SIDE_STYLE ('',( #9709 ) ) ;
#588 =( NAMED_UNIT ( * ) SI_UNIT ( $, .STERADIAN. ) SOLID_ANGLE_UNIT ( ) );
#589 = CARTESIAN_POINT ( 'NONE',  ( -1.944952550194483987, -1.000000000000000000, 0.2745880781872357956 ) ) ;
#590 = CARTESIAN_POINT ( 'NONE',  ( -1.999176630742348193, -1.010000000000000009, 0.3542506287292847000 ) ) ;
#591 = CARTESIAN_POINT ( 'NONE',  ( -1.682167476051521282, -1.000000000000000000, 0.2621641293139920781 ) ) ;
#592 = CARTESIAN_POINT ( 'NONE',  ( -1.683491231465078952, -1.000000000000000000, 0.3586779331192915810 ) ) ;
#593 = EDGE_CURVE ( 'NONE', #3497, #2443, #10004, .T. ) ;
#594 = CARTESIAN_POINT ( 'NONE',  ( -1.471257136214887629, -1.000000000000000000, 0.2093101858842237872 ) ) ;
#595 =( GEOMETRIC_REPRESENTATION_CONTEXT ( 3 ) GLOBAL_UNCERTAINTY_ASSIGNED_CONTEXT ( ( #10734 ) ) GLOBAL_UNIT_ASSIGNED_CONTEXT ( ( #5014, #6847, #5801 ) ) REPRESENTATION_CONTEXT ( 'NONE', 'WORKASPACE' ) );
#596 = CARTESIAN_POINT ( 'NONE',  ( -1.903447685491074237, -1.010000000000000009, 0.3027042912733673985 ) ) ;
#597 =( LENGTH_UNIT ( ) NAMED_UNIT ( * ) SI_UNIT ( .MILLI., .METRE. ) );
#598 = EDGE_LOOP ( 'NONE', ( #11343, #8823, #8633, #2972, #10956, #9743 ) ) ;
#599 = PRESENTATION_STYLE_ASSIGNMENT (( #2313 ) ) ;
#600 = VERTEX_POINT ( 'NONE', #4124 ) ;
#601 = FILL_AREA_STYLE ('',( #5194 ) ) ;
#602 = FACE_OUTER_BOUND ( 'NONE', #8856, .T. ) ;
#603 = VERTEX_POINT ( 'NONE', #5699 ) ;
#604 = FACE_OUTER_BOUND ( 'NONE', #11237, .T. ) ;
#605 = EDGE_CURVE ( 'NONE', #2000, #7252, #8434, .T. ) ;
#606 = CARTESIAN_POINT ( 'NONE',  ( -1.589239846003645207, -1.010000000000000009, 0.3694123861110195084 ) ) ;
#607 = SURFACE_STYLE_FILL_AREA ( #1356 ) ;
#608 = COLOUR_RGB ( '',0.7529411764705882248, 0.7529411764705882248, 0.7529411764705882248 ) ;
#609 = VERTEX_POINT ( 'NONE', #8545 ) ;
#610 = DIRECTION ( 'NONE',  ( -0.0000000000000000000, 1.000000000000000000, -0.0000000000000000000 ) ) ;
#611 = ORIENTED_EDGE ( 'NONE', *, *, #5318, .T. ) ;
#612 =( GEOMETRIC_REPRESENTATION_CONTEXT ( 3 ) GLOBAL_UNCERTAINTY_ASSIGNED_CONTEXT ( ( #10610 ) ) GLOBAL_UNIT_ASSIGNED_CONTEXT ( ( #8075, #10959, #7336 ) ) REPRESENTATION_CONTEXT ( 'NONE', 'WORKASPACE' ) );
#613 = ORIENTED_EDGE ( 'NONE', *, *, #5496, .F. ) ;
#614 = VECTOR ( 'NONE', #6187, 999.9999999999998863 ) ;
#615 = LINE ( 'NONE', #11613, #7507 ) ;
#616 = FILL_AREA_STYLE ('',( #1789 ) ) ;
#617 = CARTESIAN_POINT ( 'NONE',  ( -1.728402642412857793, -1.010000000000000009, 0.3570894266226369851 ) ) ;
#618 = DIRECTION ( 'NONE',  ( 0.3315284183503998117, 0.0000000000000000000, 0.9434452330824943944 ) ) ;
#619 = B_SPLINE_CURVE_WITH_KNOTS ( 'NONE', 3,
 ( #10178, #6550, #2033, #8494 ),
 .UNSPECIFIED., .F., .F.,
 ( 4, 4 ),
 ( 4.000000000000000000, 5.000000000000000000 ),
 .UNSPECIFIED. ) ;
#620 = PRESENTATION_LAYER_ASSIGNMENT (  '', '', ( #11241 ) ) ;
#621 = CARTESIAN_POINT ( 'NONE',  ( -1.656558825864866247, -1.010000000000000009, 0.2130648376028878854 ) ) ;
#622 = FILL_AREA_STYLE ('',( #2572 ) ) ;
#623 = DIRECTION ( 'NONE',  ( -0.0000000000000000000, 1.000000000000000000, -0.0000000000000000000 ) ) ;
#624 = VECTOR ( 'NONE', #6706, 1000.000000000000000 ) ;
#625 = SURFACE_STYLE_USAGE ( .BOTH. , #1749 ) ;
#626 = EDGE_LOOP ( 'NONE', ( #3830, #483, #4680, #5932 ) ) ;
#627 = CARTESIAN_POINT ( 'NONE',  ( -1.638098454912515711, -1.010000000000000009, 0.1881782358238936470 ) ) ;
#628 = EDGE_CURVE ( 'NONE', #1762, #1291, #2321, .T. ) ;
#629 = STYLED_ITEM ( 'NONE', ( #8569 ), #9016 ) ;
#630 =( NAMED_UNIT ( * ) PLANE_ANGLE_UNIT ( ) SI_UNIT ( $, .RADIAN. ) );
#631 = PLANE ( 'NONE',  #117 ) ;
#632 = DIRECTION ( 'NONE',  ( -0.0000000000000000000, 1.000000000000000000, -0.0000000000000000000 ) ) ;
#633 = DIRECTION ( 'NONE',  ( -0.0000000000000000000, 1.000000000000000000, -0.0000000000000000000 ) ) ;
#634 = MECHANICAL_DESIGN_GEOMETRIC_PRESENTATION_REPRESENTATION (  '', ( #8183 ), #5262 ) ;
#635 = PRESENTATION_STYLE_ASSIGNMENT (( #1569 ) ) ;
#636 = PLANE ( 'NONE',  #1428 ) ;
#637 = CARTESIAN_POINT ( 'NONE',  ( -1.690976466623149266, -1.000000000000000000, 0.2477712977244908299 ) ) ;
#638 = CARTESIAN_POINT ( 'NONE',  ( -1.681710178726638416, -1.000000000000000000, 0.2763162781019019576 ) ) ;
#639 =( GEOMETRIC_REPRESENTATION_CONTEXT ( 3 ) GLOBAL_UNCERTAINTY_ASSIGNED_CONTEXT ( ( #4435 ) ) GLOBAL_UNIT_ASSIGNED_CONTEXT ( ( #9453, #1136, #4856 ) ) REPRESENTATION_CONTEXT ( 'NONE', 'WORKASPACE' ) );
#640 = MECHANICAL_DESIGN_GEOMETRIC_PRESENTATION_REPRESENTATION (  '', ( #5855 ), #7047 ) ;
#641 = COLOUR_RGB ( '',0.7529411764705882248, 0.7529411764705882248, 0.7529411764705882248 ) ;
#642 =( GEOMETRIC_REPRESENTATION_CONTEXT ( 3 ) GLOBAL_UNCERTAINTY_ASSIGNED_CONTEXT ( ( #2055 ) ) GLOBAL_UNIT_ASSIGNED_CONTEXT ( ( #4279, #9960, #657 ) ) REPRESENTATION_CONTEXT ( 'NONE', 'WORKASPACE' ) );
#643 = ORIENTED_EDGE ( 'NONE', *, *, #6825, .F. ) ;
#644 = ORIENTED_EDGE ( 'NONE', *, *, #10983, .F. ) ;
#645 = VERTEX_POINT ( 'NONE', #3276 ) ;
#646 = CARTESIAN_POINT ( 'NONE',  ( -1.676150405988668268, -1.000000000000000000, 0.2077216793875679424 ) ) ;
#647 = B_SPLINE_SURFACE_WITH_KNOTS ( 'NONE', 3, 1, ( 
 ( #10087, #11235 ),
 ( #9248, #984 ),
 ( #4647, #4712 ),
 ( #11180, #44 ) ),
 .UNSPECIFIED., .F., .F., .F.,
 ( 4, 4 ),
 ( 2, 2 ),
 ( 2.000000000000000000, 3.000000000000000000 ),
 ( 0.0000000000000000000, 1.000000000000000000 ),
 .UNSPECIFIED. ) ;
#648 = EDGE_CURVE ( 'NONE', #1998, #240, #10235, .T. ) ;
#649 = CARTESIAN_POINT ( 'NONE',  ( -1.736609925978263469, -1.010000000000000009, 0.3679201527352576329 ) ) ;
#650 = PLANE ( 'NONE',  #9057 ) ;
#651 = AXIS2_PLACEMENT_3D ( 'NONE', #174, #2067, #7442 ) ;
#652 = LINE ( 'NONE', #11516, #5664 ) ;
#653 = PRESENTATION_LAYER_ASSIGNMENT (  '', '', ( #5855 ) ) ;
#654 = CARTESIAN_POINT ( 'NONE',  ( -1.747046534001950313, -1.010000000000000009, 0.2765389096940470970 ) ) ;
#655 = CARTESIAN_POINT ( 'NONE',  ( -1.777838890047726883, -1.000000000000000000, 0.3034652982244437913 ) ) ;
#656 = ADVANCED_FACE ( 'NONE', ( #1975 ), #8496, .F. ) ;
#657 =( NAMED_UNIT ( * ) SI_UNIT ( $, .STERADIAN. ) SOLID_ANGLE_UNIT ( ) );
#658 = VECTOR ( 'NONE', #5908, 1000.000000000000000 ) ;
#659 = CARTESIAN_POINT ( 'NONE',  ( -1.632803433257323134, -1.000000000000000000, 0.1776363290739492451 ) ) ;
#660 = VECTOR ( 'NONE', #9697, 1000.000000000000000 ) ;
#661 = B_SPLINE_CURVE_WITH_KNOTS ( 'NONE', 3,
 ( #3388, #2661, #10022, #5311 ),
 .UNSPECIFIED., .F., .F.,
 ( 4, 4 ),
 ( 1.000000000000000000, 2.000000000000000000 ),
 .UNSPECIFIED. ) ;
#662 = B_SPLINE_CURVE_WITH_KNOTS ( 'NONE', 3,
 ( #4833, #6781, #8525, #233 ),
 .UNSPECIFIED., .F., .F.,
 ( 4, 4 ),
 ( 15.00000000000000000, 16.00000000000000000 ),
 .UNSPECIFIED. ) ;
#663 = DIRECTION ( 'NONE',  ( 1.000000000000000000, 0.0000000000000000000, -0.0000000000000000000 ) ) ;
#664 = PRESENTATION_STYLE_ASSIGNMENT (( #8056 ) ) ;
#665 = ORIENTED_EDGE ( 'NONE', *, *, #34, .T. ) ;
#666 = EDGE_LOOP ( 'NONE', ( #11405, #10578, #1054, #1283 ) ) ;
#667 = CARTESIAN_POINT ( 'NONE',  ( -1.758632402407496631, -1.010000000000000009, 0.2130167010424434126 ) ) ;
#668 = EDGE_CURVE ( 'NONE', #2644, #4623, #3896, .T. ) ;
#669 = FILL_AREA_STYLE_COLOUR ( '', #11383 ) ;
#670 = CARTESIAN_POINT ( 'NONE',  ( -1.632803433257323134, -1.000000000000000000, 0.1776363290739492451 ) ) ;
#671 = VERTEX_POINT ( 'NONE', #139 ) ;
#672 =( NAMED_UNIT ( * ) PLANE_ANGLE_UNIT ( ) SI_UNIT ( $, .RADIAN. ) );
#673 = CARTESIAN_POINT ( 'NONE',  ( -1.750834279606522825, -1.010000000000000009, 0.3778362841987565335 ) ) ;
#674 = MECHANICAL_DESIGN_GEOMETRIC_PRESENTATION_REPRESENTATION (  '', ( #4724 ), #11464 ) ;
#675 = CARTESIAN_POINT ( 'NONE',  ( -1.693214816686469781, -1.000000000000000000, 0.2507076279149259568 ) ) ;
#676 = B_SPLINE_CURVE_WITH_KNOTS ( 'NONE', 3,
 ( #3395, #11588, #11469, #11532 ),
 .UNSPECIFIED., .F., .F.,
 ( 4, 4 ),
 ( 4.000000000000000000, 5.000000000000000000 ),
 .UNSPECIFIED. ) ;
#677 = CARTESIAN_POINT ( 'NONE',  ( -1.969721558878669621, -1.000000000000000000, 0.3904000200175501423 ) ) ;
#678 = DIRECTION ( 'NONE',  ( 0.0000000000000000000, 0.0000000000000000000, 1.000000000000000000 ) ) ;
#679 = ORIENTED_EDGE ( 'NONE', *, *, #10842, .F. ) ;
#680 = EDGE_CURVE ( 'NONE', #6808, #9527, #10650, .T. ) ;
#681 = ORIENTED_EDGE ( 'NONE', *, *, #3590, .T. ) ;
#682 = COLOUR_RGB ( '',0.0000000000000000000, 0.0000000000000000000, 0.0000000000000000000 ) ;
#683 = FILL_AREA_STYLE ('',( #11791 ) ) ;
#684 = B_SPLINE_CURVE_WITH_KNOTS ( 'NONE', 3,
 ( #5399, #10223, #1967, #4609 ),
 .UNSPECIFIED., .F., .F.,
 ( 4, 4 ),
 ( 1.000000000000000000, 2.000000000000000000 ),
 .UNSPECIFIED. ) ;
#685 = LINE ( 'NONE', #6244, #7432 ) ;
#686 = CARTESIAN_POINT ( 'NONE',  ( -1.670253677327254715, -1.000000000000000000, 0.2365554791276577307 ) ) ;
#687 = CARTESIAN_POINT ( 'NONE',  ( -2.221428439117376197, -1.000000000000000000, 0.3837057261294960497 ) ) ;
#688 =( NAMED_UNIT ( * ) SI_UNIT ( $, .STERADIAN. ) SOLID_ANGLE_UNIT ( ) );
#689 = DIRECTION ( 'NONE',  ( 1.000000000000000000, 0.0000000000000000000, 0.0000000000000000000 ) ) ;
#690 = VECTOR ( 'NONE', #3527, 1000.000000000000000 ) ;
#691 = CARTESIAN_POINT ( 'NONE',  ( -1.673093734396796872, -1.000000000000000000, 0.2685181553006110167 ) ) ;
#692 = UNCERTAINTY_MEASURE_WITH_UNIT (LENGTH_MEASURE( 1.000000000000000082E-05 ), #7556, 'distance_accuracy_value', 'NONE');
#693 = DIRECTION ( 'NONE',  ( -0.8863488427958627902, 0.0000000000000000000, -0.4630180653866922125 ) ) ;
#694 = EDGE_CURVE ( 'NONE', #11437, #2586, #10380, .T. ) ;
#695 = EDGE_CURVE ( 'NONE', #20, #8385, #6041, .T. ) ;
#696 =( LENGTH_UNIT ( ) NAMED_UNIT ( * ) SI_UNIT ( .MILLI., .METRE. ) );
#697 = CARTESIAN_POINT ( 'NONE',  ( -1.734010551711275605, -1.000000000000000000, 0.2077216793875679424 ) ) ;
#698 = FILL_AREA_STYLE_COLOUR ( '', #11060 ) ;
#699 = CARTESIAN_POINT ( 'NONE',  ( -1.675500562422002515, -1.000000000000000000, 0.2780973308403431599 ) ) ;
#700 = CARTESIAN_POINT ( 'NONE',  ( -1.691794788151699036, -1.010000000000000009, 0.2691439305870539367 ) ) ;
#701 = SURFACE_STYLE_USAGE ( .BOTH. , #2410 ) ;
#702 = CARTESIAN_POINT ( 'NONE',  ( -2.206700915953803577, -1.000000000000000000, 0.4225328158202146800 ) ) ;
#703 = B_SPLINE_CURVE_WITH_KNOTS ( 'NONE', 3,
 ( #1072, #7232, #11866, #7528 ),
 .UNSPECIFIED., .F., .F.,
 ( 4, 4 ),
 ( 4.000000000000000000, 5.000000000000000000 ),
 .UNSPECIFIED. ) ;
#704 = CARTESIAN_POINT ( 'NONE',  ( -1.676463293631890394, -1.000000000000000000, 0.2388660340316498820 ) ) ;
#705 = VECTOR ( 'NONE', #5033, 1000.000000000000000 ) ;
#706 = UNCERTAINTY_MEASURE_WITH_UNIT (LENGTH_MEASURE( 1.000000000000000082E-05 ), #8806, 'distance_accuracy_value', 'NONE');
#707 = ORIENTED_EDGE ( 'NONE', *, *, #7784, .F. ) ;
#708 = ORIENTED_EDGE ( 'NONE', *, *, #7077, .F. ) ;
#709 = VECTOR ( 'NONE', #6203, 1000.000000000000000 ) ;
#710 = ORIENTED_EDGE ( 'NONE', *, *, #8423, .T. ) ;
#711 = PRESENTATION_STYLE_ASSIGNMENT (( #8269 ) ) ;
#712 = CARTESIAN_POINT ( 'NONE',  ( -1.762483327247695852, -1.000000000000000000, 0.2165306699588776529 ) ) ;
#713 = DIRECTION ( 'NONE',  ( -0.0000000000000000000, -0.0000000000000000000, 1.000000000000000000 ) ) ;
#715 = SURFACE_STYLE_FILL_AREA ( #9000 ) ;
#714 =( GEOMETRIC_REPRESENTATION_CONTEXT ( 3 ) GLOBAL_UNCERTAINTY_ASSIGNED_CONTEXT ( ( #7361 ) ) GLOBAL_UNIT_ASSIGNED_CONTEXT ( ( #1502, #6069, #7960 ) ) REPRESENTATION_CONTEXT ( 'NONE', 'WORKASPACE' ) );
#716 = CARTESIAN_POINT ( 'NONE',  ( -2.185948496370684779, -1.010000000000000009, 0.2571828119320350159 ) ) ;
#717 = CARTESIAN_POINT ( 'NONE',  ( -1.683491231465078952, -1.010000000000000009, 0.3586779331192915810 ) ) ;
#718 = SURFACE_STYLE_USAGE ( .BOTH. , #9003 ) ;
#719 = DIRECTION ( 'NONE',  ( -1.000000000000000000, 0.0000000000000000000, -0.0000000000000000000 ) ) ;
#720 = DIRECTION ( 'NONE',  ( -0.0000000000000000000, 0.0000000000000000000, 1.000000000000000000 ) ) ;
#721 =( NAMED_UNIT ( * ) PLANE_ANGLE_UNIT ( ) SI_UNIT ( $, .RADIAN. ) );
#722 = PLANE ( 'NONE',  #1844 ) ;
#723 = EDGE_CURVE ( 'NONE', #3074, #5433, #1412, .T. ) ;
#724 = FILL_AREA_STYLE_COLOUR ( '', #4127 ) ;
#725 = COLOUR_RGB ( '',0.0000000000000000000, 0.0000000000000000000, 0.0000000000000000000 ) ;
#726 = STYLED_ITEM ( 'NONE', ( #1467 ), #4650 ) ;
#727 = ORIENTED_EDGE ( 'NONE', *, *, #11388, .F. ) ;
#728 = ORIENTED_EDGE ( 'NONE', *, *, #3143, .T. ) ;
#729 = ORIENTED_EDGE ( 'NONE', *, *, #11289, .T. ) ;
#730 =( NAMED_UNIT ( * ) SI_UNIT ( $, .STERADIAN. ) SOLID_ANGLE_UNIT ( ) );
#731 = ORIENTED_EDGE ( 'NONE', *, *, #1930, .F. ) ;
#732 = DIRECTION ( 'NONE',  ( -0.0000000000000000000, 0.0000000000000000000, -1.000000000000000000 ) ) ;
#733 = DIRECTION ( 'NONE',  ( 0.0000000000000000000, -0.0000000000000000000, -1.000000000000000000 ) ) ;
#734 = PRESENTATION_STYLE_ASSIGNMENT (( #5380 ) ) ;
#735 = CARTESIAN_POINT ( 'NONE',  ( -1.589167641162975375, -1.000000000000000000, 0.3586779331192915810 ) ) ;
#736 = PRESENTATION_STYLE_ASSIGNMENT (( #7146 ) ) ;
#737 = EDGE_CURVE ( 'NONE', #7689, #2058, #6487, .T. ) ;
#738 = VECTOR ( 'NONE', #3397, 1000.000000000000000 ) ;
#739 = CARTESIAN_POINT ( 'NONE',  ( -1.669290946117363283, -1.000000000000000000, 0.2685181553006110167 ) ) ;
#740 = EDGE_LOOP ( 'NONE', ( #9349, #339, #9361, #4334 ) ) ;
#741 = CARTESIAN_POINT ( 'NONE',  ( -1.388943617757946614, -1.010000000000000009, 0.2457014256227323390 ) ) ;
#742 = ORIENTED_EDGE ( 'NONE', *, *, #4740, .F. ) ;
#743 = CARTESIAN_POINT ( 'NONE',  ( -1.433277389980368577, -1.000000000000000000, 0.2455088793809469261 ) ) ;
#744 = VERTEX_POINT ( 'NONE', #4186 ) ;
#745 = DIRECTION ( 'NONE',  ( -0.0000000000000000000, 1.000000000000000000, -0.0000000000000000000 ) ) ;
#746 = CARTESIAN_POINT ( 'NONE',  ( -1.634993646760196651, -1.010000000000000009, 0.4528330454595122512 ) ) ;
#747 = VECTOR ( 'NONE', #2770, 1000.000000000000000 ) ;
#748 = CARTESIAN_POINT ( 'NONE',  ( -2.278330262756866453, -1.010000000000000009, 0.4124913175311761271 ) ) ;
#749 = CARTESIAN_POINT ( 'NONE',  ( -1.965704969777923639, -1.010000000000000009, 0.2518273512856379903 ) ) ;
#750 = CARTESIAN_POINT ( 'NONE',  ( -1.760750411069702537, -1.010000000000000009, 0.3699418882765709848 ) ) ;
#751 = CARTESIAN_POINT ( 'NONE',  ( -1.443602682207659527, -1.010000000000000009, 0.2837774449794280285 ) ) ;
#752 = EDGE_CURVE ( 'NONE', #2586, #11672, #7938, .T. ) ;
#753 =( LENGTH_UNIT ( ) NAMED_UNIT ( * ) SI_UNIT ( .MILLI., .METRE. ) );
#754 = B_SPLINE_SURFACE_WITH_KNOTS ( 'NONE', 3, 1, ( 
 ( #6910, #419 ),
 ( #11472, #361 ),
 ( #7751, #10585 ),
 ( #8001, #490 ) ),
 .UNSPECIFIED., .F., .F., .F.,
 ( 4, 4 ),
 ( 2, 2 ),
 ( 2.000000000000000000, 3.000000000000000000 ),
 ( 0.0000000000000000000, 1.000000000000000000 ),
 .UNSPECIFIED. ) ;
#755 = COLOUR_RGB ( '',0.0000000000000000000, 0.0000000000000000000, 0.0000000000000000000 ) ;
#756 = CARTESIAN_POINT ( 'NONE',  ( -1.743421249289123898, -1.010000000000000009, 0.2401657211649846635 ) ) ;
#757 = FILL_AREA_STYLE_COLOUR ( '', #1972 ) ;
#758 = DIRECTION ( 'NONE',  ( 0.0000000000000000000, 0.0000000000000000000, -1.000000000000000000 ) ) ;
#759 = AXIS2_PLACEMENT_3D ( 'NONE', #9973, #732, #3521 ) ;
#760 = CARTESIAN_POINT ( 'NONE',  ( -1.752446854383083563, -1.000000000000000000, 0.2282759907212610351 ) ) ;
#761 = DIRECTION ( 'NONE',  ( 0.0000000000000000000, 1.000000000000000000, 0.0000000000000000000 ) ) ;
#763 = EDGE_CURVE ( 'NONE', #9311, #4598, #10827, .T. ) ;
#762 =( LENGTH_UNIT ( ) NAMED_UNIT ( * ) SI_UNIT ( .MILLI., .METRE. ) );
#764 = LINE ( 'NONE', #8152, #7304 ) ;
#765 =( GEOMETRIC_REPRESENTATION_CONTEXT ( 3 ) GLOBAL_UNCERTAINTY_ASSIGNED_CONTEXT ( ( #11689 ) ) GLOBAL_UNIT_ASSIGNED_CONTEXT ( ( #11042, #6458, #7483 ) ) REPRESENTATION_CONTEXT ( 'NONE', 'WORKASPACE' ) );
#766 = ORIENTED_EDGE ( 'NONE', *, *, #3472, .T. ) ;
#767 = ORIENTED_EDGE ( 'NONE', *, *, #10366, .F. ) ;
#768 = ORIENTED_EDGE ( 'NONE', *, *, #10830, .F. ) ;
#769 = CARTESIAN_POINT ( 'NONE',  ( -1.928216719712432914, -1.000000000000000000, 0.2391081354408662596 ) ) ;
#770 = DIRECTION ( 'NONE',  ( 0.9306703226357517789, 0.0000000000000000000, 0.3658589216693585167 ) ) ;
#771 = CARTESIAN_POINT ( 'NONE',  ( -1.722168957827996172, -1.010000000000000009, 0.2197076829521849295 ) ) ;
#772 = ORIENTED_EDGE ( 'NONE', *, *, #10808, .F. ) ;
#773 = CARTESIAN_POINT ( 'NONE',  ( -1.490415487294993957, -1.010000000000000009, 0.4376700289015867384 ) ) ;
#774 = FILL_AREA_STYLE ('',( #1713 ) ) ;
#775 = DIRECTION ( 'NONE',  ( -0.0000000000000000000, 0.0000000000000000000, 1.000000000000000000 ) ) ;
#776 = SURFACE_STYLE_USAGE ( .BOTH. , #9720 ) ;
#777 = CARTESIAN_POINT ( 'NONE',  ( -1.740027621773804656, -1.000000000000000000, 0.2173971280481934165 ) ) ;
#778 = CARTESIAN_POINT ( 'NONE',  ( -1.709220223053170784, -1.000000000000000000, 0.3700381613974637052 ) ) ;
#779 =( LENGTH_UNIT ( ) NAMED_UNIT ( * ) SI_UNIT ( .MILLI., .METRE. ) );
#780 = VERTEX_POINT ( 'NONE', #10769 ) ;
#781 = VERTEX_POINT ( 'NONE', #7201 ) ;
#782 = ORIENTED_EDGE ( 'NONE', *, *, #3797, .T. ) ;
#783 = CARTESIAN_POINT ( 'NONE',  ( -1.694394162418690009, -1.010000000000000009, 0.2238474271550627559 ) ) ;
#784 = VERTEX_POINT ( 'NONE', #7267 ) ;
#785 = ADVANCED_FACE ( 'NONE', ( #1599 ), #9859, .F. ) ;
#786 = VERTEX_POINT ( 'NONE', #6178 ) ;
#787 = COLOUR_RGB ( '',0.0000000000000000000, 0.0000000000000000000, 0.0000000000000000000 ) ;
#788 = CARTESIAN_POINT ( 'NONE',  ( -1.715646453880138367, -1.000000000000000000, 0.4544215519561667915 ) ) ;
#789 = SURFACE_STYLE_FILL_AREA ( #3332 ) ;
#790 =( NAMED_UNIT ( * ) PLANE_ANGLE_UNIT ( ) SI_UNIT ( $, .RADIAN. ) );
#791 = CARTESIAN_POINT ( 'NONE',  ( -1.702336694901322334, -1.010000000000000009, 0.3625769945199377453 ) ) ;
#792 = LINE ( 'NONE', #10040, #8613 ) ;
#793 = EDGE_LOOP ( 'NONE', ( #4003, #3866, #4867, #6016 ) ) ;
#794 = B_SPLINE_CURVE_WITH_KNOTS ( 'NONE', 3,
 ( #931, #1677, #5335, #6311 ),
 .UNSPECIFIED., .F., .F.,
 ( 4, 4 ),
 ( 26.00000000000000000, 27.00000000000000000 ),
 .UNSPECIFIED. ) ;
#795 = ORIENTED_EDGE ( 'NONE', *, *, #2201, .T. ) ;
#796 = CARTESIAN_POINT ( 'NONE',  ( -2.096244447539275857, -1.000000000000000000, 0.4379297811405066243 ) ) ;
#797 = CARTESIAN_POINT ( 'NONE',  ( -1.485000124238365027, -1.000000000000000000, 0.2926345721118238097 ) ) ;
#798 = ADVANCED_FACE ( 'NONE', ( #604 ), #11026, .F. ) ;
#799 = CARTESIAN_POINT ( 'NONE',  ( -1.489476824365007612, -1.000000000000000000, 0.4342041965456001074 ) ) ;
#800 = SURFACE_STYLE_USAGE ( .BOTH. , #9988 ) ;
#801 = CARTESIAN_POINT ( 'NONE',  ( -1.741904947633459821, -1.010000000000000009, 0.3570894266226369851 ) ) ;
#802 = FACE_OUTER_BOUND ( 'NONE', #10128, .T. ) ;
#803 = FACE_OUTER_BOUND ( 'NONE', #6596, .T. ) ;
#804 = B_SPLINE_CURVE_WITH_KNOTS ( 'NONE', 3,
 ( #10212, #10841, #7384, #2916 ),
 .UNSPECIFIED., .F., .F.,
 ( 4, 4 ),
 ( 8.000000000000000000, 9.000000000000000000 ),
 .UNSPECIFIED. ) ;
#805 = DIRECTION ( 'NONE',  ( -0.0000000000000000000, 1.000000000000000000, -0.0000000000000000000 ) ) ;
#806 = CARTESIAN_POINT ( 'NONE',  ( -1.735791604449712811, -1.010000000000000009, 0.2685181553006110167 ) ) ;
#807 = UNCERTAINTY_MEASURE_WITH_UNIT (LENGTH_MEASURE( 1.000000000000000082E-05 ), #965, 'distance_accuracy_value', 'NONE');
#808 = EDGE_LOOP ( 'NONE', ( #10174, #3209, #8090, #11906 ) ) ;
#809 = STYLED_ITEM ( 'NONE', ( #1231 ), #4859 ) ;
#810 = DIRECTION ( 'NONE',  ( -0.3559357243698757500, -0.0000000000000000000, -0.9345104387417466629 ) ) ;
#811 = EDGE_CURVE ( 'NONE', #1763, #3737, #8180, .T. ) ;
#812 =( NAMED_UNIT ( * ) SI_UNIT ( $, .STERADIAN. ) SOLID_ANGLE_UNIT ( ) );
#813 = UNCERTAINTY_MEASURE_WITH_UNIT (LENGTH_MEASURE( 1.000000000000000082E-05 ), #4260, 'distance_accuracy_value', 'NONE');
#814 = CARTESIAN_POINT ( 'NONE',  ( -1.577470456961678646, -1.010000000000000009, 0.4420023193468916589 ) ) ;
#815 = PRESENTATION_LAYER_ASSIGNMENT (  '', '', ( #4659 ) ) ;
#816 = CARTESIAN_POINT ( 'NONE',  ( -1.632851569818088766, -1.000000000000000000, 0.3586779331192915810 ) ) ;
#817 =( GEOMETRIC_REPRESENTATION_CONTEXT ( 3 ) GLOBAL_UNCERTAINTY_ASSIGNED_CONTEXT ( ( #11326 ) ) GLOBAL_UNIT_ASSIGNED_CONTEXT ( ( #9242, #10029, #3516 ) ) REPRESENTATION_CONTEXT ( 'NONE', 'WORKASPACE' ) );
#818 = FILL_AREA_STYLE ('',( #11924 ) ) ;
#819 = STYLED_ITEM ( 'NONE', ( #7397 ), #8411 ) ;
#820 = CARTESIAN_POINT ( 'NONE',  ( -1.588204909952766863, -1.000000000000000000, 0.4528330454595122512 ) ) ;
#821 = CARTESIAN_POINT ( 'NONE',  ( -1.727223296680637565, -1.000000000000000000, 0.2228846959454959809 ) ) ;
#822 = UNCERTAINTY_MEASURE_WITH_UNIT (LENGTH_MEASURE( 1.000000000000000082E-05 ), #10024, 'distance_accuracy_value', 'NONE');
#823 = ORIENTED_EDGE ( 'NONE', *, *, #301, .T. ) ;
#824 = STYLED_ITEM ( 'NONE', ( #290 ), #8689 ) ;
#825 = VERTEX_POINT ( 'NONE', #2968 ) ;
#826 = CARTESIAN_POINT ( 'NONE',  ( -1.561248436072007140, -1.010000000000000009, 0.3792322444529834247 ) ) ;
#827 = EDGE_CURVE ( 'NONE', #9027, #5134, #11179, .T. ) ;
#828 = PRESENTATION_LAYER_ASSIGNMENT (  '', '', ( #6029 ) ) ;
#829 = B_SPLINE_CURVE_WITH_KNOTS ( 'NONE', 3,
 ( #5122, #8818, #9784, #5183 ),
 .UNSPECIFIED., .F., .F.,
 ( 4, 4 ),
 ( 3.000000000000000000, 4.000000000000000000 ),
 .UNSPECIFIED. ) ;
#830 = ADVANCED_FACE ( 'NONE', ( #2789 ), #7383, .T. ) ;
#831 =( GEOMETRIC_REPRESENTATION_CONTEXT ( 3 ) GLOBAL_UNCERTAINTY_ASSIGNED_CONTEXT ( ( #6380 ) ) GLOBAL_UNIT_ASSIGNED_CONTEXT ( ( #1552, #7215, #688 ) ) REPRESENTATION_CONTEXT ( 'NONE', 'WORKASPACE' ) );
#832 = DIRECTION ( 'NONE',  ( 0.0000000000000000000, 0.0000000000000000000, 1.000000000000000000 ) ) ;
#833 =( NAMED_UNIT ( * ) SI_UNIT ( $, .STERADIAN. ) SOLID_ANGLE_UNIT ( ) );
#834 = FILL_AREA_STYLE_COLOUR ( '', #9729 ) ;
#835 = CARTESIAN_POINT ( 'NONE',  ( -2.147121349222366860, -1.010000000000000009, 0.2906545112020617050 ) ) ;
#836 = EDGE_LOOP ( 'NONE', ( #4848, #1018, #5633, #5754 ) ) ;
#837 =( NAMED_UNIT ( * ) PLANE_ANGLE_UNIT ( ) SI_UNIT ( $, .RADIAN. ) );
#838 =( NAMED_UNIT ( * ) SI_UNIT ( $, .STERADIAN. ) SOLID_ANGLE_UNIT ( ) );
#839 = CARTESIAN_POINT ( 'NONE',  ( -2.288371761046226194, -1.000000000000000000, 0.3167624042006468299 ) ) ;
#840 = AXIS2_PLACEMENT_3D ( 'NONE', #2426, #2538, #720 ) ;
#841 = CARTESIAN_POINT ( 'NONE',  ( -2.185279047829110866, -1.010000000000000009, 0.2993571379454478820 ) ) ;
#842 = FACE_OUTER_BOUND ( 'NONE', #9484, .T. ) ;
#843 =( GEOMETRIC_REPRESENTATION_CONTEXT ( 3 ) GLOBAL_UNCERTAINTY_ASSIGNED_CONTEXT ( ( #8458 ) ) GLOBAL_UNIT_ASSIGNED_CONTEXT ( ( #4881, #3385, #4396 ) ) REPRESENTATION_CONTEXT ( 'NONE', 'WORKASPACE' ) );
#844 = UNCERTAINTY_MEASURE_WITH_UNIT (LENGTH_MEASURE( 1.000000000000000082E-05 ), #6433, 'distance_accuracy_value', 'NONE');
#845 = VERTEX_POINT ( 'NONE', #11233 ) ;
#846 = ORIENTED_EDGE ( 'NONE', *, *, #10898, .T. ) ;
#847 = PLANE ( 'NONE',  #7775 ) ;
#848 = PRESENTATION_LAYER_ASSIGNMENT (  '', '', ( #10103 ) ) ;
#849 = ORIENTED_EDGE ( 'NONE', *, *, #6234, .F. ) ;
#850 = EDGE_CURVE ( 'NONE', #6918, #4839, #9638, .T. ) ;
#851 = PLANE ( 'NONE',  #7120 ) ;
#852 = PRESENTATION_LAYER_ASSIGNMENT (  '', '', ( #7218 ) ) ;
#853 =( LENGTH_UNIT ( ) NAMED_UNIT ( * ) SI_UNIT ( .MILLI., .METRE. ) );
#854 = COLOUR_RGB ( '',0.0000000000000000000, 0.0000000000000000000, 0.0000000000000000000 ) ;
#855 = SURFACE_STYLE_FILL_AREA ( #10035 ) ;
#856 = CARTESIAN_POINT ( 'NONE',  ( -1.691794788151699036, -1.010000000000000009, 0.2691439305870539367 ) ) ;
#857 = FILL_AREA_STYLE_COLOUR ( '', #1629 ) ;
#858 = FILL_AREA_STYLE_COLOUR ( '', #4289 ) ;
#859 = MECHANICAL_DESIGN_GEOMETRIC_PRESENTATION_REPRESENTATION (  '', ( #5091 ), #10119 ) ;
#860 =( GEOMETRIC_REPRESENTATION_CONTEXT ( 3 ) GLOBAL_UNCERTAINTY_ASSIGNED_CONTEXT ( ( #2763 ) ) GLOBAL_UNIT_ASSIGNED_CONTEXT ( ( #1940, #3918, #1024 ) ) REPRESENTATION_CONTEXT ( 'NONE', 'WORKASPACE' ) );
#861 = B_SPLINE_CURVE_WITH_KNOTS ( 'NONE', 3,
 ( #5501, #9301, #6649, #1040 ),
 .UNSPECIFIED., .F., .F.,
 ( 4, 4 ),
 ( 2.000000000000000000, 3.000000000000000000 ),
 .UNSPECIFIED. ) ;
#863 = EDGE_CURVE ( 'NONE', #11420, #9809, #861, .T. ) ;
#862 = DIRECTION ( 'NONE',  ( -0.9345104387417475511, 0.0000000000000000000, -0.3559357243698734741 ) ) ;
#864 = MECHANICAL_DESIGN_GEOMETRIC_PRESENTATION_REPRESENTATION (  '', ( #1455 ), #10513 ) ;
#865 = VERTEX_POINT ( 'NONE', #4531 ) ;
#866 = EDGE_LOOP ( 'NONE', ( #5931, #7642, #9490, #5744 ) ) ;
#867 = LINE ( 'NONE', #9141, #10263 ) ;
#868 = ORIENTED_EDGE ( 'NONE', *, *, #1770, .T. ) ;
#869 = COLOUR_RGB ( '',0.7529411764705882248, 0.7529411764705882248, 0.7529411764705882248 ) ;
#870 = ORIENTED_EDGE ( 'NONE', *, *, #11882, .T. ) ;
#871 = CARTESIAN_POINT ( 'NONE',  ( -1.561248436072007140, -1.010000000000000009, 0.3792322444529834247 ) ) ;
#872 = DIRECTION ( 'NONE',  ( -1.000000000000000000, -0.0000000000000000000, -0.0000000000000000000 ) ) ;
#873 = CARTESIAN_POINT ( 'NONE',  ( -1.552607923462264727, -1.000000000000000000, 0.4403656762897907306 ) ) ;
#874 = CARTESIAN_POINT ( 'NONE',  ( -1.436719154056131931, -1.000000000000000000, 0.2778566480374710101 ) ) ;
#876 = ADVANCED_FACE ( 'NONE', ( #2913 ), #9423, .F. ) ;
#875 =( LENGTH_UNIT ( ) NAMED_UNIT ( * ) SI_UNIT ( .MILLI., .METRE. ) );
#877 = MECHANICAL_DESIGN_GEOMETRIC_PRESENTATION_REPRESENTATION (  '', ( #6860 ), #9356 ) ;
#878 = COLOUR_RGB ( '',0.0000000000000000000, 0.0000000000000000000, 0.0000000000000000000 ) ;
#879 = VECTOR ( 'NONE', #5570, 1000.000000000000000 ) ;
#880 = ORIENTED_EDGE ( 'NONE', *, *, #5397, .T. ) ;
#881 = CARTESIAN_POINT ( 'NONE',  ( -1.747224037568877897, -1.010000000000000009, 0.2388178974712016345 ) ) ;
#882 = CARTESIAN_POINT ( 'NONE',  ( -2.135071556382313496, -1.000000000000000000, 0.2765964110432108103 ) ) ;
#883 = PRESENTATION_STYLE_ASSIGNMENT (( #8432 ) ) ;
#884 = FACE_OUTER_BOUND ( 'NONE', #10027, .T. ) ;
#885 =( NAMED_UNIT ( * ) PLANE_ANGLE_UNIT ( ) SI_UNIT ( $, .RADIAN. ) );
#886 = VECTOR ( 'NONE', #2006, 1000.000000000000000 ) ;
#887 = CARTESIAN_POINT ( 'NONE',  ( -2.185948496370684779, -1.000000000000000000, 0.2049670003980145483 ) ) ;
#888 = CARTESIAN_POINT ( 'NONE',  ( -1.722168957827996172, -1.000000000000000000, 0.2197076829521849572 ) ) ;
#889 = DIRECTION ( 'NONE',  ( 0.0000000000000000000, 0.0000000000000000000, 1.000000000000000000 ) ) ;
#890 = CARTESIAN_POINT ( 'NONE',  ( -1.374286035085346969, -1.010000000000000009, 0.2863768192460975914 ) ) ;
#892 = EDGE_CURVE ( 'NONE', #164, #11454, #6587, .T. ) ;
#891 = LINE ( 'NONE', #8264, #3380 ) ;
#893 = DIRECTION ( 'NONE',  ( -0.0000000000000000000, 1.000000000000000000, -0.0000000000000000000 ) ) ;
#894 = EDGE_CURVE ( 'NONE', #9851, #6085, #11461, .T. ) ;
#895 = FILL_AREA_STYLE ('',( #5299 ) ) ;
#896 =( NAMED_UNIT ( * ) PLANE_ANGLE_UNIT ( ) SI_UNIT ( $, .RADIAN. ) );
#897 = CARTESIAN_POINT ( 'NONE',  ( -2.185948483602257575, -1.000000000000000000, 0.3736642278398156769 ) ) ;
#898 = DIRECTION ( 'NONE',  ( -0.0000000000000000000, 1.000000000000000000, -0.0000000000000000000 ) ) ;
#899 = FACE_BOUND ( 'NONE', #6795, .T. ) ;
#900 = VERTEX_POINT ( 'NONE', #405 ) ;
#901 =( NAMED_UNIT ( * ) PLANE_ANGLE_UNIT ( ) SI_UNIT ( $, .RADIAN. ) );
#902 = CARTESIAN_POINT ( 'NONE',  ( -1.610323659503531069, -1.000000000000000000, 0.2204778679199694558 ) ) ;
#903 = CARTESIAN_POINT ( 'NONE',  ( -2.450000000000000622, -0.9750000000000004219, 0.5750000000000002887 ) ) ;
#904 = COLOUR_RGB ( '',0.0000000000000000000, 0.0000000000000000000, 0.0000000000000000000 ) ;
#905 = PRESENTATION_LAYER_ASSIGNMENT (  '', '', ( #3988 ) ) ;
#906 = DIRECTION ( 'NONE',  ( -0.0000000000000000000, 0.0000000000000000000, -1.000000000000000000 ) ) ;
#907 = ADVANCED_FACE ( 'NONE', ( #3134 ), #1164, .F. ) ;
#908 = MECHANICAL_DESIGN_GEOMETRIC_PRESENTATION_REPRESENTATION (  '', ( #8065 ), #9205 ) ;
#909 = ORIENTED_EDGE ( 'NONE', *, *, #8567, .T. ) ;
#910 = ORIENTED_EDGE ( 'NONE', *, *, #1914, .F. ) ;
#911 = ORIENTED_EDGE ( 'NONE', *, *, #7697, .F. ) ;
#912 = SURFACE_STYLE_FILL_AREA ( #9189 ) ;
#913 = STYLED_ITEM ( 'NONE', ( #7777 ), #4211 ) ;
#914 = LINE ( 'NONE', #1034, #10634 ) ;
#915 = FILL_AREA_STYLE ('',( #5610 ) ) ;
#916 =( LENGTH_UNIT ( ) NAMED_UNIT ( * ) SI_UNIT ( .MILLI., .METRE. ) );
#917 = CARTESIAN_POINT ( 'NONE',  ( -1.661589096437285917, -1.000000000000000000, 0.2095027321260091724 ) ) ;
#918 = COLOUR_RGB ( '',0.0000000000000000000, 0.0000000000000000000, 0.0000000000000000000 ) ;
#919 = SURFACE_STYLE_USAGE ( .BOTH. , #46 ) ;
#921 = EDGE_CURVE ( 'NONE', #8444, #7094, #412, .T. ) ;
#920 = STYLED_ITEM ( 'NONE', ( #2267 ), #4697 ) ;
#922 = EDGE_CURVE ( 'NONE', #4131, #6294, #4949, .T. ) ;
#923 = PRESENTATION_STYLE_ASSIGNMENT (( #9199 ) ) ;
#924 = VECTOR ( 'NONE', #7983, 1000.000000000000000 ) ;
#925 = ORIENTED_EDGE ( 'NONE', *, *, #2317, .T. ) ;
#926 = CARTESIAN_POINT ( 'NONE',  ( -1.742097493875566006, -1.010000000000000009, 0.2492635311002533438 ) ) ;
#927 = CARTESIAN_POINT ( 'NONE',  ( -1.353587314070317404, -1.010000000000000009, 0.2350632457518952168 ) ) ;
#928 =( GEOMETRIC_REPRESENTATION_CONTEXT ( 3 ) GLOBAL_UNCERTAINTY_ASSIGNED_CONTEXT ( ( #10862 ) ) GLOBAL_UNIT_ASSIGNED_CONTEXT ( ( #4619, #10122, #11147 ) ) REPRESENTATION_CONTEXT ( 'NONE', 'WORKASPACE' ) );
#929 =( GEOMETRIC_REPRESENTATION_CONTEXT ( 3 ) GLOBAL_UNCERTAINTY_ASSIGNED_CONTEXT ( ( #8691 ) ) GLOBAL_UNIT_ASSIGNED_CONTEXT ( ( #6573, #9916, #8398 ) ) REPRESENTATION_CONTEXT ( 'NONE', 'WORKASPACE' ) );
#930 = ORIENTED_EDGE ( 'NONE', *, *, #7132, .T. ) ;
#931 = CARTESIAN_POINT ( 'NONE',  ( -2.023276241958665622, -1.000000000000000000, 0.2498190567349448388 ) ) ;
#932 = CARTESIAN_POINT ( 'NONE',  ( -1.461894575197808299, -1.010000000000000009, 0.3586779331192915810 ) ) ;
#933 = SURFACE_SIDE_STYLE ('',( #9208 ) ) ;
#934 = MECHANICAL_DESIGN_GEOMETRIC_PRESENTATION_REPRESENTATION (  '', ( #5555 ), #10772 ) ;
#935 = CARTESIAN_POINT ( 'NONE',  ( -2.028631677068852834, -1.010000000000000009, 0.2089836405724676549 ) ) ;
#936 = B_SPLINE_CURVE_WITH_KNOTS ( 'NONE', 3,
 ( #4266, #9943, #1693, #760 ),
 .UNSPECIFIED., .F., .F.,
 ( 4, 4 ),
 ( 1.000000000000000000, 2.000000000000000000 ),
 .UNSPECIFIED. ) ;
#937 = CARTESIAN_POINT ( 'NONE',  ( -2.222097874890202718, -1.010000000000000009, 0.4238716809816544528 ) ) ;
#938 = B_SPLINE_CURVE_WITH_KNOTS ( 'NONE', 3,
 ( #1335, #1277, #1219, #345 ),
 .UNSPECIFIED., .F., .F.,
 ( 4, 4 ),
 ( 4.000000000000000000, 5.000000000000000000 ),
 .UNSPECIFIED. ) ;
#939 = FILL_AREA_STYLE ('',( #9212 ) ) ;
#940 = UNCERTAINTY_MEASURE_WITH_UNIT (LENGTH_MEASURE( 1.000000000000000082E-05 ), #3024, 'distance_accuracy_value', 'NONE');
#941 = ORIENTED_EDGE ( 'NONE', *, *, #1384, .F. ) ;
#942 =( GEOMETRIC_REPRESENTATION_CONTEXT ( 3 ) GLOBAL_UNCERTAINTY_ASSIGNED_CONTEXT ( ( #574 ) ) GLOBAL_UNIT_ASSIGNED_CONTEXT ( ( #2671, #9082, #1661 ) ) REPRESENTATION_CONTEXT ( 'NONE', 'WORKASPACE' ) );
#943 = CARTESIAN_POINT ( 'NONE',  ( -1.514941064870001020, -1.000000000000000000, 0.2200446388759535743 ) ) ;
#944 = LINE ( 'NONE', #5284, #1791 ) ;
#945 = CARTESIAN_POINT ( 'NONE',  ( -1.670253677327254715, -1.010000000000000009, 0.2365554791276577307 ) ) ;
#946 = EDGE_CURVE ( 'NONE', #10874, #2443, #5003, .T. ) ;
#947 = FILL_AREA_STYLE_COLOUR ( '', #1235 ) ;
#948 = CARTESIAN_POINT ( 'NONE',  ( -2.185948483602257575, -1.000000000000000000, 0.3736642278398156769 ) ) ;
#949 = CARTESIAN_POINT ( 'NONE',  ( 2.450000000000000622, 0.9500000000000007327, 0.5999999999999999778 ) ) ;
#950 = DIRECTION ( 'NONE',  ( 0.0000000000000000000, 0.0000000000000000000, -1.000000000000000000 ) ) ;
#951 = STYLED_ITEM ( 'NONE', ( #7419 ), #10731 ) ;
#952 = SURFACE_SIDE_STYLE ('',( #10239 ) ) ;
#953 = DIRECTION ( 'NONE',  ( -0.0000000000000000000, 0.0000000000000000000, -1.000000000000000000 ) ) ;
#954 = UNCERTAINTY_MEASURE_WITH_UNIT (LENGTH_MEASURE( 1.000000000000000082E-05 ), #597, 'distance_accuracy_value', 'NONE');
#955 =( NAMED_UNIT ( * ) PLANE_ANGLE_UNIT ( ) SI_UNIT ( $, .RADIAN. ) );
#956 = ORIENTED_EDGE ( 'NONE', *, *, #3591, .F. ) ;
#957 = CARTESIAN_POINT ( 'NONE',  ( -1.735021419481611371, -1.010000000000000009, 0.4434464161615654931 ) ) ;
#958 = PRESENTATION_LAYER_ASSIGNMENT (  '', '', ( #7135 ) ) ;
#959 = DIRECTION ( 'NONE',  ( 0.0000000000000000000, 0.0000000000000000000, 1.000000000000000000 ) ) ;
#960 = FILL_AREA_STYLE ('',( #89 ) ) ;
#961 = EDGE_CURVE ( 'NONE', #4335, #8965, #7800, .T. ) ;
#962 = CARTESIAN_POINT ( 'NONE',  ( -1.764408789667795130, -1.000000000000000000, 0.2212961894488408021 ) ) ;
#963 = VERTEX_POINT ( 'NONE', #7861 ) ;
#964 = CARTESIAN_POINT ( 'NONE',  ( -1.443602682207659527, -1.010000000000000009, 0.2837774449794280285 ) ) ;
#965 =( LENGTH_UNIT ( ) NAMED_UNIT ( * ) SI_UNIT ( .MILLI., .METRE. ) );
#966 = CARTESIAN_POINT ( 'NONE',  ( -1.826336474752609851, -1.010000000000000009, 0.4528330454595122512 ) ) ;
#967 = LINE ( 'NONE', #5717, #4295 ) ;
#968 = CARTESIAN_POINT ( 'NONE',  ( -1.735791604449712811, -1.000000000000000000, 0.2685181553006110167 ) ) ;
#969 = LINE ( 'NONE', #4635, #4714 ) ;
#970 = SURFACE_STYLE_FILL_AREA ( #6701 ) ;
#971 = VECTOR ( 'NONE', #1220, 1000.000000000000000 ) ;
#972 = UNCERTAINTY_MEASURE_WITH_UNIT (LENGTH_MEASURE( 1.000000000000000082E-05 ), #6342, 'distance_accuracy_value', 'NONE');
#973 = B_SPLINE_CURVE_WITH_KNOTS ( 'NONE', 3,
 ( #821, #7121, #5355, #6084 ),
 .UNSPECIFIED., .F., .F.,
 ( 4, 4 ),
 ( 5.000000000000000000, 6.000000000000000000 ),
 .UNSPECIFIED. ) ;
#974 = ORIENTED_EDGE ( 'NONE', *, *, #5971, .F. ) ;
#975 = ORIENTED_EDGE ( 'NONE', *, *, #1782, .F. ) ;
#976 = VERTEX_POINT ( 'NONE', #7737 ) ;
#977 = CARTESIAN_POINT ( 'NONE',  ( -1.681926793248970320, -1.010000000000000009, 0.2173489914877489715 ) ) ;
#978 = CARTESIAN_POINT ( 'NONE',  ( -1.485000124238365027, -1.010000000000000009, 0.2200446388759535743 ) ) ;
#979 = EDGE_CURVE ( 'NONE', #8058, #3867, #10516, .T. ) ;
#980 = CARTESIAN_POINT ( 'NONE',  ( -1.674995128536674205, -1.000000000000000000, 0.2173489914877489715 ) ) ;
#981 = VECTOR ( 'NONE', #576, 1000.000000000000000 ) ;
#982 = FILL_AREA_STYLE ('',( #5558 ) ) ;
#983 = PRESENTATION_STYLE_ASSIGNMENT (( #1103 ) ) ;
#984 = CARTESIAN_POINT ( 'NONE',  ( -1.662094530322293373, -1.000000000000000000, 0.2311641843512516614 ) ) ;
#985 = VERTEX_POINT ( 'NONE', #5792 ) ;
#986 = LINE ( 'NONE', #5390, #1955 ) ;
#987 = CARTESIAN_POINT ( 'NONE',  ( -1.637665225868179197, -1.010000000000000009, 0.4010862429206517588 ) ) ;
#988 = EDGE_CURVE ( 'NONE', #1544, #4009, #5911, .T. ) ;
#989 = ORIENTED_EDGE ( 'NONE', *, *, #9390, .F. ) ;
#990 = EDGE_CURVE ( 'NONE', #3252, #1215, #4831, .T. ) ;
#991 = CARTESIAN_POINT ( 'NONE',  ( -1.624307330328914389, -1.000000000000000000, 0.1908738832120951412 ) ) ;
#992 = CARTESIAN_POINT ( 'NONE',  ( -1.562066757600878431, -1.010000000000000009, 0.4486933012566344248 ) ) ;
#993 = B_SPLINE_CURVE_WITH_KNOTS ( 'NONE', 3,
 ( #11207, #11868, #8321, #7298 ),
 .UNSPECIFIED., .F., .F.,
 ( 4, 4 ),
 ( 5.000000000000000000, 6.000000000000000000 ),
 .UNSPECIFIED. ) ;
#994 =( NAMED_UNIT ( * ) PLANE_ANGLE_UNIT ( ) SI_UNIT ( $, .RADIAN. ) );
#995 = SURFACE_STYLE_USAGE ( .BOTH. , #5993 ) ;
#996 = FILL_AREA_STYLE_COLOUR ( '', #5269 ) ;
#997 = CARTESIAN_POINT ( 'NONE',  ( -1.661083662551957385, -1.010000000000000009, 0.2264468014223747216 ) ) ;
#998 = ORIENTED_EDGE ( 'NONE', *, *, #47, .T. ) ;
#999 = CARTESIAN_POINT ( 'NONE',  ( -1.492196540033435381, -1.000000000000000000, 0.4357445664818077047 ) ) ;
#1000 = VERTEX_POINT ( 'NONE', #5056 ) ;
#1001 = CARTESIAN_POINT ( 'NONE',  ( -1.602910629185807068, -1.010000000000000009, 0.3694123861110195084 ) ) ;
#1002 = COLOUR_RGB ( '',0.0000000000000000000, 0.0000000000000000000, 0.0000000000000000000 ) ;
#1003 = ADVANCED_FACE ( 'NONE', ( #11521 ), #8758, .F. ) ;
#1004 = LINE ( 'NONE', #2870, #7862 ) ;
#1005 =( NAMED_UNIT ( * ) SI_UNIT ( $, .STERADIAN. ) SOLID_ANGLE_UNIT ( ) );
#1006 = DIRECTION ( 'NONE',  ( -0.0000000000000000000, 1.000000000000000000, -0.0000000000000000000 ) ) ;
#1007 = CARTESIAN_POINT ( 'NONE',  ( -2.002523796838695080, -1.010000000000000009, 0.3542506287292847000 ) ) ;
#1008 = LINE ( 'NONE', #6392, #4792 ) ;
#1009 = PRESENTATION_STYLE_ASSIGNMENT (( #9272 ) ) ;
#1010 = SURFACE_STYLE_FILL_AREA ( #11266 ) ;
#1011 = VERTEX_POINT ( 'NONE', #7017 ) ;
#1012 = EDGE_CURVE ( 'NONE', #2330, #5128, #10511, .T. ) ;
#1013 = CARTESIAN_POINT ( 'NONE',  ( -1.551187894927172239, -1.010000000000000009, 0.4066219473783987404 ) ) ;
#1014 = COLOUR_RGB ( '',0.0000000000000000000, 0.0000000000000000000, 0.0000000000000000000 ) ;
#1015 = DIRECTION ( 'NONE',  ( -1.000000000000000000, 0.0000000000000000000, 0.0000000000000000000 ) ) ;
#1016 = CARTESIAN_POINT ( 'NONE',  ( -2.185948483602257575, -1.010000000000000009, 0.3736642278398156769 ) ) ;
#1017 = CARTESIAN_POINT ( 'NONE',  ( -2.007879257485734481, -1.010000000000000009, 0.4011109540794149386 ) ) ;
#1018 = ORIENTED_EDGE ( 'NONE', *, *, #10283, .T. ) ;
#1019 = CARTESIAN_POINT ( 'NONE',  ( -1.674995128536674205, -1.000000000000000000, 0.2173489914877489715 ) ) ;
#1020 = MECHANICAL_DESIGN_GEOMETRIC_PRESENTATION_REPRESENTATION (  '', ( #819 ), #9688 ) ;
#1021 = PRESENTATION_STYLE_ASSIGNMENT (( #7484 ) ) ;
#1022 = CARTESIAN_POINT ( 'NONE',  ( -1.734684463558163747, -1.000000000000000000, 0.2780973308403431599 ) ) ;
#1023 = SURFACE_STYLE_FILL_AREA ( #8339 ) ;
#1024 =( NAMED_UNIT ( * ) SI_UNIT ( $, .STERADIAN. ) SOLID_ANGLE_UNIT ( ) );
#1025 = COLOUR_RGB ( '',0.7529411764705882248, 0.7529411764705882248, 0.7529411764705882248 ) ;
#1026 = ADVANCED_FACE ( 'NONE', ( #11582 ), #9203, .F. ) ;
#1028 = VECTOR ( 'NONE', #75, 1000.000000000000000 ) ;
#1027 = STYLED_ITEM ( 'NONE', ( #9837 ), #5144 ) ;
#1029 = ORIENTED_EDGE ( 'NONE', *, *, #7850, .T. ) ;
#1030 = MECHANICAL_DESIGN_GEOMETRIC_PRESENTATION_REPRESENTATION (  '', ( #8172 ), #8540 ) ;
#1031 = ORIENTED_EDGE ( 'NONE', *, *, #7582, .F. ) ;
#1032 = CARTESIAN_POINT ( 'NONE',  ( -1.543149089323647249, -1.010000000000000009, 0.3806763412682989123 ) ) ;
#1033 = VERTEX_POINT ( 'NONE', #592 ) ;
#1034 = CARTESIAN_POINT ( 'NONE',  ( -2.118335738668366997, -1.010000000000000009, 0.2384387124364641675 ) ) ;
#1035 = FILL_AREA_STYLE_COLOUR ( '', #3452 ) ;
#1036 = ADVANCED_FACE ( 'NONE', ( #11767 ), #2174, .F. ) ;
#1037 = VECTOR ( 'NONE', #4268, 1000.000000000000000 ) ;
#1038 = CARTESIAN_POINT ( 'NONE',  ( -1.492774178759433967, -1.010000000000000009, 0.4342041965455999963 ) ) ;
#1039 = LINE ( 'NONE', #9365, #886 ) ;
#1040 = CARTESIAN_POINT ( 'NONE',  ( -1.561248436072007140, -1.000000000000000000, 0.3792322444529834247 ) ) ;
#1041 = FACE_OUTER_BOUND ( 'NONE', #2668, .T. ) ;
#1042 = PRESENTATION_LAYER_ASSIGNMENT (  '', '', ( #10870 ) ) ;
#1043 = PRESENTATION_STYLE_ASSIGNMENT (( #919 ) ) ;
#1044 =( NAMED_UNIT ( * ) PLANE_ANGLE_UNIT ( ) SI_UNIT ( $, .RADIAN. ) );
#1045 = EDGE_CURVE ( 'NONE', #7026, #3066, #9350, .T. ) ;
#1046 = VECTOR ( 'NONE', #1526, 1000.000000000000000 ) ;
#1047 = ORIENTED_EDGE ( 'NONE', *, *, #4625, .T. ) ;
#1048 = AXIS2_PLACEMENT_3D ( 'NONE', #4104, #9530, #2182 ) ;
#1049 = ORIENTED_EDGE ( 'NONE', *, *, #9833, .T. ) ;
#1050 = STYLED_ITEM ( 'NONE', ( #31 ), #1080 ) ;
#1051 = EDGE_CURVE ( 'NONE', #11394, #2530, #2173, .T. ) ;
#1052 = CARTESIAN_POINT ( 'NONE',  ( -1.749317977950537450, -1.000000000000000000, 0.2367961619298920017 ) ) ;
#1053 = DIRECTION ( 'NONE',  ( 0.0000000000000000000, -0.0000000000000000000, 1.000000000000000000 ) ) ;
#1054 = ORIENTED_EDGE ( 'NONE', *, *, #11409, .T. ) ;
#1055 = VECTOR ( 'NONE', #8414, 1000.000000000000000 ) ;
#1056 = FILL_AREA_STYLE_COLOUR ( '', #1415 ) ;
#1057 =( NAMED_UNIT ( * ) SI_UNIT ( $, .STERADIAN. ) SOLID_ANGLE_UNIT ( ) );
#1058 = AXIS2_PLACEMENT_3D ( 'NONE', #7251, #6401, #10988 ) ;
#1059 = CARTESIAN_POINT ( 'NONE',  ( -1.903447685491074237, -1.010000000000000009, 0.3027042912733673985 ) ) ;
#1060 = LINE ( 'NONE', #8202, #11285 ) ;
#1061 = EDGE_CURVE ( 'NONE', #2088, #7302, #6771, .T. ) ;
#1062 = EDGE_CURVE ( 'NONE', #4909, #4703, #3683, .T. ) ;
#1063 = VERTEX_POINT ( 'NONE', #966 ) ;
#1064 = CARTESIAN_POINT ( 'NONE',  ( -1.669290946117363283, -1.000000000000000000, 0.2685181553006110167 ) ) ;
#1065 = ORIENTED_EDGE ( 'NONE', *, *, #2180, .T. ) ;
#1066 = ORIENTED_EDGE ( 'NONE', *, *, #5534, .T. ) ;
#1067 = VECTOR ( 'NONE', #1811, 1000.000000000000000 ) ;
#1068 = DIRECTION ( 'NONE',  ( -0.0000000000000000000, -0.0000000000000000000, 1.000000000000000000 ) ) ;
#1069 = CARTESIAN_POINT ( 'NONE',  ( -1.751195303810192172, -1.000000000000000000, 0.2657743713519612472 ) ) ;
#1070 =( NAMED_UNIT ( * ) SI_UNIT ( $, .STERADIAN. ) SOLID_ANGLE_UNIT ( ) );
#1071 = SURFACE_STYLE_FILL_AREA ( #8378 ) ;
#1072 = CARTESIAN_POINT ( 'NONE',  ( -1.740027621773804656, -1.000000000000000000, 0.2173971280481934165 ) ) ;
#1073 = CARTESIAN_POINT ( 'NONE',  ( -1.485000124238365027, -1.010000000000000009, 0.2926345721118238097 ) ) ;
#1074 = VECTOR ( 'NONE', #11131, 1000.000000000000114 ) ;
#1075 = CARTESIAN_POINT ( 'NONE',  ( -1.775696813105298144, -1.010000000000000009, 0.2200446388759535743 ) ) ;
#1076 = PLANE ( 'NONE',  #2681 ) ;
#1077 = CARTESIAN_POINT ( 'NONE',  ( -1.710375500505164847, -1.010000000000000009, 0.2525849537742598794 ) ) ;
#1078 = EDGE_CURVE ( 'NONE', #2072, #1094, #9225, .T. ) ;
#1079 = CLOSED_SHELL ( 'NONE', ( #6965, #10659, #3389, #7118, #9472, #785, #524, #3999, #9915, #8711, #2515, #4697, #1151, #1255, #10058, #119, #8, #78, #4859, #2352, #8600, #10624, #1964, #6063, #5080, #135, #9355, #2425, #11479, #10200, #1937, #4784, #11579, #8689, #4248, #9655, #5839, #6394, #8411, #10572, #3202, #6700, #11359, #7270, #7714, #11560, #1790, #830, #9159, #7192, #4713, #10280, #10961, #876, #11670, #8102, #8142, #9607, #10393, #4577, #3715, #7757, #5895, #1542, #7411, #277, #7598, #187, #1644, #9686, #1746, #10731, #9959, #5254, #2451, #7941, #1080, #5593, #3793, #10332, #150, #9085, #8286, #7767, #5410, #3983, #1675, #10607, #11498, #4917, #4347, #9074, #9590, #2863, #3080, #4870, #9294, #7753, #11368, #2439, #2503, #8159, #452, #5462, #2543, #10682, #6729, #3058, #8719, #2382, #1862, #4263, #3300, #5987, #8835, #5762, #6209, #10429, #2595, #10557, #1887, #2745, #9825, #11225, #2332, #4593, #2948, #6359, #165, #2991, #4959, #4790, #5105, #3852, #6013, #5683, #6522, #7290, #5649, #9741, #2697, #7615, #11153, #11952, #3093, #7866, #1924, #2030, #3458, #8661, #2730, #4996, #9106, #10130, #8340, #11442, #11901, #9687, #4211, #232, #3650, #1874, #9876, #5019, #9460, #1573, #8135, #9247, #1003, #4093, #8649, #2396, #9016, #907, #8746, #9642, #4437, #4332, #7476, #11220, #656, #4843, #1676, #1026, #3501, #5814, #11651, #7964, #10454, #11948, #8435, #10504, #6351, #4769, #11612, #4068, #1117, #473, #2099, #2249, #4523, #4205, #3779, #9824, #8478, #5563, #10039, #8383, #3418, #3163, #3042, #2955, #10307, #7825, #2827, #798, #3638, #2273, #6675, #4825, #2761, #4650, #3116, #8070, #5144, #1036, #6045, #7995, #11458, #6556, #6901, #5448, #5189, #7057, #6673, #10763, #5549, #2580, #5581, #141, #11340, #11192, #1338, #383, #4053, #8812, #11750, #5705, #1348, #7908 ) ) ;
#1080 = ADVANCED_FACE ( 'NONE', ( #8336 ), #11044, .F. ) ;
#1081 = UNCERTAINTY_MEASURE_WITH_UNIT (LENGTH_MEASURE( 1.000000000000000082E-05 ), #1182, 'distance_accuracy_value', 'NONE');
#1082 = VERTEX_POINT ( 'NONE', #4689 ) ;
#1083 = DIRECTION ( 'NONE',  ( -0.0000000000000000000, 1.000000000000000000, -0.0000000000000000000 ) ) ;
#1084 = DIRECTION ( 'NONE',  ( -0.0000000000000000000, 1.000000000000000000, -0.0000000000000000000 ) ) ;
#1085 = DIRECTION ( 'NONE',  ( -1.000000000000000000, 0.0000000000000000000, 0.0000000000000000000 ) ) ;
#1086 = ORIENTED_EDGE ( 'NONE', *, *, #7781, .T. ) ;
#1087 = CARTESIAN_POINT ( 'NONE',  ( -2.214064683919642729, -1.010000000000000009, 0.2993571379454478820 ) ) ;
#1088 = SURFACE_STYLE_USAGE ( .BOTH. , #4755 ) ;
#1089 = LINE ( 'NONE', #9182, #9702 ) ;
#1090 = FACE_OUTER_BOUND ( 'NONE', #6782, .T. ) ;
#1091 = CARTESIAN_POINT ( 'NONE',  ( -1.710375500505164847, -1.000000000000000000, 0.2696252961921603575 ) ) ;
#1092 = CARTESIAN_POINT ( 'NONE',  ( -1.710375500505164847, -1.000000000000000000, 0.2093101858842237317 ) ) ;
#1093 = EDGE_LOOP ( 'NONE', ( #2205, #11772, #10525, #7626 ) ) ;
#1094 = VERTEX_POINT ( 'NONE', #6348 ) ;
#1095 = CARTESIAN_POINT ( 'NONE',  ( -1.640409009816507391, -1.010000000000000009, 0.1785990602841615038 ) ) ;
#1096 = ORIENTED_EDGE ( 'NONE', *, *, #4809, .T. ) ;
#1097 = FILL_AREA_STYLE_COLOUR ( '', #8909 ) ;
#1098 =( NAMED_UNIT ( * ) PLANE_ANGLE_UNIT ( ) SI_UNIT ( $, .RADIAN. ) );
#1099 = SURFACE_STYLE_FILL_AREA ( #10334 ) ;
#1100 = B_SPLINE_CURVE_WITH_KNOTS ( 'NONE', 3,
 ( #2752, #7350, #3604, #6438 ),
 .UNSPECIFIED., .F., .F.,
 ( 4, 4 ),
 ( 9.000000000000000000, 10.00000000000000000 ),
 .UNSPECIFIED. ) ;
#1101 = CARTESIAN_POINT ( 'NONE',  ( -1.590515464856758321, -1.000000000000000000, 0.2765569609041355070 ) ) ;
#1102 = COLOUR_RGB ( '',0.0000000000000000000, 0.0000000000000000000, 0.0000000000000000000 ) ;
#1103 = SURFACE_STYLE_USAGE ( .BOTH. , #2729 ) ;
#1104 = EDGE_CURVE ( 'NONE', #10685, #7252, #7425, .T. ) ;
#1105 = SURFACE_SIDE_STYLE ('',( #8473 ) ) ;
#1106 = DIRECTION ( 'NONE',  ( -0.0000000000000000000, -0.0000000000000000000, 1.000000000000000000 ) ) ;
#1107 = COLOUR_RGB ( '',0.0000000000000000000, 0.0000000000000000000, 0.0000000000000000000 ) ;
#1108 = ORIENTED_EDGE ( 'NONE', *, *, #7087, .F. ) ;
#1109 = SURFACE_STYLE_FILL_AREA ( #9371 ) ;
#1110 = ORIENTED_EDGE ( 'NONE', *, *, #7090, .F. ) ;
#1111 = VERTEX_POINT ( 'NONE', #5486 ) ;
#1112 = CARTESIAN_POINT ( 'NONE',  ( -1.968382712869549245, -1.000000000000000000, 0.3542506287292847000 ) ) ;
#1113 = VECTOR ( 'NONE', #1251, 1000.000000000000000 ) ;
#1114 = FACE_OUTER_BOUND ( 'NONE', #5196, .T. ) ;
#1115 = ORIENTED_EDGE ( 'NONE', *, *, #4641, .T. ) ;
#1116 = DIRECTION ( 'NONE',  ( -1.000000000000000000, -0.0000000000000000000, -0.0000000000000000000 ) ) ;
#1117 = ADVANCED_FACE ( 'NONE', ( #6461 ), #10139, .F. ) ;
#1118 = STYLED_ITEM ( 'NONE', ( #11523 ), #4593 ) ;
#1119 = CARTESIAN_POINT ( 'NONE',  ( -2.330546074290889447, -1.010000000000000009, 0.3154235071181409888 ) ) ;
#1120 = VECTOR ( 'NONE', #10838, 1000.000000000000000 ) ;
#1121 = CARTESIAN_POINT ( 'NONE',  ( -2.031309420160799739, -1.010000000000000009, 0.4653765432912256861 ) ) ;
#1122 = B_SPLINE_CURVE_WITH_KNOTS ( 'NONE', 3,
 ( #9977, #11840, #6179, #7035 ),
 .UNSPECIFIED., .F., .F.,
 ( 4, 4 ),
 ( 28.00000000000000000, 29.00000000000000000 ),
 .UNSPECIFIED. ) ;
#1123 = LINE ( 'NONE', #5694, #6695 ) ;
#1124 = COLOUR_RGB ( '',0.0000000000000000000, 0.0000000000000000000, 0.0000000000000000000 ) ;
#1125 = CARTESIAN_POINT ( 'NONE',  ( -1.743084293365680049, -1.010000000000000009, 0.2077216793875679424 ) ) ;
#1126 = AXIS2_PLACEMENT_3D ( 'NONE', #6857, #5870, #9443 ) ;
#1127 = EDGE_LOOP ( 'NONE', ( #8508, #9791, #5250, #4418 ) ) ;
#1128 = PRESENTATION_STYLE_ASSIGNMENT (( #11198 ) ) ;
#1129 = LINE ( 'NONE', #195, #2264 ) ;
#1130 =( GEOMETRIC_REPRESENTATION_CONTEXT ( 3 ) GLOBAL_UNCERTAINTY_ASSIGNED_CONTEXT ( ( #3968 ) ) GLOBAL_UNIT_ASSIGNED_CONTEXT ( ( #5363, #1766, #9230 ) ) REPRESENTATION_CONTEXT ( 'NONE', 'WORKASPACE' ) );
#1132 = EDGE_CURVE ( 'NONE', #4315, #2000, #5716, .T. ) ;
#1131 = CARTESIAN_POINT ( 'NONE',  ( -1.683491231465078952, -1.010000000000000009, 0.4528330454595122512 ) ) ;
#1133 = DIRECTION ( 'NONE',  ( -0.2524218971878506856, 0.0000000000000000000, 0.9676172723861878877 ) ) ;
#1134 = FILL_AREA_STYLE_COLOUR ( '', #9352 ) ;
#1135 = MECHANICAL_DESIGN_GEOMETRIC_PRESENTATION_REPRESENTATION (  '', ( #6920 ), #929 ) ;
#1136 =( NAMED_UNIT ( * ) PLANE_ANGLE_UNIT ( ) SI_UNIT ( $, .RADIAN. ) );
#1137 = FACE_OUTER_BOUND ( 'NONE', #1515, .T. ) ;
#1138 = LINE ( 'NONE', #4028, #8982 ) ;
#1139 = PRESENTATION_LAYER_ASSIGNMENT (  '', '', ( #6923 ) ) ;
#1140 =( LENGTH_UNIT ( ) NAMED_UNIT ( * ) SI_UNIT ( .MILLI., .METRE. ) );
#1141 = ORIENTED_EDGE ( 'NONE', *, *, #4743, .T. ) ;
#1142 = CARTESIAN_POINT ( 'NONE',  ( -1.702336694901322334, -1.000000000000000000, 0.3625769945199377453 ) ) ;
#1143 = LINE ( 'NONE', #5650, #188 ) ;
#1144 =( NAMED_UNIT ( * ) PLANE_ANGLE_UNIT ( ) SI_UNIT ( $, .RADIAN. ) );
#1146 = EDGE_CURVE ( 'NONE', #8133, #4550, #5834, .T. ) ;
#1145 = FILL_AREA_STYLE ('',( #10554 ) ) ;
#1147 = SURFACE_STYLE_USAGE ( .BOTH. , #5777 ) ;
#1148 = EDGE_LOOP ( 'NONE', ( #10292, #369, #10229, #8242 ) ) ;
#1149 =( GEOMETRIC_REPRESENTATION_CONTEXT ( 3 ) GLOBAL_UNCERTAINTY_ASSIGNED_CONTEXT ( ( #3489 ) ) GLOBAL_UNIT_ASSIGNED_CONTEXT ( ( #6739, #10418, #2149 ) ) REPRESENTATION_CONTEXT ( 'NONE', 'WORKASPACE' ) );
#1150 = CARTESIAN_POINT ( 'NONE',  ( -1.688377092356157405, -1.000000000000000000, 0.2195151367103995166 ) ) ;
#1151 = ADVANCED_FACE ( 'NONE', ( #8510 ), #11336, .F. ) ;
#1152 = B_SPLINE_CURVE_WITH_KNOTS ( 'NONE', 3,
 ( #60, #10050, #3600, #10169 ),
 .UNSPECIFIED., .F., .F.,
 ( 4, 4 ),
 ( 10.00000000000000000, 11.00000000000000000 ),
 .UNSPECIFIED. ) ;
#1153 = CARTESIAN_POINT ( 'NONE',  ( -1.997168336191654125, -1.000000000000000000, 0.3542506287292847000 ) ) ;
#1154 =( LENGTH_UNIT ( ) NAMED_UNIT ( * ) SI_UNIT ( .MILLI., .METRE. ) );
#1155 =( NAMED_UNIT ( * ) PLANE_ANGLE_UNIT ( ) SI_UNIT ( $, .RADIAN. ) );
#1156 = PRESENTATION_LAYER_ASSIGNMENT (  '', '', ( #6363 ) ) ;
#1157 = ORIENTED_EDGE ( 'NONE', *, *, #9327, .T. ) ;
#1158 = ORIENTED_EDGE ( 'NONE', *, *, #2148, .F. ) ;
#1159 = EDGE_LOOP ( 'NONE', ( #5330, #8874, #7275, #4999 ) ) ;
#1160 = CARTESIAN_POINT ( 'NONE',  ( -1.694394162418690009, -1.010000000000000009, 0.2116688773486635478 ) ) ;
#1161 = VERTEX_POINT ( 'NONE', #4814 ) ;
#1162 = CARTESIAN_POINT ( 'NONE',  ( -1.743084293365680049, -1.000000000000000000, 0.2077216793875679424 ) ) ;
#1163 = CARTESIAN_POINT ( 'NONE',  ( -1.491233808823225981, -1.010000000000000009, 0.4407989053344494867 ) ) ;
#1164 = PLANE ( 'NONE',  #7032 ) ;
#1165 = CARTESIAN_POINT ( 'NONE',  ( -1.635763831728301865, -1.010000000000000009, 0.1776363290739492451 ) ) ;
#1166 = CARTESIAN_POINT ( 'NONE',  ( -1.552607923462264727, -1.010000000000000009, 0.4403656762897907306 ) ) ;
#1167 = ORIENTED_EDGE ( 'NONE', *, *, #3188, .F. ) ;
#1168 = EDGE_LOOP ( 'NONE', ( #1272, #6842, #3911, #5669 ) ) ;
#1169 = EDGE_CURVE ( 'NONE', #825, #3127, #211, .T. ) ;
#1170 = AXIS2_PLACEMENT_3D ( 'NONE', #6444, #10117, #9333 ) ;
#1171 = EDGE_LOOP ( 'NONE', ( #1700, #7807, #3661, #49 ) ) ;
#1172 = FILL_AREA_STYLE_COLOUR ( '', #9097 ) ;
#1173 = ORIENTED_EDGE ( 'NONE', *, *, #6569, .T. ) ;
#1174 = SURFACE_SIDE_STYLE ('',( #4899 ) ) ;
#1175 = FILL_AREA_STYLE_COLOUR ( '', #7785 ) ;
#1176 = CARTESIAN_POINT ( 'NONE',  ( -1.470775770610426525, -1.010000000000000009, 0.2926345721118238652 ) ) ;
#1177 =( GEOMETRIC_REPRESENTATION_CONTEXT ( 3 ) GLOBAL_UNCERTAINTY_ASSIGNED_CONTEXT ( ( #6385 ) ) GLOBAL_UNIT_ASSIGNED_CONTEXT ( ( #438, #11261, #8546 ) ) REPRESENTATION_CONTEXT ( 'NONE', 'WORKASPACE' ) );
#1178 = VECTOR ( 'NONE', #9400, 1000.000000000000000 ) ;
#1179 = EDGE_LOOP ( 'NONE', ( #6638, #9009, #1986, #8725 ) ) ;
#1180 = SURFACE_SIDE_STYLE ('',( #9497 ) ) ;
#1181 = ORIENTED_EDGE ( 'NONE', *, *, #11958, .T. ) ;
#1182 =( LENGTH_UNIT ( ) NAMED_UNIT ( * ) SI_UNIT ( .MILLI., .METRE. ) );
#1183 = EDGE_CURVE ( 'NONE', #8932, #11828, #2169, .T. ) ;
#1184 = VERTEX_POINT ( 'NONE', #3011 ) ;
#1185 = CARTESIAN_POINT ( 'NONE',  ( -1.401844215972966268, -1.010000000000000009, 0.2093101858842237595 ) ) ;
#1186 = DIRECTION ( 'NONE',  ( 0.0000000000000000000, 0.0000000000000000000, 1.000000000000000000 ) ) ;
#1187 = EDGE_CURVE ( 'NONE', #5066, #865, #6760, .T. ) ;
#1188 = CARTESIAN_POINT ( 'NONE',  ( -1.681926793248970320, -1.010000000000000009, 0.2173489914877489715 ) ) ;
#1189 = CARTESIAN_POINT ( 'NONE',  ( -2.450000000000000622, 1.000000000000000000, 0.04999999999999926725 ) ) ;
#1190 = DIRECTION ( 'NONE',  ( 0.0000000000000000000, -1.000000000000000000, 0.0000000000000000000 ) ) ;
#1191 = LINE ( 'NONE', #5823, #9985 ) ;
#1192 = CARTESIAN_POINT ( 'NONE',  ( -2.177245856858871953, -1.010000000000000009, 0.4519878781069318618 ) ) ;
#1193 = FACE_OUTER_BOUND ( 'NONE', #5688, .T. ) ;
#1194 = UNCERTAINTY_MEASURE_WITH_UNIT (LENGTH_MEASURE( 1.000000000000000082E-05 ), #3020, 'distance_accuracy_value', 'NONE');
#1195 = CARTESIAN_POINT ( 'NONE',  ( -1.679592170064752921, -1.000000000000000000, 0.2532107290613451744 ) ) ;
#1196 = VERTEX_POINT ( 'NONE', #8628 ) ;
#1197 = EDGE_CURVE ( 'NONE', #1204, #2077, #332, .T. ) ;
#1198 = STYLED_ITEM ( 'NONE', ( #11347 ), #5814 ) ;
#1199 = DIRECTION ( 'NONE',  ( -0.0000000000000000000, -0.0000000000000000000, 1.000000000000000000 ) ) ;
#1200 = SURFACE_STYLE_USAGE ( .BOTH. , #5589 ) ;
#1201 = DIRECTION ( 'NONE',  ( -0.0000000000000000000, 1.000000000000000000, -0.0000000000000000000 ) ) ;
#1202 = CARTESIAN_POINT ( 'NONE',  ( -1.538407638114548170, -1.000000000000000000, 0.4209185058470065743 ) ) ;
#1203 = LINE ( 'NONE', #9348, #138 ) ;
#1204 = VERTEX_POINT ( 'NONE', #4036 ) ;
#1205 = SURFACE_SIDE_STYLE ('',( #9695 ) ) ;
#1206 = CARTESIAN_POINT ( 'NONE',  ( -1.514941064870001020, -1.010000000000000009, 0.2093101858842237595 ) ) ;
#1207 = STYLED_ITEM ( 'NONE', ( #11273 ), #6063 ) ;
#1208 = FACE_OUTER_BOUND ( 'NONE', #11122, .T. ) ;
#1209 = B_SPLINE_SURFACE_WITH_KNOTS ( 'NONE', 3, 1, ( 
 ( #9220, #11086 ),
 ( #11144, #6389 ),
 ( #3722, #3781 ),
 ( #5641, #5409 ),
 ( #2639, #5467 ),
 ( #6555, #887 ) ),
 .UNSPECIFIED., .F., .F., .F.,
 ( 4, 2, 4 ),
 ( 2, 2 ),
 ( 2.000000000000000000, 3.000000000000000000, 4.000000000000000000 ),
 ( 0.0000000000000000000, 1.000000000000000000 ),
 .UNSPECIFIED. ) ;
#1210 = CARTESIAN_POINT ( 'NONE',  ( -1.675500562422002515, -1.010000000000000009, 0.2780973308403431599 ) ) ;
#1211 = B_SPLINE_CURVE_WITH_KNOTS ( 'NONE', 3,
 ( #735, #7088, #9860, #1667 ),
 .UNSPECIFIED., .F., .F.,
 ( 4, 4 ),
 ( 5.000000000000000000, 6.000000000000000000 ),
 .UNSPECIFIED. ) ;
#1212 = UNCERTAINTY_MEASURE_WITH_UNIT (LENGTH_MEASURE( 1.000000000000000082E-05 ), #1936, 'distance_accuracy_value', 'NONE');
#1213 = EDGE_CURVE ( 'NONE', #1349, #9089, #11387, .T. ) ;
#1214 = VECTOR ( 'NONE', #10527, 1000.000000000000000 ) ;
#1215 = VERTEX_POINT ( 'NONE', #7845 ) ;
#1216 = DIRECTION ( 'NONE',  ( 1.000000000000000000, 0.0000000000000000000, -0.0000000000000000000 ) ) ;
#1217 = PRESENTATION_LAYER_ASSIGNMENT (  '', '', ( #7386 ) ) ;
#1218 = LINE ( 'NONE', #10439, #2351 ) ;
#1219 = CARTESIAN_POINT ( 'NONE',  ( -1.554629659003578190, -1.010000000000000009, 0.4272243952731785699 ) ) ;
#1220 = DIRECTION ( 'NONE',  ( -0.0000000000000000000, -0.0000000000000000000, 1.000000000000000000 ) ) ;
#1221 = CARTESIAN_POINT ( 'NONE',  ( -1.561513187155105120, -1.010000000000000009, 0.4331451922144963773 ) ) ;
#1222 = DIRECTION ( 'NONE',  ( -1.000000000000000000, 0.0000000000000000000, -0.0000000000000000000 ) ) ;
#1223 =( GEOMETRIC_REPRESENTATION_CONTEXT ( 3 ) GLOBAL_UNCERTAINTY_ASSIGNED_CONTEXT ( ( #9045 ) ) GLOBAL_UNIT_ASSIGNED_CONTEXT ( ( #228, #407, #1224 ) ) REPRESENTATION_CONTEXT ( 'NONE', 'WORKASPACE' ) );
#1224 =( NAMED_UNIT ( * ) SI_UNIT ( $, .STERADIAN. ) SOLID_ANGLE_UNIT ( ) );
#1225 =( NAMED_UNIT ( * ) SI_UNIT ( $, .STERADIAN. ) SOLID_ANGLE_UNIT ( ) );
#1226 = SURFACE_STYLE_FILL_AREA ( #3199 ) ;
#1227 =( GEOMETRIC_REPRESENTATION_CONTEXT ( 3 ) GLOBAL_UNCERTAINTY_ASSIGNED_CONTEXT ( ( #4207 ) ) GLOBAL_UNIT_ASSIGNED_CONTEXT ( ( #6844, #5798, #297 ) ) REPRESENTATION_CONTEXT ( 'NONE', 'WORKASPACE' ) );
#1228 = VERTEX_POINT ( 'NONE', #11564 ) ;
#1229 = ORIENTED_EDGE ( 'NONE', *, *, #11739, .F. ) ;
#1230 = ORIENTED_EDGE ( 'NONE', *, *, #9278, .T. ) ;
#1231 = PRESENTATION_STYLE_ASSIGNMENT (( #11185 ) ) ;
#1232 = MECHANICAL_DESIGN_GEOMETRIC_PRESENTATION_REPRESENTATION (  '', ( #2964 ), #7986 ) ;
#1233 = ORIENTED_EDGE ( 'NONE', *, *, #10061, .T. ) ;
#1234 = ORIENTED_EDGE ( 'NONE', *, *, #6379, .T. ) ;
#1235 = COLOUR_RGB ( '',0.7529411764705882248, 0.7529411764705882248, 0.7529411764705882248 ) ;
#1236 = FILL_AREA_STYLE ('',( #10285 ) ) ;
#1237 = PRESENTATION_STYLE_ASSIGNMENT (( #2320 ) ) ;
#1238 =( NAMED_UNIT ( * ) SI_UNIT ( $, .STERADIAN. ) SOLID_ANGLE_UNIT ( ) );
#1239 = CARTESIAN_POINT ( 'NONE',  ( -1.826336474752609851, -1.010000000000000009, 0.2093101858842237595 ) ) ;
#1240 = VECTOR ( 'NONE', #7529, 1000.000000000000000 ) ;
#1241 = CARTESIAN_POINT ( 'NONE',  ( -2.288371761046226194, -1.010000000000000009, 0.3167624042006468299 ) ) ;
#1242 = VECTOR ( 'NONE', #11351, 1000.000000000000000 ) ;
#1243 = ORIENTED_EDGE ( 'NONE', *, *, #1169, .T. ) ;
#1244 = DIRECTION ( 'NONE',  ( -1.000000000000000000, 0.0000000000000000000, 0.0000000000000000000 ) ) ;
#1245 = ORIENTED_EDGE ( 'NONE', *, *, #6107, .F. ) ;
#1246 = ORIENTED_EDGE ( 'NONE', *, *, #2649, .T. ) ;
#1247 = VECTOR ( 'NONE', #7649, 1000.000000000000000 ) ;
#1248 = MECHANICAL_DESIGN_GEOMETRIC_PRESENTATION_REPRESENTATION (  '', ( #8197 ), #3152 ) ;
#1249 = FACE_OUTER_BOUND ( 'NONE', #11512, .T. ) ;
#1250 = CARTESIAN_POINT ( 'NONE',  ( -1.756995759350713726, -1.010000000000000009, 0.3844791295480523563 ) ) ;
#1251 = DIRECTION ( 'NONE',  ( -0.0000000000000000000, -0.0000000000000000000, 1.000000000000000000 ) ) ;
#1252 = VECTOR ( 'NONE', #2215, 1000.000000000000000 ) ;
#1253 = CARTESIAN_POINT ( 'NONE',  ( -1.652202467139338937, -1.000000000000000000, 0.2751128640888174659 ) ) ;
#1254 = CARTESIAN_POINT ( 'NONE',  ( -1.610323659503531069, -1.010000000000000009, 0.2204778679199694558 ) ) ;
#1255 = ADVANCED_FACE ( 'NONE', ( #6205 ), #7064, .F. ) ;
#1256 = CARTESIAN_POINT ( 'NONE',  ( -1.633718027907086645, -1.010000000000000009, 0.1877450067792323374 ) ) ;
#1257 = SURFACE_SIDE_STYLE ('',( #3965 ) ) ;
#1258 = DIRECTION ( 'NONE',  ( 1.000000000000000000, -0.0000000000000000000, -0.0000000000000000000 ) ) ;
#1259 = PRESENTATION_LAYER_ASSIGNMENT (  '', '', ( #4901 ) ) ;
#1260 = ORIENTED_EDGE ( 'NONE', *, *, #2528, .F. ) ;
#1261 = VECTOR ( 'NONE', #1616, 1000.000000000000114 ) ;
#1262 = CARTESIAN_POINT ( 'NONE',  ( -1.722168957827996172, -1.010000000000000009, 0.2093101858842237595 ) ) ;
#1263 = CARTESIAN_POINT ( 'NONE',  ( -1.814181993226108291, -1.010000000000000009, 0.3694123861110195084 ) ) ;
#1264 = CARTESIAN_POINT ( 'NONE',  ( -1.538407638114548170, -1.000000000000000000, 0.4069589033021648317 ) ) ;
#1265 = VECTOR ( 'NONE', #1634, 1000.000000000000000 ) ;
#1266 = CARTESIAN_POINT ( 'NONE',  ( -2.288371761046226194, -1.000000000000000000, 0.3167624042006468299 ) ) ;
#1267 = SURFACE_STYLE_USAGE ( .BOTH. , #1205 ) ;
#1268 = EDGE_CURVE ( 'NONE', #8162, #8331, #1694, .T. ) ;
#1269 = PLANE ( 'NONE',  #4497 ) ;
#1270 =( NAMED_UNIT ( * ) PLANE_ANGLE_UNIT ( ) SI_UNIT ( $, .RADIAN. ) );
#1271 = PRESENTATION_LAYER_ASSIGNMENT (  '', '', ( #10528 ) ) ;
#1272 = ORIENTED_EDGE ( 'NONE', *, *, #5799, .F. ) ;
#1273 = LINE ( 'NONE', #4941, #624 ) ;
#1274 = CARTESIAN_POINT ( 'NONE',  ( -1.425238584376201656, -1.000000000000000000, 0.2826703040878785766 ) ) ;
#1275 = CARTESIAN_POINT ( 'NONE',  ( -1.661083662551957385, -1.010000000000000009, 0.2264468014223747216 ) ) ;
#1276 = SURFACE_STYLE_USAGE ( .BOTH. , #3987 ) ;
#1277 = CARTESIAN_POINT ( 'NONE',  ( -1.551187894927172239, -1.010000000000000009, 0.4183672681407833993 ) ) ;
#1278 = EDGE_CURVE ( 'NONE', #3569, #3309, #10798, .T. ) ;
#1279 = PRESENTATION_STYLE_ASSIGNMENT (( #7621 ) ) ;
#1280 = CARTESIAN_POINT ( 'NONE',  ( -1.420497133166460424, -1.010000000000000009, 0.2715507586119387806 ) ) ;
#1281 =( NAMED_UNIT ( * ) PLANE_ANGLE_UNIT ( ) SI_UNIT ( $, .RADIAN. ) );
#1282 = VERTEX_POINT ( 'NONE', #5350 ) ;
#1283 = ORIENTED_EDGE ( 'NONE', *, *, #8355, .T. ) ;
#1284 = ORIENTED_EDGE ( 'NONE', *, *, #11811, .F. ) ;
#1285 = CARTESIAN_POINT ( 'NONE',  ( -2.222097874890202718, -1.010000000000000009, 0.4238716809816544528 ) ) ;
#1286 = COLOUR_RGB ( '',0.0000000000000000000, 0.0000000000000000000, 0.0000000000000000000 ) ;
#1287 = VERTEX_POINT ( 'NONE', #3305 ) ;
#1288 = FILL_AREA_STYLE_COLOUR ( '', #7944 ) ;
#1289 = COLOUR_RGB ( '',0.0000000000000000000, 0.0000000000000000000, 0.0000000000000000000 ) ;
#1290 = SURFACE_STYLE_FILL_AREA ( #9733 ) ;
#1291 = VERTEX_POINT ( 'NONE', #9055 ) ;
#1292 = CARTESIAN_POINT ( 'NONE',  ( -1.756779144828384265, -1.000000000000000000, 0.4259728446996484674 ) ) ;
#1293 = EDGE_CURVE ( 'NONE', #6723, #9214, #4596, .T. ) ;
#1294 = VECTOR ( 'NONE', #8708, 1000.000000000000000 ) ;
#1295 = DIRECTION ( 'NONE',  ( -1.000000000000000000, -0.0000000000000000000, -0.0000000000000000000 ) ) ;
#1296 = ORIENTED_EDGE ( 'NONE', *, *, #7, .F. ) ;
#1297 = MECHANICAL_DESIGN_GEOMETRIC_PRESENTATION_REPRESENTATION (  '', ( #3421 ), #5913 ) ;
#1298 = DIRECTION ( 'NONE',  ( 1.000000000000000000, 0.0000000000000000000, 0.0000000000000000000 ) ) ;
#1299 = EDGE_LOOP ( 'NONE', ( #1047, #1943, #3518, #10082 ) ) ;
#1300 = FILL_AREA_STYLE_COLOUR ( '', #6126 ) ;
#1301 = EDGE_LOOP ( 'NONE', ( #8429, #3484, #10431, #8191 ) ) ;
#1302 = CARTESIAN_POINT ( 'NONE',  ( -2.005870962935040414, -1.010000000000000009, 0.4432852449793324157 ) ) ;
#1303 = VECTOR ( 'NONE', #1298, 1000.000000000000000 ) ;
#1304 = LINE ( 'NONE', #4976, #5372 ) ;
#1305 = FILL_AREA_STYLE_COLOUR ( '', #4951 ) ;
#1306 = SURFACE_SIDE_STYLE ('',( #157 ) ) ;
#1307 = CARTESIAN_POINT ( 'NONE',  ( -1.657112396310640001, -1.010000000000000009, 0.2771345996301309289 ) ) ;
#1308 = SURFACE_SIDE_STYLE ('',( #6681 ) ) ;
#1309 = SURFACE_SIDE_STYLE ('',( #4741 ) ) ;
#1310 = CARTESIAN_POINT ( 'NONE',  ( -2.271635930563852490, -1.000000000000000000, 0.2658854769807030283 ) ) ;
#1311 = CARTESIAN_POINT ( 'NONE',  ( -2.126368929638927874, -1.000000000000000000, 0.4780957742979444203 ) ) ;
#1312 = COLOUR_RGB ( '',0.0000000000000000000, 0.0000000000000000000, 0.0000000000000000000 ) ;
#1313 = CARTESIAN_POINT ( 'NONE',  ( -1.750184436039535774, -1.010000000000000009, 0.4330007825331573801 ) ) ;
#1314 = UNCERTAINTY_MEASURE_WITH_UNIT (LENGTH_MEASURE( 1.000000000000000082E-05 ), #4554, 'distance_accuracy_value', 'NONE');
#1315 = DIRECTION ( 'NONE',  ( 0.0000000000000000000, 0.0000000000000000000, 1.000000000000000000 ) ) ;
#1316 =( GEOMETRIC_REPRESENTATION_CONTEXT ( 3 ) GLOBAL_UNCERTAINTY_ASSIGNED_CONTEXT ( ( #8556 ) ) GLOBAL_UNIT_ASSIGNED_CONTEXT ( ( #3132, #4828, #8469 ) ) REPRESENTATION_CONTEXT ( 'NONE', 'WORKASPACE' ) );
#1317 = EDGE_CURVE ( 'NONE', #11843, #4099, #4441, .T. ) ;
#1318 = LINE ( 'NONE', #7840, #7563 ) ;
#1319 = UNCERTAINTY_MEASURE_WITH_UNIT (LENGTH_MEASURE( 1.000000000000000082E-05 ), #292, 'distance_accuracy_value', 'NONE');
#1321 = PRESENTATION_STYLE_ASSIGNMENT (( #2226 ) ) ;
#1320 = STYLED_ITEM ( 'NONE', ( #736 ), #1924 ) ;
#1322 = DIRECTION ( 'NONE',  ( 0.0000000000000000000, 1.000000000000000000, 0.0000000000000000000 ) ) ;
#1323 = FILL_AREA_STYLE ('',( #7844 ) ) ;
#1324 = DIRECTION ( 'NONE',  ( 0.0000000000000000000, 0.0000000000000000000, 1.000000000000000000 ) ) ;
#1325 = CARTESIAN_POINT ( 'NONE',  ( -1.814181993226108291, -1.010000000000000009, 0.2926345721118238097 ) ) ;
#1326 = FILL_AREA_STYLE ('',( #3070 ) ) ;
#1327 = FACE_OUTER_BOUND ( 'NONE', #1736, .T. ) ;
#1328 = UNCERTAINTY_MEASURE_WITH_UNIT (LENGTH_MEASURE( 1.000000000000000082E-05 ), #7036, 'distance_accuracy_value', 'NONE');
#1329 =( GEOMETRIC_REPRESENTATION_CONTEXT ( 3 ) GLOBAL_UNCERTAINTY_ASSIGNED_CONTEXT ( ( #6015 ) ) GLOBAL_UNIT_ASSIGNED_CONTEXT ( ( #5310, #3320, #9005 ) ) REPRESENTATION_CONTEXT ( 'NONE', 'WORKASPACE' ) );
#1330 = EDGE_LOOP ( 'NONE', ( #10078, #6921, #5388 ) ) ;
#1331 = ORIENTED_EDGE ( 'NONE', *, *, #5057, .F. ) ;
#1332 = EDGE_CURVE ( 'NONE', #5858, #900, #7499, .T. ) ;
#1333 = FACE_OUTER_BOUND ( 'NONE', #3921, .T. ) ;
#1334 = SURFACE_STYLE_FILL_AREA ( #9591 ) ;
#1335 = CARTESIAN_POINT ( 'NONE',  ( -1.551187894927172239, -1.010000000000000009, 0.4066219473783987404 ) ) ;
#1336 =( LENGTH_UNIT ( ) NAMED_UNIT ( * ) SI_UNIT ( .MILLI., .METRE. ) );
#1337 = SURFACE_STYLE_FILL_AREA ( #8700 ) ;
#1338 = ADVANCED_FACE ( 'NONE', ( #3244 ), #6699, .F. ) ;
#1339 = CARTESIAN_POINT ( 'NONE',  ( -1.553426244990493643, -1.010000000000000009, 0.2625010852377568926 ) ) ;
#1340 = CARTESIAN_POINT ( 'NONE',  ( -1.734852941520047764, -1.010000000000000009, 0.2173971280481934165 ) ) ;
#1341 = SURFACE_STYLE_FILL_AREA ( #408 ) ;
#1342 = VECTOR ( 'NONE', #11849, 1000.000000000000000 ) ;
#1343 = CARTESIAN_POINT ( 'NONE',  ( -2.206700915953803577, -1.010000000000000009, 0.4225328158202146800 ) ) ;
#1344 = EDGE_LOOP ( 'NONE', ( #9441, #2960, #27, #3577, #4835, #9275, #281, #1946, #3956, #4134, #8403, #9291 ) ) ;
#1345 = ORIENTED_EDGE ( 'NONE', *, *, #1804, .T. ) ;
#1346 = VERTEX_POINT ( 'NONE', #10976 ) ;
#1347 = FACE_BOUND ( 'NONE', #6121, .T. ) ;
#1348 = ADVANCED_FACE ( 'NONE', ( #2820 ), #1209, .T. ) ;
#1349 = VERTEX_POINT ( 'NONE', #8258 ) ;
#1350 = DIRECTION ( 'NONE',  ( -1.000000000000000000, 0.0000000000000000000, -0.0000000000000000000 ) ) ;
#1351 = ORIENTED_EDGE ( 'NONE', *, *, #5095, .T. ) ;
#1352 = MECHANICAL_DESIGN_GEOMETRIC_PRESENTATION_REPRESENTATION (  '', ( #5187 ), #10404 ) ;
#1353 =( NAMED_UNIT ( * ) PLANE_ANGLE_UNIT ( ) SI_UNIT ( $, .RADIAN. ) );
#1354 = FILL_AREA_STYLE_COLOUR ( '', #2048 ) ;
#1355 = FILL_AREA_STYLE ('',( #5806 ) ) ;
#1356 = FILL_AREA_STYLE ('',( #10771 ) ) ;
#1357 = MECHANICAL_DESIGN_GEOMETRIC_PRESENTATION_REPRESENTATION (  '', ( #6754 ), #4810 ) ;
#1358 = ORIENTED_EDGE ( 'NONE', *, *, #3617, .F. ) ;
#1359 = CARTESIAN_POINT ( 'NONE',  ( -1.723853737445544265, -1.010000000000000009, 0.2264949379828197773 ) ) ;
#1360 = ORIENTED_EDGE ( 'NONE', *, *, #7255, .T. ) ;
#1361 = SURFACE_SIDE_STYLE ('',( #2027 ) ) ;
#1362 = EDGE_CURVE ( 'NONE', #85, #7566, #7647, .T. ) ;
#1363 = ORIENTED_EDGE ( 'NONE', *, *, #3359, .T. ) ;
#1364 = SURFACE_STYLE_USAGE ( .BOTH. , #7045 ) ;
#1365 = CARTESIAN_POINT ( 'NONE',  ( -2.450000000000000622, 0.9500000000000007327, 0.5999999999999999778 ) ) ;
#1366 = CARTESIAN_POINT ( 'NONE',  ( -1.652924515546996265, -1.010000000000000009, 0.2387216243503121338 ) ) ;
#1367 = FILL_AREA_STYLE_COLOUR ( '', #9020 ) ;
#1368 = SURFACE_STYLE_USAGE ( .BOTH. , #1306 ) ;
#1369 = AXIS2_PLACEMENT_3D ( 'NONE', #197, #7406, #1133 ) ;
#1370 = B_SPLINE_CURVE_WITH_KNOTS ( 'NONE', 3,
 ( #4306, #7501, #3474, #6374 ),
 .UNSPECIFIED., .F., .F.,
 ( 4, 4 ),
 ( 4.000000000000000000, 5.000000000000000000 ),
 .UNSPECIFIED. ) ;
#1371 = FILL_AREA_STYLE ('',( #6250 ) ) ;
#1372 =( GEOMETRIC_REPRESENTATION_CONTEXT ( 3 ) GLOBAL_UNCERTAINTY_ASSIGNED_CONTEXT ( ( #11210 ) ) GLOBAL_UNIT_ASSIGNED_CONTEXT ( ( #2799, #1906, #10162 ) ) REPRESENTATION_CONTEXT ( 'NONE', 'WORKASPACE' ) );
#1373 = SURFACE_STYLE_USAGE ( .BOTH. , #9624 ) ;
#1374 = SURFACE_STYLE_USAGE ( .BOTH. , #323 ) ;
#1375 = VERTEX_POINT ( 'NONE', #816 ) ;
#1376 = LINE ( 'NONE', #573, #10652 ) ;
#1377 = CARTESIAN_POINT ( 'NONE',  ( -2.039342623899785600, -1.000000000000000000, 0.2096530635768659445 ) ) ;
#1378 = CARTESIAN_POINT ( 'NONE',  ( -1.401844215972966268, -1.000000000000000000, 0.2093101858842237595 ) ) ;
#1379 = DIRECTION ( 'NONE',  ( 0.0000000000000000000, -1.000000000000000000, 0.0000000000000000000 ) ) ;
#1380 = CARTESIAN_POINT ( 'NONE',  ( -1.533184821299701905, -1.000000000000000000, 0.3586779331192915810 ) ) ;
#1381 = CARTESIAN_POINT ( 'NONE',  ( -1.944952550194483987, -1.000000000000000000, 0.3020348427321144502 ) ) ;
#1382 = DIRECTION ( 'NONE',  ( -1.000000000000000000, 0.0000000000000000000, -0.0000000000000000000 ) ) ;
#1383 = DIRECTION ( 'NONE',  ( -1.000000000000000000, 0.0000000000000000000, 0.0000000000000000000 ) ) ;
#1384 = EDGE_CURVE ( 'NONE', #1880, #4073, #11801, .T. ) ;
#1385 = PRESENTATION_LAYER_ASSIGNMENT (  '', '', ( #6584 ) ) ;
#1386 = B_SPLINE_CURVE_WITH_KNOTS ( 'NONE', 3,
 ( #5989, #10597, #9813, #8018 ),
 .UNSPECIFIED., .F., .F.,
 ( 4, 4 ),
 ( 2.000000000000000000, 3.000000000000000000 ),
 .UNSPECIFIED. ) ;
#1387 = ORIENTED_EDGE ( 'NONE', *, *, #9968, .F. ) ;
#1388 = ORIENTED_EDGE ( 'NONE', *, *, #1953, .T. ) ;
#1389 = EDGE_LOOP ( 'NONE', ( #5172, #3498, #8362, #8326, #11956, #3327, #3969, #6032, #3747, #1831, #8811, #10305, #8659, #11188 ) ) ;
#1390 = CARTESIAN_POINT ( 'NONE',  ( -2.240172589686975080, -1.010000000000000009, 0.1835451833467068861 ) ) ;
#1391 = LINE ( 'NONE', #5302, #8713 ) ;
#1392 = LINE ( 'NONE', #471, #7880 ) ;
#1393 =( NAMED_UNIT ( * ) PLANE_ANGLE_UNIT ( ) SI_UNIT ( $, .RADIAN. ) );
#1394 = SURFACE_STYLE_USAGE ( .BOTH. , #347 ) ;
#1395 = SURFACE_STYLE_USAGE ( .BOTH. , #5965 ) ;
#1396 = CARTESIAN_POINT ( 'NONE',  ( -1.434697418514818468, -1.010000000000000009, 0.2909979290547222708 ) ) ;
#1397 = EDGE_CURVE ( 'NONE', #5446, #4535, #11028, .T. ) ;
#1398 = CARTESIAN_POINT ( 'NONE',  ( -1.622478141030028631, -1.010000000000000009, 0.1776363290739492451 ) ) ;
#1399 = FILL_AREA_STYLE ('',( #3322 ) ) ;
#1400 = VERTEX_POINT ( 'NONE', #2756 ) ;
#1401 = MECHANICAL_DESIGN_GEOMETRIC_PRESENTATION_REPRESENTATION (  '', ( #5242 ), #1602 ) ;
#1402 = ORIENTED_EDGE ( 'NONE', *, *, #11248, .F. ) ;
#1403 = ORIENTED_EDGE ( 'NONE', *, *, #9572, .T. ) ;
#1404 =( NAMED_UNIT ( * ) PLANE_ANGLE_UNIT ( ) SI_UNIT ( $, .RADIAN. ) );
#1405 = ORIENTED_EDGE ( 'NONE', *, *, #3768, .F. ) ;
#1406 =( NAMED_UNIT ( * ) SI_UNIT ( $, .STERADIAN. ) SOLID_ANGLE_UNIT ( ) );
#1407 = DIRECTION ( 'NONE',  ( -0.3409177962187247557, -0.0000000000000000000, -0.9400931103999049521 ) ) ;
#1408 = MECHANICAL_DESIGN_GEOMETRIC_PRESENTATION_REPRESENTATION (  '', ( #3716 ), #10666 ) ;
#1409 = VERTEX_POINT ( 'NONE', #949 ) ;
#1410 = CARTESIAN_POINT ( 'NONE',  ( -1.814181993226108291, -1.010000000000000009, 0.2926345721118238097 ) ) ;
#1411 = PLANE ( 'NONE',  #3596 ) ;
#1412 = LINE ( 'NONE', #8776, #430 ) ;
#1413 = SURFACE_SIDE_STYLE ('',( #8601 ) ) ;
#1414 = AXIS2_PLACEMENT_3D ( 'NONE', #7509, #2014, #3940 ) ;
#1415 = COLOUR_RGB ( '',0.0000000000000000000, 0.0000000000000000000, 0.0000000000000000000 ) ;
#1416 = CARTESIAN_POINT ( 'NONE',  ( -1.735791604449712811, -1.010000000000000009, 0.2685181553006110167 ) ) ;
#1417 = EDGE_CURVE ( 'NONE', #865, #426, #4617, .T. ) ;
#1418 = CARTESIAN_POINT ( 'NONE',  ( -1.679592170064752921, -1.010000000000000009, 0.2532107290613451744 ) ) ;
#1419 = AXIS2_PLACEMENT_3D ( 'NONE', #10337, #6711, #8584 ) ;
#1420 = EDGE_LOOP ( 'NONE', ( #6813, #681, #10821, #729, #3594, #133, #2678, #7031, #11947, #3398, #4662, #5565 ) ) ;
#1421 = LINE ( 'NONE', #5755, #8077 ) ;
#1422 = ORIENTED_EDGE ( 'NONE', *, *, #8529, .T. ) ;
#1423 = EDGE_LOOP ( 'NONE', ( #5495, #2476, #1656, #10230 ) ) ;
#1424 = COLOUR_RGB ( '',0.0000000000000000000, 0.0000000000000000000, 0.0000000000000000000 ) ;
#1425 = PRESENTATION_STYLE_ASSIGNMENT (( #1200 ) ) ;
#1426 = LINE ( 'NONE', #4305, #6930 ) ;
#1427 = CARTESIAN_POINT ( 'NONE',  ( -1.660626365227073631, -1.000000000000000000, 0.2446424212916273877 ) ) ;
#1428 = AXIS2_PLACEMENT_3D ( 'NONE', #4326, #8037, #6010 ) ;
#1429 = CARTESIAN_POINT ( 'NONE',  ( -1.772832687755529824, -1.000000000000000000, 0.4191374531085665933 ) ) ;
#1430 = EDGE_CURVE ( 'NONE', #1762, #6593, #3553, .T. ) ;
#1431 = CARTESIAN_POINT ( 'NONE',  ( -1.608807357847545916, -1.010000000000000009, 0.1991533716184925029 ) ) ;
#1432 = B_SPLINE_SURFACE_WITH_KNOTS ( 'NONE', 3, 1, ( 
 ( #29, #6937 ),
 ( #2349, #11503 ),
 ( #5893, #5039 ),
 ( #390, #7907 ) ),
 .UNSPECIFIED., .F., .F., .F.,
 ( 4, 4 ),
 ( 2, 2 ),
 ( 2.000000000000000000, 3.000000000000000000 ),
 ( 0.0000000000000000000, 1.000000000000000000 ),
 .UNSPECIFIED. ) ;
#1433 = FILL_AREA_STYLE_COLOUR ( '', #1461 ) ;
#1434 = UNCERTAINTY_MEASURE_WITH_UNIT (LENGTH_MEASURE( 1.000000000000000082E-05 ), #2492, 'distance_accuracy_value', 'NONE');
#1435 = DIRECTION ( 'NONE',  ( -0.0000000000000000000, 1.000000000000000000, -0.0000000000000000000 ) ) ;
#1436 = ORIENTED_EDGE ( 'NONE', *, *, #420, .T. ) ;
#1437 = COLOUR_RGB ( '',0.0000000000000000000, 0.0000000000000000000, 0.0000000000000000000 ) ;
#1438 =( GEOMETRIC_REPRESENTATION_CONTEXT ( 3 ) GLOBAL_UNCERTAINTY_ASSIGNED_CONTEXT ( ( #1456 ) ) GLOBAL_UNIT_ASSIGNED_CONTEXT ( ( #3138, #7805, #5967 ) ) REPRESENTATION_CONTEXT ( 'NONE', 'WORKASPACE' ) );
#1439 = COLOUR_RGB ( '',0.0000000000000000000, 0.0000000000000000000, 0.0000000000000000000 ) ;
#1440 = PRESENTATION_LAYER_ASSIGNMENT (  '', '', ( #10298 ) ) ;
#1441 = DIRECTION ( 'NONE',  ( -0.7071067811865444641, 0.7071067811865505703, 9.185433182841399195E-17 ) ) ;
#1442 = UNCERTAINTY_MEASURE_WITH_UNIT (LENGTH_MEASURE( 1.000000000000000082E-05 ), #5556, 'distance_accuracy_value', 'NONE');
#1443 = CARTESIAN_POINT ( 'NONE',  ( -1.668135668665369442, -1.010000000000000009, 0.2474343418007252937 ) ) ;
#1444 = DIRECTION ( 'NONE',  ( 1.000000000000000000, 0.0000000000000000000, -0.0000000000000000000 ) ) ;
#1445 = DIRECTION ( 'NONE',  ( -1.000000000000000000, 0.0000000000000000000, -0.0000000000000000000 ) ) ;
#1446 = CARTESIAN_POINT ( 'NONE',  ( 2.500000000000000000, 1.000000000000000000, 0.04999999999999926725 ) ) ;
#1447 = PRESENTATION_LAYER_ASSIGNMENT (  '', '', ( #6055 ) ) ;
#1448 = EDGE_CURVE ( 'NONE', #8775, #5618, #703, .T. ) ;
#1449 = LINE ( 'NONE', #5111, #8187 ) ;
#1451 = EDGE_CURVE ( 'NONE', #10344, #6481, #6347, .T. ) ;
#1450 = SURFACE_STYLE_USAGE ( .BOTH. , #11337 ) ;
#1452 =( LENGTH_UNIT ( ) NAMED_UNIT ( * ) SI_UNIT ( .MILLI., .METRE. ) );
#1453 = VECTOR ( 'NONE', #3242, 1000.000000000000000 ) ;
#1454 = SURFACE_STYLE_USAGE ( .BOTH. , #6764 ) ;
#1455 = STYLED_ITEM ( 'NONE', ( #8249 ), #1676 ) ;
#1456 = UNCERTAINTY_MEASURE_WITH_UNIT (LENGTH_MEASURE( 1.000000000000000082E-05 ), #3138, 'distance_accuracy_value', 'NONE');
#1457 = ORIENTED_EDGE ( 'NONE', *, *, #9185, .F. ) ;
#1458 = ORIENTED_EDGE ( 'NONE', *, *, #11632, .T. ) ;
#1459 = VERTEX_POINT ( 'NONE', #9334 ) ;
#1460 = CARTESIAN_POINT ( 'NONE',  ( -1.944283101652912071, -1.010000000000000009, 0.2217028819540920737 ) ) ;
#1461 = COLOUR_RGB ( '',0.7529411764705882248, 0.7529411764705882248, 0.7529411764705882248 ) ;
#1462 = SURFACE_STYLE_USAGE ( .BOTH. , #5053 ) ;
#1463 = LINE ( 'NONE', #1647, #6717 ) ;
#1464 = FILL_AREA_STYLE_COLOUR ( '', #7718 ) ;
#1465 =( NAMED_UNIT ( * ) PLANE_ANGLE_UNIT ( ) SI_UNIT ( $, .RADIAN. ) );
#1466 = FILL_AREA_STYLE ('',( #8817 ) ) ;
#1467 = PRESENTATION_STYLE_ASSIGNMENT (( #9722 ) ) ;
#1468 = PRESENTATION_LAYER_ASSIGNMENT (  '', '', ( #6860 ) ) ;
#1469 = SURFACE_SIDE_STYLE ('',( #9724 ) ) ;
#1470 = MECHANICAL_DESIGN_GEOMETRIC_PRESENTATION_REPRESENTATION (  '', ( #5882 ), #2232 ) ;
#1471 = COLOUR_RGB ( '',0.0000000000000000000, 0.0000000000000000000, 0.0000000000000000000 ) ;
#1472 = PLANE ( 'NONE',  #5130 ) ;
#1473 = ORIENTED_EDGE ( 'NONE', *, *, #95, .F. ) ;
#1474 = ORIENTED_EDGE ( 'NONE', *, *, #1819, .F. ) ;
#1475 = SURFACE_SIDE_STYLE ('',( #3271 ) ) ;
#1476 = FACE_OUTER_BOUND ( 'NONE', #7265, .T. ) ;
#1477 = EDGE_CURVE ( 'NONE', #1287, #1346, #6742, .T. ) ;
#1478 = EDGE_LOOP ( 'NONE', ( #7042, #7125, #4243, #5259, #8062, #4717, #6661, #8359 ) ) ;
#1479 = FACE_OUTER_BOUND ( 'NONE', #4286, .T. ) ;
#1480 = FILL_AREA_STYLE_COLOUR ( '', #9694 ) ;
#1481 = CARTESIAN_POINT ( 'NONE',  ( -1.694321957578019733, -1.000000000000000000, 0.2584094775953279521 ) ) ;
#1482 = CARTESIAN_POINT ( 'NONE',  ( -1.726717862795309255, -1.010000000000000009, 0.2685181553006110167 ) ) ;
#1483 = DIRECTION ( 'NONE',  ( -0.0000000000000000000, 1.000000000000000000, -0.0000000000000000000 ) ) ;
#1484 = ORIENTED_EDGE ( 'NONE', *, *, #1819, .T. ) ;
#1485 = MECHANICAL_DESIGN_GEOMETRIC_PRESENTATION_REPRESENTATION (  '', ( #9963 ), #11490 ) ;
#1486 = CARTESIAN_POINT ( 'NONE',  ( -1.415274316352898021, -1.010000000000000009, 0.2093101858842237595 ) ) ;
#1487 = EDGE_LOOP ( 'NONE', ( #8538, #11961, #9948, #3559 ) ) ;
#1488 =( NAMED_UNIT ( * ) SI_UNIT ( $, .STERADIAN. ) SOLID_ANGLE_UNIT ( ) );
#1489 = ORIENTED_EDGE ( 'NONE', *, *, #10257, .F. ) ;
#1490 =( NAMED_UNIT ( * ) SI_UNIT ( $, .STERADIAN. ) SOLID_ANGLE_UNIT ( ) );
#1491 =( NAMED_UNIT ( * ) SI_UNIT ( $, .STERADIAN. ) SOLID_ANGLE_UNIT ( ) );
#1492 = EDGE_CURVE ( 'NONE', #7610, #11846, #4080, .T. ) ;
#1493 = CARTESIAN_POINT ( 'NONE',  ( -1.470294405005320604, -1.010000000000000009, 0.3034652982244437913 ) ) ;
#1494 =( NAMED_UNIT ( * ) PLANE_ANGLE_UNIT ( ) SI_UNIT ( $, .RADIAN. ) );
#1495 = CARTESIAN_POINT ( 'NONE',  ( -2.027292831059733125, -1.010000000000000009, 0.2504884797393431839 ) ) ;
#1496 = CARTESIAN_POINT ( 'NONE',  ( -1.780510469155388575, -1.000000000000000000, 0.2625010852377568926 ) ) ;
#1497 = VECTOR ( 'NONE', #7076, 1000.000000000000000 ) ;
#1498 =( NAMED_UNIT ( * ) SI_UNIT ( $, .STERADIAN. ) SOLID_ANGLE_UNIT ( ) );
#1499 = FACE_OUTER_BOUND ( 'NONE', #7449, .T. ) ;
#1500 =( NAMED_UNIT ( * ) SI_UNIT ( $, .STERADIAN. ) SOLID_ANGLE_UNIT ( ) );
#1501 = PRESENTATION_LAYER_ASSIGNMENT (  '', '', ( #3421 ) ) ;
#1502 =( LENGTH_UNIT ( ) NAMED_UNIT ( * ) SI_UNIT ( .MILLI., .METRE. ) );
#1503 = SURFACE_SIDE_STYLE ('',( #5947 ) ) ;
#1504 = EDGE_CURVE ( 'NONE', #5743, #1905, #10665, .T. ) ;
#1505 = CARTESIAN_POINT ( 'NONE',  ( -1.722168957827996172, -1.010000000000000009, 0.2197076829521849295 ) ) ;
#1506 = FILL_AREA_STYLE ('',( #3365 ) ) ;
#1507 = CARTESIAN_POINT ( 'NONE',  ( -1.903447685491074237, -1.000000000000000000, 0.2792741285983028621 ) ) ;
#1508 = SURFACE_STYLE_USAGE ( .BOTH. , #8863 ) ;
#1509 = AXIS2_PLACEMENT_3D ( 'NONE', #6207, #9058, #3555 ) ;
#1510 =( NAMED_UNIT ( * ) SI_UNIT ( $, .STERADIAN. ) SOLID_ANGLE_UNIT ( ) );
#1511 = SURFACE_STYLE_FILL_AREA ( #4442 ) ;
#1512 = FILL_AREA_STYLE ('',( #522 ) ) ;
#1513 = CARTESIAN_POINT ( 'NONE',  ( -1.686764517579279365, -1.000000000000000000, 0.2727541726243808973 ) ) ;
#1514 = COLOUR_RGB ( '',0.0000000000000000000, 0.0000000000000000000, 0.0000000000000000000 ) ;
#1515 = EDGE_LOOP ( 'NONE', ( #6958, #2368, #11186, #5114 ) ) ;
#1516 = VERTEX_POINT ( 'NONE', #1189 ) ;
#1517 = STYLED_ITEM ( 'NONE', ( #3480 ), #2730 ) ;
#1518 = ORIENTED_EDGE ( 'NONE', *, *, #2367, .T. ) ;
#1519 = CARTESIAN_POINT ( 'NONE',  ( -2.302429880357397707, -1.010000000000000009, 0.2424553015372124531 ) ) ;
#1520 = EDGE_CURVE ( 'NONE', #4252, #1853, #2867, .T. ) ;
#1521 = EDGE_CURVE ( 'NONE', #2077, #4042, #9389, .T. ) ;
#1522 = CARTESIAN_POINT ( 'NONE',  ( -2.185948496370684779, -1.010000000000000009, 0.2049670003980145483 ) ) ;
#1523 = CARTESIAN_POINT ( 'NONE',  ( -2.288371761046226194, -1.010000000000000009, 0.3167624042006468299 ) ) ;
#1524 = VECTOR ( 'NONE', #4989, 1000.000000000000000 ) ;
#1525 = CARTESIAN_POINT ( 'NONE',  ( -1.616461070967178726, -1.010000000000000009, 0.2094545955655646996 ) ) ;
#1526 = DIRECTION ( 'NONE',  ( 1.000000000000000000, -0.0000000000000000000, -0.0000000000000000000 ) ) ;
#1527 =( NAMED_UNIT ( * ) SI_UNIT ( $, .STERADIAN. ) SOLID_ANGLE_UNIT ( ) );
#1528 = STYLED_ITEM ( 'NONE', ( #7250 ), #10659 ) ;
#1529 = EDGE_LOOP ( 'NONE', ( #846, #8714, #9080, #11889 ) ) ;
#1530 = ORIENTED_EDGE ( 'NONE', *, *, #10099, .T. ) ;
#1531 = CARTESIAN_POINT ( 'NONE',  ( -1.762483327247695852, -1.010000000000000009, 0.2165306699588776529 ) ) ;
#1532 = ORIENTED_EDGE ( 'NONE', *, *, #10547, .T. ) ;
#1533 = CARTESIAN_POINT ( 'NONE',  ( -1.681301017962523403, -1.000000000000000000, 0.2547029624364659517 ) ) ;
#1534 = SURFACE_STYLE_FILL_AREA ( #8233 ) ;
#1535 =( GEOMETRIC_REPRESENTATION_CONTEXT ( 3 ) GLOBAL_UNCERTAINTY_ASSIGNED_CONTEXT ( ( #1575 ) ) GLOBAL_UNIT_ASSIGNED_CONTEXT ( ( #3069, #1270, #5042 ) ) REPRESENTATION_CONTEXT ( 'NONE', 'WORKASPACE' ) );
#1536 = FILL_AREA_STYLE ('',( #9797 ) ) ;
#1537 = SURFACE_SIDE_STYLE ('',( #3212 ) ) ;
#1538 = PRESENTATION_STYLE_ASSIGNMENT (( #6040 ) ) ;
#1539 = SURFACE_SIDE_STYLE ('',( #9799 ) ) ;
#1540 = FILL_AREA_STYLE ('',( #4125 ) ) ;
#1542 = ADVANCED_FACE ( 'NONE', ( #9564 ), #5920, .F. ) ;
#1541 = LINE ( 'NONE', #3338, #7632 ) ;
#1543 = CARTESIAN_POINT ( 'NONE',  ( -1.456358870740061207, -1.010000000000000009, 0.2093101858842237872 ) ) ;
#1544 = VERTEX_POINT ( 'NONE', #1254 ) ;
#1545 = CARTESIAN_POINT ( 'NONE',  ( -1.553426244990493643, -1.010000000000000009, 0.2517184956855826328 ) ) ;
#1546 = ORIENTED_EDGE ( 'NONE', *, *, #8888, .T. ) ;
#1547 = STYLED_ITEM ( 'NONE', ( #4898 ), #11153 ) ;
#1548 = B_SPLINE_CURVE_WITH_KNOTS ( 'NONE', 3,
 ( #6892, #4336, #8044, #1519 ),
 .UNSPECIFIED., .F., .F.,
 ( 4, 4 ),
 ( 7.000000000000000000, 8.000000000000000000 ),
 .UNSPECIFIED. ) ;
#1549 = SURFACE_STYLE_USAGE ( .BOTH. , #6796 ) ;
#1550 = DIRECTION ( 'NONE',  ( -0.8863488427958627902, 0.0000000000000000000, -0.4630180653866921570 ) ) ;
#1551 =( NAMED_UNIT ( * ) SI_UNIT ( $, .STERADIAN. ) SOLID_ANGLE_UNIT ( ) );
#1552 =( LENGTH_UNIT ( ) NAMED_UNIT ( * ) SI_UNIT ( .MILLI., .METRE. ) );
#1553 = CARTESIAN_POINT ( 'NONE',  ( -1.759234109414038238, -1.000000000000000000, 0.4405582225315766709 ) ) ;
#1554 = CARTESIAN_POINT ( 'NONE',  ( -2.028631677068852834, -1.010000000000000009, 0.2089836405724676272 ) ) ;
#1555 = MECHANICAL_DESIGN_GEOMETRIC_PRESENTATION_REPRESENTATION (  '', ( #3854 ), #10602 ) ;
#1556 = B_SPLINE_CURVE_WITH_KNOTS ( 'NONE', 3,
 ( #9683, #6987, #10548, #11617 ),
 .UNSPECIFIED., .F., .F.,
 ( 4, 4 ),
 ( 16.00000000000000000, 17.00000000000000000 ),
 .UNSPECIFIED. ) ;
#1557 = CARTESIAN_POINT ( 'NONE',  ( -1.665728840640163577, -1.010000000000000009, 0.2173489914877489715 ) ) ;
#1558 = EDGE_CURVE ( 'NONE', #9311, #7259, #3167, .T. ) ;
#1559 = UNCERTAINTY_MEASURE_WITH_UNIT (LENGTH_MEASURE( 1.000000000000000082E-05 ), #6542, 'distance_accuracy_value', 'NONE');
#1560 = CARTESIAN_POINT ( 'NONE',  ( -1.742097493875566006, -1.010000000000000009, 0.2492635311002533438 ) ) ;
#1561 = EDGE_CURVE ( 'NONE', #7870, #9527, #11262, .T. ) ;
#1562 = CARTESIAN_POINT ( 'NONE',  ( -1.635884173129417141, -1.010000000000000009, 0.1877450067792323374 ) ) ;
#1563 = CARTESIAN_POINT ( 'NONE',  ( -1.722168957827996172, -1.000000000000000000, 0.2430539147956138624 ) ) ;
#1564 = DIRECTION ( 'NONE',  ( 1.000000000000000000, 0.0000000000000000000, 0.0000000000000000000 ) ) ;
#1565 = UNCERTAINTY_MEASURE_WITH_UNIT (LENGTH_MEASURE( 1.000000000000000082E-05 ), #10405, 'distance_accuracy_value', 'NONE');
#1566 = DIRECTION ( 'NONE',  ( 0.0000000000000000000, 0.0000000000000000000, -1.000000000000000000 ) ) ;
#1567 = SURFACE_SIDE_STYLE ('',( #9829 ) ) ;
#1568 = COLOUR_RGB ( '',0.0000000000000000000, 0.0000000000000000000, 0.0000000000000000000 ) ;
#1569 = SURFACE_STYLE_USAGE ( .BOTH. , #9830 ) ;
#1570 =( LENGTH_UNIT ( ) NAMED_UNIT ( * ) SI_UNIT ( .MILLI., .METRE. ) );
#1571 = CARTESIAN_POINT ( 'NONE',  ( -1.551187894927172239, -1.010000000000000009, 0.4183672681407833993 ) ) ;
#1572 = CARTESIAN_POINT ( 'NONE',  ( -1.517083141812432645, -1.010000000000000009, 0.2926345721118238097 ) ) ;
#1573 = ADVANCED_FACE ( 'NONE', ( #8615 ), #4095, .F. ) ;
#1574 = PRESENTATION_LAYER_ASSIGNMENT (  '', '', ( #572 ) ) ;
#1575 = UNCERTAINTY_MEASURE_WITH_UNIT (LENGTH_MEASURE( 1.000000000000000082E-05 ), #3069, 'distance_accuracy_value', 'NONE');
#1576 = PRESENTATION_LAYER_ASSIGNMENT (  '', '', ( #4837 ) ) ;
#1577 = EDGE_LOOP ( 'NONE', ( #2445, #5048, #2951, #5016 ) ) ;
#1578 = ORIENTED_EDGE ( 'NONE', *, *, #10407, .T. ) ;
#1579 = ORIENTED_EDGE ( 'NONE', *, *, #5706, .F. ) ;
#1580 =( NAMED_UNIT ( * ) SI_UNIT ( $, .STERADIAN. ) SOLID_ANGLE_UNIT ( ) );
#1581 =( LENGTH_UNIT ( ) NAMED_UNIT ( * ) SI_UNIT ( .MILLI., .METRE. ) );
#1582 = B_SPLINE_CURVE_WITH_KNOTS ( 'NONE', 3,
 ( #81, #7359, #8440, #820 ),
 .UNSPECIFIED., .F., .F.,
 ( 4, 4 ),
 ( 2.000000000000000000, 3.000000000000000000 ),
 .UNSPECIFIED. ) ;
#1583 = CARTESIAN_POINT ( 'NONE',  ( -1.944952550194483987, -1.010000000000000009, 0.2745880781872357956 ) ) ;
#1584 = CARTESIAN_POINT ( 'NONE',  ( -2.028631677068852834, -1.000000000000000000, 0.2089836405724676272 ) ) ;
#1585 = SURFACE_STYLE_FILL_AREA ( #9842 ) ;
#1586 = CARTESIAN_POINT ( 'NONE',  ( -1.722168957827996172, -1.000000000000000000, 0.2093101858842237595 ) ) ;
#1587 = CARTESIAN_POINT ( 'NONE',  ( -1.904117108495793298, -1.010000000000000009, 0.3428702588939518958 ) ) ;
#1588 = FILL_AREA_STYLE_COLOUR ( '', #3835 ) ;
#1590 = EDGE_CURVE ( 'NONE', #1670, #3074, #5028, .T. ) ;
#1589 = CARTESIAN_POINT ( 'NONE',  ( -1.374863673811987708, -1.010000000000000009, 0.2848364493105310369 ) ) ;
#1591 = ORIENTED_EDGE ( 'NONE', *, *, #11899, .T. ) ;
#1592 = ORIENTED_EDGE ( 'NONE', *, *, #126, .F. ) ;
#1593 = COLOUR_RGB ( '',0.0000000000000000000, 0.0000000000000000000, 0.0000000000000000000 ) ;
#1594 = VERTEX_POINT ( 'NONE', #9682 ) ;
#1595 = SURFACE_STYLE_USAGE ( .BOTH. , #1475 ) ;
#1596 = LINE ( 'NONE', #7998, #738 ) ;
#1597 = CARTESIAN_POINT ( 'NONE',  ( -1.661083662551957385, -1.000000000000000000, 0.2264468014223747216 ) ) ;
#1598 = PLANE ( 'NONE',  #5116 ) ;
#1599 = FACE_OUTER_BOUND ( 'NONE', #836, .T. ) ;
#1600 = SURFACE_STYLE_USAGE ( .BOTH. , #1729 ) ;
#1601 = SURFACE_STYLE_USAGE ( .BOTH. , #11477 ) ;
#1602 =( GEOMETRIC_REPRESENTATION_CONTEXT ( 3 ) GLOBAL_UNCERTAINTY_ASSIGNED_CONTEXT ( ( #5769 ) ) GLOBAL_UNIT_ASSIGNED_CONTEXT ( ( #1671, #11606, #1488 ) ) REPRESENTATION_CONTEXT ( 'NONE', 'WORKASPACE' ) );
#1603 = FACE_OUTER_BOUND ( 'NONE', #4819, .T. ) ;
#1604 = SURFACE_SIDE_STYLE ('',( #6185 ) ) ;
#1605 = EDGE_LOOP ( 'NONE', ( #1031, #5375, #11012, #10803 ) ) ;
#1606 = SURFACE_SIDE_STYLE ('',( #5143 ) ) ;
#1607 = STYLED_ITEM ( 'NONE', ( #3943 ), #10332 ) ;
#1608 = VERTEX_POINT ( 'NONE', #11491 ) ;
#1609 = CARTESIAN_POINT ( 'NONE',  ( -1.519754720920412305, -1.010000000000000009, 0.2625010852377568926 ) ) ;
#1610 = CARTESIAN_POINT ( 'NONE',  ( -1.652202467139339159, -1.010000000000000009, 0.2751128640888174659 ) ) ;
#1611 = COLOUR_RGB ( '',0.0000000000000000000, 0.0000000000000000000, 0.0000000000000000000 ) ;
#1612 = LINE ( 'NONE', #11424, #9426 ) ;
#1613 = LINE ( 'NONE', #4707, #2660 ) ;
#1614 = LINE ( 'NONE', #2626, #4732 ) ;
#1615 = DIRECTION ( 'NONE',  ( -0.3559357243698734741, -0.0000000000000000000, 0.9345104387417475511 ) ) ;
#1616 = DIRECTION ( 'NONE',  ( -0.3897582650654687342, -0.0000000000000000000, -0.9209172030172722012 ) ) ;
#1617 = AXIS2_PLACEMENT_3D ( 'NONE', #3447, #2484, #9901 ) ;
#1618 = CARTESIAN_POINT ( 'NONE',  ( -1.489476824365007612, -1.010000000000000009, 0.4342041965456001074 ) ) ;
#1619 =( NAMED_UNIT ( * ) SI_UNIT ( $, .STERADIAN. ) SOLID_ANGLE_UNIT ( ) );
#1620 = STYLED_ITEM ( 'NONE', ( #340 ), #5105 ) ;
#1621 = CARTESIAN_POINT ( 'NONE',  ( -2.045367507551225206, -1.010000000000000009, 0.3234567363933391615 ) ) ;
#1622 = ORIENTED_EDGE ( 'NONE', *, *, #9378, .F. ) ;
#1623 = CARTESIAN_POINT ( 'NONE',  ( -1.749317977950537450, -1.010000000000000009, 0.2367961619298920017 ) ) ;
#1624 = STYLED_ITEM ( 'NONE', ( #9888 ), #9085 ) ;
#1625 = DIRECTION ( 'NONE',  ( -0.0000000000000000000, -0.0000000000000000000, 1.000000000000000000 ) ) ;
#1626 = LINE ( 'NONE', #5285, #709 ) ;
#1627 = EDGE_CURVE ( 'NONE', #11239, #10926, #11356, .T. ) ;
#1628 = SURFACE_STYLE_FILL_AREA ( #9885 ) ;
#1629 = COLOUR_RGB ( '',0.0000000000000000000, 0.0000000000000000000, 0.0000000000000000000 ) ;
#1630 = DIRECTION ( 'NONE',  ( -1.000000000000000000, -0.0000000000000000000, -0.0000000000000000000 ) ) ;
#1631 = FILL_AREA_STYLE ('',( #8802 ) ) ;
#1632 =( NAMED_UNIT ( * ) PLANE_ANGLE_UNIT ( ) SI_UNIT ( $, .RADIAN. ) );
#1633 = FILL_AREA_STYLE ('',( #10924 ) ) ;
#1634 = DIRECTION ( 'NONE',  ( 1.000000000000000000, -0.0000000000000000000, -0.0000000000000000000 ) ) ;
#1635 = VECTOR ( 'NONE', #689, 1000.000000000000000 ) ;
#1636 = COLOUR_RGB ( '',0.7529411764705882248, 0.7529411764705882248, 0.7529411764705882248 ) ;
#1637 = ORIENTED_EDGE ( 'NONE', *, *, #6825, .T. ) ;
#1638 = VECTOR ( 'NONE', #8640, 999.9999999999998863 ) ;
#1639 = ORIENTED_EDGE ( 'NONE', *, *, #7668, .F. ) ;
#1640 = ORIENTED_EDGE ( 'NONE', *, *, #10266, .F. ) ;
#1641 = ORIENTED_EDGE ( 'NONE', *, *, #1477, .F. ) ;
#1642 = B_SPLINE_SURFACE_WITH_KNOTS ( 'NONE', 3, 1, ( 
 ( #9437, #5977 ),
 ( #6043, #10463 ),
 ( #2197, #1292 ),
 ( #3094, #7754 ) ),
 .UNSPECIFIED., .F., .F., .F.,
 ( 4, 4 ),
 ( 2, 2 ),
 ( 9.000000000000000000, 10.00000000000000000 ),
 ( 0.0000000000000000000, 1.000000000000000000 ),
 .UNSPECIFIED. ) ;
#1643 = DIRECTION ( 'NONE',  ( -0.0000000000000000000, 1.000000000000000000, -0.0000000000000000000 ) ) ;
#1644 = ADVANCED_FACE ( 'NONE', ( #7159 ), #8082, .F. ) ;
#1645 = STYLED_ITEM ( 'NONE', ( #9536 ), #9607 ) ;
#1646 = DIRECTION ( 'NONE',  ( -0.0000000000000000000, 1.000000000000000000, -0.0000000000000000000 ) ) ;
#1647 = CARTESIAN_POINT ( 'NONE',  ( -1.471497819017762998, -1.000000000000000000, 0.3844309929876059684 ) ) ;
#1648 = CARTESIAN_POINT ( 'NONE',  ( -1.490415487294993957, -1.000000000000000000, 0.4376700289015867384 ) ) ;
#1649 = FILL_AREA_STYLE_COLOUR ( '', #8562 ) ;
#1650 = PRESENTATION_LAYER_ASSIGNMENT (  '', '', ( #3951 ) ) ;
#1651 = CARTESIAN_POINT ( 'NONE',  ( -1.554629659003578190, -1.000000000000000000, 0.4272243952731785699 ) ) ;
#1652 = COLOUR_RGB ( '',0.7529411764705882248, 0.7529411764705882248, 0.7529411764705882248 ) ;
#1653 = CARTESIAN_POINT ( 'NONE',  ( -1.717331233497683352, -1.000000000000000000, 0.3679201527352576329 ) ) ;
#1654 = FILL_AREA_STYLE_COLOUR ( '', #1636 ) ;
#1655 = COLOUR_RGB ( '',0.0000000000000000000, 0.0000000000000000000, 0.0000000000000000000 ) ;
#1656 = ORIENTED_EDGE ( 'NONE', *, *, #5157, .F. ) ;
#1657 = ORIENTED_EDGE ( 'NONE', *, *, #10744, .T. ) ;
#1658 =( GEOMETRIC_REPRESENTATION_CONTEXT ( 3 ) GLOBAL_UNCERTAINTY_ASSIGNED_CONTEXT ( ( #844 ) ) GLOBAL_UNIT_ASSIGNED_CONTEXT ( ( #6433, #1681, #8199 ) ) REPRESENTATION_CONTEXT ( 'NONE', 'WORKASPACE' ) );
#1659 = ORIENTED_EDGE ( 'NONE', *, *, #9378, .T. ) ;
#1660 = CARTESIAN_POINT ( 'NONE',  ( -1.679592170064752921, -1.000000000000000000, 0.2532107290613451744 ) ) ;
#1661 =( NAMED_UNIT ( * ) SI_UNIT ( $, .STERADIAN. ) SOLID_ANGLE_UNIT ( ) );
#1662 = EDGE_CURVE ( 'NONE', #4526, #8385, #10730, .T. ) ;
#1663 = EDGE_LOOP ( 'NONE', ( #9013, #10205, #1622, #9240 ) ) ;
#1664 = SURFACE_SIDE_STYLE ('',( #6177 ) ) ;
#1665 = COLOUR_RGB ( '',0.0000000000000000000, 0.0000000000000000000, 0.0000000000000000000 ) ;
#1666 = MECHANICAL_DESIGN_GEOMETRIC_PRESENTATION_REPRESENTATION (  '', ( #8033 ), #8401 ) ;
#1667 = CARTESIAN_POINT ( 'NONE',  ( -1.552607923462264727, -1.000000000000000000, 0.3718673506963500741 ) ) ;
#1668 = VERTEX_POINT ( 'NONE', #3417 ) ;
#1669 = DIRECTION ( 'NONE',  ( -0.3559357243698756945, 0.0000000000000000000, -0.9345104387417466629 ) ) ;
#1670 = VERTEX_POINT ( 'NONE', #7105 ) ;
#1671 =( LENGTH_UNIT ( ) NAMED_UNIT ( * ) SI_UNIT ( .MILLI., .METRE. ) );
#1672 = VERTEX_POINT ( 'NONE', #3476 ) ;
#1673 = LINE ( 'NONE', #5334, #4064 ) ;
#1674 = DIRECTION ( 'NONE',  ( -0.3409177962187247002, 0.0000000000000000000, -0.9400931103999049521 ) ) ;
#1675 = ADVANCED_FACE ( 'NONE', ( #10840 ), #2569, .T. ) ;
#1676 = ADVANCED_FACE ( 'NONE', ( #803 ), #7454, .F. ) ;
#1677 = CARTESIAN_POINT ( 'NONE',  ( -2.024615113504639297, -1.000000000000000000, 0.2498190567349448388 ) ) ;
#1678 = SURFACE_STYLE_FILL_AREA ( #616 ) ;
#1679 = CARTESIAN_POINT ( 'NONE',  ( -1.726645657954641866, -1.010000000000000009, 0.3679201527352576329 ) ) ;
#1680 = CARTESIAN_POINT ( 'NONE',  ( -2.028631677068852834, -1.010000000000000009, 0.2089836405724676549 ) ) ;
#1681 =( NAMED_UNIT ( * ) PLANE_ANGLE_UNIT ( ) SI_UNIT ( $, .RADIAN. ) );
#1682 = CARTESIAN_POINT ( 'NONE',  ( -1.669290946117363283, -1.000000000000000000, 0.2685181553006110167 ) ) ;
#1683 = B_SPLINE_CURVE_WITH_KNOTS ( 'NONE', 3,
 ( #2933, #11082, #2992, #3959 ),
 .UNSPECIFIED., .F., .F.,
 ( 4, 4 ),
 ( 10.00000000000000000, 11.00000000000000000 ),
 .UNSPECIFIED. ) ;
#1684 = MECHANICAL_DESIGN_GEOMETRIC_PRESENTATION_REPRESENTATION (  '', ( #2819 ), #2056 ) ;
#1685 = UNCERTAINTY_MEASURE_WITH_UNIT (LENGTH_MEASURE( 1.000000000000000082E-05 ), #2821, 'distance_accuracy_value', 'NONE');
#1686 = EDGE_LOOP ( 'NONE', ( #7698, #5418, #4177, #6170 ) ) ;
#1687 =( NAMED_UNIT ( * ) PLANE_ANGLE_UNIT ( ) SI_UNIT ( $, .RADIAN. ) );
#1688 = SURFACE_SIDE_STYLE ('',( #7168 ) ) ;
#1689 = COLOUR_RGB ( '',0.0000000000000000000, 0.0000000000000000000, 0.0000000000000000000 ) ;
#1690 = B_SPLINE_CURVE_WITH_KNOTS ( 'NONE', 3,
 ( #3995, #5854, #9540, #1166 ),
 .UNSPECIFIED., .F., .F.,
 ( 4, 4 ),
 ( 3.000000000000000000, 4.000000000000000000 ),
 .UNSPECIFIED. ) ;
#1691 = UNCERTAINTY_MEASURE_WITH_UNIT (LENGTH_MEASURE( 1.000000000000000082E-05 ), #10057, 'distance_accuracy_value', 'NONE');
#1692 = CARTESIAN_POINT ( 'NONE',  ( 0.0000000000000000000, -1.010000000000000009, 0.0000000000000000000 ) ) ;
#1693 = CARTESIAN_POINT ( 'NONE',  ( -1.752446854383083563, -1.000000000000000000, 0.2319343693196740941 ) ) ;
#1694 = LINE ( 'NONE', #2407, #660 ) ;
#1695 = CARTESIAN_POINT ( 'NONE',  ( -1.728402642412857793, -1.000000000000000000, 0.3570894266226369851 ) ) ;
#1696 = PRESENTATION_STYLE_ASSIGNMENT (( #7065 ) ) ;
#1697 = FACE_OUTER_BOUND ( 'NONE', #7423, .T. ) ;
#1698 = VECTOR ( 'NONE', #3201, 1000.000000000000000 ) ;
#1699 = UNCERTAINTY_MEASURE_WITH_UNIT (LENGTH_MEASURE( 1.000000000000000082E-05 ), #6684, 'distance_accuracy_value', 'NONE');
#1700 = ORIENTED_EDGE ( 'NONE', *, *, #11379, .T. ) ;
#1701 = EDGE_CURVE ( 'NONE', #8932, #10671, #3657, .T. ) ;
#1702 = ORIENTED_EDGE ( 'NONE', *, *, #80, .T. ) ;
#1703 = ORIENTED_EDGE ( 'NONE', *, *, #5397, .F. ) ;
#1704 = ORIENTED_EDGE ( 'NONE', *, *, #5736, .T. ) ;
#1705 = SURFACE_SIDE_STYLE ('',( #7363 ) ) ;
#1706 = CARTESIAN_POINT ( 'NONE',  ( -1.722168957827996172, -1.010000000000000009, 0.2366036156881059782 ) ) ;
#1707 = FILL_AREA_STYLE ('',( #9955 ) ) ;
#1709 =( NAMED_UNIT ( * ) SI_UNIT ( $, .STERADIAN. ) SOLID_ANGLE_UNIT ( ) );
#1708 = COLOUR_RGB ( '',0.0000000000000000000, 0.0000000000000000000, 0.0000000000000000000 ) ;
#1710 = CARTESIAN_POINT ( 'NONE',  ( -1.764408789667795130, -1.000000000000000000, 0.2273132595116904575 ) ) ;
#1711 = ORIENTED_EDGE ( 'NONE', *, *, #11933, .T. ) ;
#1712 = CARTESIAN_POINT ( 'NONE',  ( -1.489934121689891589, -1.010000000000000009, 0.4355038836789342227 ) ) ;
#1713 = FILL_AREA_STYLE_COLOUR ( '', #1289 ) ;
#1714 = CARTESIAN_POINT ( 'NONE',  ( -1.444156252652793793, -1.000000000000000000, 0.2136906128893352463 ) ) ;
#1715 = CARTESIAN_POINT ( 'NONE',  ( -1.638315069434844506, -1.010000000000000009, 0.1779732849977178899 ) ) ;
#1716 = VECTOR ( 'NONE', #8543, 1000.000000000000000 ) ;
#1717 =( NAMED_UNIT ( * ) PLANE_ANGLE_UNIT ( ) SI_UNIT ( $, .RADIAN. ) );
#1718 = EDGE_CURVE ( 'NONE', #4720, #2602, #1152, .T. ) ;
#1719 = VECTOR ( 'NONE', #610, 1000.000000000000000 ) ;
#1720 = VERTEX_POINT ( 'NONE', #5512 ) ;
#1721 = ORIENTED_EDGE ( 'NONE', *, *, #3606, .F. ) ;
#1722 = SURFACE_STYLE_FILL_AREA ( #8344 ) ;
#1723 = CARTESIAN_POINT ( 'NONE',  ( -1.726645657954641866, -1.010000000000000009, 0.3679201527352576329 ) ) ;
#1724 = PRESENTATION_LAYER_ASSIGNMENT (  '', '', ( #3824 ) ) ;
#1725 = PRESENTATION_STYLE_ASSIGNMENT (( #11718 ) ) ;
#1726 = EDGE_CURVE ( 'NONE', #9923, #6808, #9991, .T. ) ;
#1727 = ORIENTED_EDGE ( 'NONE', *, *, #1448, .F. ) ;
#1728 =( LENGTH_UNIT ( ) NAMED_UNIT ( * ) SI_UNIT ( .MILLI., .METRE. ) );
#1729 = SURFACE_SIDE_STYLE ('',( #2440 ) ) ;
#1730 = CARTESIAN_POINT ( 'NONE',  ( -2.330546074290889447, -1.000000000000000000, 0.3154235071181409888 ) ) ;
#1731 = AXIS2_PLACEMENT_3D ( 'NONE', #6708, #10510, #7675 ) ;
#1732 = CARTESIAN_POINT ( 'NONE',  ( -1.392794542598787988, -1.010000000000000009, 0.2350632457518952168 ) ) ;
#1733 = EDGE_CURVE ( 'NONE', #5493, #4253, #11208, .T. ) ;
#1734 = ORIENTED_EDGE ( 'NONE', *, *, #3900, .T. ) ;
#1735 = MECHANICAL_DESIGN_GEOMETRIC_PRESENTATION_REPRESENTATION (  '', ( #10188 ), #3641 ) ;
#1736 = EDGE_LOOP ( 'NONE', ( #7947, #1405, #6671, #2740 ) ) ;
#1737 =( LENGTH_UNIT ( ) NAMED_UNIT ( * ) SI_UNIT ( .MILLI., .METRE. ) );
#1738 = SURFACE_STYLE_USAGE ( .BOTH. , #4481 ) ;
#1739 = STYLED_ITEM ( 'NONE', ( #7478 ), #10763 ) ;
#1740 = LINE ( 'NONE', #2565, #3463 ) ;
#1741 = CARTESIAN_POINT ( 'NONE',  ( -2.185948483602257575, -1.000000000000000000, 0.3736642278398156769 ) ) ;
#1742 = PRESENTATION_STYLE_ASSIGNMENT (( #5270 ) ) ;
#1743 = FACE_OUTER_BOUND ( 'NONE', #2921, .T. ) ;
#1744 = PRODUCT ( 'PAD-SMD_L5.0-W2.0_STHW4-DU-HN050206', 'PAD-SMD_L5.0-W2.0_STHW4-DU-HN050206', '', ( #257 ) ) ;
#1745 = SURFACE_SIDE_STYLE ('',( #11619 ) ) ;
#1746 = ADVANCED_FACE ( 'NONE', ( #10911 ), #10966, .T. ) ;
#1747 = PRESENTATION_LAYER_ASSIGNMENT (  '', '', ( #5187 ) ) ;
#1748 = EDGE_CURVE ( 'NONE', #11636, #786, #9493, .T. ) ;
#1749 = SURFACE_SIDE_STYLE ('',( #9937 ) ) ;
#1750 = ORIENTED_EDGE ( 'NONE', *, *, #4740, .T. ) ;
#1751 = DIRECTION ( 'NONE',  ( -0.0000000000000000000, 1.000000000000000000, -0.0000000000000000000 ) ) ;
#1752 = LINE ( 'NONE', #11864, #9507 ) ;
#1753 = PRESENTATION_LAYER_ASSIGNMENT (  '', '', ( #5389 ) ) ;
#1754 = CARTESIAN_POINT ( 'NONE',  ( -2.048045250642851034, -1.000000000000000000, 0.2411164044547066398 ) ) ;
#1755 = CARTESIAN_POINT ( 'NONE',  ( -1.694321957578019733, -1.010000000000000009, 0.2584094775953279521 ) ) ;
#1756 = FILL_AREA_STYLE_COLOUR ( '', #8448 ) ;
#1757 = DIRECTION ( 'NONE',  ( -0.0000000000000000000, 1.000000000000000000, -0.0000000000000000000 ) ) ;
#1758 = CARTESIAN_POINT ( 'NONE',  ( -1.690976466623149266, -1.000000000000000000, 0.2477712977244908299 ) ) ;
#1759 = EDGE_CURVE ( 'NONE', #10774, #9612, #391, .T. ) ;
#1760 = ORIENTED_EDGE ( 'NONE', *, *, #2262, .F. ) ;
#1761 = COLOUR_RGB ( '',0.0000000000000000000, 0.0000000000000000000, 0.0000000000000000000 ) ;
#1762 = VERTEX_POINT ( 'NONE', #1239 ) ;
#1763 = VERTEX_POINT ( 'NONE', #8534 ) ;
#1764 = CARTESIAN_POINT ( 'NONE',  ( -1.651504487012225297, -1.010000000000000009, 0.2165788065199644452 ) ) ;
#1765 = DIRECTION ( 'NONE',  ( 0.3658589216693585167, 0.0000000000000000000, -0.9306703226357517789 ) ) ;
#1766 =( NAMED_UNIT ( * ) PLANE_ANGLE_UNIT ( ) SI_UNIT ( $, .RADIAN. ) );
#1767 = ORIENTED_EDGE ( 'NONE', *, *, #9495, .T. ) ;
#1768 = CARTESIAN_POINT ( 'NONE',  ( -2.269627648781906260, -1.010000000000000009, 0.2156779727657986145 ) ) ;
#1769 = CARTESIAN_POINT ( 'NONE',  ( -1.655572026374432237, -1.010000000000000009, 0.2417060911011922608 ) ) ;
#1770 = EDGE_CURVE ( 'NONE', #5115, #9201, #9778, .T. ) ;
#1771 = CARTESIAN_POINT ( 'NONE',  ( -1.928216719712432914, -1.000000000000000000, 0.2391081354408662596 ) ) ;
#1772 = FILL_AREA_STYLE ('',( #7020 ) ) ;
#1773 = MECHANICAL_DESIGN_GEOMETRIC_PRESENTATION_REPRESENTATION (  '', ( #2341 ), #3090 ) ;
#1774 = VERTEX_POINT ( 'NONE', #4067 ) ;
#1775 = ORIENTED_EDGE ( 'NONE', *, *, #10946, .F. ) ;
#1776 = SURFACE_SIDE_STYLE ('',( #8232 ) ) ;
#1777 = CARTESIAN_POINT ( 'NONE',  ( -2.159840603372099821, -1.010000000000000009, 0.2458024420967059032 ) ) ;
#1778 = DIRECTION ( 'NONE',  ( 1.000000000000000000, 0.0000000000000000000, -0.0000000000000000000 ) ) ;
#1779 = SURFACE_SIDE_STYLE ('',( #11112 ) ) ;
#1780 = PRESENTATION_LAYER_ASSIGNMENT (  '', '', ( #7546 ) ) ;
#1781 = SURFACE_STYLE_USAGE ( .BOTH. , #10036 ) ;
#1782 = EDGE_CURVE ( 'NONE', #7259, #164, #3039, .T. ) ;
#1783 = B_SPLINE_CURVE_WITH_KNOTS ( 'NONE', 3,
 ( #303, #2981, #3036, #7752 ),
 .UNSPECIFIED., .F., .F.,
 ( 4, 4 ),
 ( 5.000000000000000000, 6.000000000000000000 ),
 .UNSPECIFIED. ) ;
#1784 = FILL_AREA_STYLE_COLOUR ( '', #5899 ) ;
#1785 = VERTEX_POINT ( 'NONE', #8603 ) ;
#1786 = ORIENTED_EDGE ( 'NONE', *, *, #1197, .T. ) ;
#1787 = CARTESIAN_POINT ( 'NONE',  ( -1.538407638114548170, -1.010000000000000009, 0.4069589033021648317 ) ) ;
#1788 = DIRECTION ( 'NONE',  ( -0.0000000000000000000, 1.000000000000000000, -0.0000000000000000000 ) ) ;
#1789 = FILL_AREA_STYLE_COLOUR ( '', #10955 ) ;
#1790 = ADVANCED_FACE ( 'NONE', ( #5807 ), #2272, .F. ) ;
#1791 = VECTOR ( 'NONE', #1625, 1000.000000000000000 ) ;
#1792 = CARTESIAN_POINT ( 'NONE',  ( -1.749317977950537450, -1.000000000000000000, 0.2367961619298920017 ) ) ;
#1793 = EDGE_CURVE ( 'NONE', #1409, #10874, #3833, .T. ) ;
#1794 = CARTESIAN_POINT ( 'NONE',  ( -1.664116265863606836, -1.000000000000000000, 0.2328489639687963964 ) ) ;
#1795 = AXIS2_PLACEMENT_3D ( 'NONE', #8123, #1778, #10945 ) ;
#1796 = CARTESIAN_POINT ( 'NONE',  ( -1.652202467139339159, -1.000000000000000000, 0.2636563626897552304 ) ) ;
#1797 = ORIENTED_EDGE ( 'NONE', *, *, #4303, .T. ) ;
#1798 = MECHANICAL_DESIGN_GEOMETRIC_PRESENTATION_REPRESENTATION (  '', ( #809 ), #1227 ) ;
#1799 =( LENGTH_UNIT ( ) NAMED_UNIT ( * ) SI_UNIT ( .MILLI., .METRE. ) );
#1800 = B_SPLINE_CURVE_WITH_KNOTS ( 'NONE', 3,
 ( #2359, #10811, #590, #6218 ),
 .UNSPECIFIED., .F., .F.,
 ( 4, 4 ),
 ( 22.00000000000000000, 23.00000000000000000 ),
 .UNSPECIFIED. ) ;
#1801 = CARTESIAN_POINT ( 'NONE',  ( -1.443337931124564877, -1.000000000000000000, 0.2298644972179162416 ) ) ;
#1802 =( LENGTH_UNIT ( ) NAMED_UNIT ( * ) SI_UNIT ( .MILLI., .METRE. ) );
#1803 = PRODUCT_DEFINITION_CONTEXT ( 'detailed design', #10195, 'design' ) ;
#1804 = EDGE_CURVE ( 'NONE', #11713, #2779, #10351, .T. ) ;
#1805 = AXIS2_PLACEMENT_3D ( 'NONE', #10582, #488, #9661 ) ;
#1806 = SURFACE_STYLE_USAGE ( .BOTH. , #7355 ) ;
#1807 = FILL_AREA_STYLE ('',( #1869 ) ) ;
#1808 = PRESENTATION_LAYER_ASSIGNMENT (  '', '', ( #4293 ) ) ;
#1809 = SURFACE_SIDE_STYLE ('',( #8439 ) ) ;
#1810 = PRESENTATION_LAYER_ASSIGNMENT (  '', '', ( #819 ) ) ;
#1811 = DIRECTION ( 'NONE',  ( -0.0000000000000000000, 1.000000000000000000, -0.0000000000000000000 ) ) ;
#1812 = UNCERTAINTY_MEASURE_WITH_UNIT (LENGTH_MEASURE( 1.000000000000000082E-05 ), #8619, 'distance_accuracy_value', 'NONE');
#1813 =( NAMED_UNIT ( * ) PLANE_ANGLE_UNIT ( ) SI_UNIT ( $, .RADIAN. ) );
#1814 = ORIENTED_EDGE ( 'NONE', *, *, #894, .T. ) ;
#1815 = DIRECTION ( 'NONE',  ( 6.249628730746562953E-15, -0.7071067811865474617, 0.7071067811865474617 ) ) ;
#1816 = VECTOR ( 'NONE', #8080, 1000.000000000000227 ) ;
#1817 = PRESENTATION_STYLE_ASSIGNMENT (( #11935 ) ) ;
#1819 = EDGE_CURVE ( 'NONE', #9207, #6918, #2146, .T. ) ;
#1818 = CARTESIAN_POINT ( 'NONE',  ( -1.760076499222489987, -1.000000000000000000, 0.4046964849586197066 ) ) ;
#1820 = FACE_OUTER_BOUND ( 'NONE', #8487, .T. ) ;
#1821 = VERTEX_POINT ( 'NONE', #9861 ) ;
#1822 = CARTESIAN_POINT ( 'NONE',  ( -1.772832687755529824, -1.010000000000000009, 0.4039744365506410806 ) ) ;
#1823 = EDGE_CURVE ( 'NONE', #4042, #6186, #3280, .T. ) ;
#1824 = CARTESIAN_POINT ( 'NONE',  ( -1.608879562688215970, -1.000000000000000000, 0.2259172992568243832 ) ) ;
#1825 = DIRECTION ( 'NONE',  ( 0.0000000000000000000, -0.0000000000000000000, 1.000000000000000000 ) ) ;
#1826 = PRESENTATION_LAYER_ASSIGNMENT (  '', '', ( #437 ) ) ;
#1827 = CARTESIAN_POINT ( 'NONE',  ( -2.147121349222366860, -1.010000000000000009, 0.2906545112020617050 ) ) ;
#1828 = CARTESIAN_POINT ( 'NONE',  ( -1.757838149159489438, -1.000000000000000000, 0.2603830765755508203 ) ) ;
#1829 =( NAMED_UNIT ( * ) PLANE_ANGLE_UNIT ( ) SI_UNIT ( $, .RADIAN. ) );
#1830 = COLOUR_RGB ( '',0.0000000000000000000, 0.0000000000000000000, 0.0000000000000000000 ) ;
#1831 = ORIENTED_EDGE ( 'NONE', *, *, #1332, .T. ) ;
#1832 = ORIENTED_EDGE ( 'NONE', *, *, #11003, .F. ) ;
#1833 = ORIENTED_EDGE ( 'NONE', *, *, #10779, .T. ) ;
#1834 = DIRECTION ( 'NONE',  ( -1.000000000000000000, -0.0000000000000000000, -0.0000000000000000000 ) ) ;
#1835 = PRESENTATION_LAYER_ASSIGNMENT (  '', '', ( #6830 ) ) ;
#1836 = CARTESIAN_POINT ( 'NONE',  ( -1.366415707443385363, -1.010000000000000009, 0.3034652982244437913 ) ) ;
#1837 = DIRECTION ( 'NONE',  ( 1.000000000000000000, 0.0000000000000000000, 0.0000000000000000000 ) ) ;
#1838 = MECHANICAL_DESIGN_GEOMETRIC_PRESENTATION_REPRESENTATION (  '', ( #8376 ), #4893 ) ;
#1839 = MECHANICAL_DESIGN_GEOMETRIC_PRESENTATION_REPRESENTATION (  '', ( #6049 ), #2975 ) ;
#1840 = FILL_AREA_STYLE_COLOUR ( '', #11545 ) ;
#1841 = CARTESIAN_POINT ( 'NONE',  ( -1.754781477567618264, -1.000000000000000000, 0.2095027321260091724 ) ) ;
#1842 = B_SPLINE_SURFACE_WITH_KNOTS ( 'NONE', 3, 1, ( 
 ( #4671, #1253 ),
 ( #1307, #316 ),
 ( #11427, #8669 ),
 ( #6927, #3166 ) ),
 .UNSPECIFIED., .F., .F., .F.,
 ( 4, 4 ),
 ( 2, 2 ),
 ( 8.000000000000000000, 9.000000000000000000 ),
 ( 0.0000000000000000000, 1.000000000000000000 ),
 .UNSPECIFIED. ) ;
#1843 = DIRECTION ( 'NONE',  ( -1.000000000000000000, -0.0000000000000000000, -0.0000000000000000000 ) ) ;
#1844 = AXIS2_PLACEMENT_3D ( 'NONE', #7989, #8821, #663 ) ;
#1845 = STYLED_ITEM ( 'NONE', ( #1321 ), #383 ) ;
#1846 = CARTESIAN_POINT ( 'NONE',  ( 2.450000000000001066, 1.000000000000000000, 0.5999999999999999778 ) ) ;
#1847 = ORIENTED_EDGE ( 'NONE', *, *, #2800, .F. ) ;
#1848 = SURFACE_SIDE_STYLE ('',( #4600 ) ) ;
#1849 = EDGE_CURVE ( 'NONE', #985, #10043, #6044, .T. ) ;
#1850 = ORIENTED_EDGE ( 'NONE', *, *, #5780, .F. ) ;
#1851 = FILL_AREA_STYLE_COLOUR ( '', #8134 ) ;
#1852 = SURFACE_STYLE_FILL_AREA ( #3535 ) ;
#1853 = VERTEX_POINT ( 'NONE', #6113 ) ;
#1854 = SURFACE_STYLE_USAGE ( .BOTH. , #10101 ) ;
#1855 = CARTESIAN_POINT ( 'NONE',  ( -1.573932419764380253, -1.010000000000000009, 0.4528330454595122512 ) ) ;
#1856 = CARTESIAN_POINT ( 'NONE',  ( -1.610323659503530846, -1.010000000000000009, 0.2204778679199694558 ) ) ;
#1857 = SURFACE_STYLE_USAGE ( .BOTH. , #5454 ) ;
#1858 = CARTESIAN_POINT ( 'NONE',  ( -1.666138001404599223, -1.010000000000000009, 0.2345337435863443509 ) ) ;
#1859 =( GEOMETRIC_REPRESENTATION_CONTEXT ( 3 ) GLOBAL_UNCERTAINTY_ASSIGNED_CONTEXT ( ( #3234 ) ) GLOBAL_UNIT_ASSIGNED_CONTEXT ( ( #5749, #9551, #3149 ) ) REPRESENTATION_CONTEXT ( 'NONE', 'WORKASPACE' ) );
#1860 = B_SPLINE_CURVE_WITH_KNOTS ( 'NONE', 3,
 ( #6617, #11927, #10241, #8382 ),
 .UNSPECIFIED., .F., .F.,
 ( 4, 4 ),
 ( 19.00000000000000000, 20.00000000000000000 ),
 .UNSPECIFIED. ) ;
#1861 = ORIENTED_EDGE ( 'NONE', *, *, #2879, .T. ) ;
#1862 = ADVANCED_FACE ( 'NONE', ( #554 ), #11319, .F. ) ;
#1863 = PLANE ( 'NONE',  #3033 ) ;
#1864 = CARTESIAN_POINT ( 'NONE',  ( -1.814181993226108291, -1.010000000000000009, 0.2200446388759535743 ) ) ;
#1865 = SURFACE_STYLE_USAGE ( .BOTH. , #9267 ) ;
#1866 =( GEOMETRIC_REPRESENTATION_CONTEXT ( 3 ) GLOBAL_UNCERTAINTY_ASSIGNED_CONTEXT ( ( #2414 ) ) GLOBAL_UNIT_ASSIGNED_CONTEXT ( ( #8130, #6115, #8899 ) ) REPRESENTATION_CONTEXT ( 'NONE', 'WORKASPACE' ) );
#1867 = FILL_AREA_STYLE_COLOUR ( '', #5783 ) ;
#1868 = CARTESIAN_POINT ( 'NONE',  ( -1.752446854383083563, -1.010000000000000009, 0.2250508411681471921 ) ) ;
#1869 = FILL_AREA_STYLE_COLOUR ( '', #446 ) ;
#1870 = PRESENTATION_STYLE_ASSIGNMENT (( #3847 ) ) ;
#1871 = CARTESIAN_POINT ( 'NONE',  ( -1.425238584376201656, -1.000000000000000000, 0.2313085940332311463 ) ) ;
#1872 = CARTESIAN_POINT ( 'NONE',  ( -1.702336694901322556, -1.010000000000000009, 0.4378625751440138325 ) ) ;
#1873 = ORIENTED_EDGE ( 'NONE', *, *, #4625, .F. ) ;
#1874 = ADVANCED_FACE ( 'NONE', ( #5139 ), #11120, .F. ) ;
#1875 =( GEOMETRIC_REPRESENTATION_CONTEXT ( 3 ) GLOBAL_UNCERTAINTY_ASSIGNED_CONTEXT ( ( #807 ) ) GLOBAL_UNIT_ASSIGNED_CONTEXT ( ( #965, #5597, #838 ) ) REPRESENTATION_CONTEXT ( 'NONE', 'WORKASPACE' ) );
#1876 = LINE ( 'NONE', #3500, #5793 ) ;
#1877 = FACE_OUTER_BOUND ( 'NONE', #11064, .T. ) ;
#1878 = SURFACE_STYLE_FILL_AREA ( #960 ) ;
#1879 = CARTESIAN_POINT ( 'NONE',  ( -2.048045250642851034, -1.010000000000000009, 0.4379297811405066243 ) ) ;
#1880 = VERTEX_POINT ( 'NONE', #3803 ) ;
#1881 = CARTESIAN_POINT ( 'NONE',  ( -2.287702350810252749, -1.010000000000000009, 0.2263888940592386489 ) ) ;
#1882 = CARTESIAN_POINT ( 'NONE',  ( -2.148460233536766850, -1.010000000000000009, 0.1648010583142833774 ) ) ;
#1883 = PRESENTATION_LAYER_ASSIGNMENT (  '', '', ( #9961 ) ) ;
#1884 =( LENGTH_UNIT ( ) NAMED_UNIT ( * ) SI_UNIT ( .MILLI., .METRE. ) );
#1885 = CARTESIAN_POINT ( 'NONE',  ( -2.045367507551225206, -1.010000000000000009, 0.3234567363933391615 ) ) ;
#1886 =( NAMED_UNIT ( * ) PLANE_ANGLE_UNIT ( ) SI_UNIT ( $, .RADIAN. ) );
#1887 = ADVANCED_FACE ( 'NONE', ( #3862 ), #9288, .F. ) ;
#1888 = ORIENTED_EDGE ( 'NONE', *, *, #8853, .F. ) ;
#1889 = EDGE_CURVE ( 'NONE', #4190, #3691, #3589, .T. ) ;
#1890 = ORIENTED_EDGE ( 'NONE', *, *, #10148, .F. ) ;
#1891 = ORIENTED_EDGE ( 'NONE', *, *, #11300, .F. ) ;
#1892 = SURFACE_STYLE_USAGE ( .BOTH. , #1776 ) ;
#1893 = CARTESIAN_POINT ( 'NONE',  ( -2.159840603372099821, -1.000000000000000000, 0.2170168187745983301 ) ) ;
#1894 = PLANE ( 'NONE',  #3665 ) ;
#1895 = VECTOR ( 'NONE', #6549, 1000.000000000000000 ) ;
#1896 = CARTESIAN_POINT ( 'NONE',  ( -1.676150405988668268, -1.000000000000000000, 0.2077216793875679424 ) ) ;
#1897 = STYLED_ITEM ( 'NONE', ( #11448 ), #2451 ) ;
#1898 =( LENGTH_UNIT ( ) NAMED_UNIT ( * ) SI_UNIT ( .MILLI., .METRE. ) );
#1899 = FILL_AREA_STYLE_COLOUR ( '', #4354 ) ;
#1900 = ORIENTED_EDGE ( 'NONE', *, *, #8973, .F. ) ;
#1901 = VECTOR ( 'NONE', #5119, 1000.000000000000000 ) ;
#1902 = B_SPLINE_CURVE_WITH_KNOTS ( 'NONE', 3,
 ( #10918, #2637, #814, #6325 ),
 .UNSPECIFIED., .F., .F.,
 ( 4, 4 ),
 ( 5.000000000000000000, 6.000000000000000000 ),
 .UNSPECIFIED. ) ;
#1903 = VERTEX_POINT ( 'NONE', #10320 ) ;
#1904 = SURFACE_STYLE_USAGE ( .BOTH. , #5619 ) ;
#1905 = VERTEX_POINT ( 'NONE', #1730 ) ;
#1906 =( NAMED_UNIT ( * ) PLANE_ANGLE_UNIT ( ) SI_UNIT ( $, .RADIAN. ) );
#1907 =( NAMED_UNIT ( * ) SI_UNIT ( $, .STERADIAN. ) SOLID_ANGLE_UNIT ( ) );
#1908 = VECTOR ( 'NONE', #4562, 1000.000000000000000 ) ;
#1909 = MECHANICAL_DESIGN_GEOMETRIC_PRESENTATION_REPRESENTATION (  '', ( #5155 ), #8459 ) ;
#1910 = VERTEX_POINT ( 'NONE', #2053 ) ;
#1911 = DIRECTION ( 'NONE',  ( -0.0000000000000000000, 1.000000000000000000, -0.0000000000000000000 ) ) ;
#1912 = CARTESIAN_POINT ( 'NONE',  ( -1.562066757600878431, -1.000000000000000000, 0.4486933012566344248 ) ) ;
#1913 = CARTESIAN_POINT ( 'NONE',  ( -1.760076499222489987, -1.000000000000000000, 0.4165380788418970304 ) ) ;
#1914 = EDGE_CURVE ( 'NONE', #7393, #11594, #5384, .T. ) ;
#1915 = CARTESIAN_POINT ( 'NONE',  ( -2.222097874890202718, -1.000000000000000000, 0.4238716809816544528 ) ) ;
#1916 = STYLED_ITEM ( 'NONE', ( #3494 ), #2030 ) ;
#1917 = UNCERTAINTY_MEASURE_WITH_UNIT (LENGTH_MEASURE( 1.000000000000000082E-05 ), #476, 'distance_accuracy_value', 'NONE');
#1918 = FACE_OUTER_BOUND ( 'NONE', #557, .T. ) ;
#1919 = AXIS2_PLACEMENT_3D ( 'NONE', #6582, #10331, #8518 ) ;
#1920 = CARTESIAN_POINT ( 'NONE',  ( -2.096244447539275857, -1.010000000000000009, 0.4379297811405066243 ) ) ;
#1921 = CARTESIAN_POINT ( 'NONE',  ( -1.750834279606522825, -1.010000000000000009, 0.3778362841987565335 ) ) ;
#1922 = CARTESIAN_POINT ( 'NONE',  ( -1.551187894927172239, -1.010000000000000009, 0.4066219473783987404 ) ) ;
#1923 =( LENGTH_UNIT ( ) NAMED_UNIT ( * ) SI_UNIT ( .MILLI., .METRE. ) );
#1924 = ADVANCED_FACE ( 'NONE', ( #7487 ), #7372, .F. ) ;
#1925 = DIRECTION ( 'NONE',  ( 1.000000000000000000, 0.0000000000000000000, -0.0000000000000000000 ) ) ;
#1926 = CARTESIAN_POINT ( 'NONE',  ( -1.485000124238365027, -1.010000000000000009, 0.2200446388759535743 ) ) ;
#1927 = UNCERTAINTY_MEASURE_WITH_UNIT (LENGTH_MEASURE( 1.000000000000000082E-05 ), #3726, 'distance_accuracy_value', 'NONE');
#1928 = B_SPLINE_CURVE_WITH_KNOTS ( 'NONE', 3,
 ( #1710, #962, #11877, #5595 ),
 .UNSPECIFIED., .F., .F.,
 ( 4, 4 ),
 ( 8.000000000000000000, 9.000000000000000000 ),
 .UNSPECIFIED. ) ;
#1930 = EDGE_CURVE ( 'NONE', #6306, #9496, #2300, .T. ) ;
#1929 = SURFACE_SIDE_STYLE ('',( #1010 ) ) ;
#1931 = ORIENTED_EDGE ( 'NONE', *, *, #4039, .F. ) ;
#1932 = STYLED_ITEM ( 'NONE', ( #4065 ), #11225 ) ;
#1933 = CARTESIAN_POINT ( 'NONE',  ( -1.690976466623149266, -1.010000000000000009, 0.2477712977244908299 ) ) ;
#1934 = CARTESIAN_POINT ( 'NONE',  ( -1.519754720920412305, -1.000000000000000000, 0.2625010852377568926 ) ) ;
#1935 = VERTEX_POINT ( 'NONE', #3184 ) ;
#1936 =( LENGTH_UNIT ( ) NAMED_UNIT ( * ) SI_UNIT ( .MILLI., .METRE. ) );
#1937 = ADVANCED_FACE ( 'NONE', ( #10379 ), #8571, .F. ) ;
#1938 = CARTESIAN_POINT ( 'NONE',  ( -1.944283101652912071, -1.000000000000000000, 0.2217028819540920737 ) ) ;
#1939 = FILL_AREA_STYLE ('',( #4694 ) ) ;
#1940 =( LENGTH_UNIT ( ) NAMED_UNIT ( * ) SI_UNIT ( .MILLI., .METRE. ) );
#1941 = COLOUR_RGB ( '',0.0000000000000000000, 0.0000000000000000000, 0.0000000000000000000 ) ;
#1942 = UNCERTAINTY_MEASURE_WITH_UNIT (LENGTH_MEASURE( 1.000000000000000082E-05 ), #3505, 'distance_accuracy_value', 'NONE');
#1943 = ORIENTED_EDGE ( 'NONE', *, *, #11610, .F. ) ;
#1944 = VERTEX_POINT ( 'NONE', #7665 ) ;
#1945 = DIRECTION ( 'NONE',  ( -0.0000000000000000000, 0.0000000000000000000, -1.000000000000000000 ) ) ;
#1946 = ORIENTED_EDGE ( 'NONE', *, *, #1317, .F. ) ;
#1947 = CARTESIAN_POINT ( 'NONE',  ( -1.726645657954641866, -1.000000000000000000, 0.3679201527352576329 ) ) ;
#1948 = CARTESIAN_POINT ( 'NONE',  ( -1.637665225868179197, -1.010000000000000009, 0.4118688324728259631 ) ) ;
#1949 = VECTOR ( 'NONE', #1379, 1000.000000000000000 ) ;
#1950 = CARTESIAN_POINT ( 'NONE',  ( -1.814181993226108291, -1.010000000000000009, 0.2625010852377568926 ) ) ;
#1951 = CARTESIAN_POINT ( 'NONE',  ( -1.694321957578019733, -1.000000000000000000, 0.2643784110970914258 ) ) ;
#1952 = DIRECTION ( 'NONE',  ( 0.0000000000000000000, -1.000000000000000000, 0.0000000000000000000 ) ) ;
#1953 = EDGE_CURVE ( 'NONE', #3707, #1880, #2723, .T. ) ;
#1954 = DIRECTION ( 'NONE',  ( -0.0000000000000000000, 0.0000000000000000000, 1.000000000000000000 ) ) ;
#1955 = VECTOR ( 'NONE', #8419, 1000.000000000000000 ) ;
#1956 = CARTESIAN_POINT ( 'NONE',  ( -1.632851569818088766, -1.010000000000000009, 0.3694123861110195084 ) ) ;
#1957 = PLANE ( 'NONE',  #7264 ) ;
#1958 = VERTEX_POINT ( 'NONE', #4094 ) ;
#1959 = EDGE_LOOP ( 'NONE', ( #1639, #7340, #3838, #2854 ) ) ;
#1960 = FACE_OUTER_BOUND ( 'NONE', #2193, .T. ) ;
#1961 = DIRECTION ( 'NONE',  ( 0.0000000000000000000, 0.0000000000000000000, 1.000000000000000000 ) ) ;
#1962 = ORIENTED_EDGE ( 'NONE', *, *, #6156, .F. ) ;
#1963 = CARTESIAN_POINT ( 'NONE',  ( -1.497154605764541513, -1.010000000000000009, 0.3034652982244437913 ) ) ;
#1964 = ADVANCED_FACE ( 'NONE', ( #11391 ), #9637, .F. ) ;
#1965 = CARTESIAN_POINT ( 'NONE',  ( -1.694321957578019733, -1.000000000000000000, 0.2584094775953279521 ) ) ;
#1966 = COLOUR_RGB ( '',0.0000000000000000000, 0.0000000000000000000, 0.0000000000000000000 ) ;
#1967 = CARTESIAN_POINT ( 'NONE',  ( -1.490415487294993957, -1.000000000000000000, 0.4376700289015867384 ) ) ;
#1968 = CARTESIAN_POINT ( 'NONE',  ( -1.420497133166460424, -1.000000000000000000, 0.2430057782345277084 ) ) ;
#1969 =( LENGTH_UNIT ( ) NAMED_UNIT ( * ) SI_UNIT ( .MILLI., .METRE. ) );
#1970 = ORIENTED_EDGE ( 'NONE', *, *, #10148, .T. ) ;
#1971 = VERTEX_POINT ( 'NONE', #8747 ) ;
#1972 = COLOUR_RGB ( '',0.0000000000000000000, 0.0000000000000000000, 0.0000000000000000000 ) ;
#1973 = CARTESIAN_POINT ( 'NONE',  ( -1.750834279606522825, -1.000000000000000000, 0.3778362841987565335 ) ) ;
#1974 = CARTESIAN_POINT ( 'NONE',  ( -2.221428439117376197, -1.000000000000000000, 0.3837057261294960497 ) ) ;
#1975 = FACE_OUTER_BOUND ( 'NONE', #1420, .T. ) ;
#1976 = SURFACE_STYLE_FILL_AREA ( #2701 ) ;
#1977 = CARTESIAN_POINT ( 'NONE',  ( -2.320504576001850783, -1.000000000000000000, 0.2625382725790780802 ) ) ;
#1978 = FILL_AREA_STYLE_COLOUR ( '', #11088 ) ;
#1979 = FACE_OUTER_BOUND ( 'NONE', #8531, .T. ) ;
#1980 = ORIENTED_EDGE ( 'NONE', *, *, #11765, .F. ) ;
#1981 = CARTESIAN_POINT ( 'NONE',  ( -1.561248436072007140, -1.000000000000000000, 0.3792322444529834247 ) ) ;
#1982 = EDGE_CURVE ( 'NONE', #10136, #744, #5836, .T. ) ;
#1983 =( GEOMETRIC_REPRESENTATION_CONTEXT ( 3 ) GLOBAL_UNCERTAINTY_ASSIGNED_CONTEXT ( ( #10851 ) ) GLOBAL_UNIT_ASSIGNED_CONTEXT ( ( #8300, #3706, #1907 ) ) REPRESENTATION_CONTEXT ( 'NONE', 'WORKASPACE' ) );
#1984 = PLANE ( 'NONE',  #11268 ) ;
#1985 = CARTESIAN_POINT ( 'NONE',  ( -2.118335738668366997, -1.000000000000000000, 0.2357609693445200105 ) ) ;
#1986 = ORIENTED_EDGE ( 'NONE', *, *, #7040, .T. ) ;
#1987 = PRESENTATION_LAYER_ASSIGNMENT (  '', '', ( #9304 ) ) ;
#1988 = FILL_AREA_STYLE ('',( #11939 ) ) ;
#1989 = STYLED_ITEM ( 'NONE', ( #4965 ), #8435 ) ;
#1990 = FACE_OUTER_BOUND ( 'NONE', #5203, .T. ) ;
#1991 = FILL_AREA_STYLE ('',( #8396 ) ) ;
#1992 = CARTESIAN_POINT ( 'NONE',  ( -1.928216719712432914, -1.010000000000000009, 0.2391081354408662596 ) ) ;
#1993 =( NAMED_UNIT ( * ) SI_UNIT ( $, .STERADIAN. ) SOLID_ANGLE_UNIT ( ) );
#1994 = CARTESIAN_POINT ( 'NONE',  ( -1.710375500505164847, -1.010000000000000009, 0.2525849537742599349 ) ) ;
#1995 = CARTESIAN_POINT ( 'NONE',  ( -1.374863673811987708, -1.000000000000000000, 0.2848364493105310369 ) ) ;
#1996 = VECTOR ( 'NONE', #10271, 1000.000000000000000 ) ;
#1997 = MECHANICAL_DESIGN_GEOMETRIC_PRESENTATION_REPRESENTATION (  '', ( #4491 ), #9316 ) ;
#1998 = VERTEX_POINT ( 'NONE', #1572 ) ;
#1999 = AXIS2_PLACEMENT_3D ( 'NONE', #6315, #2568, #618 ) ;
#2000 = VERTEX_POINT ( 'NONE', #6332 ) ;
#2001 = EDGE_LOOP ( 'NONE', ( #6693, #10940, #9608 ) ) ;
#2002 = EDGE_CURVE ( 'NONE', #2432, #3009, #3371, .T. ) ;
#2003 = ORIENTED_EDGE ( 'NONE', *, *, #2068, .F. ) ;
#2004 = CARTESIAN_POINT ( 'NONE',  ( -1.757838149159489216, -1.010000000000000009, 0.2718395779752592056 ) ) ;
#2005 = DIRECTION ( 'NONE',  ( -0.0000000000000000000, 1.000000000000000000, -0.0000000000000000000 ) ) ;
#2006 = DIRECTION ( 'NONE',  ( -0.0000000000000000000, 1.000000000000000000, -0.0000000000000000000 ) ) ;
#2007 = SURFACE_SIDE_STYLE ('',( #11898 ) ) ;
#2008 = CARTESIAN_POINT ( 'NONE',  ( -1.553426244990493643, -1.010000000000000009, 0.2517184956855826328 ) ) ;
#2009 = FILL_AREA_STYLE_COLOUR ( '', #9160 ) ;
#2010 = CARTESIAN_POINT ( 'NONE',  ( -1.553426244990493643, -1.010000000000000009, 0.2517184956855826328 ) ) ;
#2011 = VECTOR ( 'NONE', #11429, 1000.000000000000000 ) ;
#2012 = VERTEX_POINT ( 'NONE', #8991 ) ;
#2013 = VERTEX_POINT ( 'NONE', #9890 ) ;
#2014 = DIRECTION ( 'NONE',  ( 0.5773502691896273964, 0.5773502691896224004, -0.5773502691896273964 ) ) ;
#2015 = EDGE_CURVE ( 'NONE', #10376, #5243, #9947, .T. ) ;
#2016 = ORIENTED_EDGE ( 'NONE', *, *, #10171, .F. ) ;
#2017 = ORIENTED_EDGE ( 'NONE', *, *, #6199, .F. ) ;
#2018 = PRESENTATION_STYLE_ASSIGNMENT (( #9546 ) ) ;
#2019 =( LENGTH_UNIT ( ) NAMED_UNIT ( * ) SI_UNIT ( .MILLI., .METRE. ) );
#2020 = ORIENTED_EDGE ( 'NONE', *, *, #578, .F. ) ;
#2021 = CARTESIAN_POINT ( 'NONE',  ( -1.735791604449712811, -1.010000000000000009, 0.2685181553006110167 ) ) ;
#2022 = VECTOR ( 'NONE', #10574, 1000.000000000000000 ) ;
#2023 = PLANE ( 'NONE',  #4102 ) ;
#2024 = LINE ( 'NONE', #7457, #1074 ) ;
#2025 = CARTESIAN_POINT ( 'NONE',  ( -1.492774178759433745, -1.000000000000000000, 0.4342041965456000518 ) ) ;
#2026 = EDGE_LOOP ( 'NONE', ( #5786, #396, #8947, #5316 ) ) ;
#2027 = SURFACE_STYLE_FILL_AREA ( #4972 ) ;
#2028 = EDGE_CURVE ( 'NONE', #5980, #4821, #11808, .T. ) ;
#2029 = ORIENTED_EDGE ( 'NONE', *, *, #3914, .T. ) ;
#2030 = ADVANCED_FACE ( 'NONE', ( #10745 ), #415, .F. ) ;
#2031 = CARTESIAN_POINT ( 'NONE',  ( 2.500000000000000000, 0.9500000000000007327, 0.04999999999999926725 ) ) ;
#2032 = DIRECTION ( 'NONE',  ( -0.0000000000000000000, -0.0000000000000000000, 1.000000000000000000 ) ) ;
#2033 = CARTESIAN_POINT ( 'NONE',  ( -1.420497133166460424, -1.010000000000000009, 0.2430057782345277084 ) ) ;
#2034 = DIRECTION ( 'NONE',  ( 1.000000000000000000, 0.0000000000000000000, 0.0000000000000000000 ) ) ;
#2035 = DIRECTION ( 'NONE',  ( 1.000000000000000000, -0.0000000000000000000, -0.0000000000000000000 ) ) ;
#2036 = COLOUR_RGB ( '',0.0000000000000000000, 0.0000000000000000000, 0.0000000000000000000 ) ;
#2037 =( NAMED_UNIT ( * ) PLANE_ANGLE_UNIT ( ) SI_UNIT ( $, .RADIAN. ) );
#2038 = MECHANICAL_DESIGN_GEOMETRIC_PRESENTATION_REPRESENTATION (  '', ( #9357 ), #10324 ) ;
#2039 = CARTESIAN_POINT ( 'NONE',  ( -1.903447685491074237, -1.000000000000000000, 0.2792741285983028621 ) ) ;
#2040 = FACE_OUTER_BOUND ( 'NONE', #2203, .T. ) ;
#2041 = LINE ( 'NONE', #7412, #3173 ) ;
#2042 = UNCERTAINTY_MEASURE_WITH_UNIT (LENGTH_MEASURE( 1.000000000000000082E-05 ), #11395, 'distance_accuracy_value', 'NONE');
#2043 = CARTESIAN_POINT ( 'NONE',  ( -1.450486210359190009, -1.000000000000000000, 0.2896982419207457804 ) ) ;
#2044 = ORIENTED_EDGE ( 'NONE', *, *, #1558, .T. ) ;
#2045 = DIRECTION ( 'NONE',  ( 1.000000000000000000, 0.0000000000000000000, -0.0000000000000000000 ) ) ;
#2046 = CARTESIAN_POINT ( 'NONE',  ( -1.588204909952766641, -1.010000000000000009, 0.4528330454595122512 ) ) ;
#2047 = FACE_OUTER_BOUND ( 'NONE', #7601, .T. ) ;
#2048 = COLOUR_RGB ( '',0.0000000000000000000, 0.0000000000000000000, 0.0000000000000000000 ) ;
#2049 = CARTESIAN_POINT ( 'NONE',  ( -1.718486510949680746, -1.000000000000000000, 0.2780973308403431599 ) ) ;
#2050 = ORIENTED_EDGE ( 'NONE', *, *, #8937, .T. ) ;
#2051 = CARTESIAN_POINT ( 'NONE',  ( -1.330553969870430953, -1.000000000000000000, 0.2093101858842237595 ) ) ;
#2052 =( NAMED_UNIT ( * ) PLANE_ANGLE_UNIT ( ) SI_UNIT ( $, .RADIAN. ) );
#2053 = CARTESIAN_POINT ( 'NONE',  ( -1.561513187155105120, -1.010000000000000009, 0.4331451922144963773 ) ) ;
#2054 = EDGE_CURVE ( 'NONE', #2930, #85, #11694, .T. ) ;
#2055 = UNCERTAINTY_MEASURE_WITH_UNIT (LENGTH_MEASURE( 1.000000000000000082E-05 ), #4279, 'distance_accuracy_value', 'NONE');
#2056 =( GEOMETRIC_REPRESENTATION_CONTEXT ( 3 ) GLOBAL_UNCERTAINTY_ASSIGNED_CONTEXT ( ( #8912 ) ) GLOBAL_UNIT_ASSIGNED_CONTEXT ( ( #6110, #10826, #4291 ) ) REPRESENTATION_CONTEXT ( 'NONE', 'WORKASPACE' ) );
#2057 = VERTEX_POINT ( 'NONE', #5292 ) ;
#2058 = VERTEX_POINT ( 'NONE', #702 ) ;
#2059 =( NAMED_UNIT ( * ) SI_UNIT ( $, .STERADIAN. ) SOLID_ANGLE_UNIT ( ) );
#2060 = VERTEX_POINT ( 'NONE', #5113 ) ;
#2061 =( NAMED_UNIT ( * ) SI_UNIT ( $, .STERADIAN. ) SOLID_ANGLE_UNIT ( ) );
#2062 = SURFACE_STYLE_USAGE ( .BOTH. , #8519 ) ;
#2063 = CARTESIAN_POINT ( 'NONE',  ( -1.433277389980368577, -1.000000000000000000, 0.2455088793809469261 ) ) ;
#2064 = SURFACE_STYLE_USAGE ( .BOTH. , #8581 ) ;
#2065 = FILL_AREA_STYLE_COLOUR ( '', #11633 ) ;
#2066 = FILL_AREA_STYLE_COLOUR ( '', #9310 ) ;
#2067 = DIRECTION ( 'NONE',  ( -0.0000000000000000000, 0.0000000000000000000, 1.000000000000000000 ) ) ;
#2068 = EDGE_CURVE ( 'NONE', #1608, #7081, #11926, .T. ) ;
#2069 = CARTESIAN_POINT ( 'NONE',  ( -1.661589096437285917, -1.010000000000000009, 0.2095027321260091724 ) ) ;
#2070 = AXIS2_PLACEMENT_3D ( 'NONE', #9046, #10735, #11860 ) ;
#2071 = ORIENTED_EDGE ( 'NONE', *, *, #4222, .T. ) ;
#2072 = VERTEX_POINT ( 'NONE', #6082 ) ;
#2073 = EDGE_CURVE ( 'NONE', #2057, #2077, #764, .T. ) ;
#2074 = ORIENTED_EDGE ( 'NONE', *, *, #7520, .F. ) ;
#2075 = CARTESIAN_POINT ( 'NONE',  ( -1.538407638114548170, -1.010000000000000009, 0.4069589033021648317 ) ) ;
#2076 = B_SPLINE_SURFACE_WITH_KNOTS ( 'NONE', 3, 1, ( 
 ( #3014, #5782 ),
 ( #335, #5044 ),
 ( #5954, #7726 ),
 ( #5898, #11341 ) ),
 .UNSPECIFIED., .F., .F., .F.,
 ( 4, 4 ),
 ( 2, 2 ),
 ( 0.0000000000000000000, 1.000000000000000000 ),
 ( 0.0000000000000000000, 1.000000000000000000 ),
 .UNSPECIFIED. ) ;
#2077 = VERTEX_POINT ( 'NONE', #4221 ) ;
#2078 = CARTESIAN_POINT ( 'NONE',  ( -2.500000000000000000, -1.000000000000000000, 0.5999999999999999778 ) ) ;
#2079 = ORIENTED_EDGE ( 'NONE', *, *, #1051, .F. ) ;
#2080 = CARTESIAN_POINT ( 'NONE',  ( -2.025953985050612527, -1.010000000000000009, 0.2504884797393431839 ) ) ;
#2081 = SURFACE_STYLE_FILL_AREA ( #6911 ) ;
#2082 =( GEOMETRIC_REPRESENTATION_CONTEXT ( 3 ) GLOBAL_UNCERTAINTY_ASSIGNED_CONTEXT ( ( #9771 ) ) GLOBAL_UNIT_ASSIGNED_CONTEXT ( ( #6238, #9744, #10655 ) ) REPRESENTATION_CONTEXT ( 'NONE', 'WORKASPACE' ) );
#2083 = CARTESIAN_POINT ( 'NONE',  ( -1.741904947633459821, -1.010000000000000009, 0.3570894266226369851 ) ) ;
#2084 =( GEOMETRIC_REPRESENTATION_CONTEXT ( 3 ) GLOBAL_UNCERTAINTY_ASSIGNED_CONTEXT ( ( #204 ) ) GLOBAL_UNIT_ASSIGNED_CONTEXT ( ( #2518, #5464, #4553 ) ) REPRESENTATION_CONTEXT ( 'NONE', 'WORKASPACE' ) );
#2085 = CARTESIAN_POINT ( 'NONE',  ( -2.005870962935040414, -1.010000000000000009, 0.4432852449793324157 ) ) ;
#2086 = ORIENTED_EDGE ( 'NONE', *, *, #10701, .T. ) ;
#2087 = DIRECTION ( 'NONE',  ( -0.0000000000000000000, -0.0000000000000000000, -1.000000000000000000 ) ) ;
#2088 = VERTEX_POINT ( 'NONE', #2641 ) ;
#2089 = SURFACE_STYLE_USAGE ( .BOTH. , #10355 ) ;
#2090 = PRESENTATION_LAYER_ASSIGNMENT (  '', '', ( #5155 ) ) ;
#2091 = ORIENTED_EDGE ( 'NONE', *, *, #9737, .T. ) ;
#2092 = SURFACE_STYLE_USAGE ( .BOTH. , #9502 ) ;
#2093 = CARTESIAN_POINT ( 'NONE',  ( -1.760076499222489987, -1.010000000000000009, 0.4046964849586197066 ) ) ;
#2094 = DIRECTION ( 'NONE',  ( -0.7071067811865474617, 0.0000000000000000000, -0.7071067811865474617 ) ) ;
#2095 =( GEOMETRIC_REPRESENTATION_CONTEXT ( 3 ) GLOBAL_UNCERTAINTY_ASSIGNED_CONTEXT ( ( #10367 ) ) GLOBAL_UNIT_ASSIGNED_CONTEXT ( ( #9093, #8019, #9037 ) ) REPRESENTATION_CONTEXT ( 'NONE', 'WORKASPACE' ) );
#2096 = CARTESIAN_POINT ( 'NONE',  ( -2.450000000000000622, 1.000000000000000000, 0.5500000000000007105 ) ) ;
#2097 =( LENGTH_UNIT ( ) NAMED_UNIT ( * ) SI_UNIT ( .MILLI., .METRE. ) );
#2099 = ADVANCED_FACE ( 'NONE', ( #2581 ), #3556, .F. ) ;
#2098 = VECTOR ( 'NONE', #11925, 1000.000000000000000 ) ;
#2100 = PLANE ( 'NONE',  #4690 ) ;
#2101 = SURFACE_SIDE_STYLE ('',( #3169 ) ) ;
#2102 = B_SPLINE_SURFACE_WITH_KNOTS ( 'NONE', 3, 1, ( 
 ( #1160, #466 ),
 ( #7009, #5050 ),
 ( #11456, #3191 ),
 ( #10623, #646 ) ),
 .UNSPECIFIED., .F., .F., .F.,
 ( 4, 4 ),
 ( 2, 2 ),
 ( 19.00000000000000000, 20.00000000000000000 ),
 ( 0.0000000000000000000, 1.000000000000000000 ),
 .UNSPECIFIED. ) ;
#2103 =( NAMED_UNIT ( * ) SI_UNIT ( $, .STERADIAN. ) SOLID_ANGLE_UNIT ( ) );
#2104 = ORIENTED_EDGE ( 'NONE', *, *, #3558, .T. ) ;
#2105 = FILL_AREA_STYLE_COLOUR ( '', #6852 ) ;
#2106 = LINE ( 'NONE', #4808, #582 ) ;
#2107 =( LENGTH_UNIT ( ) NAMED_UNIT ( * ) SI_UNIT ( .MILLI., .METRE. ) );
#2108 = LINE ( 'NONE', #7600, #11915 ) ;
#2109 = EDGE_LOOP ( 'NONE', ( #7333, #10835, #6890, #3189 ) ) ;
#2110 = VECTOR ( 'NONE', #10662, 1000.000000000000000 ) ;
#2111 = DIRECTION ( 'NONE',  ( -1.000000000000000000, -0.0000000000000000000, -0.0000000000000000000 ) ) ;
#2112 = DIRECTION ( 'NONE',  ( 1.000000000000000000, -0.0000000000000000000, -0.0000000000000000000 ) ) ;
#2113 = DIRECTION ( 'NONE',  ( -1.000000000000000000, 0.0000000000000000000, -0.0000000000000000000 ) ) ;
#2114 = PRESENTATION_STYLE_ASSIGNMENT (( #7847 ) ) ;
#2115 = SURFACE_STYLE_FILL_AREA ( #10500 ) ;
#2116 = VERTEX_POINT ( 'NONE', #4676 ) ;
#2117 = ORIENTED_EDGE ( 'NONE', *, *, #605, .F. ) ;
#2118 = SURFACE_SIDE_STYLE ('',( #9412 ) ) ;
#2119 = CARTESIAN_POINT ( 'NONE',  ( -1.459559952013590900, -1.010000000000000009, 0.2926345721118238652 ) ) ;
#2120 = CARTESIAN_POINT ( 'NONE',  ( -1.760750411069702537, -1.010000000000000009, 0.3699418882765709848 ) ) ;
#2121 = FILL_AREA_STYLE_COLOUR ( '', #1689 ) ;
#2122 = CARTESIAN_POINT ( 'NONE',  ( -1.415274316352898021, -1.010000000000000009, 0.2093101858842237595 ) ) ;
#2123 = FILL_AREA_STYLE ('',( #7739 ) ) ;
#2124 = AXIS2_PLACEMENT_3D ( 'NONE', #1950, #6585, #8348 ) ;
#2125 = CARTESIAN_POINT ( 'NONE',  ( -1.734852941520047764, -1.000000000000000000, 0.2173971280481934165 ) ) ;
#2126 = B_SPLINE_CURVE_WITH_KNOTS ( 'NONE', 3,
 ( #9154, #2861, #874, #4543 ),
 .UNSPECIFIED., .F., .F.,
 ( 4, 4 ),
 ( 4.000000000000000000, 5.000000000000000000 ),
 .UNSPECIFIED. ) ;
#2127 = CARTESIAN_POINT ( 'NONE',  ( -2.500000000000000000, -1.000000000000000000, 0.5999999999999999778 ) ) ;
#2128 = CARTESIAN_POINT ( 'NONE',  ( -1.640409009816507391, -1.010000000000000009, 0.1890928304736576582 ) ) ;
#2129 = ORIENTED_EDGE ( 'NONE', *, *, #946, .T. ) ;
#2130 = ORIENTED_EDGE ( 'NONE', *, *, #5674, .F. ) ;
#2131 = SURFACE_STYLE_USAGE ( .BOTH. , #5859 ) ;
#2132 = ORIENTED_EDGE ( 'NONE', *, *, #979, .T. ) ;
#2133 =( NAMED_UNIT ( * ) SI_UNIT ( $, .STERADIAN. ) SOLID_ANGLE_UNIT ( ) );
#2134 = FILL_AREA_STYLE_COLOUR ( '', #8532 ) ;
#2135 = EDGE_CURVE ( 'NONE', #3066, #9983, #1008, .T. ) ;
#2136 = EDGE_LOOP ( 'NONE', ( #10452, #8515, #2903, #11311 ) ) ;
#2137 = STYLED_ITEM ( 'NONE', ( #11123 ), #5549 ) ;
#2138 = DIRECTION ( 'NONE',  ( 1.000000000000000000, 0.0000000000000000000, 0.0000000000000000000 ) ) ;
#2139 = CARTESIAN_POINT ( 'NONE',  ( -2.330546074290889447, -1.010000000000000009, 0.3442091304396043827 ) ) ;
#2140 = COLOUR_RGB ( '',0.0000000000000000000, 0.0000000000000000000, 0.0000000000000000000 ) ;
#2141 = ORIENTED_EDGE ( 'NONE', *, *, #3931, .T. ) ;
#2142 = CARTESIAN_POINT ( 'NONE',  ( -1.722168957827996172, -1.010000000000000009, 0.2366036156881059782 ) ) ;
#2143 = ORIENTED_EDGE ( 'NONE', *, *, #946, .F. ) ;
#2144 = LINE ( 'NONE', #427, #2278 ) ;
#2145 = ORIENTED_EDGE ( 'NONE', *, *, #6078, .T. ) ;
#2146 = B_SPLINE_CURVE_WITH_KNOTS ( 'NONE', 3,
 ( #2441, #8779, #11539, #3337 ),
 .UNSPECIFIED., .F., .F.,
 ( 4, 4 ),
 ( 19.00000000000000000, 20.00000000000000000 ),
 .UNSPECIFIED. ) ;
#2147 = CARTESIAN_POINT ( 'NONE',  ( -1.577277910719251164, -1.010000000000000009, 0.3694123861110195084 ) ) ;
#2148 = EDGE_CURVE ( 'NONE', #7577, #6604, #4620, .T. ) ;
#2149 =( NAMED_UNIT ( * ) SI_UNIT ( $, .STERADIAN. ) SOLID_ANGLE_UNIT ( ) );
#2150 = LINE ( 'NONE', #2869, #3625 ) ;
#2151 = SURFACE_SIDE_STYLE ('',( #10419 ) ) ;
#2152 = DIRECTION ( 'NONE',  ( -1.000000000000000000, -0.0000000000000000000, -0.0000000000000000000 ) ) ;
#2153 =( NAMED_UNIT ( * ) SI_UNIT ( $, .STERADIAN. ) SOLID_ANGLE_UNIT ( ) );
#2154 = CARTESIAN_POINT ( 'NONE',  ( -1.780510469155388575, -1.010000000000000009, 0.2517184956855826328 ) ) ;
#2155 = CARTESIAN_POINT ( 'NONE',  ( -1.589239846003645207, -1.010000000000000009, 0.3694123861110195084 ) ) ;
#2156 = CARTESIAN_POINT ( 'NONE',  ( -1.379412578779301457, -1.010000000000000009, 0.3034652982244437913 ) ) ;
#2157 = CARTESIAN_POINT ( 'NONE',  ( -1.752446854383083563, -1.000000000000000000, 0.2250508411681471921 ) ) ;
#2158 = UNCERTAINTY_MEASURE_WITH_UNIT (LENGTH_MEASURE( 1.000000000000000082E-05 ), #10262, 'distance_accuracy_value', 'NONE');
#2159 = LINE ( 'NONE', #5102, #9012 ) ;
#2160 = ORIENTED_EDGE ( 'NONE', *, *, #10283, .F. ) ;
#2161 = VECTOR ( 'NONE', #3869, 1000.000000000000000 ) ;
#2162 = PRESENTATION_STYLE_ASSIGNMENT (( #10245 ) ) ;
#2163 = CARTESIAN_POINT ( 'NONE',  ( -1.456021914816933993, -1.010000000000000009, 0.3034652982244438468 ) ) ;
#2164 = EDGE_CURVE ( 'NONE', #6173, #3203, #1582, .T. ) ;
#2165 = PRESENTATION_STYLE_ASSIGNMENT (( #4685 ) ) ;
#2166 = DIRECTION ( 'NONE',  ( -0.3283461648125109988, -0.0000000000000000000, 0.9445574604294411092 ) ) ;
#2167 = CARTESIAN_POINT ( 'NONE',  ( -2.118335738668366997, -1.000000000000000000, 0.2384387124364643340 ) ) ;
#2168 = ORIENTED_EDGE ( 'NONE', *, *, #4152, .F. ) ;
#2169 = LINE ( 'NONE', #10494, #2786 ) ;
#2170 =( NAMED_UNIT ( * ) SI_UNIT ( $, .STERADIAN. ) SOLID_ANGLE_UNIT ( ) );
#2171 = VECTOR ( 'NONE', #11559, 1000.000000000000114 ) ;
#2172 = CARTESIAN_POINT ( 'NONE',  ( -1.814181993226108291, -1.010000000000000009, 0.3694123861110195084 ) ) ;
#2173 = B_SPLINE_CURVE_WITH_KNOTS ( 'NONE', 3,
 ( #11881, #1769, #7540, #11940 ),
 .UNSPECIFIED., .F., .F.,
 ( 4, 4 ),
 ( 15.00000000000000000, 16.00000000000000000 ),
 .UNSPECIFIED. ) ;
#2174 = B_SPLINE_SURFACE_WITH_KNOTS ( 'NONE', 3, 1, ( 
 ( #2657, #2832 ),
 ( #1882, #5598 ),
 ( #7485, #6517 ),
 ( #5658, #7311 ) ),
 .UNSPECIFIED., .F., .F., .F.,
 ( 4, 4 ),
 ( 2, 2 ),
 ( 10.00000000000000000, 11.00000000000000000 ),
 ( 0.0000000000000000000, 1.000000000000000000 ),
 .UNSPECIFIED. ) ;
#2175 = UNCERTAINTY_MEASURE_WITH_UNIT (LENGTH_MEASURE( 1.000000000000000082E-05 ), #1923, 'distance_accuracy_value', 'NONE');
#2176 =( GEOMETRIC_REPRESENTATION_CONTEXT ( 3 ) GLOBAL_UNCERTAINTY_ASSIGNED_CONTEXT ( ( #10002 ) ) GLOBAL_UNIT_ASSIGNED_CONTEXT ( ( #6848, #5922, #5133 ) ) REPRESENTATION_CONTEXT ( 'NONE', 'WORKASPACE' ) );
#2177 = VERTEX_POINT ( 'NONE', #8214 ) ;
#2178 = ORIENTED_EDGE ( 'NONE', *, *, #8529, .F. ) ;
#2179 = EDGE_CURVE ( 'NONE', #8722, #1287, #5723, .T. ) ;
#2180 = EDGE_CURVE ( 'NONE', #9064, #4252, #7531, .T. ) ;
#2181 = CARTESIAN_POINT ( 'NONE',  ( -1.724527649292435960, -1.000000000000000000, 0.4434464161615654931 ) ) ;
#2182 = DIRECTION ( 'NONE',  ( 0.0000000000000000000, 0.0000000000000000000, -1.000000000000000000 ) ) ;
#2183 = FILL_AREA_STYLE ('',( #3872 ) ) ;
#2184 = CARTESIAN_POINT ( 'NONE',  ( -1.724527649292435960, -1.000000000000000000, 0.4434464161615654931 ) ) ;
#2185 =( GEOMETRIC_REPRESENTATION_CONTEXT ( 3 ) GLOBAL_UNCERTAINTY_ASSIGNED_CONTEXT ( ( #1917 ) ) GLOBAL_UNIT_ASSIGNED_CONTEXT ( ( #476, #11522, #11583 ) ) REPRESENTATION_CONTEXT ( 'NONE', 'WORKASPACE' ) );
#2186 =( NAMED_UNIT ( * ) PLANE_ANGLE_UNIT ( ) SI_UNIT ( $, .RADIAN. ) );
#2187 = PRESENTATION_STYLE_ASSIGNMENT (( #3993 ) ) ;
#2188 =( GEOMETRIC_REPRESENTATION_CONTEXT ( 3 ) GLOBAL_UNCERTAINTY_ASSIGNED_CONTEXT ( ( #5998 ) ) GLOBAL_UNIT_ASSIGNED_CONTEXT ( ( #8892, #1404, #5069 ) ) REPRESENTATION_CONTEXT ( 'NONE', 'WORKASPACE' ) );
#2189 = ORIENTED_EDGE ( 'NONE', *, *, #10588, .T. ) ;
#2190 = ORIENTED_EDGE ( 'NONE', *, *, #6569, .F. ) ;
#2191 = CARTESIAN_POINT ( 'NONE',  ( -1.490944989460548209, -1.010000000000000009, 0.4407989053344495423 ) ) ;
#2192 = PRESENTATION_LAYER_ASSIGNMENT (  '', '', ( #6237 ) ) ;
#2193 = EDGE_LOOP ( 'NONE', ( #6843, #305, #5023, #2091 ) ) ;
#2194 = SURFACE_SIDE_STYLE ('',( #1290 ) ) ;
#2195 = ORIENTED_EDGE ( 'NONE', *, *, #1953, .F. ) ;
#2196 = AXIS2_PLACEMENT_3D ( 'NONE', #3897, #9664, #9387 ) ;
#2197 = CARTESIAN_POINT ( 'NONE',  ( -1.756779144828384265, -1.010000000000000009, 0.4259728446996484674 ) ) ;
#2198 = VECTOR ( 'NONE', #5822, 1000.000000000000000 ) ;
#2199 = PRESENTATION_LAYER_ASSIGNMENT (  '', '', ( #7797 ) ) ;
#2201 = EDGE_CURVE ( 'NONE', #11335, #10136, #5644, .T. ) ;
#2200 = CARTESIAN_POINT ( 'NONE',  ( -1.702336694901322334, -1.010000000000000009, 0.3742260421614295729 ) ) ;
#2202 = COLOUR_RGB ( '',0.7529411764705882248, 0.7529411764705882248, 0.7529411764705882248 ) ;
#2203 = EDGE_LOOP ( 'NONE', ( #4225, #1891, #3680, #1637 ) ) ;
#2204 = DIRECTION ( 'NONE',  ( -1.000000000000000000, -0.0000000000000000000, -0.0000000000000000000 ) ) ;
#2205 = ORIENTED_EDGE ( 'NONE', *, *, #10248, .T. ) ;
#2206 = SURFACE_STYLE_USAGE ( .BOTH. , #1361 ) ;
#2207 = ORIENTED_EDGE ( 'NONE', *, *, #9887, .T. ) ;
#2208 = DIRECTION ( 'NONE',  ( -0.7071067811865505703, -0.7071067811865444641, -0.0000000000000000000 ) ) ;
#2209 = MECHANICAL_DESIGN_GEOMETRIC_PRESENTATION_REPRESENTATION (  '', ( #6055 ), #4900 ) ;
#2210 = SURFACE_SIDE_STYLE ('',( #8329 ) ) ;
#2211 = CARTESIAN_POINT ( 'NONE',  ( -1.668135668665369442, -1.010000000000000009, 0.2474343418007252937 ) ) ;
#2212 = SURFACE_STYLE_FILL_AREA ( #8667 ) ;
#2213 = COLOUR_RGB ( '',0.7529411764705882248, 0.7529411764705882248, 0.7529411764705882248 ) ;
#2214 = FILL_AREA_STYLE_COLOUR ( '', #10747 ) ;
#2215 = DIRECTION ( 'NONE',  ( -0.0000000000000000000, 1.000000000000000000, -0.0000000000000000000 ) ) ;
#2216 = CARTESIAN_POINT ( 'NONE',  ( -1.436719154056131931, -1.010000000000000009, 0.2778566480374710101 ) ) ;
#2218 = EDGE_CURVE ( 'NONE', #3074, #2619, #993, .T. ) ;
#2217 = CARTESIAN_POINT ( 'NONE',  ( -1.764408789667795130, -1.010000000000000009, 0.2398769018023066135 ) ) ;
#2219 = VECTOR ( 'NONE', #10606, 1000.000000000000000 ) ;
#2220 = DIRECTION ( 'NONE',  ( -0.0000000000000000000, 1.000000000000000000, -0.0000000000000000000 ) ) ;
#2221 = ORIENTED_EDGE ( 'NONE', *, *, #1078, .T. ) ;
#2222 = VECTOR ( 'NONE', #2744, 1000.000000000000000 ) ;
#2223 = EDGE_CURVE ( 'NONE', #2060, #1459, #7623, .T. ) ;
#2224 = LINE ( 'NONE', #5949, #213 ) ;
#2225 = AXIS2_PLACEMENT_3D ( 'NONE', #3663, #8146, #7165 ) ;
#2226 = SURFACE_STYLE_USAGE ( .BOTH. , #10493 ) ;
#2227 = VECTOR ( 'NONE', #5704, 1000.000000000000000 ) ;
#2228 = CARTESIAN_POINT ( 'NONE',  ( -1.353587314070317404, -1.000000000000000000, 0.2350632457518952168 ) ) ;
#2229 =( LENGTH_UNIT ( ) NAMED_UNIT ( * ) SI_UNIT ( .MILLI., .METRE. ) );
#2230 = LINE ( 'NONE', #5896, #7028 ) ;
#2231 = EDGE_CURVE ( 'NONE', #6119, #1720, #3848, .T. ) ;
#2232 =( GEOMETRIC_REPRESENTATION_CONTEXT ( 3 ) GLOBAL_UNCERTAINTY_ASSIGNED_CONTEXT ( ( #4566 ) ) GLOBAL_UNIT_ASSIGNED_CONTEXT ( ( #10591, #6730, #4842 ) ) REPRESENTATION_CONTEXT ( 'NONE', 'WORKASPACE' ) );
#2233 = ORIENTED_EDGE ( 'NONE', *, *, #8055, .T. ) ;
#2234 = ORIENTED_EDGE ( 'NONE', *, *, #4016, .F. ) ;
#2235 = ORIENTED_EDGE ( 'NONE', *, *, #11508, .T. ) ;
#2236 = DIRECTION ( 'NONE',  ( -0.3385350342956569003, 0.0000000000000000000, -0.9409537876827099856 ) ) ;
#2237 = CARTESIAN_POINT ( 'NONE',  ( 2.500000000000000000, 0.9500000000000007327, 0.5500000000000007105 ) ) ;
#2238 = CARTESIAN_POINT ( 'NONE',  ( -2.206700915953803577, -1.000000000000000000, 0.4225328158202146800 ) ) ;
#2239 = PLANE ( 'NONE',  #6553 ) ;
#2240 = DIRECTION ( 'NONE',  ( 0.0000000000000000000, 1.000000000000000000, 0.0000000000000000000 ) ) ;
#2241 = DIRECTION ( 'NONE',  ( -0.0000000000000000000, 1.000000000000000000, -0.0000000000000000000 ) ) ;
#2242 = B_SPLINE_CURVE_WITH_KNOTS ( 'NONE', 3,
 ( #2465, #6147, #2872, #948 ),
 .UNSPECIFIED., .F., .F.,
 ( 4, 4 ),
 ( 19.00000000000000000, 20.00000000000000000 ),
 .UNSPECIFIED. ) ;
#2243 = AXIS2_PLACEMENT_3D ( 'NONE', #1732, #3643, #5442 ) ;
#2244 = CARTESIAN_POINT ( 'NONE',  ( -1.717957008784130712, -1.000000000000000000, 0.3570894266226369851 ) ) ;
#2245 = DIRECTION ( 'NONE',  ( 1.000000000000000000, 0.0000000000000000000, -0.0000000000000000000 ) ) ;
#2246 = CARTESIAN_POINT ( 'NONE',  ( -1.388943617757946614, -1.000000000000000000, 0.2457014256227323390 ) ) ;
#2248 = EDGE_CURVE ( 'NONE', #1905, #3507, #10790, .T. ) ;
#2247 = DIRECTION ( 'NONE',  ( -0.0000000000000000000, 0.0000000000000000000, 1.000000000000000000 ) ) ;
#2249 = ADVANCED_FACE ( 'NONE', ( #9337 ), #1076, .F. ) ;
#2250 = CARTESIAN_POINT ( 'NONE',  ( -1.664116265863606836, -1.010000000000000009, 0.2328489639687963964 ) ) ;
#2251 = VERTEX_POINT ( 'NONE', #9393 ) ;
#2252 = VERTEX_POINT ( 'NONE', #10422 ) ;
#2253 = EDGE_LOOP ( 'NONE', ( #5025, #1296, #2003, #1832, #10369, #7826, #4955, #4071, #4015, #9805, #10710, #8931, #9143, #2889, #8914, #8838, #11242, #2178, #7391, #1474, #397 ) ) ;
#2254 =( NAMED_UNIT ( * ) PLANE_ANGLE_UNIT ( ) SI_UNIT ( $, .RADIAN. ) );
#2255 = ORIENTED_EDGE ( 'NONE', *, *, #3158, .F. ) ;
#2256 = FACE_BOUND ( 'NONE', #5208, .T. ) ;
#2257 = VECTOR ( 'NONE', #7860, 1000.000000000000000 ) ;
#2258 = ORIENTED_EDGE ( 'NONE', *, *, #3262, .F. ) ;
#2259 = CARTESIAN_POINT ( 'NONE',  ( -1.514941064870001020, -1.010000000000000009, 0.2093101858842237595 ) ) ;
#2260 = CARTESIAN_POINT ( 'NONE',  ( -1.726717862795309255, -1.000000000000000000, 0.2685181553006110167 ) ) ;
#2261 = PRESENTATION_LAYER_ASSIGNMENT (  '', '', ( #6495 ) ) ;
#2262 = EDGE_CURVE ( 'NONE', #6566, #2531, #5146, .T. ) ;
#2263 = VERTEX_POINT ( 'NONE', #11263 ) ;
#2264 = VECTOR ( 'NONE', #7581, 1000.000000000000000 ) ;
#2265 = CARTESIAN_POINT ( 'NONE',  ( -1.553426244990493643, -1.000000000000000000, 0.2625010852377568926 ) ) ;
#2266 = ORIENTED_EDGE ( 'NONE', *, *, #3544, .T. ) ;
#2267 = PRESENTATION_STYLE_ASSIGNMENT (( #2206 ) ) ;
#2268 = VERTEX_POINT ( 'NONE', #8618 ) ;
#2269 = VECTOR ( 'NONE', #6257, 1000.000000000000227 ) ;
#2270 = CARTESIAN_POINT ( 'NONE',  ( -1.750834279606522825, -1.000000000000000000, 0.3778362841987565335 ) ) ;
#2271 = CARTESIAN_POINT ( 'NONE',  ( -1.655572026374432237, -1.010000000000000009, 0.2417060911011922608 ) ) ;
#2272 = B_SPLINE_SURFACE_WITH_KNOTS ( 'NONE', 3, 1, ( 
 ( #184, #6543 ),
 ( #8425, #3885 ),
 ( #2083, #11367 ),
 ( #5629, #125 ) ),
 .UNSPECIFIED., .F., .F., .F.,
 ( 4, 4 ),
 ( 2, 2 ),
 ( 1.000000000000000000, 2.000000000000000000 ),
 ( 0.0000000000000000000, 1.000000000000000000 ),
 .UNSPECIFIED. ) ;
#2273 = ADVANCED_FACE ( 'NONE', ( #2040 ), #6498, .F. ) ;
#2274 = PLANE ( 'NONE',  #9696 ) ;
#2275 = COLOUR_RGB ( '',0.0000000000000000000, 0.0000000000000000000, 0.0000000000000000000 ) ;
#2276 = DIRECTION ( 'NONE',  ( -0.0000000000000000000, 1.000000000000000000, -0.0000000000000000000 ) ) ;
#2277 = LINE ( 'NONE', #261, #10383 ) ;
#2278 = VECTOR ( 'NONE', #5813, 1000.000000000000000 ) ;
#2279 = UNCERTAINTY_MEASURE_WITH_UNIT (LENGTH_MEASURE( 1.000000000000000082E-05 ), #3162, 'distance_accuracy_value', 'NONE');
#2280 = ORIENTED_EDGE ( 'NONE', *, *, #1268, .T. ) ;
#2281 = DIRECTION ( 'NONE',  ( -1.000000000000000000, -0.0000000000000000000, -0.0000000000000000000 ) ) ;
#2282 = CARTESIAN_POINT ( 'NONE',  ( -1.484326212391473554, -1.000000000000000000, 0.4528330454595122512 ) ) ;
#2283 = EDGE_CURVE ( 'NONE', #8482, #3507, #3170, .T. ) ;
#2284 = UNCERTAINTY_MEASURE_WITH_UNIT (LENGTH_MEASURE( 1.000000000000000082E-05 ), #2923, 'distance_accuracy_value', 'NONE');
#2285 = COLOUR_RGB ( '',0.0000000000000000000, 0.0000000000000000000, 0.0000000000000000000 ) ;
#2286 = CARTESIAN_POINT ( 'NONE',  ( -1.702336694901322334, -1.000000000000000000, 0.4378625751440138325 ) ) ;
#2287 = SURFACE_STYLE_FILL_AREA ( #5484 ) ;
#2288 =( NAMED_UNIT ( * ) SI_UNIT ( $, .STERADIAN. ) SOLID_ANGLE_UNIT ( ) );
#2289 = CARTESIAN_POINT ( 'NONE',  ( -1.610636547146431896, -1.010000000000000009, 0.2204778679199694558 ) ) ;
#2290 = CARTESIAN_POINT ( 'NONE',  ( -1.710375500505164847, -1.010000000000000009, 0.2093101858842237595 ) ) ;
#2291 = EDGE_CURVE ( 'NONE', #98, #7821, #2277, .T. ) ;
#2292 = UNCERTAINTY_MEASURE_WITH_UNIT (LENGTH_MEASURE( 1.000000000000000082E-05 ), #9179, 'distance_accuracy_value', 'NONE');
#2293 =( GEOMETRIC_REPRESENTATION_CONTEXT ( 3 ) GLOBAL_UNCERTAINTY_ASSIGNED_CONTEXT ( ( #8928 ) ) GLOBAL_UNIT_ASSIGNED_CONTEXT ( ( #11089, #6503, #5413 ) ) REPRESENTATION_CONTEXT ( 'NONE', 'WORKASPACE' ) );
#2294 = VERTEX_POINT ( 'NONE', #3903 ) ;
#2295 = VERTEX_POINT ( 'NONE', #6289 ) ;
#2296 = EDGE_LOOP ( 'NONE', ( #767, #2734, #9834, #6470 ) ) ;
#2297 = FACE_OUTER_BOUND ( 'NONE', #1299, .T. ) ;
#2298 = PRESENTATION_LAYER_ASSIGNMENT (  '', '', ( #951 ) ) ;
#2299 = DIRECTION ( 'NONE',  ( -0.3385350343141469431, 0.0000000000000000000, -0.9409537876760576403 ) ) ;
#2300 = B_SPLINE_CURVE_WITH_KNOTS ( 'NONE', 3,
 ( #6941, #11449, #11506, #459 ),
 .UNSPECIFIED., .F., .F.,
 ( 4, 4 ),
 ( 15.00000000000000000, 16.00000000000000000 ),
 .UNSPECIFIED. ) ;
#2301 = EDGE_CURVE ( 'NONE', #8489, #3868, #8069, .T. ) ;
#2302 = SURFACE_STYLE_FILL_AREA ( #7616 ) ;
#2303 = PLANE ( 'NONE',  #7274 ) ;
#2304 = CARTESIAN_POINT ( 'NONE',  ( -1.702336694901322334, -1.010000000000000009, 0.3742260421614295729 ) ) ;
#2305 = FILL_AREA_STYLE ('',( #2066 ) ) ;
#2306 = PRESENTATION_STYLE_ASSIGNMENT (( #5221 ) ) ;
#2307 = EDGE_CURVE ( 'NONE', #3072, #2416, #6608, .T. ) ;
#2308 = SURFACE_SIDE_STYLE ('',( #1226 ) ) ;
#2309 = AXIS2_PLACEMENT_3D ( 'NONE', #2259, #4961, #4184 ) ;
#2310 =( NAMED_UNIT ( * ) SI_UNIT ( $, .STERADIAN. ) SOLID_ANGLE_UNIT ( ) );
#2311 = EDGE_LOOP ( 'NONE', ( #3017, #4806, #413, #10227 ) ) ;
#2312 = ORIENTED_EDGE ( 'NONE', *, *, #7255, .F. ) ;
#2313 = SURFACE_STYLE_USAGE ( .BOTH. , #4781 ) ;
#2314 = ORIENTED_EDGE ( 'NONE', *, *, #8014, .F. ) ;
#2315 = CARTESIAN_POINT ( 'NONE',  ( -2.185279060597537626, -1.010000000000000009, 0.1648010583142833774 ) ) ;
#2316 = LINE ( 'NONE', #5972, #11038 ) ;
#2317 = EDGE_CURVE ( 'NONE', #4274, #6909, #2539, .T. ) ;
#2318 = ORIENTED_EDGE ( 'NONE', *, *, #11272, .F. ) ;
#2319 = CARTESIAN_POINT ( 'NONE',  ( -1.694394162418690009, -1.010000000000000009, 0.2116688773486635200 ) ) ;
#2320 = SURFACE_STYLE_USAGE ( .BOTH. , #1174 ) ;
#2321 = LINE ( 'NONE', #11200, #7022 ) ;
#2322 = SURFACE_STYLE_USAGE ( .BOTH. , #3948 ) ;
#2323 = DIRECTION ( 'NONE',  ( -0.3559357243643085367, -0.0000000000000000000, 0.9345104387438670779 ) ) ;
#2324 = DIRECTION ( 'NONE',  ( 0.0000000000000000000, 1.000000000000000000, 0.0000000000000000000 ) ) ;
#2325 = AXIS2_PLACEMENT_3D ( 'NONE', #10137, #10251, #3912 ) ;
#2326 = EDGE_LOOP ( 'NONE', ( #8652, #5483, #10927, #3267, #10538, #4639, #1888, #3701, #7490, #8421, #235, #5708, #8608, #161 ) ) ;
#2327 = CARTESIAN_POINT ( 'NONE',  ( -1.683491231465078952, -1.010000000000000009, 0.4528330454595122512 ) ) ;
#2328 = ORIENTED_EDGE ( 'NONE', *, *, #6763, .F. ) ;
#2329 = CARTESIAN_POINT ( 'NONE',  ( -1.750834279606522825, -1.010000000000000009, 0.3778362841987565335 ) ) ;
#2330 = VERTEX_POINT ( 'NONE', #8885 ) ;
#2331 = DIRECTION ( 'NONE',  ( 0.0000000000000000000, 0.0000000000000000000, -1.000000000000000000 ) ) ;
#2332 = ADVANCED_FACE ( 'NONE', ( #10700 ), #113, .T. ) ;
#2333 = EDGE_CURVE ( 'NONE', #9171, #240, #3448, .T. ) ;
#2334 = LINE ( 'NONE', #4140, #2110 ) ;
#2335 =( LENGTH_UNIT ( ) NAMED_UNIT ( * ) SI_UNIT ( .MILLI., .METRE. ) );
#2336 = CARTESIAN_POINT ( 'NONE',  ( -1.538407638114548170, -1.010000000000000009, 0.4069589033021648317 ) ) ;
#2337 = SURFACE_SIDE_STYLE ('',( #7768 ) ) ;
#2338 = COLOUR_RGB ( '',0.0000000000000000000, 0.0000000000000000000, 0.0000000000000000000 ) ;
#2339 = CARTESIAN_POINT ( 'NONE',  ( -1.632803433257323134, -1.000000000000000000, 0.1776363290739492451 ) ) ;
#2340 = CARTESIAN_POINT ( 'NONE',  ( -1.724647990693872091, -1.000000000000000000, 0.4544215519561667915 ) ) ;
#2341 = STYLED_ITEM ( 'NONE', ( #1425 ), #5410 ) ;
#2342 = CARTESIAN_POINT ( 'NONE',  ( -1.652202467139338937, -1.000000000000000000, 0.2751128640888174659 ) ) ;
#2343 = SURFACE_SIDE_STYLE ('',( #3235 ) ) ;
#2344 = SURFACE_STYLE_USAGE ( .BOTH. , #511 ) ;
#2345 = VECTOR ( 'NONE', #9970, 1000.000000000000000 ) ;
#2346 = CARTESIAN_POINT ( 'NONE',  ( -1.657232737711758164, -1.010000000000000009, 0.2668815122435106990 ) ) ;
#2347 = LINE ( 'NONE', #1443, #460 ) ;
#2348 = SURFACE_STYLE_USAGE ( .BOTH. , #10612 ) ;
#2349 = CARTESIAN_POINT ( 'NONE',  ( -1.444156252652793793, -1.010000000000000009, 0.2993255540209242560 ) ) ;
#2350 = FACE_OUTER_BOUND ( 'NONE', #4651, .T. ) ;
#2351 = VECTOR ( 'NONE', #4826, 1000.000000000000000 ) ;
#2352 = ADVANCED_FACE ( 'NONE', ( #842 ), #8166, .T. ) ;
#2353 = ORIENTED_EDGE ( 'NONE', *, *, #6657, .T. ) ;
#2354 = ORIENTED_EDGE ( 'NONE', *, *, #5827, .F. ) ;
#2355 = ORIENTED_EDGE ( 'NONE', *, *, #648, .F. ) ;
#2356 = LINE ( 'NONE', #7854, #4674 ) ;
#2357 = PRESENTATION_STYLE_ASSIGNMENT (( #10626 ) ) ;
#2358 = LINE ( 'NONE', #6019, #4393 ) ;
#2359 = CARTESIAN_POINT ( 'NONE',  ( -2.002523796838695080, -1.010000000000000009, 0.3542506287292847000 ) ) ;
#2360 = DIRECTION ( 'NONE',  ( -0.0000000000000000000, 0.0000000000000000000, 1.000000000000000000 ) ) ;
#2361 = SURFACE_SIDE_STYLE ('',( #2593 ) ) ;
#2362 = LINE ( 'NONE', #1525, #8929 ) ;
#2363 = SURFACE_STYLE_FILL_AREA ( #5966 ) ;
#2364 = SURFACE_STYLE_FILL_AREA ( #11401 ) ;
#2365 = FILL_AREA_STYLE ('',( #10637 ) ) ;
#2366 = SURFACE_STYLE_USAGE ( .BOTH. , #8890 ) ;
#2367 = EDGE_CURVE ( 'NONE', #10687, #6085, #11474, .T. ) ;
#2368 = ORIENTED_EDGE ( 'NONE', *, *, #7532, .F. ) ;
#2369 = MECHANICAL_DESIGN_GEOMETRIC_PRESENTATION_REPRESENTATION (  '', ( #7386 ), #6999 ) ;
#2370 = ORIENTED_EDGE ( 'NONE', *, *, #2333, .F. ) ;
#2371 = ORIENTED_EDGE ( 'NONE', *, *, #9719, .T. ) ;
#2372 = LINE ( 'NONE', #9728, #4482 ) ;
#2373 = EDGE_LOOP ( 'NONE', ( #5873, #2683, #9030, #5686 ) ) ;
#2374 = CARTESIAN_POINT ( 'NONE',  ( -1.652924515546996265, -1.010000000000000009, 0.2387216243503121338 ) ) ;
#2375 = CARTESIAN_POINT ( 'NONE',  ( -1.392794542598787988, -1.010000000000000009, 0.2350632457518952168 ) ) ;
#2376 = PRESENTATION_LAYER_ASSIGNMENT (  '', '', ( #6225 ) ) ;
#2377 = LINE ( 'NONE', #9735, #11181 ) ;
#2378 = PRESENTATION_STYLE_ASSIGNMENT (( #8897 ) ) ;
#2379 = CARTESIAN_POINT ( 'NONE',  ( -2.177245856858871953, -1.000000000000000000, 0.4519878781069318618 ) ) ;
#2380 = MECHANICAL_DESIGN_GEOMETRIC_PRESENTATION_REPRESENTATION (  '', ( #1989 ), #3336 ) ;
#2381 = CARTESIAN_POINT ( 'NONE',  ( 0.0000000000000000000, -1.010000000000000009, 0.0000000000000000000 ) ) ;
#2382 = ADVANCED_FACE ( 'NONE', ( #11942 ), #10560, .F. ) ;
#2383 =( GEOMETRIC_REPRESENTATION_CONTEXT ( 3 ) GLOBAL_UNCERTAINTY_ASSIGNED_CONTEXT ( ( #7222 ) ) GLOBAL_UNIT_ASSIGNED_CONTEXT ( ( #6303, #8898, #9801 ) ) REPRESENTATION_CONTEXT ( 'NONE', 'WORKASPACE' ) );
#2384 = ORIENTED_EDGE ( 'NONE', *, *, #6746, .F. ) ;
#2385 = FACE_OUTER_BOUND ( 'NONE', #6977, .T. ) ;
#2386 = ORIENTED_EDGE ( 'NONE', *, *, #9392, .F. ) ;
#2387 = MECHANICAL_DESIGN_GEOMETRIC_PRESENTATION_REPRESENTATION (  '', ( #3545 ), #2574 ) ;
#2388 =( GEOMETRIC_REPRESENTATION_CONTEXT ( 3 ) GLOBAL_UNCERTAINTY_ASSIGNED_CONTEXT ( ( #11919 ) ) GLOBAL_UNIT_ASSIGNED_CONTEXT ( ( #4200, #9561, #5940 ) ) REPRESENTATION_CONTEXT ( 'NONE', 'WORKASPACE' ) );
#2389 = CARTESIAN_POINT ( 'NONE',  ( -1.760076499222489987, -1.000000000000000000, 0.3934325298013402472 ) ) ;
#2390 = DIRECTION ( 'NONE',  ( -0.0000000000000000000, 0.0000000000000000000, 1.000000000000000000 ) ) ;
#2391 = CARTESIAN_POINT ( 'NONE',  ( -1.614487471986630895, -1.010000000000000009, 0.1848086765887972382 ) ) ;
#2392 = SURFACE_STYLE_FILL_AREA ( #11618 ) ;
#2393 = B_SPLINE_SURFACE_WITH_KNOTS ( 'NONE', 3, 1, ( 
 ( #8790, #6799 ),
 ( #7706, #10598 ),
 ( #10664, #10476 ),
 ( #2336, #3227 ) ),
 .UNSPECIFIED., .F., .F., .F.,
 ( 4, 4 ),
 ( 2, 2 ),
 ( 4.000000000000000000, 5.000000000000000000 ),
 ( 0.0000000000000000000, 1.000000000000000000 ),
 .UNSPECIFIED. ) ;
#2394 = FILL_AREA_STYLE_COLOUR ( '', #280 ) ;
#2395 = EDGE_CURVE ( 'NONE', #6535, #2263, #9408, .T. ) ;
#2396 = ADVANCED_FACE ( 'NONE', ( #9183 ), #3802, .F. ) ;
#2397 = UNCERTAINTY_MEASURE_WITH_UNIT (LENGTH_MEASURE( 1.000000000000000082E-05 ), #696, 'distance_accuracy_value', 'NONE');
#2398 = STYLED_ITEM ( 'NONE', ( #10667 ), #9355 ) ;
#2399 =( GEOMETRIC_REPRESENTATION_CONTEXT ( 3 ) GLOBAL_UNCERTAINTY_ASSIGNED_CONTEXT ( ( #8807 ) ) GLOBAL_UNIT_ASSIGNED_CONTEXT ( ( #9259, #2691, #5630 ) ) REPRESENTATION_CONTEXT ( 'NONE', 'WORKASPACE' ) );
#2400 = SURFACE_STYLE_USAGE ( .BOTH. , #1503 ) ;
#2401 = PRESENTATION_LAYER_ASSIGNMENT (  '', '', ( #8376 ) ) ;
#2402 = MECHANICAL_DESIGN_GEOMETRIC_PRESENTATION_REPRESENTATION (  '', ( #9342 ), #3165 ) ;
#2403 = LINE ( 'NONE', #9569, #6991 ) ;
#2404 = UNCERTAINTY_MEASURE_WITH_UNIT (LENGTH_MEASURE( 1.000000000000000082E-05 ), #3626, 'distance_accuracy_value', 'NONE');
#2405 = LINE ( 'NONE', #4265, #3805 ) ;
#2406 = CARTESIAN_POINT ( 'NONE',  ( -1.997168336191654125, -1.010000000000000009, 0.3542506287292847000 ) ) ;
#2407 = CARTESIAN_POINT ( 'NONE',  ( -1.814181993226108291, -1.000000000000000000, 0.2625010852377568926 ) ) ;
#2408 = PRESENTATION_LAYER_ASSIGNMENT (  '', '', ( #9339 ) ) ;
#2409 = SURFACE_SIDE_STYLE ('',( #9945 ) ) ;
#2410 = SURFACE_SIDE_STYLE ('',( #8990 ) ) ;
#2411 = SURFACE_SIDE_STYLE ('',( #4328 ) ) ;
#2412 =( GEOMETRIC_REPRESENTATION_CONTEXT ( 3 ) GLOBAL_UNCERTAINTY_ASSIGNED_CONTEXT ( ( #972 ) ) GLOBAL_UNIT_ASSIGNED_CONTEXT ( ( #6342, #10249, #8222 ) ) REPRESENTATION_CONTEXT ( 'NONE', 'WORKASPACE' ) );
#2413 = PRESENTATION_LAYER_ASSIGNMENT (  '', '', ( #11269 ) ) ;
#2414 = UNCERTAINTY_MEASURE_WITH_UNIT (LENGTH_MEASURE( 1.000000000000000082E-05 ), #8130, 'distance_accuracy_value', 'NONE');
#2415 = EDGE_LOOP ( 'NONE', ( #10469, #4290, #9079, #3187 ) ) ;
#2416 = VERTEX_POINT ( 'NONE', #2894 ) ;
#2417 = VERTEX_POINT ( 'NONE', #1885 ) ;
#2418 = CARTESIAN_POINT ( 'NONE',  ( -2.185279060597537626, -1.010000000000000009, 0.1648010583142833774 ) ) ;
#2419 = PRESENTATION_LAYER_ASSIGNMENT (  '', '', ( #9926 ) ) ;
#2420 = CARTESIAN_POINT ( 'NONE',  ( -2.450000000000000622, 0.0000000000000000000, 0.0000000000000000000 ) ) ;
#2421 = FACE_OUTER_BOUND ( 'NONE', #2865, .T. ) ;
#2422 =( NAMED_UNIT ( * ) PLANE_ANGLE_UNIT ( ) SI_UNIT ( $, .RADIAN. ) );
#2423 = PRESENTATION_STYLE_ASSIGNMENT (( #718 ) ) ;
#2424 = SURFACE_SIDE_STYLE ('',( #4233 ) ) ;
#2425 = ADVANCED_FACE ( 'NONE', ( #1090 ), #4758, .F. ) ;
#2426 = CARTESIAN_POINT ( 'NONE',  ( -1.553426244990493643, -1.010000000000000009, 0.2926345721118238097 ) ) ;
#2427 = CARTESIAN_POINT ( 'NONE',  ( -1.702336694901322556, -1.010000000000000009, 0.3742260421614295729 ) ) ;
#2428 = STYLED_ITEM ( 'NONE', ( #8787 ), #10130 ) ;
#2429 = DIRECTION ( 'NONE',  ( 1.000000000000000000, -0.0000000000000000000, -0.0000000000000000000 ) ) ;
#2430 = AXIS2_PLACEMENT_3D ( 'NONE', #8907, #9038, #9753 ) ;
#2431 = DIRECTION ( 'NONE',  ( 0.7071067811865474617, 0.0000000000000000000, -0.7071067811865475727 ) ) ;
#2432 = VERTEX_POINT ( 'NONE', #2290 ) ;
#2433 = VERTEX_POINT ( 'NONE', #11389 ) ;
#2434 = DIRECTION ( 'NONE',  ( 0.0000000000000000000, 0.0000000000000000000, 1.000000000000000000 ) ) ;
#2435 = PRESENTATION_STYLE_ASSIGNMENT (( #7030 ) ) ;
#2436 = EDGE_LOOP ( 'NONE', ( #1591, #1473, #10261, #9071 ) ) ;
#2437 = FILL_AREA_STYLE_COLOUR ( '', #7068 ) ;
#2438 = CARTESIAN_POINT ( 'NONE',  ( 0.0000000000000000000, 0.0000000000000000000, 0.0000000000000000000 ) ) ;
#2439 = ADVANCED_FACE ( 'NONE', ( #1208 ), #9578, .F. ) ;
#2440 = SURFACE_STYLE_FILL_AREA ( #7145 ) ;
#2441 = CARTESIAN_POINT ( 'NONE',  ( -1.694394162418690009, -1.000000000000000000, 0.2116688773486635478 ) ) ;
#2442 = SURFACE_STYLE_USAGE ( .BOTH. , #11669 ) ;
#2443 = VERTEX_POINT ( 'NONE', #7664 ) ;
#2444 = FILL_AREA_STYLE_COLOUR ( '', #10175 ) ;
#2445 = ORIENTED_EDGE ( 'NONE', *, *, #5985, .T. ) ;
#2446 = DIRECTION ( 'NONE',  ( -1.000000000000000000, 0.0000000000000000000, -0.0000000000000000000 ) ) ;
#2447 = ORIENTED_EDGE ( 'NONE', *, *, #8993, .T. ) ;
#2448 = DIRECTION ( 'NONE',  ( -0.0000000000000000000, 1.000000000000000000, -0.0000000000000000000 ) ) ;
#2449 = CARTESIAN_POINT ( 'NONE',  ( -1.671336749938581390, -1.000000000000000000, 0.4420023193468916589 ) ) ;
#2450 = CARTESIAN_POINT ( 'NONE',  ( -1.752687537185633859, -1.010000000000000009, 0.3613735805074955731 ) ) ;
#2451 = ADVANCED_FACE ( 'NONE', ( #4935 ), #6409, .T. ) ;
#2452 = STYLED_ITEM ( 'NONE', ( #10127 ), #4093 ) ;
#2453 = DIRECTION ( 'NONE',  ( -0.0000000000000000000, 1.000000000000000000, -0.0000000000000000000 ) ) ;
#2454 = CARTESIAN_POINT ( 'NONE',  ( -1.683491231465078952, -1.000000000000000000, 0.4528330454595122512 ) ) ;
#2455 =( NAMED_UNIT ( * ) PLANE_ANGLE_UNIT ( ) SI_UNIT ( $, .RADIAN. ) );
#2456 = SURFACE_STYLE_USAGE ( .BOTH. , #1745 ) ;
#2457 = PLANE ( 'NONE',  #7469 ) ;
#2458 = ORIENTED_EDGE ( 'NONE', *, *, #2667, .F. ) ;
#2459 = STYLED_ITEM ( 'NONE', ( #7346 ), #4347 ) ;
#2460 = PLANE ( 'NONE',  #2546 ) ;
#2461 = CARTESIAN_POINT ( 'NONE',  ( -1.702336694901322334, -1.000000000000000000, 0.3742260421614295729 ) ) ;
#2463 = EDGE_CURVE ( 'NONE', #4873, #9145, #7237, .T. ) ;
#2462 =( NAMED_UNIT ( * ) PLANE_ANGLE_UNIT ( ) SI_UNIT ( $, .RADIAN. ) );
#2464 = FACE_OUTER_BOUND ( 'NONE', #4897, .T. ) ;
#2465 = CARTESIAN_POINT ( 'NONE',  ( -2.221428439117376197, -1.000000000000000000, 0.3837057261294960497 ) ) ;
#2466 = EDGE_CURVE ( 'NONE', #7562, #9983, #4269, .T. ) ;
#2467 = COLOUR_RGB ( '',0.0000000000000000000, 0.0000000000000000000, 0.0000000000000000000 ) ;
#2468 = FILL_AREA_STYLE_COLOUR ( '', #6819 ) ;
#2469 = SURFACE_SIDE_STYLE ('',( #1511 ) ) ;
#2470 = CARTESIAN_POINT ( 'NONE',  ( 2.500000000000000000, -0.9500000000000007327, 0.04999999999999926725 ) ) ;
#2471 = CARTESIAN_POINT ( 'NONE',  ( -1.686764517579279365, -1.010000000000000009, 0.2727541726243808973 ) ) ;
#2472 = B_SPLINE_CURVE_WITH_KNOTS ( 'NONE', 3,
 ( #2771, #4511, #5775, #4033 ),
 .UNSPECIFIED., .F., .F.,
 ( 4, 4 ),
 ( 1.000000000000000000, 2.000000000000000000 ),
 .UNSPECIFIED. ) ;
#2473 = ORIENTED_EDGE ( 'NONE', *, *, #2617, .F. ) ;
#2474 = ORIENTED_EDGE ( 'NONE', *, *, #7219, .F. ) ;
#2475 = AXIS2_PLACEMENT_3D ( 'NONE', #9110, #889, #1925 ) ;
#2476 = ORIENTED_EDGE ( 'NONE', *, *, #6459, .F. ) ;
#2477 = VECTOR ( 'NONE', #4270, 1000.000000000000000 ) ;
#2478 = LINE ( 'NONE', #3192, #3106 ) ;
#2479 =( LENGTH_UNIT ( ) NAMED_UNIT ( * ) SI_UNIT ( .MILLI., .METRE. ) );
#2480 = SURFACE_STYLE_USAGE ( .BOTH. , #8047 ) ;
#2481 = DIRECTION ( 'NONE',  ( 1.000000000000000000, -0.0000000000000000000, -0.0000000000000000000 ) ) ;
#2482 = CARTESIAN_POINT ( 'NONE',  ( -1.772832687755529824, -1.010000000000000009, 0.4039744365506410806 ) ) ;
#2483 = CARTESIAN_POINT ( 'NONE',  ( -1.702336694901322334, -1.010000000000000009, 0.3742260421614295729 ) ) ;
#2484 = DIRECTION ( 'NONE',  ( 1.000000000000000000, 0.0000000000000000000, -0.0000000000000000000 ) ) ;
#2485 = DIRECTION ( 'NONE',  ( -0.0000000000000000000, -0.0000000000000000000, 1.000000000000000000 ) ) ;
#2486 = FILL_AREA_STYLE ('',( #7021 ) ) ;
#2487 = SURFACE_STYLE_FILL_AREA ( #1399 ) ;
#2488 = COLOUR_RGB ( '',0.0000000000000000000, 0.0000000000000000000, 0.0000000000000000000 ) ;
#2489 = ORIENTED_EDGE ( 'NONE', *, *, #11829, .F. ) ;
#2490 = ORIENTED_EDGE ( 'NONE', *, *, #1362, .T. ) ;
#2491 = ORIENTED_EDGE ( 'NONE', *, *, #7164, .F. ) ;
#2492 =( LENGTH_UNIT ( ) NAMED_UNIT ( * ) SI_UNIT ( .MILLI., .METRE. ) );
#2493 = ORIENTED_EDGE ( 'NONE', *, *, #3326, .T. ) ;
#2494 = FILL_AREA_STYLE_COLOUR ( '', #755 ) ;
#2495 = DIRECTION ( 'NONE',  ( -0.0000000000000000000, -0.0000000000000000000, -1.000000000000000000 ) ) ;
#2496 =( NAMED_UNIT ( * ) PLANE_ANGLE_UNIT ( ) SI_UNIT ( $, .RADIAN. ) );
#2497 = B_SPLINE_SURFACE_WITH_KNOTS ( 'NONE', 3, 1, ( 
 ( #1921, #1973 ),
 ( #1250, #8431 ),
 ( #11139, #3894 ),
 ( #2093, #6740 ) ),
 .UNSPECIFIED., .F., .F., .F.,
 ( 4, 4 ),
 ( 2, 2 ),
 ( 10.00000000000000000, 11.00000000000000000 ),
 ( 0.0000000000000000000, 1.000000000000000000 ),
 .UNSPECIFIED. ) ;
#2498 = DIRECTION ( 'NONE',  ( 0.3493954794973170297, 0.0000000000000000000, -0.9369753459439793541 ) ) ;
#2499 = CARTESIAN_POINT ( 'NONE',  ( -1.722168957827996172, -1.010000000000000009, 0.2520554516093513331 ) ) ;
#2500 = LINE ( 'NONE', #11540, #690 ) ;
#2501 = FILL_AREA_STYLE_COLOUR ( '', #2851 ) ;
#2502 = VERTEX_POINT ( 'NONE', #6080 ) ;
#2503 = ADVANCED_FACE ( 'NONE', ( #9889 ), #5291, .F. ) ;
#2504 = ORIENTED_EDGE ( 'NONE', *, *, #6028, .F. ) ;
#2505 = SURFACE_STYLE_FILL_AREA ( #6243 ) ;
#2506 = CARTESIAN_POINT ( 'NONE',  ( -1.775696813105298144, -1.000000000000000000, 0.2093101858842237595 ) ) ;
#2507 = CARTESIAN_POINT ( 'NONE',  ( -2.221428439117376197, -1.010000000000000009, 0.3837057261294960497 ) ) ;
#2508 =( LENGTH_UNIT ( ) NAMED_UNIT ( * ) SI_UNIT ( .MILLI., .METRE. ) );
#2509 = CARTESIAN_POINT ( 'NONE',  ( -1.612080643961746107, -1.010000000000000009, 0.2260135723777171035 ) ) ;
#2510 = DIRECTION ( 'NONE',  ( -0.0000000000000000000, 0.0000000000000000000, 1.000000000000000000 ) ) ;
#2511 = PRESENTATION_LAYER_ASSIGNMENT (  '', '', ( #3854 ) ) ;
#2512 = DIRECTION ( 'NONE',  ( -0.0000000000000000000, 1.000000000000000000, -0.0000000000000000000 ) ) ;
#2513 = UNCERTAINTY_MEASURE_WITH_UNIT (LENGTH_MEASURE( 1.000000000000000082E-05 ), #9116, 'distance_accuracy_value', 'NONE');
#2514 = DIRECTION ( 'NONE',  ( -0.9903286039881268321, 0.0000000000000000000, -0.1387416884823294005 ) ) ;
#2515 = ADVANCED_FACE ( 'NONE', ( #11566 ), #2525, .T. ) ;
#2516 = VECTOR ( 'NONE', #10432, 1000.000000000000227 ) ;
#2517 = B_SPLINE_CURVE_WITH_KNOTS ( 'NONE', 3,
 ( #5233, #534, #9780, #11580 ),
 .UNSPECIFIED., .F., .F.,
 ( 4, 4 ),
 ( 21.00000000000000000, 22.00000000000000000 ),
 .UNSPECIFIED. ) ;
#2518 =( LENGTH_UNIT ( ) NAMED_UNIT ( * ) SI_UNIT ( .MILLI., .METRE. ) );
#2519 = CARTESIAN_POINT ( 'NONE',  ( -1.722481845471217854, -1.000000000000000000, 0.2197076829521849017 ) ) ;
#2520 = UNCERTAINTY_MEASURE_WITH_UNIT (LENGTH_MEASURE( 1.000000000000000082E-05 ), #8576, 'distance_accuracy_value', 'NONE');
#2521 = PRESENTATION_LAYER_ASSIGNMENT (  '', '', ( #11572 ) ) ;
#2522 = FACE_OUTER_BOUND ( 'NONE', #10776, .T. ) ;
#2523 = CARTESIAN_POINT ( 'NONE',  ( -1.702336694901322334, -1.010000000000000009, 0.4505706271159670706 ) ) ;
#2524 = SURFACE_STYLE_USAGE ( .BOTH. , #457 ) ;
#2525 = PLANE ( 'NONE',  #1509 ) ;
#2526 = CARTESIAN_POINT ( 'NONE',  ( -1.401844215972966268, -1.010000000000000009, 0.2093101858842237595 ) ) ;
#2527 = UNCERTAINTY_MEASURE_WITH_UNIT (LENGTH_MEASURE( 1.000000000000000082E-05 ), #7297, 'distance_accuracy_value', 'NONE');
#2528 = EDGE_CURVE ( 'NONE', #10639, #1063, #6331, .T. ) ;
#2529 = EDGE_LOOP ( 'NONE', ( #5088, #708, #7112, #6000 ) ) ;
#2530 = VERTEX_POINT ( 'NONE', #143 ) ;
#2531 = VERTEX_POINT ( 'NONE', #8261 ) ;
#2532 = CARTESIAN_POINT ( 'NONE',  ( -2.271635930563852490, -1.000000000000000000, 0.2658854769807030283 ) ) ;
#2533 = CARTESIAN_POINT ( 'NONE',  ( -2.048045250642851034, -1.000000000000000000, 0.2297360601562266069 ) ) ;
#2534 = CARTESIAN_POINT ( 'NONE',  ( -1.514941064870001020, -1.000000000000000000, 0.2200446388759535743 ) ) ;
#2535 = CARTESIAN_POINT ( 'NONE',  ( -1.448464474817876768, -1.000000000000000000, 0.3586779331192915810 ) ) ;
#2536 = CARTESIAN_POINT ( 'NONE',  ( -1.648977317585904379, -1.000000000000000000, 0.2276020788743692014 ) ) ;
#2537 = CARTESIAN_POINT ( 'NONE',  ( -1.471257136214887629, -1.000000000000000000, 0.2093101858842237872 ) ) ;
#2538 = DIRECTION ( 'NONE',  ( -1.000000000000000000, 0.0000000000000000000, -0.0000000000000000000 ) ) ;
#2539 = LINE ( 'NONE', #3572, #4592 ) ;
#2540 = CARTESIAN_POINT ( 'NONE',  ( -2.240172589686975080, -1.010000000000000009, 0.1835451833467068861 ) ) ;
#2541 = B_SPLINE_CURVE_WITH_KNOTS ( 'NONE', 3,
 ( #54, #6482, #10958, #1052 ),
 .UNSPECIFIED., .F., .F.,
 ( 4, 4 ),
 ( 0.0000000000000000000, 1.000000000000000000 ),
 .UNSPECIFIED. ) ;
#2542 = ORIENTED_EDGE ( 'NONE', *, *, #763, .F. ) ;
#2543 = ADVANCED_FACE ( 'NONE', ( #5585 ), #8320, .F. ) ;
#2544 = ORIENTED_EDGE ( 'NONE', *, *, #6224, .T. ) ;
#2545 = CARTESIAN_POINT ( 'NONE',  ( -1.661083662551957385, -1.010000000000000009, 0.2290461756896872147 ) ) ;
#2546 = AXIS2_PLACEMENT_3D ( 'NONE', #1505, #4213, #9826 ) ;
#2547 = EDGE_LOOP ( 'NONE', ( #10385, #2944, #7374, #5314 ) ) ;
#2548 = PRESENTATION_STYLE_ASSIGNMENT (( #1595 ) ) ;
#2549 = FILL_AREA_STYLE ('',( #10824 ) ) ;
#2550 = ORIENTED_EDGE ( 'NONE', *, *, #7939, .T. ) ;
#2551 = SURFACE_SIDE_STYLE ('',( #7199 ) ) ;
#2552 = CARTESIAN_POINT ( 'NONE',  ( -2.248875222814574748, -1.000000000000000000, 0.2103225121187592972 ) ) ;
#2553 = FILL_AREA_STYLE ('',( #857 ) ) ;
#2554 = CARTESIAN_POINT ( 'NONE',  ( -1.640409009816507391, -1.010000000000000009, 0.1785990602841615038 ) ) ;
#2555 = MECHANICAL_DESIGN_GEOMETRIC_PRESENTATION_REPRESENTATION (  '', ( #8353 ), #7764 ) ;
#2556 = PRESENTATION_STYLE_ASSIGNMENT (( #7149 ) ) ;
#2557 = EDGE_LOOP ( 'NONE', ( #464, #3810, #6338, #4700 ) ) ;
#2558 = SURFACE_SIDE_STYLE ('',( #9922 ) ) ;
#2559 = VECTOR ( 'NONE', #9488, 1000.000000000000000 ) ;
#2560 = ORIENTED_EDGE ( 'NONE', *, *, #11003, .T. ) ;
#2561 = DIRECTION ( 'NONE',  ( -0.0000000000000000000, 0.0000000000000000000, -1.000000000000000000 ) ) ;
#2562 = DIRECTION ( 'NONE',  ( -0.0000000000000000000, 1.000000000000000000, -0.0000000000000000000 ) ) ;
#2563 = STYLED_ITEM ( 'NONE', ( #4350 ), #4917 ) ;
#2564 = COLOUR_RGB ( '',0.0000000000000000000, 0.0000000000000000000, 0.0000000000000000000 ) ;
#2565 = CARTESIAN_POINT ( 'NONE',  ( -1.519754720920412305, -1.010000000000000009, 0.2625010852377568926 ) ) ;
#2566 = CARTESIAN_POINT ( 'NONE',  ( -1.633718027907086645, -1.000000000000000000, 0.1877450067792323374 ) ) ;
#2567 = SURFACE_STYLE_USAGE ( .BOTH. , #564 ) ;
#2568 = DIRECTION ( 'NONE',  ( -0.9434452330824945054, 0.0000000000000000000, 0.3315284183503998672 ) ) ;
#2569 = PLANE ( 'NONE',  #9531 ) ;
#2570 = EDGE_CURVE ( 'NONE', #240, #4315, #2876, .T. ) ;
#2571 = PRESENTATION_LAYER_ASSIGNMENT (  '', '', ( #4670 ) ) ;
#2572 = FILL_AREA_STYLE_COLOUR ( '', #6248 ) ;
#2573 =( NAMED_UNIT ( * ) SI_UNIT ( $, .STERADIAN. ) SOLID_ANGLE_UNIT ( ) );
#2574 =( GEOMETRIC_REPRESENTATION_CONTEXT ( 3 ) GLOBAL_UNCERTAINTY_ASSIGNED_CONTEXT ( ( #5431 ) ) GLOBAL_UNIT_ASSIGNED_CONTEXT ( ( #10180, #8209, #1005 ) ) REPRESENTATION_CONTEXT ( 'NONE', 'WORKASPACE' ) );
#2575 = VECTOR ( 'NONE', #4426, 1000.000000000000227 ) ;
#2576 = CARTESIAN_POINT ( 'NONE',  ( -1.519754720920412305, -1.000000000000000000, 0.2517184956855826328 ) ) ;
#2577 = SURFACE_STYLE_USAGE ( .BOTH. , #2698 ) ;
#2578 = COLOUR_RGB ( '',0.0000000000000000000, 0.0000000000000000000, 0.0000000000000000000 ) ;
#2579 = CARTESIAN_POINT ( 'NONE',  ( -1.357341965788981586, -1.000000000000000000, 0.2457014256227323390 ) ) ;
#2580 = ADVANCED_FACE ( 'NONE', ( #5528 ), #2760, .F. ) ;
#2581 = FACE_OUTER_BOUND ( 'NONE', #7638, .T. ) ;
#2582 = EDGE_CURVE ( 'NONE', #2502, #10100, #11206, .T. ) ;
#2583 = VERTEX_POINT ( 'NONE', #3724 ) ;
#2584 = MECHANICAL_DESIGN_GEOMETRIC_PRESENTATION_REPRESENTATION (  '', ( #1050 ), #7811 ) ;
#2585 = VERTEX_POINT ( 'NONE', #1075 ) ;
#2586 = VERTEX_POINT ( 'NONE', #2939 ) ;
#2587 = ORIENTED_EDGE ( 'NONE', *, *, #1132, .T. ) ;
#2588 = B_SPLINE_SURFACE_WITH_KNOTS ( 'NONE', 3, 1, ( 
 ( #9049, #7579 ),
 ( #2147, #5816 ),
 ( #251, #3775 ),
 ( #9330, #11374 ) ),
 .UNSPECIFIED., .F., .F., .F.,
 ( 4, 4 ),
 ( 2, 2 ),
 ( 2.000000000000000000, 3.000000000000000000 ),
 ( 0.0000000000000000000, 1.000000000000000000 ),
 .UNSPECIFIED. ) ;
#2589 = FILL_AREA_STYLE_COLOUR ( '', #1966 ) ;
#2590 = CARTESIAN_POINT ( 'NONE',  ( -1.826336474752609629, -1.000000000000000000, 0.3586779331192915810 ) ) ;
#2591 = ORIENTED_EDGE ( 'NONE', *, *, #8303, .T. ) ;
#2592 = FILL_AREA_STYLE_COLOUR ( '', #2899 ) ;
#2593 = SURFACE_STYLE_FILL_AREA ( #3318 ) ;
#2594 = MECHANICAL_DESIGN_GEOMETRIC_PRESENTATION_REPRESENTATION (  '', ( #4706 ), #2412 ) ;
#2595 = ADVANCED_FACE ( 'NONE', ( #6615 ), #2704, .F. ) ;
#2596 = CARTESIAN_POINT ( 'NONE',  ( -1.758632402407496631, -1.000000000000000000, 0.2130167010424434126 ) ) ;
#2597 = STYLED_ITEM ( 'NONE', ( #2892 ), #1117 ) ;
#2598 = CARTESIAN_POINT ( 'NONE',  ( -1.726645657954641866, -1.000000000000000000, 0.3679201527352576329 ) ) ;
#2599 = SURFACE_STYLE_USAGE ( .BOTH. , #10881 ) ;
#2600 = VECTOR ( 'NONE', #6562, 1000.000000000000000 ) ;
#2601 = VECTOR ( 'NONE', #5944, 1000.000000000000000 ) ;
#2602 = VERTEX_POINT ( 'NONE', #4981 ) ;
#2603 = ORIENTED_EDGE ( 'NONE', *, *, #1051, .T. ) ;
#2604 = ORIENTED_EDGE ( 'NONE', *, *, #9329, .T. ) ;
#2605 =( LENGTH_UNIT ( ) NAMED_UNIT ( * ) SI_UNIT ( .MILLI., .METRE. ) );
#2606 =( GEOMETRIC_REPRESENTATION_CONTEXT ( 3 ) GLOBAL_UNCERTAINTY_ASSIGNED_CONTEXT ( ( #3124 ) ) GLOBAL_UNIT_ASSIGNED_CONTEXT ( ( #6728, #2927, #1057 ) ) REPRESENTATION_CONTEXT ( 'NONE', 'WORKASPACE' ) );
#2607 = ORIENTED_EDGE ( 'NONE', *, *, #6125, .F. ) ;
#2608 = PRESENTATION_STYLE_ASSIGNMENT (( #10944 ) ) ;
#2609 = CARTESIAN_POINT ( 'NONE',  ( -1.622478141030028631, -1.000000000000000000, 0.1776363290739492451 ) ) ;
#2610 = SURFACE_STYLE_FILL_AREA ( #1536 ) ;
#2611 =( LENGTH_UNIT ( ) NAMED_UNIT ( * ) SI_UNIT ( .MILLI., .METRE. ) );
#2612 = DIRECTION ( 'NONE',  ( 1.000000000000000000, 0.0000000000000000000, 0.0000000000000000000 ) ) ;
#2613 = STYLED_ITEM ( 'NONE', ( #6382 ), #9959 ) ;
#2614 = EDGE_CURVE ( 'NONE', #10926, #10687, #10767, .T. ) ;
#2615 = VECTOR ( 'NONE', #1295, 1000.000000000000000 ) ;
#2616 = PRESENTATION_STYLE_ASSIGNMENT (( #1600 ) ) ;
#2617 = EDGE_CURVE ( 'NONE', #5402, #2088, #5432, .T. ) ;
#2618 =( NAMED_UNIT ( * ) SI_UNIT ( $, .STERADIAN. ) SOLID_ANGLE_UNIT ( ) );
#2619 = VERTEX_POINT ( 'NONE', #1256 ) ;
#2620 = VERTEX_POINT ( 'NONE', #3054 ) ;
#2621 = VERTEX_POINT ( 'NONE', #442 ) ;
#2622 = LINE ( 'NONE', #6308, #7354 ) ;
#2623 = CARTESIAN_POINT ( 'NONE',  ( -1.668135668665369442, -1.010000000000000009, 0.2780973308403431599 ) ) ;
#2624 = DIRECTION ( 'NONE',  ( -0.0000000000000000000, 1.000000000000000000, -0.0000000000000000000 ) ) ;
#2625 = SURFACE_STYLE_FILL_AREA ( #7212 ) ;
#2626 = CARTESIAN_POINT ( 'NONE',  ( -1.602910629185807068, -1.000000000000000000, 0.3694123861110195084 ) ) ;
#2627 = EDGE_CURVE ( 'NONE', #7491, #9115, #4146, .T. ) ;
#2628 = FILL_AREA_STYLE_COLOUR ( '', #10707 ) ;
#2629 = CARTESIAN_POINT ( 'NONE',  ( -2.278330262756866453, -1.010000000000000009, 0.4124913175311761271 ) ) ;
#2630 = VECTOR ( 'NONE', #11663, 1000.000000000000000 ) ;
#2631 = CARTESIAN_POINT ( 'NONE',  ( -1.373034484512460462, -1.000000000000000000, 0.2914311580987393735 ) ) ;
#2632 = ORIENTED_EDGE ( 'NONE', *, *, #8583, .F. ) ;
#2633 = EDGE_CURVE ( 'NONE', #3467, #5672, #1191, .T. ) ;
#2634 = SURFACE_SIDE_STYLE ('',( #9217 ) ) ;
#2635 = MECHANICAL_DESIGN_GEOMETRIC_PRESENTATION_REPRESENTATION (  '', ( #9006 ), #11688 ) ;
#2636 = UNCERTAINTY_MEASURE_WITH_UNIT (LENGTH_MEASURE( 1.000000000000000082E-05 ), #4854, 'distance_accuracy_value', 'NONE');
#2637 = CARTESIAN_POINT ( 'NONE',  ( -1.568396715307274869, -1.010000000000000009, 0.4390659891564559492 ) ) ;
#2638 = CARTESIAN_POINT ( 'NONE',  ( -1.459559952013590900, -1.000000000000000000, 0.2926345721118238652 ) ) ;
#2639 = CARTESIAN_POINT ( 'NONE',  ( -2.200006596529216818, -1.010000000000000009, 0.2049670003980145483 ) ) ;
#2640 = DIRECTION ( 'NONE',  ( 1.000000000000000000, 0.0000000000000000000, -0.0000000000000000000 ) ) ;
#2641 = CARTESIAN_POINT ( 'NONE',  ( -2.288371761046226194, -1.000000000000000000, 0.3167624042006468299 ) ) ;
#2642 = SURFACE_STYLE_FILL_AREA ( #11809 ) ;
#2643 = UNCERTAINTY_MEASURE_WITH_UNIT (LENGTH_MEASURE( 1.000000000000000082E-05 ), #11382, 'distance_accuracy_value', 'NONE');
#2644 = VERTEX_POINT ( 'NONE', #7833 ) ;
#2645 = ORIENTED_EDGE ( 'NONE', *, *, #11020, .F. ) ;
#2646 = MECHANICAL_DESIGN_GEOMETRIC_PRESENTATION_REPRESENTATION (  '', ( #10163 ), #5140 ) ;
#2647 = ORIENTED_EDGE ( 'NONE', *, *, #3688, .F. ) ;
#2648 =( NAMED_UNIT ( * ) PLANE_ANGLE_UNIT ( ) SI_UNIT ( $, .RADIAN. ) );
#2649 = EDGE_CURVE ( 'NONE', #7175, #4387, #11493, .T. ) ;
#2650 =( NAMED_UNIT ( * ) PLANE_ANGLE_UNIT ( ) SI_UNIT ( $, .RADIAN. ) );
#2651 = SURFACE_STYLE_USAGE ( .BOTH. , #8160 ) ;
#2652 =( GEOMETRIC_REPRESENTATION_CONTEXT ( 3 ) GLOBAL_UNCERTAINTY_ASSIGNED_CONTEXT ( ( #5533 ) ) GLOBAL_UNIT_ASSIGNED_CONTEXT ( ( #10497, #458, #6697 ) ) REPRESENTATION_CONTEXT ( 'NONE', 'WORKASPACE' ) );
#2653 = CARTESIAN_POINT ( 'NONE',  ( -1.510705047546230473, -1.010000000000000009, 0.3844309929876059684 ) ) ;
#2654 = FILL_AREA_STYLE ('',( #2592 ) ) ;
#2655 = CARTESIAN_POINT ( 'NONE',  ( -1.632803433257323134, -1.010000000000000009, 0.1776363290739492451 ) ) ;
#2656 = EDGE_CURVE ( 'NONE', #2531, #8313, #368, .T. ) ;
#2657 = CARTESIAN_POINT ( 'NONE',  ( -2.185279060597537626, -1.010000000000000009, 0.1648010583142833774 ) ) ;
#2658 = SURFACE_STYLE_FILL_AREA ( #11162 ) ;
#2659 = CARTESIAN_POINT ( 'NONE',  ( -1.656558825864866247, -1.010000000000000009, 0.2130648376028878854 ) ) ;
#2660 = VECTOR ( 'NONE', #11850, 1000.000000000000000 ) ;
#2661 = CARTESIAN_POINT ( 'NONE',  ( -1.372023616741803620, -1.010000000000000009, 0.2861361364438658184 ) ) ;
#2662 =( NAMED_UNIT ( * ) PLANE_ANGLE_UNIT ( ) SI_UNIT ( $, .RADIAN. ) );
#2663 = STYLED_ITEM ( 'NONE', ( #1870 ), #2543 ) ;
#2664 = ORIENTED_EDGE ( 'NONE', *, *, #5750, .F. ) ;
#2665 = ORIENTED_EDGE ( 'NONE', *, *, #1520, .F. ) ;
#2666 = ORIENTED_EDGE ( 'NONE', *, *, #11568, .F. ) ;
#2667 = EDGE_CURVE ( 'NONE', #3578, #9434, #5996, .T. ) ;
#2668 = EDGE_LOOP ( 'NONE', ( #5797, #5192, #4969, #8460 ) ) ;
#2669 = SURFACE_STYLE_FILL_AREA ( #7378 ) ;
#2670 = MECHANICAL_DESIGN_GEOMETRIC_PRESENTATION_REPRESENTATION (  '', ( #4779 ), #6915 ) ;
#2671 =( LENGTH_UNIT ( ) NAMED_UNIT ( * ) SI_UNIT ( .MILLI., .METRE. ) );
#2672 = B_SPLINE_CURVE_WITH_KNOTS ( 'NONE', 3,
 ( #9491, #991, #10219, #10348 ),
 .UNSPECIFIED., .F., .F.,
 ( 4, 4 ),
 ( 5.000000000000000000, 6.000000000000000000 ),
 .UNSPECIFIED. ) ;
#2673 = CARTESIAN_POINT ( 'NONE',  ( -1.740027621773804656, -1.010000000000000009, 0.2173971280481934165 ) ) ;
#2674 = FILL_AREA_STYLE_COLOUR ( '', #7521 ) ;
#2675 = AXIS2_PLACEMENT_3D ( 'NONE', #4159, #6885, #394 ) ;
#2676 = MECHANICAL_DESIGN_GEOMETRIC_PRESENTATION_REPRESENTATION (  '', ( #6923 ), #10387 ) ;
#2677 = SURFACE_STYLE_USAGE ( .BOTH. , #7387 ) ;
#2678 = ORIENTED_EDGE ( 'NONE', *, *, #9998, .T. ) ;
#2679 = EDGE_LOOP ( 'NONE', ( #8662, #4100, #10260, #3409 ) ) ;
#2680 = CARTESIAN_POINT ( 'NONE',  ( -1.722168957827996172, -1.010000000000000009, 0.2197076829521849295 ) ) ;
#2682 = EDGE_CURVE ( 'NONE', #8533, #11420, #381, .T. ) ;
#2681 = AXIS2_PLACEMENT_3D ( 'NONE', #2156, #3055, #5703 ) ;
#2683 = ORIENTED_EDGE ( 'NONE', *, *, #8919, .F. ) ;
#2684 = SURFACE_STYLE_FILL_AREA ( #6597 ) ;
#2685 = SURFACE_SIDE_STYLE ('',( #1852 ) ) ;
#2686 = VECTOR ( 'NONE', #8843, 1000.000000000000114 ) ;
#2687 = CARTESIAN_POINT ( 'NONE',  ( 2.500000000000000000, -0.9500000000000007327, 0.5999999999999999778 ) ) ;
#2688 = CARTESIAN_POINT ( 'NONE',  ( -1.757838149159489216, -1.000000000000000000, 0.2603830765755508203 ) ) ;
#2689 = LINE ( 'NONE', #10406, #3587 ) ;
#2690 = LINE ( 'NONE', #3541, #431 ) ;
#2691 =( NAMED_UNIT ( * ) PLANE_ANGLE_UNIT ( ) SI_UNIT ( $, .RADIAN. ) );
#2692 = CARTESIAN_POINT ( 'NONE',  ( -1.751171235529970227, -1.000000000000000000, 0.2760274587385814771 ) ) ;
#2693 = PRESENTATION_LAYER_ASSIGNMENT (  '', '', ( #1547 ) ) ;
#2694 = LINE ( 'NONE', #11482, #6505 ) ;
#2695 = ORIENTED_EDGE ( 'NONE', *, *, #10807, .T. ) ;
#2696 = EDGE_CURVE ( 'NONE', #9251, #1774, #5576, .T. ) ;
#2697 = ADVANCED_FACE ( 'NONE', ( #1137 ), #2736, .F. ) ;
#2698 = SURFACE_SIDE_STYLE ('',( #4551 ) ) ;
#2699 = CARTESIAN_POINT ( 'NONE',  ( -1.510705047546230473, -1.010000000000000009, 0.3844309929876059684 ) ) ;
#2700 = CARTESIAN_POINT ( 'NONE',  ( -2.027292831059733125, -1.010000000000000009, 0.2504884797393431839 ) ) ;
#2701 = FILL_AREA_STYLE ('',( #6499 ) ) ;
#2702 =( NAMED_UNIT ( * ) SI_UNIT ( $, .STERADIAN. ) SOLID_ANGLE_UNIT ( ) );
#2703 = DIRECTION ( 'NONE',  ( -1.000000000000000000, 0.0000000000000000000, -0.0000000000000000000 ) ) ;
#2704 = PLANE ( 'NONE',  #10768 ) ;
#2705 = CARTESIAN_POINT ( 'NONE',  ( -1.420497133166460424, -1.000000000000000000, 0.2430057782345277084 ) ) ;
#2706 = CARTESIAN_POINT ( 'NONE',  ( -1.588204909952766863, -1.000000000000000000, 0.4528330454595122512 ) ) ;
#2707 = FACE_OUTER_BOUND ( 'NONE', #10594, .T. ) ;
#2708 = VERTEX_POINT ( 'NONE', #1618 ) ;
#2709 = STYLED_ITEM ( 'NONE', ( #5640 ), #11948 ) ;
#2710 = CARTESIAN_POINT ( 'NONE',  ( -1.669290946117363283, -1.010000000000000009, 0.2685181553006110167 ) ) ;
#2711 = CARTESIAN_POINT ( 'NONE',  ( -1.373034484512460462, -1.000000000000000000, 0.2914311580987393735 ) ) ;
#2712 = DIRECTION ( 'NONE',  ( 0.0000000000000000000, 1.000000000000000000, 0.0000000000000000000 ) ) ;
#2713 = ORIENTED_EDGE ( 'NONE', *, *, #7090, .T. ) ;
#2714 = CARTESIAN_POINT ( 'NONE',  ( -1.760750411069702537, -1.000000000000000000, 0.3699418882765709848 ) ) ;
#2715 = SURFACE_STYLE_USAGE ( .BOTH. , #11043 ) ;
#2716 = SURFACE_STYLE_FILL_AREA ( #11103 ) ;
#2717 = SURFACE_STYLE_USAGE ( .BOTH. , #3570 ) ;
#2718 = PRODUCT_DEFINITION_FORMATION_WITH_SPECIFIED_SOURCE ( 'ÈÎºÎ', '', #1744, .NOT_KNOWN. ) ;
#2719 = DIRECTION ( 'NONE',  ( -0.0000000000000000000, 0.7071067811865475727, 0.7071067811865475727 ) ) ;
#2720 = EDGE_CURVE ( 'NONE', #8712, #250, #7957, .T. ) ;
#2721 = PRESENTATION_LAYER_ASSIGNMENT (  '', '', ( #2341 ) ) ;
#2722 = ORIENTED_EDGE ( 'NONE', *, *, #6980, .T. ) ;
#2723 = B_SPLINE_CURVE_WITH_KNOTS ( 'NONE', 3,
 ( #11338, #5043, #10498, #8631 ),
 .UNSPECIFIED., .F., .F.,
 ( 4, 4 ),
 ( 1.000000000000000000, 2.000000000000000000 ),
 .UNSPECIFIED. ) ;
#2724 = ORIENTED_EDGE ( 'NONE', *, *, #5344, .F. ) ;
#2725 = ORIENTED_EDGE ( 'NONE', *, *, #1492, .T. ) ;
#2726 = LINE ( 'NONE', #1723, #2345 ) ;
#2727 = DIRECTION ( 'NONE',  ( -0.7071067811865474617, 0.0000000000000000000, 0.7071067811865474617 ) ) ;
#2728 = MECHANICAL_DESIGN_GEOMETRIC_PRESENTATION_REPRESENTATION (  '', ( #3301 ), #10831 ) ;
#2729 = SURFACE_SIDE_STYLE ('',( #6531 ) ) ;
#2730 = ADVANCED_FACE ( 'NONE', ( #10785 ), #315, .F. ) ;
#2731 = CARTESIAN_POINT ( 'NONE',  ( -2.023276241958665622, -1.010000000000000009, 0.2498190567349448388 ) ) ;
#2732 = VECTOR ( 'NONE', #959, 1000.000000000000000 ) ;
#2733 = ORIENTED_EDGE ( 'NONE', *, *, #10365, .F. ) ;
#2734 = ORIENTED_EDGE ( 'NONE', *, *, #6297, .F. ) ;
#2735 = FACE_OUTER_BOUND ( 'NONE', #793, .T. ) ;
#2736 = B_SPLINE_SURFACE_WITH_KNOTS ( 'NONE', 3, 1, ( 
 ( #3902, #5995 ),
 ( #7107, #10603 ),
 ( #4258, #691 ),
 ( #11742, #1682 ) ),
 .UNSPECIFIED., .F., .F., .F.,
 ( 4, 4 ),
 ( 2, 2 ),
 ( 11.00000000000000000, 12.00000000000000000 ),
 ( 0.0000000000000000000, 1.000000000000000000 ),
 .UNSPECIFIED. ) ;
#2737 = ORIENTED_EDGE ( 'NONE', *, *, #6887, .F. ) ;
#2738 = CARTESIAN_POINT ( 'NONE',  ( -1.671336749938581390, -1.000000000000000000, 0.4010862429206517588 ) ) ;
#2739 = DIRECTION ( 'NONE',  ( 0.0000000000000000000, 0.0000000000000000000, -1.000000000000000000 ) ) ;
#2740 = ORIENTED_EDGE ( 'NONE', *, *, #10342, .T. ) ;
#2741 = FILL_AREA_STYLE ('',( #7338 ) ) ;
#2742 = CARTESIAN_POINT ( 'NONE',  ( -1.552607923462264727, -1.010000000000000009, 0.4403656762897907306 ) ) ;
#2743 =( LENGTH_UNIT ( ) NAMED_UNIT ( * ) SI_UNIT ( .MILLI., .METRE. ) );
#2744 = DIRECTION ( 'NONE',  ( -0.0000000000000000000, 1.000000000000000000, -0.0000000000000000000 ) ) ;
#2745 = ADVANCED_FACE ( 'NONE', ( #5213 ), #8433, .T. ) ;
#2746 = CARTESIAN_POINT ( 'NONE',  ( -1.670253677327254715, -1.010000000000000009, 0.2365554791276577307 ) ) ;
#2747 = VECTOR ( 'NONE', #5391, 1000.000000000000000 ) ;
#2748 = UNCERTAINTY_MEASURE_WITH_UNIT (LENGTH_MEASURE( 1.000000000000000082E-05 ), #6346, 'distance_accuracy_value', 'NONE');
#2749 = SURFACE_STYLE_FILL_AREA ( #9213 ) ;
#2750 = ORIENTED_EDGE ( 'NONE', *, *, #7195, .F. ) ;
#2751 = PRESENTATION_LAYER_ASSIGNMENT (  '', '', ( #411 ) ) ;
#2752 = CARTESIAN_POINT ( 'NONE',  ( -1.742097493875565783, -1.000000000000000000, 0.2492635311002533993 ) ) ;
#2753 = CARTESIAN_POINT ( 'NONE',  ( -1.434697418514818468, -1.000000000000000000, 0.2224996034612828633 ) ) ;
#2754 = PLANE ( 'NONE',  #9137 ) ;
#2755 =( NAMED_UNIT ( * ) PLANE_ANGLE_UNIT ( ) SI_UNIT ( $, .RADIAN. ) );
#2756 = CARTESIAN_POINT ( 'NONE',  ( -1.491233808823225981, -1.010000000000000009, 0.4407989053344494867 ) ) ;
#2757 = EDGE_CURVE ( 'NONE', #7628, #6173, #4, .T. ) ;
#2758 = CARTESIAN_POINT ( 'NONE',  ( -1.565580726517312060, -1.010000000000000009, 0.3034652982244437913 ) ) ;
#2759 = MECHANICAL_DESIGN_GEOMETRIC_PRESENTATION_REPRESENTATION (  '', ( #37 ), #7010 ) ;
#2761 = ADVANCED_FACE ( 'NONE', ( #1743 ), #4760, .F. ) ;
#2760 = PLANE ( 'NONE',  #8830 ) ;
#2762 = B_SPLINE_SURFACE_WITH_KNOTS ( 'NONE', 3, 1, ( 
 ( #3046, #10470 ),
 ( #10415, #10291 ),
 ( #3157, #10539 ),
 ( #4847, #8609 ) ),
 .UNSPECIFIED., .F., .F., .F.,
 ( 4, 4 ),
 ( 2, 2 ),
 ( 6.000000000000000000, 7.000000000000000000 ),
 ( 0.0000000000000000000, 1.000000000000000000 ),
 .UNSPECIFIED. ) ;
#2763 = UNCERTAINTY_MEASURE_WITH_UNIT (LENGTH_MEASURE( 1.000000000000000082E-05 ), #1940, 'distance_accuracy_value', 'NONE');
#2764 = SURFACE_STYLE_FILL_AREA ( #11211 ) ;
#2765 = ORIENTED_EDGE ( 'NONE', *, *, #4039, .T. ) ;
#2766 = VECTOR ( 'NONE', #7987, 1000.000000000000000 ) ;
#2767 = CARTESIAN_POINT ( 'NONE',  ( -1.673093734396796872, -1.010000000000000009, 0.2685181553006110167 ) ) ;
#2768 = STYLED_ITEM ( 'NONE', ( #734 ), #785 ) ;
#2769 = PRESENTATION_STYLE_ASSIGNMENT (( #2828 ) ) ;
#2770 = DIRECTION ( 'NONE',  ( -0.0000000000000000000, 1.000000000000000000, -0.0000000000000000000 ) ) ;
#2771 = CARTESIAN_POINT ( 'NONE',  ( -2.005870962935040414, -1.000000000000000000, 0.4432852449793324157 ) ) ;
#2772 = ORIENTED_EDGE ( 'NONE', *, *, #4823, .F. ) ;
#2773 = B_SPLINE_CURVE_WITH_KNOTS ( 'NONE', 3,
 ( #4307, #8021, #11679, #6249 ),
 .UNSPECIFIED., .F., .F.,
 ( 4, 4 ),
 ( 0.0000000000000000000, 1.000000000000000000 ),
 .UNSPECIFIED. ) ;
#2774 = CARTESIAN_POINT ( 'NONE',  ( -1.565580726517312060, -1.010000000000000009, 0.2093101858842237595 ) ) ;
#2775 = VECTOR ( 'NONE', #6682, 1000.000000000000000 ) ;
#2776 = CARTESIAN_POINT ( 'NONE',  ( -1.668135668665369442, -1.010000000000000009, 0.2474343418007252937 ) ) ;
#2777 = VECTOR ( 'NONE', #2241, 1000.000000000000000 ) ;
#2778 = ORIENTED_EDGE ( 'NONE', *, *, #7004, .T. ) ;
#2779 = VERTEX_POINT ( 'NONE', #11855 ) ;
#2780 = VERTEX_POINT ( 'NONE', #10053 ) ;
#2781 = CARTESIAN_POINT ( 'NONE',  ( -1.688377092356157405, -1.000000000000000000, 0.2195151367103995166 ) ) ;
#2782 = SURFACE_SIDE_STYLE ('',( #11054 ) ) ;
#2783 = SURFACE_STYLE_USAGE ( .BOTH. , #9298 ) ;
#2784 = EDGE_CURVE ( 'NONE', #6050, #11239, #9211, .T. ) ;
#2785 = CARTESIAN_POINT ( 'NONE',  ( -1.683491231465078952, -1.010000000000000009, 0.4528330454595122512 ) ) ;
#2786 = VECTOR ( 'NONE', #456, 1000.000000000000000 ) ;
#2787 = LINE ( 'NONE', #4772, #971 ) ;
#2788 = CARTESIAN_POINT ( 'NONE',  ( -1.743084293365680049, -1.000000000000000000, 0.2077216793875679424 ) ) ;
#2789 = FACE_OUTER_BOUND ( 'NONE', #1389, .T. ) ;
#2790 = B_SPLINE_SURFACE_WITH_KNOTS ( 'NONE', 3, 1, ( 
 ( #10765, #5251 ),
 ( #3639, #5500 ),
 ( #8063, #788 ),
 ( #11720, #9134 ) ),
 .UNSPECIFIED., .F., .F., .F.,
 ( 4, 4 ),
 ( 2, 2 ),
 ( 5.000000000000000000, 6.000000000000000000 ),
 ( 0.0000000000000000000, 1.000000000000000000 ),
 .UNSPECIFIED. ) ;
#2791 = SHAPE_DEFINITION_REPRESENTATION ( #10016, #6551 ) ;
#2792 = LINE ( 'NONE', #3818, #3135 ) ;
#2793 = CARTESIAN_POINT ( 'NONE',  ( -1.632803433257323134, -1.000000000000000000, 0.1776363290739492451 ) ) ;
#2794 = AXIS2_PLACEMENT_3D ( 'NONE', #2127, #11294, #5794 ) ;
#2795 = DIRECTION ( 'NONE',  ( 0.0000000000000000000, 0.0000000000000000000, -1.000000000000000000 ) ) ;
#2796 = B_SPLINE_CURVE_WITH_KNOTS ( 'NONE', 3,
 ( #6627, #10315, #2049, #5713 ),
 .UNSPECIFIED., .F., .F.,
 ( 4, 4 ),
 ( 1.000000000000000000, 2.000000000000000000 ),
 .UNSPECIFIED. ) ;
#2797 = DIRECTION ( 'NONE',  ( 1.000000000000000000, -0.0000000000000000000, -0.0000000000000000000 ) ) ;
#2798 = EDGE_LOOP ( 'NONE', ( #2560, #679, #4449, #99 ) ) ;
#2799 =( LENGTH_UNIT ( ) NAMED_UNIT ( * ) SI_UNIT ( .MILLI., .METRE. ) );
#2800 = EDGE_CURVE ( 'NONE', #11041, #5452, #684, .T. ) ;
#2801 = MECHANICAL_DESIGN_GEOMETRIC_PRESENTATION_REPRESENTATION (  '', ( #7420 ), #2989 ) ;
#2803 = EDGE_LOOP ( 'NONE', ( #1230, #11510, #3283, #5173 ) ) ;
#2802 = MECHANICAL_DESIGN_GEOMETRIC_PRESENTATION_REPRESENTATION (  '', ( #8972 ), #8588 ) ;
#2804 = CARTESIAN_POINT ( 'NONE',  ( -1.754781477567618264, -1.010000000000000009, 0.2095027321260091724 ) ) ;
#2805 = LINE ( 'NONE', #10167, #879 ) ;
#2806 = FILL_AREA_STYLE ('',( #1056 ) ) ;
#2808 = EDGE_CURVE ( 'NONE', #5047, #976, #3713, .T. ) ;
#2807 = CARTESIAN_POINT ( 'NONE',  ( -1.742097493875566006, -1.010000000000000009, 0.2492635311002533438 ) ) ;
#2809 = CARTESIAN_POINT ( 'NONE',  ( -1.759234109414038238, -1.010000000000000009, 0.4405582225315766709 ) ) ;
#2810 = VECTOR ( 'NONE', #186, 1000.000000000000000 ) ;
#2811 = PRESENTATION_LAYER_ASSIGNMENT (  '', '', ( #5313 ) ) ;
#2812 = PLANE ( 'NONE',  #11316 ) ;
#2813 = FILL_AREA_STYLE_COLOUR ( '', #2036 ) ;
#2814 = EDGE_CURVE ( 'NONE', #1111, #10845, #2126, .T. ) ;
#2815 = LINE ( 'NONE', #10663, #8826 ) ;
#2816 = CARTESIAN_POINT ( 'NONE',  ( -2.500000000000000000, 0.9500000000000007327, 0.5999999999999999778 ) ) ;
#2817 = DIRECTION ( 'NONE',  ( -0.0000000000000000000, 1.000000000000000000, -0.0000000000000000000 ) ) ;
#2818 = CARTESIAN_POINT ( 'NONE',  ( -2.185279047829110866, -1.010000000000000009, 0.2993571379454478820 ) ) ;
#2819 = STYLED_ITEM ( 'NONE', ( #2378 ), #7767 ) ;
#2820 = FACE_OUTER_BOUND ( 'NONE', #7124, .T. ) ;
#2821 =( LENGTH_UNIT ( ) NAMED_UNIT ( * ) SI_UNIT ( .MILLI., .METRE. ) );
#2822 = CARTESIAN_POINT ( 'NONE',  ( -1.434697418514818468, -1.000000000000000000, 0.2224996034612828633 ) ) ;
#2823 =( NAMED_UNIT ( * ) SI_UNIT ( $, .STERADIAN. ) SOLID_ANGLE_UNIT ( ) );
#2824 = VERTEX_POINT ( 'NONE', #5456 ) ;
#2825 = PRESENTATION_LAYER_ASSIGNMENT (  '', '', ( #5901 ) ) ;
#2826 = CARTESIAN_POINT ( 'NONE',  ( -1.444156252652793793, -1.010000000000000009, 0.2993255540209242560 ) ) ;
#2827 = ADVANCED_FACE ( 'NONE', ( #9322 ), #5720, .F. ) ;
#2828 = SURFACE_STYLE_USAGE ( .BOTH. , #5478 ) ;
#2829 = FILL_AREA_STYLE ('',( #4575 ) ) ;
#2830 = EDGE_LOOP ( 'NONE', ( #925, #6184, #5142, #11788 ) ) ;
#2831 = CARTESIAN_POINT ( 'NONE',  ( -1.768813284953770992, -1.010000000000000009, 0.3785101960456471182 ) ) ;
#2832 = CARTESIAN_POINT ( 'NONE',  ( -2.185279060597537626, -1.000000000000000000, 0.1648010583142833774 ) ) ;
#2833 = STYLED_ITEM ( 'NONE', ( #8325 ), #4068 ) ;
#2834 = CARTESIAN_POINT ( 'NONE',  ( -1.754781477567618264, -1.010000000000000009, 0.2095027321260091724 ) ) ;
#2835 = SURFACE_SIDE_STYLE ('',( #11164 ) ) ;
#2836 = SURFACE_STYLE_FILL_AREA ( #11106 ) ;
#2837 = CARTESIAN_POINT ( 'NONE',  ( -1.657112396310640001, -1.000000000000000000, 0.2771345996301309289 ) ) ;
#2838 = VECTOR ( 'NONE', #6996, 1000.000000000000000 ) ;
#2839 = ORIENTED_EDGE ( 'NONE', *, *, #11300, .T. ) ;
#2840 = ORIENTED_EDGE ( 'NONE', *, *, #1770, .F. ) ;
#2841 = ORIENTED_EDGE ( 'NONE', *, *, #6158, .T. ) ;
#2842 =( LENGTH_UNIT ( ) NAMED_UNIT ( * ) SI_UNIT ( .MILLI., .METRE. ) );
#2843 = ORIENTED_EDGE ( 'NONE', *, *, #5668, .T. ) ;
#2844 = DIRECTION ( 'NONE',  ( -0.0000000000000000000, -0.0000000000000000000, 1.000000000000000000 ) ) ;
#2845 = CARTESIAN_POINT ( 'NONE',  ( -1.637665225868179197, -1.010000000000000009, 0.4010862429206517588 ) ) ;
#2846 = FILL_AREA_STYLE ('',( #5440 ) ) ;
#2847 =( GEOMETRIC_REPRESENTATION_CONTEXT ( 3 ) GLOBAL_UNCERTAINTY_ASSIGNED_CONTEXT ( ( #2279 ) ) GLOBAL_UNIT_ASSIGNED_CONTEXT ( ( #3162, #5878, #9558 ) ) REPRESENTATION_CONTEXT ( 'NONE', 'WORKASPACE' ) );
#2848 =( LENGTH_UNIT ( ) NAMED_UNIT ( * ) SI_UNIT ( .MILLI., .METRE. ) );
#2849 = FILL_AREA_STYLE_COLOUR ( '', #11616 ) ;
#2850 = CARTESIAN_POINT ( 'NONE',  ( -1.632803433257323134, -1.010000000000000009, 0.1776363290739492451 ) ) ;
#2851 = COLOUR_RGB ( '',0.0000000000000000000, 0.0000000000000000000, 0.0000000000000000000 ) ;
#2852 = FILL_AREA_STYLE ('',( #1899 ) ) ;
#2853 = ORIENTED_EDGE ( 'NONE', *, *, #3797, .F. ) ;
#2854 = ORIENTED_EDGE ( 'NONE', *, *, #4663, .T. ) ;
#2855 = CARTESIAN_POINT ( 'NONE',  ( -1.776683612595411299, -1.010000000000000009, 0.3586779331192915810 ) ) ;
#2856 = ORIENTED_EDGE ( 'NONE', *, *, #3435, .T. ) ;
#2857 = CARTESIAN_POINT ( 'NONE',  ( -2.048045250642851034, -1.000000000000000000, 0.4379297811405066243 ) ) ;
#2858 = ORIENTED_EDGE ( 'NONE', *, *, #7631, .F. ) ;
#2859 = CARTESIAN_POINT ( 'NONE',  ( -2.023276241958665622, -1.010000000000000009, 0.2498190567349448388 ) ) ;
#2860 = CARTESIAN_POINT ( 'NONE',  ( -1.573932419764380253, -1.000000000000000000, 0.4528330454595122512 ) ) ;
#2861 = CARTESIAN_POINT ( 'NONE',  ( -1.433277389980368577, -1.000000000000000000, 0.2689995209057167713 ) ) ;
#2863 = ADVANCED_FACE ( 'NONE', ( #5007 ), #11402, .F. ) ;
#2862 = CARTESIAN_POINT ( 'NONE',  ( -1.425238584376201656, -1.010000000000000009, 0.2313085940332311463 ) ) ;
#2864 = CARTESIAN_POINT ( 'NONE',  ( -1.379412578779301457, -1.010000000000000009, 0.3034652982244437913 ) ) ;
#2865 = EDGE_LOOP ( 'NONE', ( #644, #10343, #10791, #508 ) ) ;
#2866 = PRESENTATION_LAYER_ASSIGNMENT (  '', '', ( #7309 ) ) ;
#2867 = B_SPLINE_CURVE_WITH_KNOTS ( 'NONE', 3,
 ( #7648, #3107, #11321, #10299 ),
 .UNSPECIFIED., .F., .F.,
 ( 4, 4 ),
 ( 2.000000000000000000, 3.000000000000000000 ),
 .UNSPECIFIED. ) ;
#2868 = CARTESIAN_POINT ( 'NONE',  ( -1.552607923462264727, -1.000000000000000000, 0.3718673506963500741 ) ) ;
#2869 = CARTESIAN_POINT ( 'NONE',  ( -1.690976466623149266, -1.010000000000000009, 0.2477712977244908299 ) ) ;
#2870 = CARTESIAN_POINT ( 'NONE',  ( -1.388943617757946614, -1.000000000000000000, 0.2457014256227323390 ) ) ;
#2871 = CARTESIAN_POINT ( 'NONE',  ( -1.743084293365680049, -1.010000000000000009, 0.2077216793875679424 ) ) ;
#2872 = CARTESIAN_POINT ( 'NONE',  ( -2.195989981891296683, -1.000000000000000000, 0.3796891242603235295 ) ) ;
#2873 = CARTESIAN_POINT ( 'NONE',  ( -1.826336474752609851, -1.010000000000000009, 0.2093101858842237595 ) ) ;
#2874 = DIRECTION ( 'NONE',  ( -1.000000000000000000, -0.0000000000000000000, -0.0000000000000000000 ) ) ;
#2875 = PRESENTATION_LAYER_ASSIGNMENT (  '', '', ( #11745 ) ) ;
#2876 = LINE ( 'NONE', #8213, #1908 ) ;
#2877 = CARTESIAN_POINT ( 'NONE',  ( -1.814181993226108291, -1.010000000000000009, 0.2926345721118238097 ) ) ;
#2879 = EDGE_CURVE ( 'NONE', #295, #11483, #5914, .T. ) ;
#2878 = LINE ( 'NONE', #7299, #6853 ) ;
#2880 = UNCERTAINTY_MEASURE_WITH_UNIT (LENGTH_MEASURE( 1.000000000000000082E-05 ), #875, 'distance_accuracy_value', 'NONE');
#2881 = CARTESIAN_POINT ( 'NONE',  ( -1.470775770610426525, -1.010000000000000009, 0.2926345721118238652 ) ) ;
#2882 = ORIENTED_EDGE ( 'NONE', *, *, #11204, .F. ) ;
#2883 =( NAMED_UNIT ( * ) SI_UNIT ( $, .STERADIAN. ) SOLID_ANGLE_UNIT ( ) );
#2884 = CARTESIAN_POINT ( 'NONE',  ( -1.470294405005320604, -1.010000000000000009, 0.3034652982244437913 ) ) ;
#2885 =( GEOMETRIC_REPRESENTATION_CONTEXT ( 3 ) GLOBAL_UNCERTAINTY_ASSIGNED_CONTEXT ( ( #4556 ) ) GLOBAL_UNIT_ASSIGNED_CONTEXT ( ( #9018, #10892, #4529 ) ) REPRESENTATION_CONTEXT ( 'NONE', 'WORKASPACE' ) );
#2886 =( LENGTH_UNIT ( ) NAMED_UNIT ( * ) SI_UNIT ( .MILLI., .METRE. ) );
#2887 = CARTESIAN_POINT ( 'NONE',  ( -1.694321957578019733, -1.010000000000000009, 0.2542697333918083613 ) ) ;
#2888 = CARTESIAN_POINT ( 'NONE',  ( -1.640409009816507391, -1.010000000000000009, 0.1890928304736576582 ) ) ;
#2889 = ORIENTED_EDGE ( 'NONE', *, *, #4138, .F. ) ;
#2890 = CARTESIAN_POINT ( 'NONE',  ( -1.589167641162975375, -1.000000000000000000, 0.3586779331192915810 ) ) ;
#2891 = CARTESIAN_POINT ( 'NONE',  ( -1.742097493875566006, -1.010000000000000009, 0.2492635311002533438 ) ) ;
#2892 = PRESENTATION_STYLE_ASSIGNMENT (( #11161 ) ) ;
#2893 = CARTESIAN_POINT ( 'NONE',  ( -2.135071556382313496, -1.010000000000000009, 0.2765964110432108103 ) ) ;
#2894 = CARTESIAN_POINT ( 'NONE',  ( -1.656558825864866247, -1.010000000000000009, 0.2130648376028878854 ) ) ;
#2895 = PRESENTATION_STYLE_ASSIGNMENT (( #7543 ) ) ;
#2896 = CARTESIAN_POINT ( 'NONE',  ( -2.500000000000000000, -1.000000000000000000, 0.5500000000000007105 ) ) ;
#2898 = EDGE_CURVE ( 'NONE', #11938, #1998, #9654, .T. ) ;
#2897 = CARTESIAN_POINT ( 'NONE',  ( -1.632851569818088766, -1.000000000000000000, 0.3694123861110195084 ) ) ;
#2899 = COLOUR_RGB ( '',0.0000000000000000000, 0.0000000000000000000, 0.0000000000000000000 ) ;
#2900 = UNCERTAINTY_MEASURE_WITH_UNIT (LENGTH_MEASURE( 1.000000000000000082E-05 ), #515, 'distance_accuracy_value', 'NONE');
#2901 = ORIENTED_EDGE ( 'NONE', *, *, #4666, .T. ) ;
#2902 = ORIENTED_EDGE ( 'NONE', *, *, #6002, .F. ) ;
#2903 = ORIENTED_EDGE ( 'NONE', *, *, #3528, .F. ) ;
#2904 = CARTESIAN_POINT ( 'NONE',  ( -1.484326212391473554, -1.010000000000000009, 0.4528330454595122512 ) ) ;
#2905 = ORIENTED_EDGE ( 'NONE', *, *, #4937, .F. ) ;
#2906 = CARTESIAN_POINT ( 'NONE',  ( -1.420497133166460424, -1.010000000000000009, 0.2575911560664566058 ) ) ;
#2907 = SURFACE_STYLE_FILL_AREA ( #915 ) ;
#2908 = CARTESIAN_POINT ( 'NONE',  ( -1.776683612595411299, -1.010000000000000009, 0.3694123861110195084 ) ) ;
#2909 = CARTESIAN_POINT ( 'NONE',  ( -1.993151747090587511, -1.010000000000000009, 0.2498190567349448388 ) ) ;
#2910 = PRESENTATION_LAYER_ASSIGNMENT (  '', '', ( #11769 ) ) ;
#2911 = CARTESIAN_POINT ( 'NONE',  ( -1.589239846003645207, -1.000000000000000000, 0.3694123861110195084 ) ) ;
#2912 = SURFACE_STYLE_USAGE ( .BOTH. , #9135 ) ;
#2913 = FACE_OUTER_BOUND ( 'NONE', #8716, .T. ) ;
#2914 = LINE ( 'NONE', #3759, #1996 ) ;
#2915 = PRESENTATION_LAYER_ASSIGNMENT (  '', '', ( #9090 ) ) ;
#2916 = CARTESIAN_POINT ( 'NONE',  ( -1.724527649292435960, -1.000000000000000000, 0.4434464161615654931 ) ) ;
#2917 = EDGE_CURVE ( 'NONE', #3868, #9311, #10483, .T. ) ;
#2918 = CARTESIAN_POINT ( 'NONE',  ( -2.216742414243162429, -1.010000000000000009, 0.4238716809816544528 ) ) ;
#2919 = ORIENTED_EDGE ( 'NONE', *, *, #149, .T. ) ;
#2920 = ORIENTED_EDGE ( 'NONE', *, *, #8203, .F. ) ;
#2921 = EDGE_LOOP ( 'NONE', ( #162, #180, #2645, #4795 ) ) ;
#2922 = CARTESIAN_POINT ( 'NONE',  ( -2.002523796838695080, -1.010000000000000009, 0.3542506287292847000 ) ) ;
#2923 =( LENGTH_UNIT ( ) NAMED_UNIT ( * ) SI_UNIT ( .MILLI., .METRE. ) );
#2924 = ORIENTED_EDGE ( 'NONE', *, *, #230, .F. ) ;
#2925 = CARTESIAN_POINT ( 'NONE',  ( -1.726717862795309255, -1.010000000000000009, 0.2685181553006110167 ) ) ;
#2926 = CARTESIAN_POINT ( 'NONE',  ( -1.610082976701297408, -1.000000000000000000, 0.2217294184934983370 ) ) ;
#2927 =( NAMED_UNIT ( * ) PLANE_ANGLE_UNIT ( ) SI_UNIT ( $, .RADIAN. ) );
#2928 = COLOUR_RGB ( '',0.0000000000000000000, 0.0000000000000000000, 0.0000000000000000000 ) ;
#2929 = CARTESIAN_POINT ( 'NONE',  ( -1.491691106148106849, -1.010000000000000009, 0.4379588482649064973 ) ) ;
#2930 = VERTEX_POINT ( 'NONE', #7926 ) ;
#2931 = CARTESIAN_POINT ( 'NONE',  ( -1.543149089323647249, -1.000000000000000000, 0.3806763412682989123 ) ) ;
#2932 = VECTOR ( 'NONE', #6322, 1000.000000000000000 ) ;
#2933 = CARTESIAN_POINT ( 'NONE',  ( -2.185279060597537626, -1.000000000000000000, 0.1648010583142833774 ) ) ;
#2934 = CARTESIAN_POINT ( 'NONE',  ( -1.677859253886438529, -1.010000000000000009, 0.2516703591251381877 ) ) ;
#2935 = B_SPLINE_SURFACE_WITH_KNOTS ( 'NONE', 3, 1, ( 
 ( #6956, #8944 ),
 ( #9008, #10996 ),
 ( #3390, #6410 ),
 ( #11771, #4281 ) ),
 .UNSPECIFIED., .F., .F., .F.,
 ( 4, 4 ),
 ( 2, 2 ),
 ( 5.000000000000000000, 6.000000000000000000 ),
 ( 0.0000000000000000000, 1.000000000000000000 ),
 .UNSPECIFIED. ) ;
#2936 = EDGE_CURVE ( 'NONE', #1184, #6604, #5062, .T. ) ;
#2937 = SURFACE_SIDE_STYLE ('',( #6552 ) ) ;
#2938 = CARTESIAN_POINT ( 'NONE',  ( -1.374863673811987708, -1.010000000000000009, 0.2848364493105310369 ) ) ;
#2939 = CARTESIAN_POINT ( 'NONE',  ( -1.694394162418690009, -1.010000000000000009, 0.2238474271550627559 ) ) ;
#2940 = SURFACE_SIDE_STYLE ('',( #5470 ) ) ;
#2941 = CARTESIAN_POINT ( 'NONE',  ( -1.734684463558163747, -1.010000000000000009, 0.2780973308403431599 ) ) ;
#2942 = AXIS2_PLACEMENT_3D ( 'NONE', #5331, #2446, #5983 ) ;
#2943 = DIRECTION ( 'NONE',  ( 0.0000000000000000000, -1.000000000000000000, 0.0000000000000000000 ) ) ;
#2944 = ORIENTED_EDGE ( 'NONE', *, *, #723, .F. ) ;
#2945 = CARTESIAN_POINT ( 'NONE',  ( -1.461894575197808299, -1.010000000000000009, 0.3586779331192915810 ) ) ;
#2946 = STYLED_ITEM ( 'NONE', ( #7749 ), #10393 ) ;
#2947 = FILL_AREA_STYLE_COLOUR ( '', #608 ) ;
#2948 = ADVANCED_FACE ( 'NONE', ( #3265 ), #2935, .T. ) ;
#2949 = LINE ( 'NONE', #6626, #4904 ) ;
#2950 = CARTESIAN_POINT ( 'NONE',  ( -2.288371761046226194, -1.010000000000000009, 0.3167624042006468299 ) ) ;
#2951 = ORIENTED_EDGE ( 'NONE', *, *, #9998, .F. ) ;
#2952 = COLOUR_RGB ( '',0.0000000000000000000, 0.0000000000000000000, 0.0000000000000000000 ) ;
#2953 = CARTESIAN_POINT ( 'NONE',  ( -2.195989981891296683, -1.010000000000000009, 0.3796891242603235295 ) ) ;
#2954 = CARTESIAN_POINT ( 'NONE',  ( -1.710375500505164847, -1.010000000000000009, 0.2696252961921603575 ) ) ;
#2955 = ADVANCED_FACE ( 'NONE', ( #8887 ), #6165, .T. ) ;
#2956 = SURFACE_SIDE_STYLE ('',( #10143 ) ) ;
#2957 =( GEOMETRIC_REPRESENTATION_CONTEXT ( 3 ) GLOBAL_UNCERTAINTY_ASSIGNED_CONTEXT ( ( #2042 ) ) GLOBAL_UNIT_ASSIGNED_CONTEXT ( ( #11395, #5958, #8933 ) ) REPRESENTATION_CONTEXT ( 'NONE', 'WORKASPACE' ) );
#2958 = STYLED_ITEM ( 'NONE', ( #4541 ), #8340 ) ;
#2959 = EDGE_LOOP ( 'NONE', ( #7931, #6758, #5869, #10279 ) ) ;
#2960 = ORIENTED_EDGE ( 'NONE', *, *, #3342, .F. ) ;
#2961 = VERTEX_POINT ( 'NONE', #3513 ) ;
#2962 = CARTESIAN_POINT ( 'NONE',  ( -1.425238584376201656, -1.010000000000000009, 0.2826703040878785766 ) ) ;
#2963 = PRESENTATION_STYLE_ASSIGNMENT (( #2783 ) ) ;
#2964 = STYLED_ITEM ( 'NONE', ( #10698 ), #8746 ) ;
#2965 = CARTESIAN_POINT ( 'NONE',  ( -2.185948483602257575, -1.010000000000000009, 0.3736642278398156769 ) ) ;
#2966 = CARTESIAN_POINT ( 'NONE',  ( -1.652924515546996265, -1.010000000000000009, 0.2387216243503121338 ) ) ;
#2967 = FILL_AREA_STYLE ('',( #2121 ) ) ;
#2968 = CARTESIAN_POINT ( 'NONE',  ( -1.683491231465078952, -1.010000000000000009, 0.3586779331192915810 ) ) ;
#2969 = B_SPLINE_CURVE_WITH_KNOTS ( 'NONE', 3,
 ( #10975, #11027, #11143, #4558 ),
 .UNSPECIFIED., .F., .F.,
 ( 4, 4 ),
 ( 16.00000000000000000, 17.00000000000000000 ),
 .UNSPECIFIED. ) ;
#2970 = SURFACE_SIDE_STYLE ('',( #173 ) ) ;
#2971 = VECTOR ( 'NONE', #6928, 1000.000000000000114 ) ;
#2972 = ORIENTED_EDGE ( 'NONE', *, *, #11568, .T. ) ;
#2973 = ORIENTED_EDGE ( 'NONE', *, *, #255, .F. ) ;
#2974 = CARTESIAN_POINT ( 'NONE',  ( -1.656558825864866247, -1.000000000000000000, 0.2130648376028878854 ) ) ;
#2975 =( GEOMETRIC_REPRESENTATION_CONTEXT ( 3 ) GLOBAL_UNCERTAINTY_ASSIGNED_CONTEXT ( ( #3628 ) ) GLOBAL_UNIT_ASSIGNED_CONTEXT ( ( #6148, #5223, #5288 ) ) REPRESENTATION_CONTEXT ( 'NONE', 'WORKASPACE' ) );
#2976 = SURFACE_SIDE_STYLE ('',( #5862 ) ) ;
#2977 = SURFACE_STYLE_USAGE ( .BOTH. , #5567 ) ;
#2978 = EDGE_CURVE ( 'NONE', #7196, #5416, #8751, .T. ) ;
#2979 = VERTEX_POINT ( 'NONE', #7314 ) ;
#2980 = CARTESIAN_POINT ( 'NONE',  ( -2.027292831059733125, -1.010000000000000009, 0.2504884797393431839 ) ) ;
#2981 = CARTESIAN_POINT ( 'NONE',  ( -1.568396715307274869, -1.000000000000000000, 0.4390659891564559492 ) ) ;
#2982 = STYLED_ITEM ( 'NONE', ( #7079 ), #9642 ) ;
#2983 = DIRECTION ( 'NONE',  ( -0.9398440417738220809, 0.0000000000000000000, -0.3416038306902401400 ) ) ;
#2984 = PRESENTATION_LAYER_ASSIGNMENT (  '', '', ( #6645 ) ) ;
#2985 = LINE ( 'NONE', #247, #2810 ) ;
#2986 = EDGE_LOOP ( 'NONE', ( #10748, #8809, #7945, #7137 ) ) ;
#2987 = CARTESIAN_POINT ( 'NONE',  ( -2.500000000000000000, -0.9500000000000007327, 0.5500000000000007105 ) ) ;
#2988 = DIRECTION ( 'NONE',  ( -0.0000000000000000000, 0.0000000000000000000, -1.000000000000000000 ) ) ;
#2989 =( GEOMETRIC_REPRESENTATION_CONTEXT ( 3 ) GLOBAL_UNCERTAINTY_ASSIGNED_CONTEXT ( ( #3115 ) ) GLOBAL_UNIT_ASSIGNED_CONTEXT ( ( #11270, #8446, #10489 ) ) REPRESENTATION_CONTEXT ( 'NONE', 'WORKASPACE' ) );
#2990 = ORIENTED_EDGE ( 'NONE', *, *, #8158, .F. ) ;
#2991 = ADVANCED_FACE ( 'NONE', ( #4400 ), #8168, .F. ) ;
#2992 = CARTESIAN_POINT ( 'NONE',  ( -2.118335738668366997, -1.000000000000000000, 0.1949255531820396903 ) ) ;
#2993 = CARTESIAN_POINT ( 'NONE',  ( -1.444156252652793793, -1.000000000000000000, 0.2136906128893352463 ) ) ;
#2994 = CARTESIAN_POINT ( 'NONE',  ( -1.722168957827996172, -1.000000000000000000, 0.2520554516093513886 ) ) ;
#2995 =( NAMED_UNIT ( * ) SI_UNIT ( $, .STERADIAN. ) SOLID_ANGLE_UNIT ( ) );
#2996 = VECTOR ( 'NONE', #372, 1000.000000000000000 ) ;
#2997 = CARTESIAN_POINT ( 'NONE',  ( -1.780510469155388575, -1.010000000000000009, 0.2517184956855826328 ) ) ;
#2998 = AXIS2_PLACEMENT_3D ( 'NONE', #11797, #4204, #8024 ) ;
#2999 =( NAMED_UNIT ( * ) PLANE_ANGLE_UNIT ( ) SI_UNIT ( $, .RADIAN. ) );
#3000 = MECHANICAL_DESIGN_GEOMETRIC_PRESENTATION_REPRESENTATION (  '', ( #8220 ), #9749 ) ;
#3001 = CARTESIAN_POINT ( 'NONE',  ( -2.212056389369269294, -1.010000000000000009, 0.2458024420967059032 ) ) ;
#3002 = UNCERTAINTY_MEASURE_WITH_UNIT (LENGTH_MEASURE( 1.000000000000000082E-05 ), #3222, 'distance_accuracy_value', 'NONE');
#3003 = EDGE_LOOP ( 'NONE', ( #1181, #7875, #4699, #3634 ) ) ;
#3004 = EDGE_CURVE ( 'NONE', #7260, #7491, #4582, .T. ) ;
#3005 = FACE_OUTER_BOUND ( 'NONE', #9263, .T. ) ;
#3006 = CARTESIAN_POINT ( 'NONE',  ( -1.749029158587541710, -1.000000000000000000, 0.2204297313595212360 ) ) ;
#3007 = CARTESIAN_POINT ( 'NONE',  ( -1.674995128536674205, -1.010000000000000009, 0.2173489914877489715 ) ) ;
#3008 = CARTESIAN_POINT ( 'NONE',  ( -2.197998289210417067, -1.010000000000000009, 0.4339131792713341595 ) ) ;
#3009 = VERTEX_POINT ( 'NONE', #1092 ) ;
#3010 = SURFACE_STYLE_FILL_AREA ( #1988 ) ;
#3011 = CARTESIAN_POINT ( 'NONE',  ( -1.814181993226108291, -1.000000000000000000, 0.2200446388759535743 ) ) ;
#3012 = DIRECTION ( 'NONE',  ( -0.0000000000000000000, 0.0000000000000000000, 1.000000000000000000 ) ) ;
#3013 = SURFACE_STYLE_FILL_AREA ( #3977 ) ;
#3014 = CARTESIAN_POINT ( 'NONE',  ( -1.734684463558163747, -1.010000000000000009, 0.2780973308403431599 ) ) ;
#3015 =( GEOMETRIC_REPRESENTATION_CONTEXT ( 3 ) GLOBAL_UNCERTAINTY_ASSIGNED_CONTEXT ( ( #692 ) ) GLOBAL_UNIT_ASSIGNED_CONTEXT ( ( #7556, #11232, #7799 ) ) REPRESENTATION_CONTEXT ( 'NONE', 'WORKASPACE' ) );
#3016 = EDGE_CURVE ( 'NONE', #5128, #845, #4698, .T. ) ;
#3017 = ORIENTED_EDGE ( 'NONE', *, *, #2814, .F. ) ;
#3018 = EDGE_LOOP ( 'NONE', ( #8574, #1489, #9411, #1234 ) ) ;
#3019 =( NAMED_UNIT ( * ) PLANE_ANGLE_UNIT ( ) SI_UNIT ( $, .RADIAN. ) );
#3020 =( LENGTH_UNIT ( ) NAMED_UNIT ( * ) SI_UNIT ( .MILLI., .METRE. ) );
#3021 = FILL_AREA_STYLE_COLOUR ( '', #9077 ) ;
#3022 = CARTESIAN_POINT ( 'NONE',  ( -1.443602682207659527, -1.010000000000000009, 0.2837774449794280285 ) ) ;
#3023 = CARTESIAN_POINT ( 'NONE',  ( -1.728402642412857793, -1.010000000000000009, 0.3570894266226369851 ) ) ;
#3024 =( LENGTH_UNIT ( ) NAMED_UNIT ( * ) SI_UNIT ( .MILLI., .METRE. ) );
#3025 = PRESENTATION_LAYER_ASSIGNMENT (  '', '', ( #10163 ) ) ;
#3026 = CARTESIAN_POINT ( 'NONE',  ( -1.616461070967178726, -1.000000000000000000, 0.2094545955655646996 ) ) ;
#3027 = CARTESIAN_POINT ( 'NONE',  ( -2.212056376600842977, -1.010000000000000009, 0.4232022515930410345 ) ) ;
#3028 = EDGE_CURVE ( 'NONE', #2530, #9660, #11907, .T. ) ;
#3029 = ORIENTED_EDGE ( 'NONE', *, *, #811, .F. ) ;
#3030 = ORIENTED_EDGE ( 'NONE', *, *, #11682, .F. ) ;
#3031 = EDGE_LOOP ( 'NONE', ( #8995, #6292, #5552, #2713 ) ) ;
#3032 = EDGE_CURVE ( 'NONE', #3309, #6537, #3705, .T. ) ;
#3033 = AXIS2_PLACEMENT_3D ( 'NONE', #5405, #5522, #1186 ) ;
#3034 = FILL_AREA_STYLE ('',( #6721 ) ) ;
#3035 = EDGE_LOOP ( 'NONE', ( #10423, #5374, #1931, #3085 ) ) ;
#3036 = CARTESIAN_POINT ( 'NONE',  ( -1.577470456961678646, -1.000000000000000000, 0.4420023193468916589 ) ) ;
#3037 = AXIS2_PLACEMENT_3D ( 'NONE', #1325, #2113, #3247 ) ;
#3038 =( LENGTH_UNIT ( ) NAMED_UNIT ( * ) SI_UNIT ( .MILLI., .METRE. ) );
#3039 = LINE ( 'NONE', #9321, #5678 ) ;
#3040 = VECTOR ( 'NONE', #1085, 1000.000000000000000 ) ;
#3041 = LINE ( 'NONE', #1241, #10722 ) ;
#3042 = ADVANCED_FACE ( 'NONE', ( #7431 ), #9486, .T. ) ;
#3043 = ORIENTED_EDGE ( 'NONE', *, *, #9026, .F. ) ;
#3044 = CARTESIAN_POINT ( 'NONE',  ( -1.514941064870001020, -1.010000000000000009, 0.2200446388759535743 ) ) ;
#3045 = VERTEX_POINT ( 'NONE', #2897 ) ;
#3046 = CARTESIAN_POINT ( 'NONE',  ( -2.299082695108411567, -1.010000000000000009, 0.3917388851789893045 ) ) ;
#3047 = COLOUR_RGB ( '',0.7529411764705882248, 0.7529411764705882248, 0.7529411764705882248 ) ;
#3048 = ORIENTED_EDGE ( 'NONE', *, *, #95, .T. ) ;
#3049 = FACE_OUTER_BOUND ( 'NONE', #11653, .T. ) ;
#3050 = CARTESIAN_POINT ( 'NONE',  ( -1.602910629185807068, -1.000000000000000000, 0.3694123861110195084 ) ) ;
#3051 = FILL_AREA_STYLE_COLOUR ( '', #10326 ) ;
#3052 =( NAMED_UNIT ( * ) PLANE_ANGLE_UNIT ( ) SI_UNIT ( $, .RADIAN. ) );
#3053 = STYLED_ITEM ( 'NONE', ( #3387 ), #2352 ) ;
#3054 = CARTESIAN_POINT ( 'NONE',  ( -1.434697418514818468, -1.000000000000000000, 0.2909979290547222708 ) ) ;
#3055 = DIRECTION ( 'NONE',  ( 0.0000000000000000000, 0.0000000000000000000, -1.000000000000000000 ) ) ;
#3056 = FILL_AREA_STYLE_COLOUR ( '', #3765 ) ;
#3057 = PRESENTATION_LAYER_ASSIGNMENT (  '', '', ( #1528 ) ) ;
#3058 = ADVANCED_FACE ( 'NONE', ( #10258 ), #2076, .F. ) ;
#3059 =( NAMED_UNIT ( * ) PLANE_ANGLE_UNIT ( ) SI_UNIT ( $, .RADIAN. ) );
#3060 = ORIENTED_EDGE ( 'NONE', *, *, #267, .F. ) ;
#3061 = CARTESIAN_POINT ( 'NONE',  ( -1.680964062038758478, -1.000000000000000000, 0.2643784110970914258 ) ) ;
#3062 = LINE ( 'NONE', #6753, #3875 ) ;
#3063 = CARTESIAN_POINT ( 'NONE',  ( -1.420497133166460424, -1.010000000000000009, 0.2575911560664566058 ) ) ;
#3064 = LINE ( 'NONE', #11215, #3372 ) ;
#3065 = CARTESIAN_POINT ( 'NONE',  ( -2.177245856858871953, -1.010000000000000009, 0.4519878781069318618 ) ) ;
#3066 = VERTEX_POINT ( 'NONE', #4096 ) ;
#3067 = DIRECTION ( 'NONE',  ( 1.000000000000000000, -0.0000000000000000000, -0.0000000000000000000 ) ) ;
#3068 = CARTESIAN_POINT ( 'NONE',  ( -1.752446854383083563, -1.010000000000000009, 0.2282759907212610351 ) ) ;
#3069 =( LENGTH_UNIT ( ) NAMED_UNIT ( * ) SI_UNIT ( .MILLI., .METRE. ) );
#3070 = FILL_AREA_STYLE_COLOUR ( '', #3047 ) ;
#3071 = VECTOR ( 'NONE', #1911, 1000.000000000000000 ) ;
#3072 = VERTEX_POINT ( 'NONE', #8748 ) ;
#3073 = EDGE_LOOP ( 'NONE', ( #11238, #1108, #8372, #4753, #7524, #9604, #2750, #11820, #11758, #5297, #9428, #9706, #11674, #9967 ) ) ;
#3074 = VERTEX_POINT ( 'NONE', #461 ) ;
#3075 = CARTESIAN_POINT ( 'NONE',  ( -1.676463293631890394, -1.000000000000000000, 0.2388660340316498820 ) ) ;
#3076 = CARTESIAN_POINT ( 'NONE',  ( -1.727127023559427155, -1.000000000000000000, 0.2117170139091086312 ) ) ;
#3077 = DIRECTION ( 'NONE',  ( 0.7071067811865475727, 0.0000000000000000000, 0.7071067811865475727 ) ) ;
#3078 = DIRECTION ( 'NONE',  ( 0.5773502691896275074, 0.5773502691896224004, 0.5773502691896275074 ) ) ;
#3079 =( NAMED_UNIT ( * ) SI_UNIT ( $, .STERADIAN. ) SOLID_ANGLE_UNIT ( ) );
#3080 = ADVANCED_FACE ( 'NONE', ( #3978 ), #11392, .F. ) ;
#3081 = CARTESIAN_POINT ( 'NONE',  ( -1.717957008784130712, -1.010000000000000009, 0.3570894266226369851 ) ) ;
#3082 = CARTESIAN_POINT ( 'NONE',  ( -2.185279060597537626, -1.000000000000000000, 0.1648010583142833774 ) ) ;
#3083 =( NAMED_UNIT ( * ) PLANE_ANGLE_UNIT ( ) SI_UNIT ( $, .RADIAN. ) );
#3084 = ORIENTED_EDGE ( 'NONE', *, *, #2231, .T. ) ;
#3085 = ORIENTED_EDGE ( 'NONE', *, *, #7164, .T. ) ;
#3086 = SURFACE_STYLE_FILL_AREA ( #3878 ) ;
#3087 = STYLED_ITEM ( 'NONE', ( #4035 ), #11651 ) ;
#3088 = DIRECTION ( 'NONE',  ( 0.0000000000000000000, 0.0000000000000000000, -1.000000000000000000 ) ) ;
#3089 = EDGE_LOOP ( 'NONE', ( #1157, #5803, #7888, #7747 ) ) ;
#3090 =( GEOMETRIC_REPRESENTATION_CONTEXT ( 3 ) GLOBAL_UNCERTAINTY_ASSIGNED_CONTEXT ( ( #3356 ) ) GLOBAL_UNIT_ASSIGNED_CONTEXT ( ( #6563, #4682, #3790 ) ) REPRESENTATION_CONTEXT ( 'NONE', 'WORKASPACE' ) );
#3091 = CARTESIAN_POINT ( 'NONE',  ( -2.222097874890202718, -1.010000000000000009, 0.4238716809816544528 ) ) ;
#3092 = CARTESIAN_POINT ( 'NONE',  ( -1.768307851068442682, -1.000000000000000000, 0.4313160029156100084 ) ) ;
#3093 = ADVANCED_FACE ( 'NONE', ( #1327 ), #11223, .F. ) ;
#3094 = CARTESIAN_POINT ( 'NONE',  ( -1.750184436039535774, -1.010000000000000009, 0.4330007825331573801 ) ) ;
#3095 = CARTESIAN_POINT ( 'NONE',  ( -1.686764517579279365, -1.000000000000000000, 0.2727541726243808973 ) ) ;
#3096 = MECHANICAL_DESIGN_GEOMETRIC_PRESENTATION_REPRESENTATION (  '', ( #572 ), #9853 ) ;
#3097 = VECTOR ( 'NONE', #6106, 1000.000000000000000 ) ;
#3098 = ORIENTED_EDGE ( 'NONE', *, *, #4567, .F. ) ;
#3099 = ORIENTED_EDGE ( 'NONE', *, *, #2617, .T. ) ;
#3100 = PRESENTATION_STYLE_ASSIGNMENT (( #2089 ) ) ;
#3101 = ORIENTED_EDGE ( 'NONE', *, *, #7219, .T. ) ;
#3102 = CARTESIAN_POINT ( 'NONE',  ( -2.096913870543995806, -1.010000000000000009, 0.4780957742979444203 ) ) ;
#3103 =( LENGTH_UNIT ( ) NAMED_UNIT ( * ) SI_UNIT ( .MILLI., .METRE. ) );
#3104 = EDGE_CURVE ( 'NONE', #6643, #2502, #5851, .T. ) ;
#3105 = FACE_OUTER_BOUND ( 'NONE', #9864, .T. ) ;
#3106 = VECTOR ( 'NONE', #1643, 1000.000000000000000 ) ;
#3107 = CARTESIAN_POINT ( 'NONE',  ( -1.459367405771808457, -1.000000000000000000, 0.2200446388759536021 ) ) ;
#3108 = B_SPLINE_CURVE_WITH_KNOTS ( 'NONE', 3,
 ( #10690, #3313, #9118, #2533 ),
 .UNSPECIFIED., .F., .F.,
 ( 4, 4 ),
 ( 27.00000000000000000, 28.00000000000000000 ),
 .UNSPECIFIED. ) ;
#3109 = CARTESIAN_POINT ( 'NONE',  ( -1.710375500505164847, -1.010000000000000009, 0.2093101858842237595 ) ) ;
#3110 = B_SPLINE_CURVE_WITH_KNOTS ( 'NONE', 3,
 ( #10928, #8998, #957, #4389 ),
 .UNSPECIFIED., .F., .F.,
 ( 4, 4 ),
 ( 8.000000000000000000, 9.000000000000000000 ),
 .UNSPECIFIED. ) ;
#3111 = CARTESIAN_POINT ( 'NONE',  ( -2.185948496370684779, -1.010000000000000009, 0.2049670003980145483 ) ) ;
#3112 = UNCERTAINTY_MEASURE_WITH_UNIT (LENGTH_MEASURE( 1.000000000000000082E-05 ), #8825, 'distance_accuracy_value', 'NONE');
#3113 = CARTESIAN_POINT ( 'NONE',  ( -1.680964062038758478, -1.010000000000000009, 0.2643784110970914258 ) ) ;
#3114 = CARTESIAN_POINT ( 'NONE',  ( -1.997168336191654125, -1.000000000000000000, 0.3542506287292847000 ) ) ;
#3115 = UNCERTAINTY_MEASURE_WITH_UNIT (LENGTH_MEASURE( 1.000000000000000082E-05 ), #11270, 'distance_accuracy_value', 'NONE');
#3116 = ADVANCED_FACE ( 'NONE', ( #1697 ), #9386, .F. ) ;
#3117 = CARTESIAN_POINT ( 'NONE',  ( -2.188626226694204480, -1.010000000000000009, 0.4439546775603734341 ) ) ;
#3118 = SURFACE_SIDE_STYLE ('',( #2287 ) ) ;
#3119 = EDGE_CURVE ( 'NONE', #7443, #5068, #4273, .T. ) ;
#3120 = CARTESIAN_POINT ( 'NONE',  ( -1.357341965788981586, -1.010000000000000009, 0.2457014256227323390 ) ) ;
#3121 = FILL_AREA_STYLE ('',( #6012 ) ) ;
#3122 = SURFACE_SIDE_STYLE ('',( #9700 ) ) ;
#3123 = FILL_AREA_STYLE_COLOUR ( '', #4337 ) ;
#3124 = UNCERTAINTY_MEASURE_WITH_UNIT (LENGTH_MEASURE( 1.000000000000000082E-05 ), #6728, 'distance_accuracy_value', 'NONE');
#3125 = MECHANICAL_DESIGN_GEOMETRIC_PRESENTATION_REPRESENTATION (  '', ( #1607 ), #1983 ) ;
#3126 = ORIENTED_EDGE ( 'NONE', *, *, #628, .F. ) ;
#3127 = VERTEX_POINT ( 'NONE', #4444 ) ;
#3128 = ORIENTED_EDGE ( 'NONE', *, *, #2201, .F. ) ;
#3129 = STYLED_ITEM ( 'NONE', ( #599 ), #4870 ) ;
#3130 = CARTESIAN_POINT ( 'NONE',  ( -1.734010551711275605, -1.000000000000000000, 0.2077216793875679424 ) ) ;
#3131 = PRESENTATION_STYLE_ASSIGNMENT (( #4169 ) ) ;
#3132 =( LENGTH_UNIT ( ) NAMED_UNIT ( * ) SI_UNIT ( .MILLI., .METRE. ) );
#3133 = FACE_OUTER_BOUND ( 'NONE', #10982, .T. ) ;
#3134 = FACE_OUTER_BOUND ( 'NONE', #2026, .T. ) ;
#3135 = VECTOR ( 'NONE', #8291, 1000.000000000000000 ) ;
#3136 = PLANE ( 'NONE',  #1617 ) ;
#3137 = SURFACE_STYLE_USAGE ( .BOTH. , #10395 ) ;
#3138 =( LENGTH_UNIT ( ) NAMED_UNIT ( * ) SI_UNIT ( .MILLI., .METRE. ) );
#3139 = PRESENTATION_LAYER_ASSIGNMENT (  '', '', ( #2563 ) ) ;
#3140 = CARTESIAN_POINT ( 'NONE',  ( -1.656558825864866247, -1.000000000000000000, 0.2130648376028878854 ) ) ;
#3141 = EDGE_LOOP ( 'NONE', ( #494, #3145, #1245, #2233 ) ) ;
#3142 = ORIENTED_EDGE ( 'NONE', *, *, #1793, .F. ) ;
#3143 = EDGE_CURVE ( 'NONE', #5618, #1668, #973, .T. ) ;
#3144 = STYLED_ITEM ( 'NONE', ( #11825 ), #8835 ) ;
#3145 = ORIENTED_EDGE ( 'NONE', *, *, #8503, .F. ) ;
#3146 = PRESENTATION_STYLE_ASSIGNMENT (( #10345 ) ) ;
#3147 = CARTESIAN_POINT ( 'NONE',  ( 2.500000000000000000, -0.9500000000000007327, 0.04999999999999926725 ) ) ;
#3148 = VERTEX_POINT ( 'NONE', #10802 ) ;
#3149 =( NAMED_UNIT ( * ) SI_UNIT ( $, .STERADIAN. ) SOLID_ANGLE_UNIT ( ) );
#3150 = CARTESIAN_POINT ( 'NONE',  ( -1.628326733130676773, -1.010000000000000009, 0.1877450067792323374 ) ) ;
#3151 = AXIS2_PLACEMENT_3D ( 'NONE', #6502, #950, #3668 ) ;
#3152 =( GEOMETRIC_REPRESENTATION_CONTEXT ( 3 ) GLOBAL_UNCERTAINTY_ASSIGNED_CONTEXT ( ( #4223 ) ) GLOBAL_UNIT_ASSIGNED_CONTEXT ( ( #11711, #2662, #9848 ) ) REPRESENTATION_CONTEXT ( 'NONE', 'WORKASPACE' ) );
#3153 = CARTESIAN_POINT ( 'NONE',  ( -1.709220223053170784, -1.010000000000000009, 0.3700381613974637052 ) ) ;
#3154 = ORIENTED_EDGE ( 'NONE', *, *, #2180, .F. ) ;
#3155 = SURFACE_STYLE_USAGE ( .BOTH. , #1180 ) ;
#3156 = ORIENTED_EDGE ( 'NONE', *, *, #1430, .F. ) ;
#3157 = CARTESIAN_POINT ( 'NONE',  ( -2.330546074290889447, -1.010000000000000009, 0.3442091304396043827 ) ) ;
#3158 = EDGE_CURVE ( 'NONE', #8965, #10019, #4504, .T. ) ;
#3159 = ORIENTED_EDGE ( 'NONE', *, *, #3971, .T. ) ;
#3160 = CARTESIAN_POINT ( 'NONE',  ( -1.690976466623149266, -1.010000000000000009, 0.2477712977244908299 ) ) ;
#3161 = CARTESIAN_POINT ( 'NONE',  ( -2.299082695108411567, -1.010000000000000009, 0.3917388851789893045 ) ) ;
#3162 =( LENGTH_UNIT ( ) NAMED_UNIT ( * ) SI_UNIT ( .MILLI., .METRE. ) );
#3163 = ADVANCED_FACE ( 'NONE', ( #7239 ), #9060, .T. ) ;
#3164 = CARTESIAN_POINT ( 'NONE',  ( -1.634993646760196651, -1.010000000000000009, 0.4528330454595122512 ) ) ;
#3165 =( GEOMETRIC_REPRESENTATION_CONTEXT ( 3 ) GLOBAL_UNCERTAINTY_ASSIGNED_CONTEXT ( ( #8573 ) ) GLOBAL_UNIT_ASSIGNED_CONTEXT ( ( #9520, #8743, #2288 ) ) REPRESENTATION_CONTEXT ( 'NONE', 'WORKASPACE' ) );
#3166 = CARTESIAN_POINT ( 'NONE',  ( -1.668135668665369442, -1.000000000000000000, 0.2780973308403431599 ) ) ;
#3167 = LINE ( 'NONE', #6869, #7617 ) ;
#3168 = LINE ( 'NONE', #1073, #2775 ) ;
#3169 = SURFACE_STYLE_FILL_AREA ( #11431 ) ;
#3170 = LINE ( 'NONE', #4858, #7505 ) ;
#3171 = SURFACE_STYLE_FILL_AREA ( #11434 ) ;
#3172 = COLOUR_RGB ( '',0.0000000000000000000, 0.0000000000000000000, 0.0000000000000000000 ) ;
#3173 = VECTOR ( 'NONE', #9338, 1000.000000000000227 ) ;
#3174 = ORIENTED_EDGE ( 'NONE', *, *, #8216, .T. ) ;
#3175 = EDGE_CURVE ( 'NONE', #3323, #3072, #1860, .T. ) ;
#3176 = COLOUR_RGB ( '',0.0000000000000000000, 0.0000000000000000000, 0.0000000000000000000 ) ;
#3177 = CARTESIAN_POINT ( 'NONE',  ( -1.633718027907086645, -1.010000000000000009, 0.1877450067792323374 ) ) ;
#3178 = DIRECTION ( 'NONE',  ( -1.000000000000000000, -0.0000000000000000000, -0.0000000000000000000 ) ) ;
#3179 = FILL_AREA_STYLE_COLOUR ( '', #8577 ) ;
#3180 = STYLED_ITEM ( 'NONE', ( #4658 ), #3501 ) ;
#3181 = DIRECTION ( 'NONE',  ( -0.0000000000000000000, -0.0000000000000000000, -1.000000000000000000 ) ) ;
#3182 = CARTESIAN_POINT ( 'NONE',  ( -1.470775770610426525, -1.010000000000000009, 0.2926345721118238652 ) ) ;
#3183 = CARTESIAN_POINT ( 'NONE',  ( -1.826336474752609851, -1.010000000000000009, 0.4528330454595122512 ) ) ;
#3184 = CARTESIAN_POINT ( 'NONE',  ( -1.415274316352898021, -1.000000000000000000, 0.2093101858842237872 ) ) ;
#3185 =( NAMED_UNIT ( * ) PLANE_ANGLE_UNIT ( ) SI_UNIT ( $, .RADIAN. ) );
#3186 = EDGE_CURVE ( 'NONE', #9129, #10887, #891, .T. ) ;
#3187 = ORIENTED_EDGE ( 'NONE', *, *, #486, .T. ) ;
#3188 = EDGE_CURVE ( 'NONE', #9145, #11298, #2878, .T. ) ;
#3189 = ORIENTED_EDGE ( 'NONE', *, *, #7303, .T. ) ;
#3190 = ORIENTED_EDGE ( 'NONE', *, *, #10658, .F. ) ;
#3191 = CARTESIAN_POINT ( 'NONE',  ( -1.683130207261409383, -1.000000000000000000, 0.2077216793875679424 ) ) ;
#3192 = CARTESIAN_POINT ( 'NONE',  ( -1.743084293365680049, -1.010000000000000009, 0.2077216793875679424 ) ) ;
#3193 =( NAMED_UNIT ( * ) PLANE_ANGLE_UNIT ( ) SI_UNIT ( $, .RADIAN. ) );
#3194 =( NAMED_UNIT ( * ) PLANE_ANGLE_UNIT ( ) SI_UNIT ( $, .RADIAN. ) );
#3195 = CARTESIAN_POINT ( 'NONE',  ( -2.188626226694204480, -1.010000000000000009, 0.4439546775603734341 ) ) ;
#3196 = FACE_OUTER_BOUND ( 'NONE', #5810, .T. ) ;
#3197 = CARTESIAN_POINT ( 'NONE',  ( -1.610323659503531069, -1.010000000000000009, 0.2204778679199694558 ) ) ;
#3198 = CARTESIAN_POINT ( 'NONE',  ( -2.214734132461216642, -1.000000000000000000, 0.1648010583142833774 ) ) ;
#3199 = FILL_AREA_STYLE ('',( #9723 ) ) ;
#3200 = CARTESIAN_POINT ( 'NONE',  ( -1.969721558878669621, -1.010000000000000009, 0.3904000200175501423 ) ) ;
#3201 = DIRECTION ( 'NONE',  ( -1.000000000000000000, -0.0000000000000000000, -0.0000000000000000000 ) ) ;
#3202 = ADVANCED_FACE ( 'NONE', ( #3670 ), #7565, .F. ) ;
#3203 = VERTEX_POINT ( 'NONE', #2706 ) ;
#3204 = ORIENTED_EDGE ( 'NONE', *, *, #1520, .T. ) ;
#3205 = EDGE_CURVE ( 'NONE', #8694, #4892, #11149, .T. ) ;
#3206 = ORIENTED_EDGE ( 'NONE', *, *, #5668, .F. ) ;
#3207 = DIRECTION ( 'NONE',  ( -1.000000000000000000, 0.0000000000000000000, -0.0000000000000000000 ) ) ;
#3208 = VECTOR ( 'NONE', #7684, 1000.000000000000000 ) ;
#3209 = ORIENTED_EDGE ( 'NONE', *, *, #2682, .F. ) ;
#3210 = LINE ( 'NONE', #6907, #9467 ) ;
#3211 = ORIENTED_EDGE ( 'NONE', *, *, #3827, .F. ) ;
#3212 = SURFACE_STYLE_FILL_AREA ( #5924 ) ;
#3213 = SURFACE_STYLE_USAGE ( .BOTH. , #9609 ) ;
#3214 = CARTESIAN_POINT ( 'NONE',  ( -1.734010551711275605, -1.010000000000000009, 0.2077216793875679424 ) ) ;
#3215 = PLANE ( 'NONE',  #3725 ) ;
#3216 = B_SPLINE_CURVE_WITH_KNOTS ( 'NONE', 3,
 ( #2021, #2925, #5451, #4540 ),
 .UNSPECIFIED., .F., .F.,
 ( 4, 4 ),
 ( 11.00000000000000000, 12.00000000000000000 ),
 .UNSPECIFIED. ) ;
#3217 = CARTESIAN_POINT ( 'NONE',  ( -1.726645657954641866, -1.010000000000000009, 0.3679201527352576329 ) ) ;
#3218 = ORIENTED_EDGE ( 'NONE', *, *, #567, .F. ) ;
#3219 = MECHANICAL_DESIGN_GEOMETRIC_PRESENTATION_REPRESENTATION (  '', ( #4191 ), #306 ) ;
#3220 = DIRECTION ( 'NONE',  ( 0.7071067811865474617, -0.0000000000000000000, 0.7071067811865474617 ) ) ;
#3221 = ORIENTED_EDGE ( 'NONE', *, *, #1748, .F. ) ;
#3222 =( LENGTH_UNIT ( ) NAMED_UNIT ( * ) SI_UNIT ( .MILLI., .METRE. ) );
#3223 = ORIENTED_EDGE ( 'NONE', *, *, #2466, .F. ) ;
#3224 = CARTESIAN_POINT ( 'NONE',  ( -1.514941064870001020, -1.010000000000000009, 0.2200446388759535743 ) ) ;
#3225 = COLOUR_RGB ( '',0.0000000000000000000, 0.0000000000000000000, 0.0000000000000000000 ) ;
#3226 = CARTESIAN_POINT ( 'NONE',  ( -2.118335738668367441, -1.000000000000000000, 0.2384387124364641675 ) ) ;
#3227 = CARTESIAN_POINT ( 'NONE',  ( -1.538407638114548170, -1.000000000000000000, 0.4069589033021648317 ) ) ;
#3228 = DIRECTION ( 'NONE',  ( -0.0000000000000000000, 0.0000000000000000000, 1.000000000000000000 ) ) ;
#3229 =( LENGTH_UNIT ( ) NAMED_UNIT ( * ) SI_UNIT ( .MILLI., .METRE. ) );
#3230 = EDGE_CURVE ( 'NONE', #9089, #7610, #2041, .T. ) ;
#3231 = CARTESIAN_POINT ( 'NONE',  ( -1.928216719712432914, -1.000000000000000000, 0.2391081354408662596 ) ) ;
#3232 = CARTESIAN_POINT ( 'NONE',  ( -2.185948496370684779, -1.010000000000000009, 0.2571828119320350159 ) ) ;
#3233 = COLOUR_RGB ( '',0.0000000000000000000, 0.0000000000000000000, 0.0000000000000000000 ) ;
#3234 = UNCERTAINTY_MEASURE_WITH_UNIT (LENGTH_MEASURE( 1.000000000000000082E-05 ), #5749, 'distance_accuracy_value', 'NONE');
#3235 = SURFACE_STYLE_FILL_AREA ( #9514 ) ;
#3236 = ORIENTED_EDGE ( 'NONE', *, *, #10744, .F. ) ;
#3237 = COLOUR_RGB ( '',0.0000000000000000000, 0.0000000000000000000, 0.0000000000000000000 ) ;
#3238 = CARTESIAN_POINT ( 'NONE',  ( 2.475000000000000533, -0.9500000000000007327, 0.5750000000000000666 ) ) ;
#3239 = DIRECTION ( 'NONE',  ( -0.0000000000000000000, -0.0000000000000000000, -1.000000000000000000 ) ) ;
#3240 = UNCERTAINTY_MEASURE_WITH_UNIT (LENGTH_MEASURE( 1.000000000000000082E-05 ), #9161, 'distance_accuracy_value', 'NONE');
#3242 = DIRECTION ( 'NONE',  ( -0.0000000000000000000, 1.000000000000000000, -0.0000000000000000000 ) ) ;
#3241 = MECHANICAL_DESIGN_GEOMETRIC_PRESENTATION_REPRESENTATION (  '', ( #11269 ), #6340 ) ;
#3243 = DIRECTION ( 'NONE',  ( -0.0000000000000000000, 0.0000000000000000000, 1.000000000000000000 ) ) ;
#3244 = FACE_OUTER_BOUND ( 'NONE', #2415, .T. ) ;
#3245 = EDGE_CURVE ( 'NONE', #11484, #9894, #11090, .T. ) ;
#3246 = MECHANICAL_DESIGN_GEOMETRIC_PRESENTATION_REPRESENTATION (  '', ( #7309 ), #8464 ) ;
#3247 = DIRECTION ( 'NONE',  ( -0.0000000000000000000, 0.0000000000000000000, 1.000000000000000000 ) ) ;
#3248 =( LENGTH_UNIT ( ) NAMED_UNIT ( * ) SI_UNIT ( .MILLI., .METRE. ) );
#3249 = B_SPLINE_CURVE_WITH_KNOTS ( 'NONE', 3,
 ( #1610, #7210, #3597, #2623 ),
 .UNSPECIFIED., .F., .F.,
 ( 4, 4 ),
 ( 8.000000000000000000, 9.000000000000000000 ),
 .UNSPECIFIED. ) ;
#3250 = UNCERTAINTY_MEASURE_WITH_UNIT (LENGTH_MEASURE( 1.000000000000000082E-05 ), #11419, 'distance_accuracy_value', 'NONE');
#3251 =( GEOMETRIC_REPRESENTATION_CONTEXT ( 3 ) GLOBAL_UNCERTAINTY_ASSIGNED_CONTEXT ( ( #1699 ) ) GLOBAL_UNIT_ASSIGNED_CONTEXT ( ( #6684, #4026, #7711 ) ) REPRESENTATION_CONTEXT ( 'NONE', 'WORKASPACE' ) );
#3252 = VERTEX_POINT ( 'NONE', #10185 ) ;
#3253 = VERTEX_POINT ( 'NONE', #1926 ) ;
#3254 = ORIENTED_EDGE ( 'NONE', *, *, #8203, .T. ) ;
#3255 = CARTESIAN_POINT ( 'NONE',  ( -1.744672799862331480, -1.000000000000000000, 0.3712415754099058773 ) ) ;
#3256 = DIRECTION ( 'NONE',  ( 0.0000000000000000000, -1.000000000000000000, 0.0000000000000000000 ) ) ;
#3257 = PRESENTATION_STYLE_ASSIGNMENT (( #4391 ) ) ;
#3258 = LINE ( 'NONE', #9649, #4967 ) ;
#3259 =( NAMED_UNIT ( * ) PLANE_ANGLE_UNIT ( ) SI_UNIT ( $, .RADIAN. ) );
#3260 = PRESENTATION_STYLE_ASSIGNMENT (( #3445 ) ) ;
#3261 = FILL_AREA_STYLE ('',( #9594 ) ) ;
#3262 = EDGE_CURVE ( 'NONE', #7140, #1184, #82, .T. ) ;
#3263 = CARTESIAN_POINT ( 'NONE',  ( -1.777838890047726883, -1.010000000000000009, 0.3034652982244437913 ) ) ;
#3264 = CARTESIAN_POINT ( 'NONE',  ( -1.727223296680637565, -1.000000000000000000, 0.2228846959454959809 ) ) ;
#3265 = FACE_OUTER_BOUND ( 'NONE', #11732, .T. ) ;
#3266 = EDGE_LOOP ( 'NONE', ( #7513, #7564, #10187, #823 ) ) ;
#3267 = ORIENTED_EDGE ( 'NONE', *, *, #1627, .F. ) ;
#3268 = ORIENTED_EDGE ( 'NONE', *, *, #7560, .F. ) ;
#3269 = LINE ( 'NONE', #9852, #11620 ) ;
#3270 = VERTEX_POINT ( 'NONE', #9395 ) ;
#3271 = SURFACE_STYLE_FILL_AREA ( #601 ) ;
#3272 = LINE ( 'NONE', #6964, #5821 ) ;
#3273 = EDGE_LOOP ( 'NONE', ( #9726, #9906, #4548, #4734 ) ) ;
#3274 = B_SPLINE_CURVE_WITH_KNOTS ( 'NONE', 3,
 ( #9109, #4503, #8319, #5352 ),
 .UNSPECIFIED., .F., .F.,
 ( 4, 4 ),
 ( 7.000000000000000000, 8.000000000000000000 ),
 .UNSPECIFIED. ) ;
#3275 = DIRECTION ( 'NONE',  ( -0.0000000000000000000, -0.0000000000000000000, 1.000000000000000000 ) ) ;
#3276 = CARTESIAN_POINT ( 'NONE',  ( 2.450000000000001066, 1.000000000000000000, 0.04999999999999926725 ) ) ;
#3277 = EDGE_CURVE ( 'NONE', #10095, #2012, #8330, .T. ) ;
#3278 =( NAMED_UNIT ( * ) PLANE_ANGLE_UNIT ( ) SI_UNIT ( $, .RADIAN. ) );
#3279 = EDGE_CURVE ( 'NONE', #463, #1944, #1138, .T. ) ;
#3280 = LINE ( 'NONE', #6971, #5739 ) ;
#3281 = LINE ( 'NONE', #9862, #4536 ) ;
#3282 = MECHANICAL_DESIGN_GEOMETRIC_PRESENTATION_REPRESENTATION (  '', ( #3486 ), #10222 ) ;
#3283 = ORIENTED_EDGE ( 'NONE', *, *, #5692, .F. ) ;
#3284 = CARTESIAN_POINT ( 'NONE',  ( -1.814181993226108291, -1.000000000000000000, 0.3694123861110195084 ) ) ;
#3285 = ORIENTED_EDGE ( 'NONE', *, *, #8664, .T. ) ;
#3286 = CARTESIAN_POINT ( 'NONE',  ( -1.443337931124564877, -1.000000000000000000, 0.2298644972179162416 ) ) ;
#3287 = EDGE_LOOP ( 'NONE', ( #11697, #176, #10218, #40 ) ) ;
#3288 = CARTESIAN_POINT ( 'NONE',  ( 2.500000000000000000, 0.9500000000000007327, 0.5500000000000007105 ) ) ;
#3289 =( NAMED_UNIT ( * ) SI_UNIT ( $, .STERADIAN. ) SOLID_ANGLE_UNIT ( ) );
#3290 = CARTESIAN_POINT ( 'NONE',  ( -1.552607923462264727, -1.010000000000000009, 0.3718673506963500741 ) ) ;
#3291 = CARTESIAN_POINT ( 'NONE',  ( -1.668135668665369442, -1.000000000000000000, 0.2474343418007252937 ) ) ;
#3292 = SURFACE_STYLE_USAGE ( .BOTH. , #374 ) ;
#3293 =( LENGTH_UNIT ( ) NAMED_UNIT ( * ) SI_UNIT ( .MILLI., .METRE. ) );
#3294 = SURFACE_STYLE_FILL_AREA ( #6133 ) ;
#3295 = AXIS2_PLACEMENT_3D ( 'NONE', #9868, #5263, #2561 ) ;
#3296 = CARTESIAN_POINT ( 'NONE',  ( -1.674995128536674205, -1.000000000000000000, 0.2173489914877489715 ) ) ;
#3297 = CARTESIAN_POINT ( 'NONE',  ( -1.372023616741803620, -1.010000000000000009, 0.2861361364438658184 ) ) ;
#3298 = DIRECTION ( 'NONE',  ( 1.000000000000000000, 0.0000000000000000000, -0.0000000000000000000 ) ) ;
#3299 = CARTESIAN_POINT ( 'NONE',  ( -1.749317977950537450, -1.000000000000000000, 0.2367961619298920017 ) ) ;
#3300 = ADVANCED_FACE ( 'NONE', ( #1193 ), #7001, .F. ) ;
#3301 = STYLED_ITEM ( 'NONE', ( #5378 ), #5762 ) ;
#3302 = CARTESIAN_POINT ( 'NONE',  ( -1.743854478333781488, -1.010000000000000009, 0.2685181553006110167 ) ) ;
#3303 = PLANE ( 'NONE',  #9570 ) ;
#3304 = CARTESIAN_POINT ( 'NONE',  ( -1.737909613111919604, -1.000000000000000000, 0.2409359061334077901 ) ) ;
#3305 = CARTESIAN_POINT ( 'NONE',  ( -1.374863673811987708, -1.010000000000000009, 0.2848364493105310369 ) ) ;
#3306 = CARTESIAN_POINT ( 'NONE',  ( -1.554629659003578190, -1.000000000000000000, 0.4272243952731785699 ) ) ;
#3307 = CARTESIAN_POINT ( 'NONE',  ( -1.688762184840049585, -1.000000000000000000, 0.2448349675340551201 ) ) ;
#3308 = ORIENTED_EDGE ( 'NONE', *, *, #4167, .T. ) ;
#3309 = VERTEX_POINT ( 'NONE', #2342 ) ;
#3310 = ORIENTED_EDGE ( 'NONE', *, *, #8798, .F. ) ;
#3311 = CARTESIAN_POINT ( 'NONE',  ( -1.777838890047726883, -1.010000000000000009, 0.3034652982244437913 ) ) ;
#3312 = EDGE_CURVE ( 'NONE', #10622, #4285, #6168, .T. ) ;
#3313 = CARTESIAN_POINT ( 'NONE',  ( -2.038673200895065207, -1.000000000000000000, 0.2504884797393431839 ) ) ;
#3314 = CARTESIAN_POINT ( 'NONE',  ( -1.944952550194483987, -1.000000000000000000, 0.3020348427321144502 ) ) ;
#3315 = CARTESIAN_POINT ( 'NONE',  ( -2.171220973207432348, -1.010000000000000009, 0.2049670003980145483 ) ) ;
#3316 = VECTOR ( 'NONE', #3487, 1000.000000000000114 ) ;
#3317 = SURFACE_STYLE_FILL_AREA ( #10694 ) ;
#3318 = FILL_AREA_STYLE ('',( #10876 ) ) ;
#3319 = B_SPLINE_CURVE_WITH_KNOTS ( 'NONE', 3,
 ( #7500, #9363, #7380, #2673 ),
 .UNSPECIFIED., .F., .F.,
 ( 4, 4 ),
 ( 3.000000000000000000, 4.000000000000000000 ),
 .UNSPECIFIED. ) ;
#3320 =( NAMED_UNIT ( * ) PLANE_ANGLE_UNIT ( ) SI_UNIT ( $, .RADIAN. ) );
#3321 = PRESENTATION_STYLE_ASSIGNMENT (( #6780 ) ) ;
#3322 = FILL_AREA_STYLE_COLOUR ( '', #10352 ) ;
#3323 = VERTEX_POINT ( 'NONE', #9566 ) ;
#3324 = ORIENTED_EDGE ( 'NONE', *, *, #7607, .T. ) ;
#3325 = FILL_AREA_STYLE_COLOUR ( '', #2952 ) ;
#3326 = EDGE_CURVE ( 'NONE', #355, #6457, #7729, .T. ) ;
#3327 = ORIENTED_EDGE ( 'NONE', *, *, #6560, .T. ) ;
#3328 = SURFACE_SIDE_STYLE ('',( #11591 ) ) ;
#3329 = STYLED_ITEM ( 'NONE', ( #5059 ), #8719 ) ;
#3330 = VERTEX_POINT ( 'NONE', #1313 ) ;
#3331 = LINE ( 'NONE', #1410, #5574 ) ;
#3332 = FILL_AREA_STYLE ('',( #2437 ) ) ;
#3333 = SURFACE_SIDE_STYLE ('',( #7034 ) ) ;
#3334 = FILL_AREA_STYLE_COLOUR ( '', #6025 ) ;
#3335 = AXIS2_PLACEMENT_3D ( 'NONE', #8769, #3207, #7930 ) ;
#3336 =( GEOMETRIC_REPRESENTATION_CONTEXT ( 3 ) GLOBAL_UNCERTAINTY_ASSIGNED_CONTEXT ( ( #5518 ) ) GLOBAL_UNIT_ASSIGNED_CONTEXT ( ( #3038, #245, #10408 ) ) REPRESENTATION_CONTEXT ( 'NONE', 'WORKASPACE' ) );
#3337 = CARTESIAN_POINT ( 'NONE',  ( -1.676150405988668268, -1.000000000000000000, 0.2077216793875679424 ) ) ;
#3338 = CARTESIAN_POINT ( 'NONE',  ( -1.519754720920412305, -1.010000000000000009, 0.2625010852377568926 ) ) ;
#3339 = ORIENTED_EDGE ( 'NONE', *, *, #9538, .T. ) ;
#3340 = CARTESIAN_POINT ( 'NONE',  ( -1.702336694901322556, -1.010000000000000009, 0.4378625751440138325 ) ) ;
#3341 = EDGE_LOOP ( 'NONE', ( #9101, #9549, #152, #10638 ) ) ;
#3342 = EDGE_CURVE ( 'NONE', #1033, #1375, #9685, .T. ) ;
#3343 = ORIENTED_EDGE ( 'NONE', *, *, #3433, .T. ) ;
#3344 = VECTOR ( 'NONE', #7816, 1000.000000000000000 ) ;
#3345 = VECTOR ( 'NONE', #11017, 1000.000000000000000 ) ;
#3346 = CARTESIAN_POINT ( 'NONE',  ( -2.185279047829110866, -1.000000000000000000, 0.2993571379454478820 ) ) ;
#3347 = SURFACE_STYLE_FILL_AREA ( #4075 ) ;
#3348 = LINE ( 'NONE', #7048, #6540 ) ;
#3349 = CARTESIAN_POINT ( 'NONE',  ( -1.637665225868179197, -1.010000000000000009, 0.4118688324728259631 ) ) ;
#3350 = LINE ( 'NONE', #5337, #11096 ) ;
#3351 = CARTESIAN_POINT ( 'NONE',  ( -1.671336749938581390, -1.010000000000000009, 0.4420023193468916589 ) ) ;
#3352 = CARTESIAN_POINT ( 'NONE',  ( -1.768307851068442682, -1.000000000000000000, 0.4313160029156100084 ) ) ;
#3353 = PLANE ( 'NONE',  #6828 ) ;
#3354 = MECHANICAL_DESIGN_GEOMETRIC_PRESENTATION_REPRESENTATION (  '', ( #5074 ), #6836 ) ;
#3355 = SURFACE_STYLE_USAGE ( .BOTH. , #8023 ) ;
#3356 = UNCERTAINTY_MEASURE_WITH_UNIT (LENGTH_MEASURE( 1.000000000000000082E-05 ), #6563, 'distance_accuracy_value', 'NONE');
#3357 = FILL_AREA_STYLE_COLOUR ( '', #3225 ) ;
#3358 = VECTOR ( 'NONE', #2276, 1000.000000000000000 ) ;
#3359 = EDGE_CURVE ( 'NONE', #10019, #7163, #7712, .T. ) ;
#3360 =( NAMED_UNIT ( * ) PLANE_ANGLE_UNIT ( ) SI_UNIT ( $, .RADIAN. ) );
#3361 = VECTOR ( 'NONE', #10318, 1000.000000000000000 ) ;
#3362 = CARTESIAN_POINT ( 'NONE',  ( -1.678581302294096300, -1.010000000000000009, 0.2660150541541911329 ) ) ;
#3363 = UNCERTAINTY_MEASURE_WITH_UNIT (LENGTH_MEASURE( 1.000000000000000082E-05 ), #7779, 'distance_accuracy_value', 'NONE');
#3364 = LINE ( 'NONE', #4216, #8386 ) ;
#3365 = FILL_AREA_STYLE_COLOUR ( '', #6138 ) ;
#3366 = LINE ( 'NONE', #8210, #11377 ) ;
#3367 = CARTESIAN_POINT ( 'NONE',  ( -1.652202467139339159, -1.010000000000000009, 0.2751128640888174659 ) ) ;
#3368 = MECHANICAL_DESIGN_GEOMETRIC_PRESENTATION_REPRESENTATION (  '', ( #3750 ), #3566 ) ;
#3369 = SURFACE_SIDE_STYLE ('',( #8099 ) ) ;
#3370 =( NAMED_UNIT ( * ) PLANE_ANGLE_UNIT ( ) SI_UNIT ( $, .RADIAN. ) );
#3371 = LINE ( 'NONE', #7066, #9222 ) ;
#3372 = VECTOR ( 'NONE', #1084, 1000.000000000000000 ) ;
#3373 = VECTOR ( 'NONE', #6802, 1000.000000000000000 ) ;
#3374 = UNCERTAINTY_MEASURE_WITH_UNIT (LENGTH_MEASURE( 1.000000000000000082E-05 ), #5100, 'distance_accuracy_value', 'NONE');
#3375 = B_SPLINE_CURVE_WITH_KNOTS ( 'NONE', 3,
 ( #11025, #11140, #2993, #2753 ),
 .UNSPECIFIED., .F., .F.,
 ( 4, 4 ),
 ( 5.000000000000000000, 6.000000000000000000 ),
 .UNSPECIFIED. ) ;
#3376 = ORIENTED_EDGE ( 'NONE', *, *, #8083, .F. ) ;
#3377 = EDGE_LOOP ( 'NONE', ( #6369, #9867, #6171, #1086 ) ) ;
#3378 = ORIENTED_EDGE ( 'NONE', *, *, #9224, .T. ) ;
#3379 = CARTESIAN_POINT ( 'NONE',  ( -2.248875222814574748, -1.010000000000000009, 0.2103225121187592972 ) ) ;
#3380 = VECTOR ( 'NONE', #7360, 1000.000000000000000 ) ;
#3381 = CARTESIAN_POINT ( 'NONE',  ( -1.760750411069702537, -1.000000000000000000, 0.3699418882765709848 ) ) ;
#3382 = VECTOR ( 'NONE', #2005, 1000.000000000000000 ) ;
#3383 = CARTESIAN_POINT ( 'NONE',  ( -1.489476824365007390, -1.000000000000000000, 0.4342041965456000518 ) ) ;
#3384 = FACE_OUTER_BOUND ( 'NONE', #11286, .T. ) ;
#3385 =( NAMED_UNIT ( * ) PLANE_ANGLE_UNIT ( ) SI_UNIT ( $, .RADIAN. ) );
#3386 = CARTESIAN_POINT ( 'NONE',  ( -1.551187894927172239, -1.000000000000000000, 0.4066219473783987404 ) ) ;
#3387 = PRESENTATION_STYLE_ASSIGNMENT (( #9902 ) ) ;
#3388 = CARTESIAN_POINT ( 'NONE',  ( -1.371566319417562019, -1.010000000000000009, 0.2848364493105310369 ) ) ;
#3389 = ADVANCED_FACE ( 'NONE', ( #4084 ), #7774, .F. ) ;
#3390 = CARTESIAN_POINT ( 'NONE',  ( -1.722168957827996172, -1.010000000000000009, 0.2310679112303583305 ) ) ;
#3391 = VECTOR ( 'NONE', #623, 1000.000000000000000 ) ;
#3392 = STYLED_ITEM ( 'NONE', ( #1237 ), #7753 ) ;
#3393 = ORIENTED_EDGE ( 'NONE', *, *, #5971, .T. ) ;
#3394 = EDGE_LOOP ( 'NONE', ( #6425, #1900, #768, #8253 ) ) ;
#3395 = CARTESIAN_POINT ( 'NONE',  ( -1.740027621773804656, -1.010000000000000009, 0.2173971280481934165 ) ) ;
#3396 = FILL_AREA_STYLE ('',( #669 ) ) ;
#3397 = DIRECTION ( 'NONE',  ( 1.000000000000000000, -0.0000000000000000000, -0.0000000000000000000 ) ) ;
#3398 = ORIENTED_EDGE ( 'NONE', *, *, #4373, .T. ) ;
#3399 = LINE ( 'NONE', #10461, #3470 ) ;
#3400 = PRESENTATION_LAYER_ASSIGNMENT (  '', '', ( #7447 ) ) ;
#3401 =( NAMED_UNIT ( * ) SI_UNIT ( $, .STERADIAN. ) SOLID_ANGLE_UNIT ( ) );
#3402 = DIRECTION ( 'NONE',  ( 0.9369753459439794652, 0.0000000000000000000, 0.3493954794973170852 ) ) ;
#3403 = EDGE_CURVE ( 'NONE', #8965, #1935, #3422, .T. ) ;
#3404 = CARTESIAN_POINT ( 'NONE',  ( -2.005870962935040414, -1.000000000000000000, 0.4432852449793324157 ) ) ;
#3405 = VECTOR ( 'NONE', #6421, 1000.000000000000000 ) ;
#3406 = B_SPLINE_CURVE_WITH_KNOTS ( 'NONE', 3,
 ( #10176, #10357, #5636, #1920 ),
 .UNSPECIFIED., .F., .F.,
 ( 4, 4 ),
 ( 20.00000000000000000, 21.00000000000000000 ),
 .UNSPECIFIED. ) ;
#3407 = PRESENTATION_STYLE_ASSIGNMENT (( #8011 ) ) ;
#3408 = EDGE_LOOP ( 'NONE', ( #1786, #6449, #9078, #2029 ) ) ;
#3409 = ORIENTED_EDGE ( 'NONE', *, *, #10917, .T. ) ;
#3410 =( NAMED_UNIT ( * ) PLANE_ANGLE_UNIT ( ) SI_UNIT ( $, .RADIAN. ) );
#3411 = FILL_AREA_STYLE ('',( #11908 ) ) ;
#3412 = SURFACE_STYLE_FILL_AREA ( #6864 ) ;
#3413 = DIRECTION ( 'NONE',  ( -0.0000000000000000000, -0.0000000000000000000, -1.000000000000000000 ) ) ;
#3414 = CARTESIAN_POINT ( 'NONE',  ( -1.736609925978263469, -1.010000000000000009, 0.3679201527352576329 ) ) ;
#3415 =( GEOMETRIC_REPRESENTATION_CONTEXT ( 3 ) GLOBAL_UNCERTAINTY_ASSIGNED_CONTEXT ( ( #8217 ) ) GLOBAL_UNIT_ASSIGNED_CONTEXT ( ( #9599, #5740, #4054 ) ) REPRESENTATION_CONTEXT ( 'NONE', 'WORKASPACE' ) );
#3416 = FILL_AREA_STYLE ('',( #7050 ) ) ;
#3417 = CARTESIAN_POINT ( 'NONE',  ( -1.722168957827996172, -1.000000000000000000, 0.2366036156881059782 ) ) ;
#3418 = ADVANCED_FACE ( 'NONE', ( #3543 ), #10859, .T. ) ;
#3419 = CARTESIAN_POINT ( 'NONE',  ( -1.668135668665369442, -1.000000000000000000, 0.2474343418007252937 ) ) ;
#3420 = SURFACE_STYLE_FILL_AREA ( #622 ) ;
#3421 = STYLED_ITEM ( 'NONE', ( #2306 ), #7192 ) ;
#3422 = LINE ( 'NONE', #7221, #6862 ) ;
#3423 = B_SPLINE_CURVE_WITH_KNOTS ( 'NONE', 3,
 ( #8903, #9673, #4194, #8013 ),
 .UNSPECIFIED., .F., .F.,
 ( 4, 4 ),
 ( 12.00000000000000000, 13.00000000000000000 ),
 .UNSPECIFIED. ) ;
#3424 = FACE_OUTER_BOUND ( 'NONE', #4271, .T. ) ;
#3425 = MECHANICAL_DESIGN_GEOMETRIC_PRESENTATION_REPRESENTATION (  '', ( #11505 ), #11497 ) ;
#3426 = CARTESIAN_POINT ( 'NONE',  ( -1.510705047546230473, -1.000000000000000000, 0.3844309929876059684 ) ) ;
#3427 = CARTESIAN_POINT ( 'NONE',  ( -1.722481845471217854, -1.010000000000000009, 0.2197076829521849295 ) ) ;
#3428 = CARTESIAN_POINT ( 'NONE',  ( -1.561248436072007140, -1.010000000000000009, 0.3792322444529834247 ) ) ;
#3429 = B_SPLINE_CURVE_WITH_KNOTS ( 'NONE', 3,
 ( #5835, #4869, #2953, #4037 ),
 .UNSPECIFIED., .F., .F.,
 ( 4, 4 ),
 ( 19.00000000000000000, 20.00000000000000000 ),
 .UNSPECIFIED. ) ;
#3430 =( NAMED_UNIT ( * ) SI_UNIT ( $, .STERADIAN. ) SOLID_ANGLE_UNIT ( ) );
#3431 = MECHANICAL_DESIGN_GEOMETRIC_PRESENTATION_REPRESENTATION (  '', ( #5537 ), #9585 ) ;
#3433 = EDGE_CURVE ( 'NONE', #900, #5934, #8980, .T. ) ;
#3432 = AXIS2_PLACEMENT_3D ( 'NONE', #6837, #8819, #2245 ) ;
#3435 = EDGE_CURVE ( 'NONE', #2620, #8767, #10457, .T. ) ;
#3434 = CARTESIAN_POINT ( 'NONE',  ( -1.561513187155105120, -1.010000000000000009, 0.4331451922144963773 ) ) ;
#3436 = CARTESIAN_POINT ( 'NONE',  ( -1.683900392229514820, -1.000000000000000000, 0.2418505007825332009 ) ) ;
#3437 = AXIS2_PLACEMENT_3D ( 'NONE', #654, #7074, #4340 ) ;
#3438 = EDGE_LOOP ( 'NONE', ( #177, #9545, #5778, #6654 ) ) ;
#3439 = EDGE_LOOP ( 'NONE', ( #2195, #3851, #9469, #974, #4745, #8539, #7389, #941 ) ) ;
#3440 = ORIENTED_EDGE ( 'NONE', *, *, #6234, .T. ) ;
#3441 = CARTESIAN_POINT ( 'NONE',  ( -1.702336694901322334, -1.010000000000000009, 0.4505706271159670706 ) ) ;
#3442 = CARTESIAN_POINT ( 'NONE',  ( -1.965704969777923639, -1.010000000000000009, 0.2518273512856379903 ) ) ;
#3443 = CARTESIAN_POINT ( 'NONE',  ( -2.135071556382313496, -1.010000000000000009, 0.2765964110432108103 ) ) ;
#3444 = CARTESIAN_POINT ( 'NONE',  ( -1.760750411069702537, -1.010000000000000009, 0.3699418882765709848 ) ) ;
#3445 = SURFACE_STYLE_USAGE ( .BOTH. , #2361 ) ;
#3446 = SURFACE_STYLE_USAGE ( .BOTH. , #3510 ) ;
#3447 = CARTESIAN_POINT ( 'NONE',  ( -1.757838149159489216, -1.010000000000000009, 0.2603830765755508203 ) ) ;
#3448 = LINE ( 'NONE', #7133, #9052 ) ;
#3449 = PRESENTATION_STYLE_ASSIGNMENT (( #10938 ) ) ;
#3451 = VECTOR ( 'NONE', #8381, 1000.000000000000000 ) ;
#3450 = DIRECTION ( 'NONE',  ( -0.3385350342956570113, 0.0000000000000000000, -0.9409537876827099856 ) ) ;
#3452 = COLOUR_RGB ( '',0.0000000000000000000, 0.0000000000000000000, 0.0000000000000000000 ) ;
#3453 = EDGE_LOOP ( 'NONE', ( #7999, #4195, #3972, #559 ) ) ;
#3454 = ORIENTED_EDGE ( 'NONE', *, *, #422, .T. ) ;
#3455 = CARTESIAN_POINT ( 'NONE',  ( -1.664116265863606836, -1.010000000000000009, 0.2328489639687963964 ) ) ;
#3456 = ORIENTED_EDGE ( 'NONE', *, *, #7559, .T. ) ;
#3457 = CARTESIAN_POINT ( 'NONE',  ( -1.648977317585904379, -1.000000000000000000, 0.2276020788743692014 ) ) ;
#3458 = ADVANCED_FACE ( 'NONE', ( #10733 ), #8174, .F. ) ;
#3459 = CARTESIAN_POINT ( 'NONE',  ( -1.674995128536674205, -1.000000000000000000, 0.2173489914877489715 ) ) ;
#3460 = PLANE ( 'NONE',  #2124 ) ;
#3461 = B_SPLINE_SURFACE_WITH_KNOTS ( 'NONE', 3, 1, ( 
 ( #11863, #3605 ),
 ( #5465, #10972 ),
 ( #9163, #4262 ),
 ( #3664, #11921 ) ),
 .UNSPECIFIED., .F., .F., .F.,
 ( 4, 4 ),
 ( 2, 2 ),
 ( 4.000000000000000000, 5.000000000000000000 ),
 ( 0.0000000000000000000, 1.000000000000000000 ),
 .UNSPECIFIED. ) ;
#3462 = CARTESIAN_POINT ( 'NONE',  ( -1.656558825864866247, -1.000000000000000000, 0.2130648376028878854 ) ) ;
#3463 = VECTOR ( 'NONE', #1788, 1000.000000000000000 ) ;
#3464 = CARTESIAN_POINT ( 'NONE',  ( -1.628326733130676773, -1.000000000000000000, 0.1877450067792323374 ) ) ;
#3465 = CARTESIAN_POINT ( 'NONE',  ( -1.682167476051521282, -1.010000000000000009, 0.2594684819264291287 ) ) ;
#3466 = CARTESIAN_POINT ( 'NONE',  ( 2.450000000000001066, -1.000000000000000000, 0.5999999999999999778 ) ) ;
#3467 = VERTEX_POINT ( 'NONE', #3714 ) ;
#3468 = PRESENTATION_STYLE_ASSIGNMENT (( #9806 ) ) ;
#3469 = ORIENTED_EDGE ( 'NONE', *, *, #4373, .F. ) ;
#3470 = VECTOR ( 'NONE', #5322, 1000.000000000000000 ) ;
#3471 = FILL_AREA_STYLE_COLOUR ( '', #1568 ) ;
#3472 = EDGE_CURVE ( 'NONE', #10596, #7081, #128, .T. ) ;
#3473 = CARTESIAN_POINT ( 'NONE',  ( -2.222097874890202718, -1.010000000000000009, 0.4238716809816544528 ) ) ;
#3474 = CARTESIAN_POINT ( 'NONE',  ( -1.750160367759313607, -1.000000000000000000, 0.4498004421481837656 ) ) ;
#3475 = CARTESIAN_POINT ( 'NONE',  ( -1.999176630742348193, -1.000000000000000000, 0.3542506287292847000 ) ) ;
#3477 = EDGE_CURVE ( 'NONE', #7628, #3467, #9452, .T. ) ;
#3476 = CARTESIAN_POINT ( 'NONE',  ( -1.640409009816507391, -1.010000000000000009, 0.1890928304736576582 ) ) ;
#3478 =( LENGTH_UNIT ( ) NAMED_UNIT ( * ) SI_UNIT ( .MILLI., .METRE. ) );
#3479 = STYLED_ITEM ( 'NONE', ( #4631 ), #11579 ) ;
#3480 = PRESENTATION_STYLE_ASSIGNMENT (( #3355 ) ) ;
#3481 =( NAMED_UNIT ( * ) PLANE_ANGLE_UNIT ( ) SI_UNIT ( $, .RADIAN. ) );
#3482 = UNCERTAINTY_MEASURE_WITH_UNIT (LENGTH_MEASURE( 1.000000000000000082E-05 ), #10269, 'distance_accuracy_value', 'NONE');
#3483 =( NAMED_UNIT ( * ) SI_UNIT ( $, .STERADIAN. ) SOLID_ANGLE_UNIT ( ) );
#3484 = ORIENTED_EDGE ( 'NONE', *, *, #8055, .F. ) ;
#3485 = EDGE_CURVE ( 'NONE', #7026, #600, #1060, .T. ) ;
#3486 = STYLED_ITEM ( 'NONE', ( #635 ), #11750 ) ;
#3487 = DIRECTION ( 'NONE',  ( -0.7071067811865474617, -0.0000000000000000000, -0.7071067811865474617 ) ) ;
#3488 = CARTESIAN_POINT ( 'NONE',  ( -2.248875222814574748, -1.010000000000000009, 0.2103225121187592972 ) ) ;
#3489 = UNCERTAINTY_MEASURE_WITH_UNIT (LENGTH_MEASURE( 1.000000000000000082E-05 ), #6739, 'distance_accuracy_value', 'NONE');
#3490 = CARTESIAN_POINT ( 'NONE',  ( -1.903447685491074237, -1.010000000000000009, 0.3027042912733673985 ) ) ;
#3491 = PRESENTATION_LAYER_ASSIGNMENT (  '', '', ( #2137 ) ) ;
#3492 = CARTESIAN_POINT ( 'NONE',  ( -1.443602682207659527, -1.000000000000000000, 0.2837774449794280285 ) ) ;
#3493 = PLANE ( 'NONE',  #3151 ) ;
#3494 = PRESENTATION_STYLE_ASSIGNMENT (( #11756 ) ) ;
#3495 =( LENGTH_UNIT ( ) NAMED_UNIT ( * ) SI_UNIT ( .MILLI., .METRE. ) );
#3496 = UNCERTAINTY_MEASURE_WITH_UNIT (LENGTH_MEASURE( 1.000000000000000082E-05 ), #762, 'distance_accuracy_value', 'NONE');
#3497 = VERTEX_POINT ( 'NONE', #10968 ) ;
#3498 = ORIENTED_EDGE ( 'NONE', *, *, #5611, .T. ) ;
#3499 = VERTEX_POINT ( 'NONE', #6434 ) ;
#3500 = CARTESIAN_POINT ( 'NONE',  ( 2.450000000000001066, -0.9750000000000006439, 0.02499999999999985567 ) ) ;
#3501 = ADVANCED_FACE ( 'NONE', ( #5516 ), #10761, .F. ) ;
#3502 = EDGE_CURVE ( 'NONE', #2961, #2644, #4546, .T. ) ;
#3503 = FILL_AREA_STYLE ('',( #7249 ) ) ;
#3504 = FACE_OUTER_BOUND ( 'NONE', #1605, .T. ) ;
#3505 =( LENGTH_UNIT ( ) NAMED_UNIT ( * ) SI_UNIT ( .MILLI., .METRE. ) );
#3506 =( NAMED_UNIT ( * ) SI_UNIT ( $, .STERADIAN. ) SOLID_ANGLE_UNIT ( ) );
#3507 = VERTEX_POINT ( 'NONE', #5573 ) ;
#3508 = DIRECTION ( 'NONE',  ( 0.3667976789509240221, -0.0000000000000000000, 0.9303007377811838285 ) ) ;
#3509 = FACE_OUTER_BOUND ( 'NONE', #1148, .T. ) ;
#3510 = SURFACE_SIDE_STYLE ('',( #10877 ) ) ;
#3511 = CARTESIAN_POINT ( 'NONE',  ( -1.760750411069702537, -1.010000000000000009, 0.3699418882765709848 ) ) ;
#3512 =( GEOMETRIC_REPRESENTATION_CONTEXT ( 3 ) GLOBAL_UNCERTAINTY_ASSIGNED_CONTEXT ( ( #570 ) ) GLOBAL_UNIT_ASSIGNED_CONTEXT ( ( #7732, #9529, #2061 ) ) REPRESENTATION_CONTEXT ( 'NONE', 'WORKASPACE' ) );
#3513 = CARTESIAN_POINT ( 'NONE',  ( -1.735791604449712811, -1.010000000000000009, 0.2685181553006110167 ) ) ;
#3514 = VERTEX_POINT ( 'NONE', #3771 ) ;
#3515 = VERTEX_POINT ( 'NONE', #7285 ) ;
#3516 =( NAMED_UNIT ( * ) SI_UNIT ( $, .STERADIAN. ) SOLID_ANGLE_UNIT ( ) );
#3517 = STYLED_ITEM ( 'NONE', ( #10 ), #6359 ) ;
#3518 = ORIENTED_EDGE ( 'NONE', *, *, #2978, .F. ) ;
#3519 = CARTESIAN_POINT ( 'NONE',  ( -1.750184436039535774, -1.010000000000000009, 0.4330007825331573801 ) ) ;
#3520 = ORIENTED_EDGE ( 'NONE', *, *, #7233, .T. ) ;
#3521 = DIRECTION ( 'NONE',  ( -1.000000000000000000, 0.0000000000000000000, 0.0000000000000000000 ) ) ;
#3522 = SURFACE_STYLE_USAGE ( .BOTH. , #11782 ) ;
#3523 = CARTESIAN_POINT ( 'NONE',  ( -1.989804555457388435, -1.000000000000000000, 0.4285577122400814898 ) ) ;
#3524 = LINE ( 'NONE', #8833, #5058 ) ;
#3525 = CARTESIAN_POINT ( 'NONE',  ( -1.669290946117363283, -1.000000000000000000, 0.2685181553006110167 ) ) ;
#3526 = STYLED_ITEM ( 'NONE', ( #8966 ), #4784 ) ;
#3528 = EDGE_CURVE ( 'NONE', #6336, #5066, #2024, .T. ) ;
#3527 = DIRECTION ( 'NONE',  ( -0.0000000000000000000, -0.0000000000000000000, 1.000000000000000000 ) ) ;
#3529 = EDGE_LOOP ( 'NONE', ( #6736, #7308, #5969, #2725 ) ) ;
#3530 = ORIENTED_EDGE ( 'NONE', *, *, #8271, .F. ) ;
#3531 = FILL_AREA_STYLE_COLOUR ( '', #7572 ) ;
#3532 = PRESENTATION_LAYER_ASSIGNMENT (  '', '', ( #3716 ) ) ;
#3533 = VERTEX_POINT ( 'NONE', #9099 ) ;
#3534 = CARTESIAN_POINT ( 'NONE',  ( -1.374863673811987708, -1.010000000000000009, 0.2848364493105310369 ) ) ;
#3535 = FILL_AREA_STYLE ('',( #7156 ) ) ;
#3536 = MECHANICAL_DESIGN_GEOMETRIC_PRESENTATION_REPRESENTATION (  '', ( #7980 ), #9128 ) ;
#3537 = DIRECTION ( 'NONE',  ( -0.0000000000000000000, -0.0000000000000000000, 1.000000000000000000 ) ) ;
#3538 = FILL_AREA_STYLE_COLOUR ( '', #10179 ) ;
#3539 = CARTESIAN_POINT ( 'NONE',  ( -1.993151747090587511, -1.000000000000000000, 0.2498190567349448388 ) ) ;
#3540 = ORIENTED_EDGE ( 'NONE', *, *, #6743, .T. ) ;
#3541 = CARTESIAN_POINT ( 'NONE',  ( -1.484326212391473554, -1.010000000000000009, 0.4528330454595122512 ) ) ;
#3542 = CARTESIAN_POINT ( 'NONE',  ( -1.764408789667795130, -1.010000000000000009, 0.2273132595116904575 ) ) ;
#3544 = EDGE_CURVE ( 'NONE', #4892, #780, #6143, .T. ) ;
#3543 = FACE_OUTER_BOUND ( 'NONE', #5073, .T. ) ;
#3545 = STYLED_ITEM ( 'NONE', ( #7353 ), #473 ) ;
#3546 = VECTOR ( 'NONE', #565, 1000.000000000000000 ) ;
#3547 = EDGE_CURVE ( 'NONE', #10887, #6593, #6545, .T. ) ;
#3548 = DIRECTION ( 'NONE',  ( -0.0000000000000000000, 1.000000000000000000, -0.0000000000000000000 ) ) ;
#3549 = VECTOR ( 'NONE', #10435, 1000.000000000000000 ) ;
#3550 = FILL_AREA_STYLE ('',( #757 ) ) ;
#3551 = AXIS2_PLACEMENT_3D ( 'NONE', #5560, #7504, #107 ) ;
#3552 = CARTESIAN_POINT ( 'NONE',  ( -1.944952550194483987, -1.010000000000000009, 0.3020348427321144502 ) ) ;
#3553 = LINE ( 'NONE', #2873, #5666 ) ;
#3554 = FACE_OUTER_BOUND ( 'NONE', #1529, .T. ) ;
#3555 = DIRECTION ( 'NONE',  ( -1.000000000000000000, 0.0000000000000000000, -0.0000000000000000000 ) ) ;
#3556 = PLANE ( 'NONE',  #8839 ) ;
#3558 = EDGE_CURVE ( 'NONE', #7992, #744, #4129, .T. ) ;
#3557 = CARTESIAN_POINT ( 'NONE',  ( -1.633718027907086645, -1.000000000000000000, 0.1877450067792323374 ) ) ;
#3559 = ORIENTED_EDGE ( 'NONE', *, *, #8636, .T. ) ;
#3560 = VECTOR ( 'NONE', #4590, 1000.000000000000000 ) ;
#3561 =( GEOMETRIC_REPRESENTATION_CONTEXT ( 3 ) GLOBAL_UNCERTAINTY_ASSIGNED_CONTEXT ( ( #6765 ) ) GLOBAL_UNIT_ASSIGNED_CONTEXT ( ( #8036, #4218, #6266 ) ) REPRESENTATION_CONTEXT ( 'NONE', 'WORKASPACE' ) );
#3562 = ORIENTED_EDGE ( 'NONE', *, *, #4823, .T. ) ;
#3563 = ORIENTED_EDGE ( 'NONE', *, *, #5077, .T. ) ;
#3564 = CARTESIAN_POINT ( 'NONE',  ( -2.288371761046226194, -1.010000000000000009, 0.2893156396557675647 ) ) ;
#3565 = B_SPLINE_SURFACE_WITH_KNOTS ( 'NONE', 3, 1, ( 
 ( #7971, #5349 ),
 ( #10797, #9054 ),
 ( #4501, #1507 ),
 ( #5222, #9107 ) ),
 .UNSPECIFIED., .F., .F., .F.,
 ( 4, 4 ),
 ( 2, 2 ),
 ( 34.00000000000000000, 35.00000000000000000 ),
 ( 0.0000000000000000000, 1.000000000000000000 ),
 .UNSPECIFIED. ) ;
#3566 =( GEOMETRIC_REPRESENTATION_CONTEXT ( 3 ) GLOBAL_UNCERTAINTY_ASSIGNED_CONTEXT ( ( #1319 ) ) GLOBAL_UNIT_ASSIGNED_CONTEXT ( ( #292, #4174, #9480 ) ) REPRESENTATION_CONTEXT ( 'NONE', 'WORKASPACE' ) );
#3567 = PLANE ( 'NONE',  #1058 ) ;
#3568 = PLANE ( 'NONE',  #5356 ) ;
#3569 = VERTEX_POINT ( 'NONE', #7575 ) ;
#3570 = SURFACE_SIDE_STYLE ('',( #2658 ) ) ;
#3571 = STYLED_ITEM ( 'NONE', ( #8978 ), #1644 ) ;
#3572 = CARTESIAN_POINT ( 'NONE',  ( -1.519754720920412305, -1.000000000000000000, 0.2625010852377568926 ) ) ;
#3573 = PLANE ( 'NONE',  #9738 ) ;
#3574 = EDGE_CURVE ( 'NONE', #6294, #6411, #2985, .T. ) ;
#3575 = STYLED_ITEM ( 'NONE', ( #9627 ), #9876 ) ;
#3576 = MECHANICAL_DESIGN_GEOMETRIC_PRESENTATION_REPRESENTATION (  '', ( #9347 ), #10905 ) ;
#3577 = ORIENTED_EDGE ( 'NONE', *, *, #1662, .F. ) ;
#3578 = VERTEX_POINT ( 'NONE', #6667 ) ;
#3579 = SURFACE_SIDE_STYLE ('',( #1722 ) ) ;
#3580 = PRESENTATION_LAYER_ASSIGNMENT (  '', '', ( #5876 ) ) ;
#3581 = ORIENTED_EDGE ( 'NONE', *, *, #5369, .F. ) ;
#3582 = DIRECTION ( 'NONE',  ( -0.0000000000000000000, 1.000000000000000000, -0.0000000000000000000 ) ) ;
#3583 = ORIENTED_EDGE ( 'NONE', *, *, #10248, .F. ) ;
#3584 = CARTESIAN_POINT ( 'NONE',  ( -1.686764517579279365, -1.000000000000000000, 0.2727541726243808973 ) ) ;
#3585 = COLOUR_RGB ( '',0.0000000000000000000, 0.0000000000000000000, 0.0000000000000000000 ) ;
#3586 = DIRECTION ( 'NONE',  ( -0.0000000000000000000, 1.000000000000000000, -0.0000000000000000000 ) ) ;
#3587 = VECTOR ( 'NONE', #4066, 1000.000000000000000 ) ;
#3588 = SURFACE_SIDE_STYLE ('',( #8456 ) ) ;
#3589 = B_SPLINE_CURVE_WITH_KNOTS ( 'NONE', 3,
 ( #8185, #4759, #9023, #3525 ),
 .UNSPECIFIED., .F., .F.,
 ( 4, 4 ),
 ( 11.00000000000000000, 12.00000000000000000 ),
 .UNSPECIFIED. ) ;
#3590 = EDGE_CURVE ( 'NONE', #4465, #5333, #4968, .T. ) ;
#3591 = EDGE_CURVE ( 'NONE', #2058, #1785, #4545, .T. ) ;
#3592 = FILL_AREA_STYLE ('',( #11955 ) ) ;
#3593 = ORIENTED_EDGE ( 'NONE', *, *, #5964, .F. ) ;
#3594 = ORIENTED_EDGE ( 'NONE', *, *, #3695, .T. ) ;
#3595 = ORIENTED_EDGE ( 'NONE', *, *, #4495, .F. ) ;
#3596 = AXIS2_PLACEMENT_3D ( 'NONE', #9019, #8956, #733 ) ;
#3597 = CARTESIAN_POINT ( 'NONE',  ( -1.662407417965836354, -1.010000000000000009, 0.2780973308403431599 ) ) ;
#3598 = LINE ( 'NONE', #5393, #127 ) ;
#3599 = CARTESIAN_POINT ( 'NONE',  ( -2.048045250642851034, -1.010000000000000009, 0.2297360601562266069 ) ) ;
#3600 = CARTESIAN_POINT ( 'NONE',  ( -1.760076499222489987, -1.010000000000000009, 0.3934325298013402472 ) ) ;
#3601 =( GEOMETRIC_REPRESENTATION_CONTEXT ( 3 ) GLOBAL_UNCERTAINTY_ASSIGNED_CONTEXT ( ( #6150 ) ) GLOBAL_UNIT_ASSIGNED_CONTEXT ( ( #8354, #1044, #11902 ) ) REPRESENTATION_CONTEXT ( 'NONE', 'WORKASPACE' ) );
#3602 = SURFACE_SIDE_STYLE ('',( #11193 ) ) ;
#3603 = FACE_OUTER_BOUND ( 'NONE', #4957, .T. ) ;
#3604 = CARTESIAN_POINT ( 'NONE',  ( -1.764408789667795130, -1.000000000000000000, 0.2398769018023066135 ) ) ;
#3605 = CARTESIAN_POINT ( 'NONE',  ( -1.724647990693872091, -1.000000000000000000, 0.4544215519561667915 ) ) ;
#3606 = EDGE_CURVE ( 'NONE', #8058, #6931, #4979, .T. ) ;
#3607 = UNCERTAINTY_MEASURE_WITH_UNIT (LENGTH_MEASURE( 1.000000000000000082E-05 ), #8923, 'distance_accuracy_value', 'NONE');
#3608 = CARTESIAN_POINT ( 'NONE',  ( -1.425238584376201656, -1.000000000000000000, 0.2826703040878785766 ) ) ;
#3609 = CARTESIAN_POINT ( 'NONE',  ( -1.776683612595411299, -1.010000000000000009, 0.3586779331192915810 ) ) ;
#3610 =( NAMED_UNIT ( * ) PLANE_ANGLE_UNIT ( ) SI_UNIT ( $, .RADIAN. ) );
#3611 = CARTESIAN_POINT ( 'NONE',  ( -1.373780601200661033, -1.010000000000000009, 0.2885911010291963841 ) ) ;
#3612 =( NAMED_UNIT ( * ) PLANE_ANGLE_UNIT ( ) SI_UNIT ( $, .RADIAN. ) );
#3613 = UNCERTAINTY_MEASURE_WITH_UNIT (LENGTH_MEASURE( 1.000000000000000082E-05 ), #8475, 'distance_accuracy_value', 'NONE');
#3614 = PRESENTATION_STYLE_ASSIGNMENT (( #7024 ) ) ;
#3615 = ORIENTED_EDGE ( 'NONE', *, *, #7373, .T. ) ;
#3616 = COLOUR_RGB ( '',0.0000000000000000000, 0.0000000000000000000, 0.0000000000000000000 ) ;
#3617 = EDGE_CURVE ( 'NONE', #9251, #2088, #3041, .T. ) ;
#3618 = STYLED_ITEM ( 'NONE', ( #3407 ), #4523 ) ;
#3619 = CARTESIAN_POINT ( 'NONE',  ( -1.775696813105298144, -1.010000000000000009, 0.2200446388759535743 ) ) ;
#3620 = ORIENTED_EDGE ( 'NONE', *, *, #9807, .T. ) ;
#3621 = CARTESIAN_POINT ( 'NONE',  ( -1.768813284953770992, -1.010000000000000009, 0.3785101960456471182 ) ) ;
#3622 = CARTESIAN_POINT ( 'NONE',  ( -2.126368929638927874, -1.010000000000000009, 0.4780957742979444203 ) ) ;
#3623 =( LENGTH_UNIT ( ) NAMED_UNIT ( * ) SI_UNIT ( .MILLI., .METRE. ) );
#3624 = CARTESIAN_POINT ( 'NONE',  ( -1.741904947633459821, -1.000000000000000000, 0.3570894266226369851 ) ) ;
#3625 = VECTOR ( 'NONE', #10358, 1000.000000000000000 ) ;
#3626 =( LENGTH_UNIT ( ) NAMED_UNIT ( * ) SI_UNIT ( .MILLI., .METRE. ) );
#3627 = PRESENTATION_STYLE_ASSIGNMENT (( #2599 ) ) ;
#3628 = UNCERTAINTY_MEASURE_WITH_UNIT (LENGTH_MEASURE( 1.000000000000000082E-05 ), #6148, 'distance_accuracy_value', 'NONE');
#3629 = VECTOR ( 'NONE', #9508, 1000.000000000000000 ) ;
#3630 = ORIENTED_EDGE ( 'NONE', *, *, #10322, .F. ) ;
#3631 = ORIENTED_EDGE ( 'NONE', *, *, #3865, .F. ) ;
#3632 = ORIENTED_EDGE ( 'NONE', *, *, #6442, .T. ) ;
#3633 = DIRECTION ( 'NONE',  ( 0.0000000000000000000, -0.0000000000000000000, 1.000000000000000000 ) ) ;
#3634 = ORIENTED_EDGE ( 'NONE', *, *, #9390, .T. ) ;
#3635 = CARTESIAN_POINT ( 'NONE',  ( -2.159840603372099821, -1.000000000000000000, 0.2310749061650232139 ) ) ;
#3636 = MECHANICAL_DESIGN_GEOMETRIC_PRESENTATION_REPRESENTATION (  '', ( #3824 ), #10570 ) ;
#3637 = SURFACE_STYLE_USAGE ( .BOTH. , #11660 ) ;
#3638 = ADVANCED_FACE ( 'NONE', ( #363 ), #6333, .F. ) ;
#3639 = CARTESIAN_POINT ( 'NONE',  ( -1.708209355282514164, -1.010000000000000009, 0.4531218648228320101 ) ) ;
#3640 = FILL_AREA_STYLE ('',( #2065 ) ) ;
#3641 =( GEOMETRIC_REPRESENTATION_CONTEXT ( 3 ) GLOBAL_UNCERTAINTY_ASSIGNED_CONTEXT ( ( #1927 ) ) GLOBAL_UNIT_ASSIGNED_CONTEXT ( ( #3726, #2999, #6747 ) ) REPRESENTATION_CONTEXT ( 'NONE', 'WORKASPACE' ) );
#3642 = SURFACE_SIDE_STYLE ('',( #11953 ) ) ;
#3643 = DIRECTION ( 'NONE',  ( -0.9434452330799477648, 0.0000000000000000000, 0.3315284183576470700 ) ) ;
#3644 = EDGE_LOOP ( 'NONE', ( #9114, #8283, #11903, #10644 ) ) ;
#3645 = PRESENTATION_STYLE_ASSIGNMENT (( #8357 ) ) ;
#3646 = AXIS2_PLACEMENT_3D ( 'NONE', #2172, #9636, #1382 ) ;
#3647 = ORIENTED_EDGE ( 'NONE', *, *, #6002, .T. ) ;
#3648 = FILL_AREA_STYLE ('',( #4480 ) ) ;
#3649 = DIRECTION ( 'NONE',  ( -0.0000000000000000000, -0.0000000000000000000, 1.000000000000000000 ) ) ;
#3650 = ADVANCED_FACE ( 'NONE', ( #3952 ), #7637, .F. ) ;
#3651 = ORIENTED_EDGE ( 'NONE', *, *, #7408, .F. ) ;
#3652 = COLOUR_RGB ( '',0.0000000000000000000, 0.0000000000000000000, 0.0000000000000000000 ) ;
#3653 = EDGE_CURVE ( 'NONE', #845, #7548, #3834, .T. ) ;
#3654 = DIRECTION ( 'NONE',  ( -0.0000000000000000000, 1.000000000000000000, -0.0000000000000000000 ) ) ;
#3655 = CARTESIAN_POINT ( 'NONE',  ( -1.662912851850842921, -1.010000000000000009, 0.2685181553006110167 ) ) ;
#3656 = CARTESIAN_POINT ( 'NONE',  ( -1.683491231465078952, -1.000000000000000000, 0.4528330454595122512 ) ) ;
#3657 = LINE ( 'NONE', #2, #2222 ) ;
#3658 = CARTESIAN_POINT ( 'NONE',  ( -1.743421249289123898, -1.000000000000000000, 0.2401657211649846635 ) ) ;
#3659 = B_SPLINE_SURFACE_WITH_KNOTS ( 'NONE', 3, 1, ( 
 ( #11115, #9425 ),
 ( #3081, #2244 ),
 ( #6897, #4108 ),
 ( #10445, #8702 ) ),
 .UNSPECIFIED., .F., .F., .F.,
 ( 4, 4 ),
 ( 2, 2 ),
 ( 0.0000000000000000000, 1.000000000000000000 ),
 ( 0.0000000000000000000, 1.000000000000000000 ),
 .UNSPECIFIED. ) ;
#3660 = CARTESIAN_POINT ( 'NONE',  ( -1.552607923462264727, -1.010000000000000009, 0.4403656762897907306 ) ) ;
#3661 = ORIENTED_EDGE ( 'NONE', *, *, #10861, .F. ) ;
#3662 = ORIENTED_EDGE ( 'NONE', *, *, #9221, .T. ) ;
#3663 = CARTESIAN_POINT ( 'NONE',  ( 2.500000000000000000, -0.9500000000000007327, 0.04999999999999926725 ) ) ;
#3664 = CARTESIAN_POINT ( 'NONE',  ( -1.759234109414038238, -1.010000000000000009, 0.4405582225315766709 ) ) ;
#3665 = AXIS2_PLACEMENT_3D ( 'NONE', #346, #10514, #7921 ) ;
#3666 = PLANE ( 'NONE',  #1369 ) ;
#3667 = CARTESIAN_POINT ( 'NONE',  ( -1.965704969777923639, -1.000000000000000000, 0.2518273512856379903 ) ) ;
#3668 = DIRECTION ( 'NONE',  ( -1.000000000000000000, 0.0000000000000000000, -0.0000000000000000000 ) ) ;
#3669 = SURFACE_STYLE_USAGE ( .BOTH. , #2940 ) ;
#3670 = FACE_OUTER_BOUND ( 'NONE', #2109, .T. ) ;
#3671 = CARTESIAN_POINT ( 'NONE',  ( -1.671336749938581390, -1.000000000000000000, 0.4118688324728259631 ) ) ;
#3672 = ORIENTED_EDGE ( 'NONE', *, *, #9754, .F. ) ;
#3673 = EDGE_CURVE ( 'NONE', #1774, #7302, #5978, .T. ) ;
#3674 =( GEOMETRIC_REPRESENTATION_CONTEXT ( 3 ) GLOBAL_UNCERTAINTY_ASSIGNED_CONTEXT ( ( #4930 ) ) GLOBAL_UNIT_ASSIGNED_CONTEXT ( ( #8565, #5107, #4932 ) ) REPRESENTATION_CONTEXT ( 'NONE', 'WORKASPACE' ) );
#3675 =( NAMED_UNIT ( * ) SI_UNIT ( $, .STERADIAN. ) SOLID_ANGLE_UNIT ( ) );
#3676 = VECTOR ( 'NONE', #10246, 1000.000000000000000 ) ;
#3677 = CARTESIAN_POINT ( 'NONE',  ( -1.758632402407496631, -1.000000000000000000, 0.2130167010424434126 ) ) ;
#3678 = CARTESIAN_POINT ( 'NONE',  ( -1.562066757600878431, -1.010000000000000009, 0.3630583601250428893 ) ) ;
#3679 = SURFACE_STYLE_FILL_AREA ( #2829 ) ;
#3680 = ORIENTED_EDGE ( 'NONE', *, *, #1078, .F. ) ;
#3681 = LINE ( 'NONE', #11100, #8884 ) ;
#3682 = DIRECTION ( 'NONE',  ( -0.0000000000000000000, 1.000000000000000000, -0.0000000000000000000 ) ) ;
#3683 = LINE ( 'NONE', #4516, #5274 ) ;
#3684 = AXIS2_PLACEMENT_3D ( 'NONE', #9621, #4144, #3898 ) ;
#3685 = SURFACE_STYLE_FILL_AREA ( #11163 ) ;
#3686 =( NAMED_UNIT ( * ) PLANE_ANGLE_UNIT ( ) SI_UNIT ( $, .RADIAN. ) );
#3687 = PRESENTATION_STYLE_ASSIGNMENT (( #10321 ) ) ;
#3688 = EDGE_CURVE ( 'NONE', #5343, #7393, #9804, .T. ) ;
#3689 = VERTEX_POINT ( 'NONE', #9668 ) ;
#3690 = ORIENTED_EDGE ( 'NONE', *, *, #9807, .F. ) ;
#3691 = VERTEX_POINT ( 'NONE', #739 ) ;
#3692 = SURFACE_SIDE_STYLE ('',( #912 ) ) ;
#3693 = FACE_OUTER_BOUND ( 'NONE', #2296, .T. ) ;
#3694 = CARTESIAN_POINT ( 'NONE',  ( -1.702336694901322556, -1.000000000000000000, 0.3742260421614295729 ) ) ;
#3695 = EDGE_CURVE ( 'NONE', #8594, #5446, #1541, .T. ) ;
#3696 = VECTOR ( 'NONE', #4352, 1000.000000000000000 ) ;
#3697 = SURFACE_SIDE_STYLE ('',( #7439 ) ) ;
#3698 = CARTESIAN_POINT ( 'NONE',  ( -1.780510469155388575, -1.010000000000000009, 0.2517184956855826328 ) ) ;
#3699 = FACE_OUTER_BOUND ( 'NONE', #7611, .T. ) ;
#3700 = EDGE_CURVE ( 'NONE', #9660, #4121, #4398, .T. ) ;
#3701 = ORIENTED_EDGE ( 'NONE', *, *, #921, .F. ) ;
#3702 = DIRECTION ( 'NONE',  ( 0.7071067811865444641, 0.7071067811865505703, -1.196099074440429424E-16 ) ) ;
#3703 = ORIENTED_EDGE ( 'NONE', *, *, #827, .T. ) ;
#3704 = SURFACE_STYLE_FILL_AREA ( #3648 ) ;
#3705 = B_SPLINE_CURVE_WITH_KNOTS ( 'NONE', 3,
 ( #11107, #2837, #3745, #6636 ),
 .UNSPECIFIED., .F., .F.,
 ( 4, 4 ),
 ( 8.000000000000000000, 9.000000000000000000 ),
 .UNSPECIFIED. ) ;
#3706 =( NAMED_UNIT ( * ) PLANE_ANGLE_UNIT ( ) SI_UNIT ( $, .RADIAN. ) );
#3707 = VERTEX_POINT ( 'NONE', #7039 ) ;
#3708 = LINE ( 'NONE', #8247, #9616 ) ;
#3709 = CARTESIAN_POINT ( 'NONE',  ( -1.551187894927172239, -1.000000000000000000, 0.3948766266160141369 ) ) ;
#3710 = FACE_OUTER_BOUND ( 'NONE', #10316, .T. ) ;
#3711 = VECTOR ( 'NONE', #7167, 1000.000000000000000 ) ;
#3712 = DIRECTION ( 'NONE',  ( -0.0000000000000000000, 1.000000000000000000, -0.0000000000000000000 ) ) ;
#3713 = LINE ( 'NONE', #8587, #8757 ) ;
#3714 = CARTESIAN_POINT ( 'NONE',  ( -1.588204909952766641, -1.010000000000000009, 0.4528330454595122512 ) ) ;
#3715 = ADVANCED_FACE ( 'NONE', ( #1603 ), #6972, .F. ) ;
#3716 = STYLED_ITEM ( 'NONE', ( #2435 ), #10429 ) ;
#3717 = UNCERTAINTY_MEASURE_WITH_UNIT (LENGTH_MEASURE( 1.000000000000000082E-05 ), #274, 'distance_accuracy_value', 'NONE');
#3718 = PLANE ( 'NONE',  #2225 ) ;
#3719 = CARTESIAN_POINT ( 'NONE',  ( -1.459367405771808457, -1.000000000000000000, 0.2200446388759536021 ) ) ;
#3720 = CARTESIAN_POINT ( 'NONE',  ( -1.615065110712629926, -1.000000000000000000, 0.4528330454595122512 ) ) ;
#3721 =( NAMED_UNIT ( * ) SI_UNIT ( $, .STERADIAN. ) SOLID_ANGLE_UNIT ( ) );
#3722 = CARTESIAN_POINT ( 'NONE',  ( -2.212056389369269294, -1.010000000000000009, 0.2458024420967059032 ) ) ;
#3723 = CARTESIAN_POINT ( 'NONE',  ( -1.702336694901322334, -1.000000000000000000, 0.3625769945199377453 ) ) ;
#3724 = CARTESIAN_POINT ( 'NONE',  ( -1.551187894927172239, -1.000000000000000000, 0.4066219473783987404 ) ) ;
#3725 = AXIS2_PLACEMENT_3D ( 'NONE', #11414, #2138, #7696 ) ;
#3726 =( LENGTH_UNIT ( ) NAMED_UNIT ( * ) SI_UNIT ( .MILLI., .METRE. ) );
#3727 = CARTESIAN_POINT ( 'NONE',  ( -1.716464775408689025, -1.010000000000000009, 0.4434464161615654931 ) ) ;
#3728 = EDGE_CURVE ( 'NONE', #4731, #2251, #7881, .T. ) ;
#3729 = UNCERTAINTY_MEASURE_WITH_UNIT (LENGTH_MEASURE( 1.000000000000000082E-05 ), #6099, 'distance_accuracy_value', 'NONE');
#3730 = SURFACE_STYLE_USAGE ( .BOTH. , #9340 ) ;
#3731 = ORIENTED_EDGE ( 'NONE', *, *, #6926, .F. ) ;
#3732 = COLOUR_RGB ( '',0.0000000000000000000, 0.0000000000000000000, 0.0000000000000000000 ) ;
#3733 = CARTESIAN_POINT ( 'NONE',  ( -1.746766740243994809, -1.000000000000000000, 0.2184079958188501203 ) ) ;
#3734 = CARTESIAN_POINT ( 'NONE',  ( -1.648977317585904379, -1.000000000000000000, 0.2214405991301779397 ) ) ;
#3735 = FILL_AREA_STYLE ('',( #11156 ) ) ;
#3736 = SURFACE_SIDE_STYLE ('',( #3679 ) ) ;
#3737 = VERTEX_POINT ( 'NONE', #5256 ) ;
#3738 = CARTESIAN_POINT ( 'NONE',  ( -2.248205767888787232, -1.010000000000000009, 0.2551745429188400083 ) ) ;
#3739 = CARTESIAN_POINT ( 'NONE',  ( -2.269627648781906260, -1.000000000000000000, 0.2156779727657986145 ) ) ;
#3740 = MECHANICAL_DESIGN_GEOMETRIC_PRESENTATION_REPRESENTATION (  '', ( #10103 ), #5268 ) ;
#3741 = SURFACE_STYLE_FILL_AREA ( #5660 ) ;
#3742 = MECHANICAL_DESIGN_GEOMETRIC_PRESENTATION_REPRESENTATION (  '', ( #6830 ), #6448 ) ;
#3743 =( NAMED_UNIT ( * ) SI_UNIT ( $, .STERADIAN. ) SOLID_ANGLE_UNIT ( ) );
#3744 = DIRECTION ( 'NONE',  ( -1.000000000000000000, 0.0000000000000000000, 0.0000000000000000000 ) ) ;
#3745 = CARTESIAN_POINT ( 'NONE',  ( -1.662407417965836354, -1.000000000000000000, 0.2780973308403431599 ) ) ;
#3746 = VECTOR ( 'NONE', #9533, 1000.000000000000000 ) ;
#3747 = ORIENTED_EDGE ( 'NONE', *, *, #5857, .T. ) ;
#3748 = ORIENTED_EDGE ( 'NONE', *, *, #2179, .F. ) ;
#3749 = FACE_OUTER_BOUND ( 'NONE', #9254, .T. ) ;
#3750 = STYLED_ITEM ( 'NONE', ( #7804 ), #9590 ) ;
#3751 =( GEOMETRIC_REPRESENTATION_CONTEXT ( 3 ) GLOBAL_UNCERTAINTY_ASSIGNED_CONTEXT ( ( #10746 ) ) GLOBAL_UNIT_ASSIGNED_CONTEXT ( ( #7544, #395, #4040 ) ) REPRESENTATION_CONTEXT ( 'NONE', 'WORKASPACE' ) );
#3752 = CARTESIAN_POINT ( 'NONE',  ( -2.185948496370684779, -1.010000000000000009, 0.2049670003980145483 ) ) ;
#3753 = COLOUR_RGB ( '',0.0000000000000000000, 0.0000000000000000000, 0.0000000000000000000 ) ;
#3754 = SURFACE_STYLE_USAGE ( .BOTH. , #1779 ) ;
#3755 = COLOUR_RGB ( '',0.0000000000000000000, 0.0000000000000000000, 0.0000000000000000000 ) ;
#3756 = FACE_OUTER_BOUND ( 'NONE', #5117, .T. ) ;
#3757 = CARTESIAN_POINT ( 'NONE',  ( -2.118335738668367441, -1.010000000000000009, 0.2384387124364641675 ) ) ;
#3758 = EDGE_CURVE ( 'NONE', #9140, #6412, #2500, .T. ) ;
#3759 = CARTESIAN_POINT ( 'NONE',  ( -1.485000124238365027, -1.000000000000000000, 0.2200446388759535743 ) ) ;
#3760 = VECTOR ( 'NONE', #6752, 1000.000000000000000 ) ;
#3761 = STYLED_ITEM ( 'NONE', ( #6748 ), #3300 ) ;
#3762 = COLOUR_RGB ( '',0.0000000000000000000, 0.0000000000000000000, 0.0000000000000000000 ) ;
#3763 = VERTEX_POINT ( 'NONE', #6181 ) ;
#3764 = ORIENTED_EDGE ( 'NONE', *, *, #7455, .F. ) ;
#3766 = ORIENTED_EDGE ( 'NONE', *, *, #7713, .T. ) ;
#3765 = COLOUR_RGB ( '',0.0000000000000000000, 0.0000000000000000000, 0.0000000000000000000 ) ;
#3767 = DIRECTION ( 'NONE',  ( -0.0000000000000000000, 1.000000000000000000, -0.0000000000000000000 ) ) ;
#3768 = EDGE_CURVE ( 'NONE', #6723, #10774, #3281, .T. ) ;
#3769 = SURFACE_STYLE_FILL_AREA ( #2806 ) ;
#3770 = DIRECTION ( 'NONE',  ( -0.0000000000000000000, 1.000000000000000000, -0.0000000000000000000 ) ) ;
#3771 = CARTESIAN_POINT ( 'NONE',  ( -1.514941064870001020, -1.000000000000000000, 0.2093101858842237595 ) ) ;
#3772 = VECTOR ( 'NONE', #1483, 1000.000000000000000 ) ;
#3773 = FILL_AREA_STYLE_COLOUR ( '', #6114 ) ;
#3774 = VERTEX_POINT ( 'NONE', #7147 ) ;
#3775 = CARTESIAN_POINT ( 'NONE',  ( -1.567939417981752515, -1.000000000000000000, 0.3726856722252213650 ) ) ;
#3776 = CARTESIAN_POINT ( 'NONE',  ( -1.682167476051521282, -1.010000000000000009, 0.2621641293139920781 ) ) ;
#3777 = CARTESIAN_POINT ( 'NONE',  ( -1.679592170064752921, -1.010000000000000009, 0.2532107290613451744 ) ) ;
#3779 = ADVANCED_FACE ( 'NONE', ( #7271 ), #5616, .F. ) ;
#3778 = LINE ( 'NONE', #2700, #1028 ) ;
#3780 = LINE ( 'NONE', #2818, #6376 ) ;
#3781 = CARTESIAN_POINT ( 'NONE',  ( -2.212056389369269294, -1.000000000000000000, 0.2458024420967059032 ) ) ;
#3782 = CARTESIAN_POINT ( 'NONE',  ( -2.330546074290889447, -1.010000000000000009, 0.3154235071181409888 ) ) ;
#3783 = CARTESIAN_POINT ( 'NONE',  ( -1.373323303875781054, -1.010000000000000009, 0.2914311580987393735 ) ) ;
#3784 = CARTESIAN_POINT ( 'NONE',  ( -1.814181993226108291, -1.000000000000000000, 0.2200446388759535743 ) ) ;
#3785 = DIRECTION ( 'NONE',  ( 0.0000000000000000000, 0.0000000000000000000, -1.000000000000000000 ) ) ;
#3786 = EDGE_LOOP ( 'NONE', ( #10455, #10354, #5065, #9658 ) ) ;
#3787 = STYLED_ITEM ( 'NONE', ( #4953 ), #3852 ) ;
#3788 = COLOUR_RGB ( '',0.0000000000000000000, 0.0000000000000000000, 0.0000000000000000000 ) ;
#3789 = CARTESIAN_POINT ( 'NONE',  ( -1.671336749938581390, -1.010000000000000009, 0.3694123861110195084 ) ) ;
#3790 =( NAMED_UNIT ( * ) SI_UNIT ( $, .STERADIAN. ) SOLID_ANGLE_UNIT ( ) );
#3791 =( NAMED_UNIT ( * ) PLANE_ANGLE_UNIT ( ) SI_UNIT ( $, .RADIAN. ) );
#3793 = ADVANCED_FACE ( 'NONE', ( #3699 ), #1957, .F. ) ;
#3792 = SURFACE_STYLE_USAGE ( .BOTH. , #4453 ) ;
#3794 = FACE_BOUND ( 'NONE', #5648, .T. ) ;
#3795 = EDGE_LOOP ( 'NONE', ( #6226, #6086, #9445, #795 ) ) ;
#3796 = FACE_OUTER_BOUND ( 'NONE', #2311, .T. ) ;
#3797 = EDGE_CURVE ( 'NONE', #5714, #4131, #792, .T. ) ;
#3798 = CARTESIAN_POINT ( 'NONE',  ( -1.648977317585904379, -1.010000000000000009, 0.2276020788743692014 ) ) ;
#3799 = SURFACE_SIDE_STYLE ('',( #93 ) ) ;
#3800 = VECTOR ( 'NONE', #1106, 1000.000000000000000 ) ;
#3801 = CARTESIAN_POINT ( 'NONE',  ( -1.754781477567618264, -1.000000000000000000, 0.2095027321260091724 ) ) ;
#3802 = PLANE ( 'NONE',  #6731 ) ;
#3803 = CARTESIAN_POINT ( 'NONE',  ( -1.752446854383083563, -1.010000000000000009, 0.2282759907212610351 ) ) ;
#3804 = FILL_AREA_STYLE_COLOUR ( '', #3172 ) ;
#3805 = VECTOR ( 'NONE', #7061, 1000.000000000000000 ) ;
#3806 = ORIENTED_EDGE ( 'NONE', *, *, #9539, .T. ) ;
#3807 = ORIENTED_EDGE ( 'NONE', *, *, #2627, .T. ) ;
#3808 = LINE ( 'NONE', #11228, #231 ) ;
#3809 = STYLED_ITEM ( 'NONE', ( #6436 ), #4332 ) ;
#3810 = ORIENTED_EDGE ( 'NONE', *, *, #11722, .F. ) ;
#3811 = FILL_AREA_STYLE ('',( #1097 ) ) ;
#3812 = CARTESIAN_POINT ( 'NONE',  ( -1.717331233497683352, -1.000000000000000000, 0.3679201527352576329 ) ) ;
#3813 = DIRECTION ( 'NONE',  ( -0.0000000000000000000, 1.000000000000000000, -0.0000000000000000000 ) ) ;
#3814 = DIRECTION ( 'NONE',  ( -0.0000000000000000000, 1.000000000000000000, -0.0000000000000000000 ) ) ;
#3815 = CARTESIAN_POINT ( 'NONE',  ( -1.443337931124564877, -1.000000000000000000, 0.2298644972179162416 ) ) ;
#3816 = CARTESIAN_POINT ( 'NONE',  ( -1.686764517579279365, -1.010000000000000009, 0.2727541726243808973 ) ) ;
#3817 = FILL_AREA_STYLE_COLOUR ( '', #4492 ) ;
#3818 = CARTESIAN_POINT ( 'NONE',  ( -1.702336694901322334, -1.010000000000000009, 0.4505706271159670706 ) ) ;
#3819 = VECTOR ( 'NONE', #4742, 1000.000000000000000 ) ;
#3820 = SURFACE_SIDE_STYLE ('',( #5561 ) ) ;
#3821 = AXIS2_PLACEMENT_3D ( 'NONE', #5696, #370, #2988 ) ;
#3822 = CARTESIAN_POINT ( 'NONE',  ( 2.450000000000000622, 1.000000000000000000, 0.5999999999999999778 ) ) ;
#3823 = ORIENTED_EDGE ( 'NONE', *, *, #8347, .T. ) ;
#3824 = STYLED_ITEM ( 'NONE', ( #7367 ), #6965 ) ;
#3825 = CARTESIAN_POINT ( 'NONE',  ( -2.212056376600842977, -1.010000000000000009, 0.4232022515930410345 ) ) ;
#3826 = B_SPLINE_CURVE_WITH_KNOTS ( 'NONE', 3,
 ( #11643, #6404, #10875, #7075 ),
 .UNSPECIFIED., .F., .F.,
 ( 4, 4 ),
 ( 4.000000000000000000, 5.000000000000000000 ),
 .UNSPECIFIED. ) ;
#3827 = EDGE_CURVE ( 'NONE', #3737, #603, #110, .T. ) ;
#3828 = ORIENTED_EDGE ( 'NONE', *, *, #1504, .F. ) ;
#3829 = CARTESIAN_POINT ( 'NONE',  ( -2.002523796838695080, -1.000000000000000000, 0.3542506287292847000 ) ) ;
#3830 = ORIENTED_EDGE ( 'NONE', *, *, #4288, .T. ) ;
#3831 = FILL_AREA_STYLE_COLOUR ( '', #4419 ) ;
#3832 =( NAMED_UNIT ( * ) SI_UNIT ( $, .STERADIAN. ) SOLID_ANGLE_UNIT ( ) );
#3833 = LINE ( 'NONE', #7518, #11723 ) ;
#3834 = B_SPLINE_CURVE_WITH_KNOTS ( 'NONE', 3,
 ( #677, #8962, #7943, #3404 ),
 .UNSPECIFIED., .F., .F.,
 ( 4, 4 ),
 ( 0.0000000000000000000, 1.000000000000000000 ),
 .UNSPECIFIED. ) ;
#3835 = COLOUR_RGB ( '',0.0000000000000000000, 0.0000000000000000000, 0.0000000000000000000 ) ;
#3836 = FILL_AREA_STYLE_COLOUR ( '', #8815 ) ;
#3837 = EDGE_CURVE ( 'NONE', #9983, #1409, #4476, .T. ) ;
#3838 = ORIENTED_EDGE ( 'NONE', *, *, #406, .T. ) ;
#3839 = FILL_AREA_STYLE ('',( #6496 ) ) ;
#3840 = CARTESIAN_POINT ( 'NONE',  ( -1.674056465607005384, -1.000000000000000000, 0.2497448967047174728 ) ) ;
#3841 = EDGE_CURVE ( 'NONE', #8726, #645, #10090, .T. ) ;
#3842 = CARTESIAN_POINT ( 'NONE',  ( -1.735791604449712811, -1.000000000000000000, 0.2685181553006110167 ) ) ;
#3843 = SURFACE_SIDE_STYLE ('',( #9269 ) ) ;
#3844 = SURFACE_STYLE_USAGE ( .BOTH. , #142 ) ;
#3845 = B_SPLINE_CURVE_WITH_KNOTS ( 'NONE', 3,
 ( #3473, #4484, #748, #8136 ),
 .UNSPECIFIED., .F., .F.,
 ( 4, 4 ),
 ( 5.000000000000000000, 6.000000000000000000 ),
 .UNSPECIFIED. ) ;
#3846 = DIRECTION ( 'NONE',  ( -0.0000000000000000000, 1.000000000000000000, -0.0000000000000000000 ) ) ;
#3847 = SURFACE_STYLE_USAGE ( .BOTH. , #952 ) ;
#3848 = LINE ( 'NONE', #10240, #7692 ) ;
#3849 = B_SPLINE_CURVE_WITH_KNOTS ( 'NONE', 3,
 ( #9293, #6640, #4765, #10438 ),
 .UNSPECIFIED., .F., .F.,
 ( 4, 4 ),
 ( 0.0000000000000000000, 1.000000000000000000 ),
 .UNSPECIFIED. ) ;
#3850 = UNCERTAINTY_MEASURE_WITH_UNIT (LENGTH_MEASURE( 1.000000000000000082E-05 ), #23, 'distance_accuracy_value', 'NONE');
#3851 = ORIENTED_EDGE ( 'NONE', *, *, #9900, .F. ) ;
#3852 = ADVANCED_FACE ( 'NONE', ( #5506 ), #5354, .F. ) ;
#3853 = FACE_OUTER_BOUND ( 'NONE', #626, .T. ) ;
#3854 = STYLED_ITEM ( 'NONE', ( #10268 ), #11442 ) ;
#3855 = B_SPLINE_CURVE_WITH_KNOTS ( 'NONE', 3,
 ( #7663, #3860, #7603, #8630 ),
 .UNSPECIFIED., .F., .F.,
 ( 4, 4 ),
 ( 5.000000000000000000, 6.000000000000000000 ),
 .UNSPECIFIED. ) ;
#3856 = SURFACE_SIDE_STYLE ('',( #8622 ) ) ;
#3857 = CARTESIAN_POINT ( 'NONE',  ( -1.694321957578019733, -1.010000000000000009, 0.2584094775953279521 ) ) ;
#3858 = CARTESIAN_POINT ( 'NONE',  ( -1.661083662551957385, -1.000000000000000000, 0.2264468014223747216 ) ) ;
#3859 = ORIENTED_EDGE ( 'NONE', *, *, #1430, .T. ) ;
#3860 = CARTESIAN_POINT ( 'NONE',  ( -2.250883504596521423, -1.000000000000000000, 0.4238716809816544528 ) ) ;
#3861 = DIRECTION ( 'NONE',  ( 1.000000000000000000, 0.0000000000000000000, 0.0000000000000000000 ) ) ;
#3862 = FACE_OUTER_BOUND ( 'NONE', #5296, .T. ) ;
#3863 = SURFACE_SIDE_STYLE ('',( #970 ) ) ;
#3864 = UNCERTAINTY_MEASURE_WITH_UNIT (LENGTH_MEASURE( 1.000000000000000082E-05 ), #11823, 'distance_accuracy_value', 'NONE');
#3865 = EDGE_CURVE ( 'NONE', #2779, #10144, #6839, .T. ) ;
#3866 = ORIENTED_EDGE ( 'NONE', *, *, #11249, .F. ) ;
#3867 = VERTEX_POINT ( 'NONE', #8644 ) ;
#3868 = VERTEX_POINT ( 'NONE', #351 ) ;
#3869 = DIRECTION ( 'NONE',  ( -0.0000000000000000000, 1.000000000000000000, -0.0000000000000000000 ) ) ;
#3870 = SURFACE_SIDE_STYLE ('',( #7498 ) ) ;
#3871 = FACE_OUTER_BOUND ( 'NONE', #5871, .T. ) ;
#3872 = FILL_AREA_STYLE_COLOUR ( '', #5742 ) ;
#3873 = MECHANICAL_DESIGN_GEOMETRIC_PRESENTATION_REPRESENTATION (  '', ( #2709 ), #10608 ) ;
#3874 =( NAMED_UNIT ( * ) SI_UNIT ( $, .STERADIAN. ) SOLID_ANGLE_UNIT ( ) );
#3875 = VECTOR ( 'NONE', #9518, 1000.000000000000000 ) ;
#3876 = DIRECTION ( 'NONE',  ( -1.000000000000000000, 0.0000000000000000000, 0.0000000000000000000 ) ) ;
#3877 = EDGE_CURVE ( 'NONE', #4834, #7628, #1690, .T. ) ;
#3878 = FILL_AREA_STYLE ('',( #5919 ) ) ;
#3879 = AXIS2_PLACEMENT_3D ( 'NONE', #5921, #9431, #10456 ) ;
#3880 =( NAMED_UNIT ( * ) PLANE_ANGLE_UNIT ( ) SI_UNIT ( $, .RADIAN. ) );
#3881 = ORIENTED_EDGE ( 'NONE', *, *, #1823, .T. ) ;
#3882 = SURFACE_SIDE_STYLE ('',( #11189 ) ) ;
#3883 = CARTESIAN_POINT ( 'NONE',  ( -2.177245856858871953, -1.000000000000000000, 0.4519878781069318618 ) ) ;
#3884 = CARTESIAN_POINT ( 'NONE',  ( -1.610082976701297408, -1.010000000000000009, 0.2217294184934983370 ) ) ;
#3885 = CARTESIAN_POINT ( 'NONE',  ( -1.752687537185633859, -1.000000000000000000, 0.3613735805074955731 ) ) ;
#3886 = EDGE_CURVE ( 'NONE', #5333, #4763, #10519, .T. ) ;
#3887 = PRESENTATION_LAYER_ASSIGNMENT (  '', '', ( #10436 ) ) ;
#3888 = CARTESIAN_POINT ( 'NONE',  ( -2.212056376600842977, -1.000000000000000000, 0.4232022515930410345 ) ) ;
#3889 = CARTESIAN_POINT ( 'NONE',  ( -1.552607923462264727, -1.010000000000000009, 0.3718673506963500741 ) ) ;
#3890 = ORIENTED_EDGE ( 'NONE', *, *, #7152, .T. ) ;
#3891 = VERTEX_POINT ( 'NONE', #2250 ) ;
#3892 = DIRECTION ( 'NONE',  ( 1.000000000000000000, 0.0000000000000000000, 0.0000000000000000000 ) ) ;
#3893 = VECTOR ( 'NONE', #6565, 1000.000000000000000 ) ;
#3894 = CARTESIAN_POINT ( 'NONE',  ( -1.760076499222489987, -1.000000000000000000, 0.3934325298013402472 ) ) ;
#3895 = LINE ( 'NONE', #2816, #9388 ) ;
#3896 = B_SPLINE_CURVE_WITH_KNOTS ( 'NONE', 3,
 ( #3842, #7527, #4246, #2994 ),
 .UNSPECIFIED., .F., .F.,
 ( 4, 4 ),
 ( 11.00000000000000000, 12.00000000000000000 ),
 .UNSPECIFIED. ) ;
#3897 = CARTESIAN_POINT ( 'NONE',  ( 0.0000000000000000000, -1.010000000000000009, 0.0000000000000000000 ) ) ;
#3898 = DIRECTION ( 'NONE',  ( 1.000000000000000000, 0.0000000000000000000, 0.0000000000000000000 ) ) ;
#3899 = CARTESIAN_POINT ( 'NONE',  ( -1.589167641162975375, -1.010000000000000009, 0.3586779331192915810 ) ) ;
#3900 = EDGE_CURVE ( 'NONE', #5473, #9328, #662, .T. ) ;
#3901 = FILL_AREA_STYLE ('',( #10238 ) ) ;
#3902 = CARTESIAN_POINT ( 'NONE',  ( -1.678581302294096300, -1.010000000000000009, 0.2660150541541911329 ) ) ;
#3903 = CARTESIAN_POINT ( 'NONE',  ( -1.702336694901322556, -1.000000000000000000, 0.4505706271159670706 ) ) ;
#3904 = AXIS2_PLACEMENT_3D ( 'NONE', #50, #11119, #6536 ) ;
#3905 = PRODUCT_DEFINITION ( 'Î´Öª', '', #2718, #1803 ) ;
#3906 = ORIENTED_EDGE ( 'NONE', *, *, #6459, .T. ) ;
#3907 = DIRECTION ( 'NONE',  ( -0.0000000000000000000, -0.0000000000000000000, -1.000000000000000000 ) ) ;
#3908 = CARTESIAN_POINT ( 'NONE',  ( -1.743758205212888601, -1.000000000000000000, 0.2173971280481934165 ) ) ;
#3909 = COLOUR_RGB ( '',0.0000000000000000000, 0.0000000000000000000, 0.0000000000000000000 ) ;
#3910 = FILL_AREA_STYLE ('',( #4812 ) ) ;
#3911 = ORIENTED_EDGE ( 'NONE', *, *, #1477, .T. ) ;
#3912 = DIRECTION ( 'NONE',  ( 0.0000000000000000000, -0.0000000000000000000, 1.000000000000000000 ) ) ;
#3913 = FILL_AREA_STYLE ('',( #6816 ) ) ;
#3914 = EDGE_CURVE ( 'NONE', #11714, #1204, #5915, .T. ) ;
#3915 = LINE ( 'NONE', #3120, #7204 ) ;
#3916 = SURFACE_STYLE_FILL_AREA ( #3121 ) ;
#3917 = SURFACE_STYLE_USAGE ( .BOTH. , #3122 ) ;
#3918 =( NAMED_UNIT ( * ) PLANE_ANGLE_UNIT ( ) SI_UNIT ( $, .RADIAN. ) );
#3919 = VECTOR ( 'NONE', #3586, 1000.000000000000000 ) ;
#3920 = VECTOR ( 'NONE', #11475, 1000.000000000000114 ) ;
#3921 = EDGE_LOOP ( 'NONE', ( #1530, #7461, #7929, #8041 ) ) ;
#3922 = ORIENTED_EDGE ( 'NONE', *, *, #8368, .T. ) ;
#3923 = FILL_AREA_STYLE_COLOUR ( '', #10473 ) ;
#3924 = B_SPLINE_CURVE_WITH_KNOTS ( 'NONE', 3,
 ( #122, #57, #3709, #7396 ),
 .UNSPECIFIED., .F., .F.,
 ( 4, 4 ),
 ( 3.000000000000000000, 4.000000000000000000 ),
 .UNSPECIFIED. ) ;
#3925 = SURFACE_SIDE_STYLE ('',( #11290 ) ) ;
#3926 =( LENGTH_UNIT ( ) NAMED_UNIT ( * ) SI_UNIT ( .MILLI., .METRE. ) );
#3927 =( LENGTH_UNIT ( ) NAMED_UNIT ( * ) SI_UNIT ( .MILLI., .METRE. ) );
#3928 = CARTESIAN_POINT ( 'NONE',  ( -1.491691106148106849, -1.010000000000000009, 0.4379588482649064973 ) ) ;
#3929 = SURFACE_SIDE_STYLE ('',( #1337 ) ) ;
#3930 = SURFACE_STYLE_USAGE ( .BOTH. , #6024 ) ;
#3931 = EDGE_CURVE ( 'NONE', #9747, #784, #4133, .T. ) ;
#3932 = PLANE ( 'NONE',  #1419 ) ;
#3933 = COLOUR_RGB ( '',0.0000000000000000000, 0.0000000000000000000, 0.0000000000000000000 ) ;
#3934 = SURFACE_STYLE_USAGE ( .BOTH. , #2308 ) ;
#3935 = CARTESIAN_POINT ( 'NONE',  ( -1.668135668665369442, -1.000000000000000000, 0.2077216793875679424 ) ) ;
#3936 = STYLED_ITEM ( 'NONE', ( #8438 ), #9247 ) ;
#3937 =( GEOMETRIC_REPRESENTATION_CONTEXT ( 3 ) GLOBAL_UNCERTAINTY_ASSIGNED_CONTEXT ( ( #7974 ) ) GLOBAL_UNIT_ASSIGNED_CONTEXT ( ( #5275, #2455, #1500 ) ) REPRESENTATION_CONTEXT ( 'NONE', 'WORKASPACE' ) );
#3938 = ORIENTED_EDGE ( 'NONE', *, *, #1362, .F. ) ;
#3939 = EDGE_LOOP ( 'NONE', ( #11529, #10760, #11403, #489 ) ) ;
#3940 = DIRECTION ( 'NONE',  ( -0.7071067811865474617, 0.0000000000000000000, -0.7071067811865474617 ) ) ;
#3941 = PRESENTATION_LAYER_ASSIGNMENT (  '', '', ( #8007 ) ) ;
#3942 = ORIENTED_EDGE ( 'NONE', *, *, #7195, .T. ) ;
#3943 = PRESENTATION_STYLE_ASSIGNMENT (( #8420 ) ) ;
#3944 = ORIENTED_EDGE ( 'NONE', *, *, #9996, .F. ) ;
#3945 = FACE_OUTER_BOUND ( 'NONE', #3394, .T. ) ;
#3946 = FILL_AREA_STYLE_COLOUR ( '', #7257 ) ;
#3947 = VECTOR ( 'NONE', #11954, 1000.000000000000000 ) ;
#3948 = SURFACE_SIDE_STYLE ('',( #6790 ) ) ;
#3949 = EDGE_CURVE ( 'NONE', #11335, #7992, #175, .T. ) ;
#3950 = DIRECTION ( 'NONE',  ( 0.0000000000000000000, 0.0000000000000000000, -1.000000000000000000 ) ) ;
#3951 = STYLED_ITEM ( 'NONE', ( #11275 ), #277 ) ;
#3952 = FACE_OUTER_BOUND ( 'NONE', #2547, .T. ) ;
#3953 = ORIENTED_EDGE ( 'NONE', *, *, #11272, .T. ) ;
#3954 = CARTESIAN_POINT ( 'NONE',  ( -2.302429880357397707, -1.010000000000000009, 0.2424553015372124531 ) ) ;
#3955 = PRESENTATION_LAYER_ASSIGNMENT (  '', '', ( #4148 ) ) ;
#3956 = ORIENTED_EDGE ( 'NONE', *, *, #6797, .F. ) ;
#3957 = VECTOR ( 'NONE', #6504, 1000.000000000000000 ) ;
#3958 =( NAMED_UNIT ( * ) PLANE_ANGLE_UNIT ( ) SI_UNIT ( $, .RADIAN. ) );
#3959 = CARTESIAN_POINT ( 'NONE',  ( -2.118335738668366997, -1.000000000000000000, 0.2317443802431300992 ) ) ;
#3960 = DIRECTION ( 'NONE',  ( -0.0000000000000000000, 1.000000000000000000, -0.0000000000000000000 ) ) ;
#3961 = APPLICATION_PROTOCOL_DEFINITION ( 'draft international standard', 'automotive_design', 1998, #10195 ) ;
#3962 = CARTESIAN_POINT ( 'NONE',  ( -2.138418735247407110, -1.000000000000000000, 0.4379297811405066243 ) ) ;
#3963 = PRESENTATION_STYLE_ASSIGNMENT (( #259 ) ) ;
#3964 = CARTESIAN_POINT ( 'NONE',  ( -1.772832687755529824, -1.000000000000000000, 0.3898704243238186318 ) ) ;
#3965 = SURFACE_STYLE_FILL_AREA ( #5767 ) ;
#3966 =( GEOMETRIC_REPRESENTATION_CONTEXT ( 3 ) GLOBAL_UNCERTAINTY_ASSIGNED_CONTEXT ( ( #6256 ) ) GLOBAL_UNIT_ASSIGNED_CONTEXT ( ( #2508, #10728, #7213 ) ) REPRESENTATION_CONTEXT ( 'NONE', 'WORKASPACE' ) );
#3967 = FILL_AREA_STYLE ('',( #3056 ) ) ;
#3968 = UNCERTAINTY_MEASURE_WITH_UNIT (LENGTH_MEASURE( 1.000000000000000082E-05 ), #5363, 'distance_accuracy_value', 'NONE');
#3969 = ORIENTED_EDGE ( 'NONE', *, *, #5211, .T. ) ;
#3970 = CARTESIAN_POINT ( 'NONE',  ( -1.551187894927172239, -1.000000000000000000, 0.4066219473783987404 ) ) ;
#3971 = EDGE_CURVE ( 'NONE', #2619, #1672, #3981, .T. ) ;
#3972 = ORIENTED_EDGE ( 'NONE', *, *, #1169, .F. ) ;
#3973 = LINE ( 'NONE', #7661, #1949 ) ;
#3974 = CARTESIAN_POINT ( 'NONE',  ( -1.814181993226108291, -1.000000000000000000, 0.3694123861110195084 ) ) ;
#3975 = SURFACE_STYLE_USAGE ( .BOTH. , #4815 ) ;
#3976 =( NAMED_UNIT ( * ) SI_UNIT ( $, .STERADIAN. ) SOLID_ANGLE_UNIT ( ) );
#3977 = FILL_AREA_STYLE ('',( #8688 ) ) ;
#3978 = FACE_OUTER_BOUND ( 'NONE', #583, .T. ) ;
#3979 = UNCERTAINTY_MEASURE_WITH_UNIT (LENGTH_MEASURE( 1.000000000000000082E-05 ), #10389, 'distance_accuracy_value', 'NONE');
#3980 = VECTOR ( 'NONE', #5055, 1000.000000000000000 ) ;
#3981 = B_SPLINE_CURVE_WITH_KNOTS ( 'NONE', 3,
 ( #4777, #9427, #10397, #2128 ),
 .UNSPECIFIED., .F., .F.,
 ( 4, 4 ),
 ( 4.000000000000000000, 5.000000000000000000 ),
 .UNSPECIFIED. ) ;
#3982 = ORIENTED_EDGE ( 'NONE', *, *, #7894, .T. ) ;
#3983 = ADVANCED_FACE ( 'NONE', ( #409 ), #10448, .F. ) ;
#3984 = CARTESIAN_POINT ( 'NONE',  ( -1.722481845471217854, -1.000000000000000000, 0.2197076829521849295 ) ) ;
#3985 = SURFACE_STYLE_FILL_AREA ( #4043 ) ;
#3987 = SURFACE_SIDE_STYLE ('',( #7734 ) ) ;
#3986 = MECHANICAL_DESIGN_GEOMETRIC_PRESENTATION_REPRESENTATION (  '', ( #2452 ), #304 ) ;
#3988 = STYLED_ITEM ( 'NONE', ( #375 ), #8142 ) ;
#3989 =( LENGTH_UNIT ( ) NAMED_UNIT ( * ) SI_UNIT ( .MILLI., .METRE. ) );
#3990 = CARTESIAN_POINT ( 'NONE',  ( -1.740027621773804656, -1.010000000000000009, 0.2173971280481934165 ) ) ;
#3991 = VECTOR ( 'NONE', #5406, 1000.000000000000000 ) ;
#3992 =( LENGTH_UNIT ( ) NAMED_UNIT ( * ) SI_UNIT ( .MILLI., .METRE. ) );
#3993 = SURFACE_STYLE_USAGE ( .BOTH. , #7682 ) ;
#3994 = B_SPLINE_CURVE_WITH_KNOTS ( 'NONE', 3,
 ( #9613, #495, #6733, #8724 ),
 .UNSPECIFIED., .F., .F.,
 ( 4, 4 ),
 ( 14.00000000000000000, 15.00000000000000000 ),
 .UNSPECIFIED. ) ;
#3995 = CARTESIAN_POINT ( 'NONE',  ( -1.538407638114548170, -1.010000000000000009, 0.4069589033021648317 ) ) ;
#3996 = VERTEX_POINT ( 'NONE', #11650 ) ;
#3997 = ORIENTED_EDGE ( 'NONE', *, *, #9236, .F. ) ;
#3998 = SURFACE_SIDE_STYLE ('',( #11299 ) ) ;
#3999 = ADVANCED_FACE ( 'NONE', ( #2707 ), #5241, .T. ) ;
#4000 = CARTESIAN_POINT ( 'NONE',  ( -1.997168336191654125, -1.000000000000000000, 0.3542506287292847000 ) ) ;
#4001 = PRESENTATION_LAYER_ASSIGNMENT (  '', '', ( #7091 ) ) ;
#4002 = CARTESIAN_POINT ( 'NONE',  ( -2.118335738668366997, -1.010000000000000009, 0.2317443802431300992 ) ) ;
#4003 = ORIENTED_EDGE ( 'NONE', *, *, #4425, .T. ) ;
#4004 = DIRECTION ( 'NONE',  ( -1.000000000000000000, 0.0000000000000000000, -0.0000000000000000000 ) ) ;
#4005 = COLOUR_RGB ( '',0.0000000000000000000, 0.0000000000000000000, 0.0000000000000000000 ) ;
#4006 = PRESENTATION_LAYER_ASSIGNMENT (  '', '', ( #920 ) ) ;
#4007 = FILL_AREA_STYLE_COLOUR ( '', #4517 ) ;
#4008 = VECTOR ( 'NONE', #8048, 1000.000000000000000 ) ;
#4009 = VERTEX_POINT ( 'NONE', #11870 ) ;
#4010 = FACE_OUTER_BOUND ( 'NONE', #3644, .T. ) ;
#4011 = MECHANICAL_DESIGN_GEOMETRIC_PRESENTATION_REPRESENTATION (  '', ( #9798 ), #7681 ) ;
#4012 = ORIENTED_EDGE ( 'NONE', *, *, #3728, .F. ) ;
#4014 = EDGE_CURVE ( 'NONE', #4763, #6412, #8945, .T. ) ;
#4013 = MECHANICAL_DESIGN_GEOMETRIC_PRESENTATION_REPRESENTATION (  '', ( #1320 ), #11910 ) ;
#4015 = ORIENTED_EDGE ( 'NONE', *, *, #3032, .F. ) ;
#4016 = EDGE_CURVE ( 'NONE', #10043, #6276, #5472, .T. ) ;
#4017 = CARTESIAN_POINT ( 'NONE',  ( -2.138418735247407110, -1.000000000000000000, 0.4379297811405066243 ) ) ;
#4018 = FACE_OUTER_BOUND ( 'NONE', #11658, .T. ) ;
#4019 = CARTESIAN_POINT ( 'NONE',  ( -1.814181993226108291, -1.000000000000000000, 0.4528330454595122512 ) ) ;
#4020 = VECTOR ( 'NONE', #633, 1000.000000000000000 ) ;
#4021 =( NAMED_UNIT ( * ) PLANE_ANGLE_UNIT ( ) SI_UNIT ( $, .RADIAN. ) );
#4022 = CARTESIAN_POINT ( 'NONE',  ( -1.519754720920412305, -1.000000000000000000, 0.3586779331192915810 ) ) ;
#4023 =( GEOMETRIC_REPRESENTATION_CONTEXT ( 3 ) GLOBAL_UNCERTAINTY_ASSIGNED_CONTEXT ( ( #581 ) ) GLOBAL_UNIT_ASSIGNED_CONTEXT ( ( #10009, #8926, #10801 ) ) REPRESENTATION_CONTEXT ( 'NONE', 'WORKASPACE' ) );
#4024 = DIRECTION ( 'NONE',  ( 0.0000000000000000000, 0.0000000000000000000, 1.000000000000000000 ) ) ;
#4025 = CARTESIAN_POINT ( 'NONE',  ( -1.722168957827996172, -1.000000000000000000, 0.2197076829521849295 ) ) ;
#4026 =( NAMED_UNIT ( * ) PLANE_ANGLE_UNIT ( ) SI_UNIT ( $, .RADIAN. ) );
#4027 = B_SPLINE_SURFACE_WITH_KNOTS ( 'NONE', 3, 1, ( 
 ( #826, #5535 ),
 ( #7126, #4508 ),
 ( #8219, #8447 ),
 ( #1013, #3970 ) ),
 .UNSPECIFIED., .F., .F., .F.,
 ( 4, 4 ),
 ( 2, 2 ),
 ( 3.000000000000000000, 4.000000000000000000 ),
 ( 0.0000000000000000000, 1.000000000000000000 ),
 .UNSPECIFIED. ) ;
#4028 = CARTESIAN_POINT ( 'NONE',  ( -1.634993646760196651, -1.000000000000000000, 0.4420023193468916589 ) ) ;
#4029 = AXIS2_PLACEMENT_3D ( 'NONE', #11515, #3077, #3256 ) ;
#4030 = CARTESIAN_POINT ( 'NONE',  ( -1.642839906121935645, -1.010000000000000009, 0.2765569609041355070 ) ) ;
#4031 = ORIENTED_EDGE ( 'NONE', *, *, #3547, .T. ) ;
#4032 = CARTESIAN_POINT ( 'NONE',  ( -1.728402642412857793, -1.000000000000000000, 0.3570894266226369851 ) ) ;
#4033 = CARTESIAN_POINT ( 'NONE',  ( -2.096913870543995806, -1.000000000000000000, 0.4780957742979444203 ) ) ;
#4034 = DIRECTION ( 'NONE',  ( 1.000000000000000000, -0.0000000000000000000, -0.0000000000000000000 ) ) ;
#4035 = PRESENTATION_STYLE_ASSIGNMENT (( #331 ) ) ;
#4036 = CARTESIAN_POINT ( 'NONE',  ( -1.497323083726747273, -1.000000000000000000, 0.4528330454595122512 ) ) ;
#4037 = CARTESIAN_POINT ( 'NONE',  ( -2.185948483602257575, -1.010000000000000009, 0.3736642278398156769 ) ) ;
#4038 = DIRECTION ( 'NONE',  ( 0.0000000000000000000, -0.7071067811865475727, 0.7071067811865475727 ) ) ;
#4039 = EDGE_CURVE ( 'NONE', #5134, #2417, #9170, .T. ) ;
#4040 =( NAMED_UNIT ( * ) SI_UNIT ( $, .STERADIAN. ) SOLID_ANGLE_UNIT ( ) );
#4041 = VECTOR ( 'NONE', #7876, 1000.000000000000000 ) ;
#4042 = VERTEX_POINT ( 'NONE', #7927 ) ;
#4043 = FILL_AREA_STYLE ('',( #7795 ) ) ;
#4044 =( NAMED_UNIT ( * ) PLANE_ANGLE_UNIT ( ) SI_UNIT ( $, .RADIAN. ) );
#4045 = CARTESIAN_POINT ( 'NONE',  ( -2.126368929638927874, -1.000000000000000000, 0.4780957742979444203 ) ) ;
#4046 =( NAMED_UNIT ( * ) SI_UNIT ( $, .STERADIAN. ) SOLID_ANGLE_UNIT ( ) );
#4047 = CARTESIAN_POINT ( 'NONE',  ( -1.568396715307274869, -1.010000000000000009, 0.4390659891564559492 ) ) ;
#4048 =( NAMED_UNIT ( * ) PLANE_ANGLE_UNIT ( ) SI_UNIT ( $, .RADIAN. ) );
#4049 = CARTESIAN_POINT ( 'NONE',  ( -1.768307851068442682, -1.010000000000000009, 0.4313160029156100084 ) ) ;
#4050 = MECHANICAL_DESIGN_GEOMETRIC_PRESENTATION_REPRESENTATION (  '', ( #8298 ), #7141 ) ;
#4051 = CARTESIAN_POINT ( 'NONE',  ( -1.727223296680637565, -1.010000000000000009, 0.2228846959454959809 ) ) ;
#4052 = FILL_AREA_STYLE_COLOUR ( '', #10303 ) ;
#4053 = ADVANCED_FACE ( 'NONE', ( #7865 ), #1472, .F. ) ;
#4054 =( NAMED_UNIT ( * ) SI_UNIT ( $, .STERADIAN. ) SOLID_ANGLE_UNIT ( ) );
#4055 = ORIENTED_EDGE ( 'NONE', *, *, #990, .F. ) ;
#4056 = EDGE_CURVE ( 'NONE', #6960, #9115, #5647, .T. ) ;
#4057 = ORIENTED_EDGE ( 'NONE', *, *, #5108, .F. ) ;
#4058 = PLANE ( 'NONE',  #3335 ) ;
#4059 = PRESENTATION_LAYER_ASSIGNMENT (  '', '', ( #7342 ) ) ;
#4060 = EDGE_LOOP ( 'NONE', ( #3922, #11835, #11035, #4351 ) ) ;
#4061 = CARTESIAN_POINT ( 'NONE',  ( -1.968382712869549245, -1.010000000000000009, 0.3542506287292847000 ) ) ;
#4062 = CARTESIAN_POINT ( 'NONE',  ( -2.118335738668366997, -1.010000000000000009, 0.2337526747938269700 ) ) ;
#4063 = ORIENTED_EDGE ( 'NONE', *, *, #6310, .F. ) ;
#4064 = VECTOR ( 'NONE', #7335, 1000.000000000000000 ) ;
#4065 = PRESENTATION_STYLE_ASSIGNMENT (( #5135 ) ) ;
#4066 = DIRECTION ( 'NONE',  ( -0.0000000000000000000, -0.0000000000000000000, 1.000000000000000000 ) ) ;
#4067 = CARTESIAN_POINT ( 'NONE',  ( -2.221428439117376197, -1.010000000000000009, 0.3837057261294960497 ) ) ;
#4068 = ADVANCED_FACE ( 'NONE', ( #1979 ), #10081, .T. ) ;
#4069 = FILL_AREA_STYLE ('',( #7820 ) ) ;
#4070 = COLOUR_RGB ( '',0.0000000000000000000, 0.0000000000000000000, 0.0000000000000000000 ) ;
#4071 = ORIENTED_EDGE ( 'NONE', *, *, #11789, .F. ) ;
#4072 = DIRECTION ( 'NONE',  ( -1.000000000000000000, -0.0000000000000000000, -0.0000000000000000000 ) ) ;
#4073 = VERTEX_POINT ( 'NONE', #6619 ) ;
#4074 = ORIENTED_EDGE ( 'NONE', *, *, #4718, .F. ) ;
#4075 = FILL_AREA_STYLE ('',( #6922 ) ) ;
#4076 = LINE ( 'NONE', #7828, #2686 ) ;
#4077 = CARTESIAN_POINT ( 'NONE',  ( -1.652202467139339159, -1.000000000000000000, 0.2751128640888174659 ) ) ;
#4078 =( LENGTH_UNIT ( ) NAMED_UNIT ( * ) SI_UNIT ( .MILLI., .METRE. ) );
#4079 = VECTOR ( 'NONE', #832, 1000.000000000000000 ) ;
#4080 = LINE ( 'NONE', #6612, #1252 ) ;
#4081 = EDGE_CURVE ( 'NONE', #5460, #4726, #145, .T. ) ;
#4082 = CARTESIAN_POINT ( 'NONE',  ( -1.768813284953770992, -1.000000000000000000, 0.3785101960456471182 ) ) ;
#4083 = CARTESIAN_POINT ( 'NONE',  ( -2.096913870543995806, -1.000000000000000000, 0.4780957742979444203 ) ) ;
#4084 = FACE_OUTER_BOUND ( 'NONE', #3939, .T. ) ;
#4085 = UNCERTAINTY_MEASURE_WITH_UNIT (LENGTH_MEASURE( 1.000000000000000082E-05 ), #3103, 'distance_accuracy_value', 'NONE');
#4086 = FILL_AREA_STYLE_COLOUR ( '', #1107 ) ;
#4087 = LINE ( 'NONE', #6071, #8970 ) ;
#4088 = UNCERTAINTY_MEASURE_WITH_UNIT (LENGTH_MEASURE( 1.000000000000000082E-05 ), #8288, 'distance_accuracy_value', 'NONE');
#4089 = LINE ( 'NONE', #329, #10113 ) ;
#4090 = CARTESIAN_POINT ( 'NONE',  ( -1.968382712869549245, -1.000000000000000000, 0.3542506287292847000 ) ) ;
#4091 = STYLED_ITEM ( 'NONE', ( #6656 ), #4843 ) ;
#4093 = ADVANCED_FACE ( 'NONE', ( #4805 ), #4679, .F. ) ;
#4092 = CARTESIAN_POINT ( 'NONE',  ( -1.551187894927172239, -1.010000000000000009, 0.4066219473783987404 ) ) ;
#4094 = CARTESIAN_POINT ( 'NONE',  ( -1.722168957827996172, -1.010000000000000009, 0.2520554516093513331 ) ) ;
#4095 = B_SPLINE_SURFACE_WITH_KNOTS ( 'NONE', 3, 1, ( 
 ( #317, #2339 ),
 ( #4308, #5210 ),
 ( #2391, #4370 ),
 ( #566, #5152 ) ),
 .UNSPECIFIED., .F., .F., .F.,
 ( 4, 4 ),
 ( 2, 2 ),
 ( 1.000000000000000000, 2.000000000000000000 ),
 ( 0.0000000000000000000, 1.000000000000000000 ),
 .UNSPECIFIED. ) ;
#4096 = CARTESIAN_POINT ( 'NONE',  ( -2.450000000000000622, -0.9500000000000007327, 0.5999999999999999778 ) ) ;
#4097 = UNCERTAINTY_MEASURE_WITH_UNIT (LENGTH_MEASURE( 1.000000000000000082E-05 ), #916, 'distance_accuracy_value', 'NONE');
#4098 = MECHANICAL_DESIGN_GEOMETRIC_PRESENTATION_REPRESENTATION (  '', ( #2946 ), #2176 ) ;
#4099 = VERTEX_POINT ( 'NONE', #3671 ) ;
#4100 = ORIENTED_EDGE ( 'NONE', *, *, #2054, .F. ) ;
#4101 = CARTESIAN_POINT ( 'NONE',  ( -1.989135132452668042, -1.010000000000000009, 0.2089836405724676272 ) ) ;
#4102 = AXIS2_PLACEMENT_3D ( 'NONE', #9376, #2983, #6664 ) ;
#4103 = CARTESIAN_POINT ( 'NONE',  ( -1.589167641162975375, -1.010000000000000009, 0.3586779331192915810 ) ) ;
#4104 = CARTESIAN_POINT ( 'NONE',  ( -2.500000000000000000, 0.9500000000000007327, 0.5999999999999999778 ) ) ;
#4105 = PLANE ( 'NONE',  #3437 ) ;
#4106 = CARTESIAN_POINT ( 'NONE',  ( -1.420497133166460424, -1.010000000000000009, 0.2575911560664566058 ) ) ;
#4107 = MECHANICAL_DESIGN_GEOMETRIC_PRESENTATION_REPRESENTATION (  '', ( #3329 ), #2185 ) ;
#4108 = CARTESIAN_POINT ( 'NONE',  ( -1.709268359613615340, -1.000000000000000000, 0.3589186159215232985 ) ) ;
#4109 = FACE_OUTER_BOUND ( 'NONE', #6732, .T. ) ;
#4111 =( GEOMETRIC_REPRESENTATION_CONTEXT ( 3 ) GLOBAL_UNCERTAINTY_ASSIGNED_CONTEXT ( ( #7849 ) ) GLOBAL_UNIT_ASSIGNED_CONTEXT ( ( #1728, #2496, #4359 ) ) REPRESENTATION_CONTEXT ( 'NONE', 'WORKASPACE' ) );
#4110 = MECHANICAL_DESIGN_GEOMETRIC_PRESENTATION_REPRESENTATION (  '', ( #1027 ), #8182 ) ;
#4112 = VECTOR ( 'NONE', #9755, 1000.000000000000000 ) ;
#4113 =( NAMED_UNIT ( * ) PLANE_ANGLE_UNIT ( ) SI_UNIT ( $, .RADIAN. ) );
#4114 = ORIENTED_EDGE ( 'NONE', *, *, #9892, .F. ) ;
#4115 = ORIENTED_EDGE ( 'NONE', *, *, #3837, .T. ) ;
#4116 = ORIENTED_EDGE ( 'NONE', *, *, #2463, .T. ) ;
#4117 = VERTEX_POINT ( 'NONE', #10243 ) ;
#4118 = CARTESIAN_POINT ( 'NONE',  ( -1.944952550194483987, -1.010000000000000009, 0.3308204660542195530 ) ) ;
#4119 = CARTESIAN_POINT ( 'NONE',  ( -2.185948496370684779, -1.000000000000000000, 0.2049670003980145483 ) ) ;
#4120 = EDGE_CURVE ( 'NONE', #11298, #6523, #10486, .T. ) ;
#4121 = VERTEX_POINT ( 'NONE', #4985 ) ;
#4122 = FILL_AREA_STYLE_COLOUR ( '', #8119 ) ;
#4123 = PLANE ( 'NONE',  #11676 ) ;
#4124 = CARTESIAN_POINT ( 'NONE',  ( -2.450000000000000622, -1.000000000000000000, 0.04999999999999926725 ) ) ;
#4125 = FILL_AREA_STYLE_COLOUR ( '', #9994 ) ;
#4126 = VECTOR ( 'NONE', #9818, 1000.000000000000000 ) ;
#4127 = COLOUR_RGB ( '',0.0000000000000000000, 0.0000000000000000000, 0.0000000000000000000 ) ;
#4128 = AXIS2_PLACEMENT_3D ( 'NONE', #2237, #3078, #6829 ) ;
#4129 = LINE ( 'NONE', #8656, #6279 ) ;
#4130 =( GEOMETRIC_REPRESENTATION_CONTEXT ( 3 ) GLOBAL_UNCERTAINTY_ASSIGNED_CONTEXT ( ( #2175 ) ) GLOBAL_UNIT_ASSIGNED_CONTEXT ( ( #1923, #3610, #2702 ) ) REPRESENTATION_CONTEXT ( 'NONE', 'WORKASPACE' ) );
#4131 = VERTEX_POINT ( 'NONE', #384 ) ;
#4132 = LINE ( 'NONE', #8537, #9396 ) ;
#4133 = B_SPLINE_CURVE_WITH_KNOTS ( 'NONE', 3,
 ( #1343, #3027, #2918, #11236 ),
 .UNSPECIFIED., .F., .F.,
 ( 4, 4 ),
 ( 4.000000000000000000, 5.000000000000000000 ),
 .UNSPECIFIED. ) ;
#4134 = ORIENTED_EDGE ( 'NONE', *, *, #2879, .F. ) ;
#4135 =( NAMED_UNIT ( * ) SI_UNIT ( $, .STERADIAN. ) SOLID_ANGLE_UNIT ( ) );
#4136 = ORIENTED_EDGE ( 'NONE', *, *, #543, .F. ) ;
#4137 = FACE_OUTER_BOUND ( 'NONE', #9774, .T. ) ;
#4138 = EDGE_CURVE ( 'NONE', #2433, #2268, #4564, .T. ) ;
#4139 = VECTOR ( 'NONE', #4884, 1000.000000000000000 ) ;
#4140 = CARTESIAN_POINT ( 'NONE',  ( -2.206700915953803577, -1.010000000000000009, 0.4225328158202146800 ) ) ;
#4141 = CARTESIAN_POINT ( 'NONE',  ( -1.652924515546996265, -1.000000000000000000, 0.2387216243503121338 ) ) ;
#4142 = CARTESIAN_POINT ( 'NONE',  ( -1.777838890047726883, -1.010000000000000009, 0.3034652982244437913 ) ) ;
#4143 = VECTOR ( 'NONE', #8685, 1000.000000000000114 ) ;
#4144 = DIRECTION ( 'NONE',  ( 0.0000000000000000000, 0.0000000000000000000, 1.000000000000000000 ) ) ;
#4145 = LINE ( 'NONE', #7832, #11256 ) ;
#4146 = LINE ( 'NONE', #4025, #3629 ) ;
#4147 = CARTESIAN_POINT ( 'NONE',  ( -2.200006596529216818, -1.010000000000000009, 0.2571828119320350159 ) ) ;
#4148 = STYLED_ITEM ( 'NONE', ( #2162 ), #9741 ) ;
#4149 = CARTESIAN_POINT ( 'NONE',  ( -1.682167476051521282, -1.000000000000000000, 0.2567728345382238597 ) ) ;
#4150 = COLOUR_RGB ( '',0.0000000000000000000, 0.0000000000000000000, 0.0000000000000000000 ) ;
#4151 = CARTESIAN_POINT ( 'NONE',  ( -1.633718027907086645, -1.000000000000000000, 0.1877450067792323374 ) ) ;
#4152 = EDGE_CURVE ( 'NONE', #1821, #5618, #5999, .T. ) ;
#4153 = LINE ( 'NONE', #7058, #8527 ) ;
#4154 = AXIS2_PLACEMENT_3D ( 'NONE', #6123, #2208, #2331 ) ;
#4155 = PRESENTATION_LAYER_ASSIGNMENT (  '', '', ( #9357 ) ) ;
#4156 = CARTESIAN_POINT ( 'NONE',  ( -1.675500562422002515, -1.010000000000000009, 0.2780973308403431599 ) ) ;
#4157 =( NAMED_UNIT ( * ) PLANE_ANGLE_UNIT ( ) SI_UNIT ( $, .RADIAN. ) );
#4158 =( LENGTH_UNIT ( ) NAMED_UNIT ( * ) SI_UNIT ( .MILLI., .METRE. ) );
#4159 = CARTESIAN_POINT ( 'NONE',  ( -1.826336474752609851, -1.010000000000000009, 0.3586779331192915810 ) ) ;
#4160 =( NAMED_UNIT ( * ) PLANE_ANGLE_UNIT ( ) SI_UNIT ( $, .RADIAN. ) );
#4161 = MECHANICAL_DESIGN_GEOMETRIC_PRESENTATION_REPRESENTATION (  '', ( #6871 ), #7446 ) ;
#4162 = ORIENTED_EDGE ( 'NONE', *, *, #9580, .F. ) ;
#4163 = ORIENTED_EDGE ( 'NONE', *, *, #8028, .T. ) ;
#4164 = VECTOR ( 'NONE', #10102, 1000.000000000000000 ) ;
#4165 = ORIENTED_EDGE ( 'NONE', *, *, #11249, .T. ) ;
#4166 = CARTESIAN_POINT ( 'NONE',  ( -2.214734132461216642, -1.000000000000000000, 0.1648010583142833774 ) ) ;
#4167 = EDGE_CURVE ( 'NONE', #11938, #9171, #2159, .T. ) ;
#4168 = CARTESIAN_POINT ( 'NONE',  ( -1.750834279606522825, -1.000000000000000000, 0.3778362841987565335 ) ) ;
#4169 = SURFACE_STYLE_USAGE ( .BOTH. , #5788 ) ;
#4170 = CARTESIAN_POINT ( 'NONE',  ( -1.993151747090587511, -1.010000000000000009, 0.2498190567349448388 ) ) ;
#4171 = LINE ( 'NONE', #9841, #9040 ) ;
#4172 = CARTESIAN_POINT ( 'NONE',  ( -2.302429880357397707, -1.010000000000000009, 0.2424553015372124531 ) ) ;
#4173 = DIRECTION ( 'NONE',  ( 0.0000000000000000000, 0.7071067811865474617, -0.7071067811865474617 ) ) ;
#4174 =( NAMED_UNIT ( * ) PLANE_ANGLE_UNIT ( ) SI_UNIT ( $, .RADIAN. ) );
#4175 =( NAMED_UNIT ( * ) PLANE_ANGLE_UNIT ( ) SI_UNIT ( $, .RADIAN. ) );
#4176 = ORIENTED_EDGE ( 'NONE', *, *, #11072, .F. ) ;
#4177 = ORIENTED_EDGE ( 'NONE', *, *, #7607, .F. ) ;
#4178 = ORIENTED_EDGE ( 'NONE', *, *, #10741, .T. ) ;
#4179 = MECHANICAL_DESIGN_GEOMETRIC_PRESENTATION_REPRESENTATION (  '', ( #6495 ), #7272 ) ;
#4180 =( NAMED_UNIT ( * ) SI_UNIT ( $, .STERADIAN. ) SOLID_ANGLE_UNIT ( ) );
#4181 = MECHANICAL_DESIGN_GEOMETRIC_PRESENTATION_REPRESENTATION (  '', ( #6489 ), #1875 ) ;
#4182 = DIRECTION ( 'NONE',  ( -1.000000000000000000, 0.0000000000000000000, 0.0000000000000000000 ) ) ;
#4183 = ORIENTED_EDGE ( 'NONE', *, *, #10023, .F. ) ;
#4184 = DIRECTION ( 'NONE',  ( 1.000000000000000000, 0.0000000000000000000, -0.0000000000000000000 ) ) ;
#4185 = CARTESIAN_POINT ( 'NONE',  ( -1.772832687755529824, -1.010000000000000009, 0.4039744365506410806 ) ) ;
#4186 = CARTESIAN_POINT ( 'NONE',  ( -1.777838890047726883, -1.000000000000000000, 0.2926345721118238097 ) ) ;
#4187 = FILL_AREA_STYLE_COLOUR ( '', #7394 ) ;
#4188 = STYLED_ITEM ( 'NONE', ( #8855 ), #4263 ) ;
#4189 = EDGE_CURVE ( 'NONE', #9129, #1762, #7651, .T. ) ;
#4190 = VERTEX_POINT ( 'NONE', #8736 ) ;
#4191 = STYLED_ITEM ( 'NONE', ( #8918 ), #7270 ) ;
#4192 = CARTESIAN_POINT ( 'NONE',  ( -2.269627648781906260, -1.010000000000000009, 0.2156779727657986145 ) ) ;
#4193 = EDGE_LOOP ( 'NONE', ( #11067, #10721, #11010, #67 ) ) ;
#4194 = CARTESIAN_POINT ( 'NONE',  ( -1.610082976701297408, -1.010000000000000009, 0.2217294184934983370 ) ) ;
#4195 = ORIENTED_EDGE ( 'NONE', *, *, #7242, .F. ) ;
#4196 = CARTESIAN_POINT ( 'NONE',  ( -2.238833705372254457, -1.010000000000000009, 0.2806130129130237072 ) ) ;
#4197 = STYLED_ITEM ( 'NONE', ( #2556 ), #4577 ) ;
#4198 = DIRECTION ( 'NONE',  ( -0.0000000000000000000, -0.0000000000000000000, 1.000000000000000000 ) ) ;
#4199 = PRESENTATION_STYLE_ASSIGNMENT (( #9814 ) ) ;
#4200 =( LENGTH_UNIT ( ) NAMED_UNIT ( * ) SI_UNIT ( .MILLI., .METRE. ) );
#4201 = VECTOR ( 'NONE', #872, 1000.000000000000000 ) ;
#4202 = CARTESIAN_POINT ( 'NONE',  ( -1.497154605764541513, -1.010000000000000009, 0.2093101858842237595 ) ) ;
#4203 = VECTOR ( 'NONE', #260, 1000.000000000000000 ) ;
#4205 = ADVANCED_FACE ( 'NONE', ( #5886 ), #11496, .F. ) ;
#4204 = DIRECTION ( 'NONE',  ( 0.0000000000000000000, -1.000000000000000000, 0.0000000000000000000 ) ) ;
#4206 = COLOUR_RGB ( '',0.0000000000000000000, 0.0000000000000000000, 0.0000000000000000000 ) ;
#4207 = UNCERTAINTY_MEASURE_WITH_UNIT (LENGTH_MEASURE( 1.000000000000000082E-05 ), #6844, 'distance_accuracy_value', 'NONE');
#4208 = DIRECTION ( 'NONE',  ( -0.0000000000000000000, -0.0000000000000000000, -1.000000000000000000 ) ) ;
#4209 = VERTEX_POINT ( 'NONE', #11327 ) ;
#4210 = PRESENTATION_LAYER_ASSIGNMENT (  '', '', ( #8457 ) ) ;
#4211 = ADVANCED_FACE ( 'NONE', ( #9456 ), #10670, .F. ) ;
#4212 =( NAMED_UNIT ( * ) SI_UNIT ( $, .STERADIAN. ) SOLID_ANGLE_UNIT ( ) );
#4213 = DIRECTION ( 'NONE',  ( 0.0000000000000000000, 0.0000000000000000000, 1.000000000000000000 ) ) ;
#4214 = UNCERTAINTY_MEASURE_WITH_UNIT (LENGTH_MEASURE( 1.000000000000000082E-05 ), #5231, 'distance_accuracy_value', 'NONE');
#4216 = CARTESIAN_POINT ( 'NONE',  ( -1.602910629185807068, -1.010000000000000009, 0.3694123861110195084 ) ) ;
#4215 = COLOUR_RGB ( '',0.0000000000000000000, 0.0000000000000000000, 0.0000000000000000000 ) ;
#4217 = PRESENTATION_STYLE_ASSIGNMENT (( #2348 ) ) ;
#4218 =( NAMED_UNIT ( * ) PLANE_ANGLE_UNIT ( ) SI_UNIT ( $, .RADIAN. ) );
#4219 = FACE_OUTER_BOUND ( 'NONE', #10080, .T. ) ;
#4220 = CARTESIAN_POINT ( 'NONE',  ( -1.492774178759433967, -1.010000000000000009, 0.4342041965456001074 ) ) ;
#4221 = CARTESIAN_POINT ( 'NONE',  ( -1.533184821299701905, -1.000000000000000000, 0.3586779331192915810 ) ) ;
#4222 = EDGE_CURVE ( 'NONE', #786, #9360, #4314, .T. ) ;
#4223 = UNCERTAINTY_MEASURE_WITH_UNIT (LENGTH_MEASURE( 1.000000000000000082E-05 ), #11711, 'distance_accuracy_value', 'NONE');
#4224 = COLOUR_RGB ( '',0.0000000000000000000, 0.0000000000000000000, 0.0000000000000000000 ) ;
#4225 = ORIENTED_EDGE ( 'NONE', *, *, #6718, .T. ) ;
#4226 = ORIENTED_EDGE ( 'NONE', *, *, #11899, .F. ) ;
#4227 = DIRECTION ( 'NONE',  ( -0.0000000000000000000, 1.000000000000000000, -0.0000000000000000000 ) ) ;
#4228 = VECTOR ( 'NONE', #5026, 1000.000000000000000 ) ;
#4229 = FILL_AREA_STYLE_COLOUR ( '', #6406 ) ;
#4230 =( NAMED_UNIT ( * ) SI_UNIT ( $, .STERADIAN. ) SOLID_ANGLE_UNIT ( ) );
#4231 = FILL_AREA_STYLE_COLOUR ( '', #4696 ) ;
#4232 = LINE ( 'NONE', #11517, #4008 ) ;
#4233 = SURFACE_STYLE_FILL_AREA ( #5182 ) ;
#4234 = CARTESIAN_POINT ( 'NONE',  ( -1.551187894927172239, -1.000000000000000000, 0.4183672681407833993 ) ) ;
#4235 = FILL_AREA_STYLE ('',( #5185 ) ) ;
#4236 = EDGE_CURVE ( 'NONE', #1672, #8489, #9995, .T. ) ;
#4237 =( GEOMETRIC_REPRESENTATION_CONTEXT ( 3 ) GLOBAL_UNCERTAINTY_ASSIGNED_CONTEXT ( ( #11561 ) ) GLOBAL_UNIT_ASSIGNED_CONTEXT ( ( #6789, #4654, #5748 ) ) REPRESENTATION_CONTEXT ( 'NONE', 'WORKASPACE' ) );
#4238 = ORIENTED_EDGE ( 'NONE', *, *, #4478, .F. ) ;
#4239 = ORIENTED_EDGE ( 'NONE', *, *, #4929, .T. ) ;
#4240 = ORIENTED_EDGE ( 'NONE', *, *, #4440, .T. ) ;
#4241 = CARTESIAN_POINT ( 'NONE',  ( -1.679592170064752921, -1.010000000000000009, 0.2532107290613451744 ) ) ;
#4242 = PLANE ( 'NONE',  #1795 ) ;
#4243 = ORIENTED_EDGE ( 'NONE', *, *, #11312, .T. ) ;
#4244 =( NAMED_UNIT ( * ) SI_UNIT ( $, .STERADIAN. ) SOLID_ANGLE_UNIT ( ) );
#4245 = FACE_OUTER_BOUND ( 'NONE', #9662, .T. ) ;
#4246 = CARTESIAN_POINT ( 'NONE',  ( -1.722168957827996172, -1.000000000000000000, 0.2630305874033078140 ) ) ;
#4247 = CARTESIAN_POINT ( 'NONE',  ( -1.648977317585904379, -1.000000000000000000, 0.2276020788743692014 ) ) ;
#4248 = ADVANCED_FACE ( 'NONE', ( #3603 ), #10844, .F. ) ;
#4249 = CARTESIAN_POINT ( 'NONE',  ( -1.621635751221256250, -1.010000000000000009, 0.1972279091980717602 ) ) ;
#4250 = ORIENTED_EDGE ( 'NONE', *, *, #2570, .F. ) ;
#4251 = CARTESIAN_POINT ( 'NONE',  ( -1.553426244990493643, -1.010000000000000009, 0.2625010852377568926 ) ) ;
#4252 = VERTEX_POINT ( 'NONE', #5342 ) ;
#4253 = VERTEX_POINT ( 'NONE', #571 ) ;
#4254 = CARTESIAN_POINT ( 'NONE',  ( -1.997168336191654125, -1.010000000000000009, 0.3542506287292847000 ) ) ;
#4255 = DIRECTION ( 'NONE',  ( -1.000000000000000000, 0.0000000000000000000, 0.0000000000000000000 ) ) ;
#4256 = LINE ( 'NONE', #7953, #8742 ) ;
#4257 = FILL_AREA_STYLE_COLOUR ( '', #6046 ) ;
#4258 = CARTESIAN_POINT ( 'NONE',  ( -1.673093734396796872, -1.010000000000000009, 0.2685181553006110167 ) ) ;
#4259 = DIRECTION ( 'NONE',  ( 0.0000000000000000000, 0.0000000000000000000, -1.000000000000000000 ) ) ;
#4260 =( LENGTH_UNIT ( ) NAMED_UNIT ( * ) SI_UNIT ( .MILLI., .METRE. ) );
#4261 = SURFACE_STYLE_USAGE ( .BOTH. , #11443 ) ;
#4262 = CARTESIAN_POINT ( 'NONE',  ( -1.750160367759313607, -1.000000000000000000, 0.4498004421481837656 ) ) ;
#4263 = ADVANCED_FACE ( 'NONE', ( #3424 ), #2457, .F. ) ;
#4264 = CARTESIAN_POINT ( 'NONE',  ( -1.551187894927172239, -1.010000000000000009, 0.3948766266160141369 ) ) ;
#4265 = CARTESIAN_POINT ( 'NONE',  ( -0.0000000000000000000, -0.9500000000000007327, 0.0000000000000000000 ) ) ;
#4266 = CARTESIAN_POINT ( 'NONE',  ( -1.749317977950537450, -1.000000000000000000, 0.2367961619298920017 ) ) ;
#4267 = B_SPLINE_CURVE_WITH_KNOTS ( 'NONE', 3,
 ( #4101, #7792, #1460, #5229 ),
 .UNSPECIFIED., .F., .F.,
 ( 4, 4 ),
 ( 33.00000000000000000, 34.00000000000000000 ),
 .UNSPECIFIED. ) ;
#4268 = DIRECTION ( 'NONE',  ( -0.0000000000000000000, 1.000000000000000000, -0.0000000000000000000 ) ) ;
#4269 = LINE ( 'NONE', #8101, #6124 ) ;
#4270 = DIRECTION ( 'NONE',  ( 1.000000000000000000, -0.0000000000000000000, -0.0000000000000000000 ) ) ;
#4271 = EDGE_LOOP ( 'NONE', ( #1141, #2990, #772, #2145 ) ) ;
#4272 = ORIENTED_EDGE ( 'NONE', *, *, #6509, .T. ) ;
#4273 = B_SPLINE_CURVE_WITH_KNOTS ( 'NONE', 3,
 ( #1758, #9112, #3436, #704 ),
 .UNSPECIFIED., .F., .F.,
 ( 4, 4 ),
 ( 4.000000000000000000, 5.000000000000000000 ),
 .UNSPECIFIED. ) ;
#4274 = VERTEX_POINT ( 'NONE', #2576 ) ;
#4275 = PLANE ( 'NONE',  #10007 ) ;
#4276 = EDGE_CURVE ( 'NONE', #2417, #7686, #9879, .T. ) ;
#4277 = CARTESIAN_POINT ( 'NONE',  ( -1.749317977950537450, -1.010000000000000009, 0.2367961619298920017 ) ) ;
#4278 = SURFACE_STYLE_USAGE ( .BOTH. , #9123 ) ;
#4279 =( LENGTH_UNIT ( ) NAMED_UNIT ( * ) SI_UNIT ( .MILLI., .METRE. ) );
#4280 = CARTESIAN_POINT ( 'NONE',  ( -1.740027621773804656, -1.000000000000000000, 0.2173971280481934165 ) ) ;
#4281 = CARTESIAN_POINT ( 'NONE',  ( -1.722168957827996172, -1.000000000000000000, 0.2366036156881059782 ) ) ;
#4282 = PRESENTATION_LAYER_ASSIGNMENT (  '', '', ( #2946 ) ) ;
#4283 = COLOUR_RGB ( '',0.0000000000000000000, 0.0000000000000000000, 0.0000000000000000000 ) ;
#4284 = ORIENTED_EDGE ( 'NONE', *, *, #7408, .T. ) ;
#4285 = VERTEX_POINT ( 'NONE', #4375 ) ;
#4286 = EDGE_LOOP ( 'NONE', ( #4630, #6580, #10820, #1360 ) ) ;
#4287 = LINE ( 'NONE', #3519, #541 ) ;
#4288 = EDGE_CURVE ( 'NONE', #10290, #11846, #8089, .T. ) ;
#4289 = COLOUR_RGB ( '',0.0000000000000000000, 0.0000000000000000000, 0.0000000000000000000 ) ;
#4290 = ORIENTED_EDGE ( 'NONE', *, *, #5776, .F. ) ;
#4291 =( NAMED_UNIT ( * ) SI_UNIT ( $, .STERADIAN. ) SOLID_ANGLE_UNIT ( ) );
#4292 = DIRECTION ( 'NONE',  ( -0.7071067811865475727, 0.0000000000000000000, 0.7071067811865475727 ) ) ;
#4293 = STYLED_ITEM ( 'NONE', ( #5317 ), #4959 ) ;
#4294 =( NAMED_UNIT ( * ) PLANE_ANGLE_UNIT ( ) SI_UNIT ( $, .RADIAN. ) );
#4295 = VECTOR ( 'NONE', #2112, 1000.000000000000000 ) ;
#4296 = FILL_AREA_STYLE ('',( #2501 ) ) ;
#4297 = VERTEX_POINT ( 'NONE', #129 ) ;
#4298 = CARTESIAN_POINT ( 'NONE',  ( -1.433277389980368577, -1.010000000000000009, 0.2572542001433302805 ) ) ;
#4299 = ORIENTED_EDGE ( 'NONE', *, *, #5385, .F. ) ;
#4300 = VECTOR ( 'NONE', #6264, 1000.000000000000000 ) ;
#4301 = CARTESIAN_POINT ( 'NONE',  ( -2.214064683919642729, -1.010000000000000009, 0.2993571379454478820 ) ) ;
#4302 = DIRECTION ( 'NONE',  ( 0.9400931103999050631, 0.0000000000000000000, -0.3409177962187247557 ) ) ;
#4303 = EDGE_CURVE ( 'NONE', #3691, #2295, #7319, .T. ) ;
#4304 = EDGE_CURVE ( 'NONE', #3689, #3533, #1123, .T. ) ;
#4305 = CARTESIAN_POINT ( 'NONE',  ( -1.514941064870001020, -1.010000000000000009, 0.2093101858842237595 ) ) ;
#4306 = CARTESIAN_POINT ( 'NONE',  ( -1.724647990693872091, -1.000000000000000000, 0.4544215519561667915 ) ) ;
#4307 = CARTESIAN_POINT ( 'NONE',  ( -1.734684463558163747, -1.010000000000000009, 0.2780973308403431599 ) ) ;
#4308 = CARTESIAN_POINT ( 'NONE',  ( -1.622478141030028631, -1.010000000000000009, 0.1776363290739492451 ) ) ;
#4309 = MECHANICAL_DESIGN_GEOMETRIC_PRESENTATION_REPRESENTATION (  '', ( #5876 ), #8027 ) ;
#4310 = SURFACE_STYLE_USAGE ( .BOTH. , #506 ) ;
#4311 = VECTOR ( 'NONE', #10392, 1000.000000000000000 ) ;
#4312 = CARTESIAN_POINT ( 'NONE',  ( -1.372504982347548141, -1.000000000000000000, 0.2883022816665182786 ) ) ;
#4313 = UNCERTAINTY_MEASURE_WITH_UNIT (LENGTH_MEASURE( 1.000000000000000082E-05 ), #9194, 'distance_accuracy_value', 'NONE');
#4314 = LINE ( 'NONE', #8983, #7281 ) ;
#4315 = VERTEX_POINT ( 'NONE', #8488 ) ;
#4316 = MECHANICAL_DESIGN_GEOMETRIC_PRESENTATION_REPRESENTATION (  '', ( #6840 ), #5279 ) ;
#4317 = PRESENTATION_LAYER_ASSIGNMENT (  '', '', ( #4692 ) ) ;
#4318 = CARTESIAN_POINT ( 'NONE',  ( -1.638098454912515711, -1.000000000000000000, 0.1881782358238936470 ) ) ;
#4319 = DIRECTION ( 'NONE',  ( 1.000000000000000000, -0.0000000000000000000, -0.0000000000000000000 ) ) ;
#4320 = LINE ( 'NONE', #2461, #3991 ) ;
#4321 = UNCERTAINTY_MEASURE_WITH_UNIT (LENGTH_MEASURE( 1.000000000000000082E-05 ), #2479, 'distance_accuracy_value', 'NONE');
#4322 = LINE ( 'NONE', #8987, #11656 ) ;
#4323 = DIRECTION ( 'NONE',  ( -0.0000000000000000000, 0.0000000000000000000, -1.000000000000000000 ) ) ;
#4324 = CARTESIAN_POINT ( 'NONE',  ( -1.485000124238365027, -1.010000000000000009, 0.2926345721118238097 ) ) ;
#4325 = MECHANICAL_DESIGN_GEOMETRIC_PRESENTATION_REPRESENTATION (  '', ( #8390 ), #11848 ) ;
#4326 = CARTESIAN_POINT ( 'NONE',  ( -1.519754720920412305, -1.010000000000000009, 0.3586779331192915810 ) ) ;
#4327 = CARTESIAN_POINT ( 'NONE',  ( -1.561513187155105120, -1.000000000000000000, 0.4331451922144963773 ) ) ;
#4328 = SURFACE_STYLE_FILL_AREA ( #1633 ) ;
#4329 = CARTESIAN_POINT ( 'NONE',  ( -2.330546074290889447, -1.000000000000000000, 0.2886461783460879671 ) ) ;
#4330 = PRESENTATION_LAYER_ASSIGNMENT (  '', '', ( #1455 ) ) ;
#4331 = UNCERTAINTY_MEASURE_WITH_UNIT (LENGTH_MEASURE( 1.000000000000000082E-05 ), #753, 'distance_accuracy_value', 'NONE');
#4332 = ADVANCED_FACE ( 'NONE', ( #1918 ), #2812, .F. ) ;
#4333 = VERTEX_POINT ( 'NONE', #6381 ) ;
#4334 = ORIENTED_EDGE ( 'NONE', *, *, #3617, .T. ) ;
#4335 = VERTEX_POINT ( 'NONE', #2864 ) ;
#4336 = CARTESIAN_POINT ( 'NONE',  ( -2.330546074290889447, -1.010000000000000009, 0.2886461783460879671 ) ) ;
#4337 = COLOUR_RGB ( '',0.0000000000000000000, 0.0000000000000000000, 0.0000000000000000000 ) ;
#4338 = FILL_AREA_STYLE ('',( #4390 ) ) ;
#4339 = CARTESIAN_POINT ( 'NONE',  ( -1.993151747090587511, -1.000000000000000000, 0.2498190567349448388 ) ) ;
#4340 = DIRECTION ( 'NONE',  ( 0.0000000000000000000, -0.0000000000000000000, -1.000000000000000000 ) ) ;
#4341 = LINE ( 'NONE', #9002, #568 ) ;
#4342 = FILL_AREA_STYLE ('',( #5309 ) ) ;
#4343 = SURFACE_STYLE_USAGE ( .BOTH. , #6164 ) ;
#4344 = DIRECTION ( 'NONE',  ( 0.9409537876827099856, 0.0000000000000000000, -0.3385350342956570113 ) ) ;
#4345 =( GEOMETRIC_REPRESENTATION_CONTEXT ( 3 ) GLOBAL_UNCERTAINTY_ASSIGNED_CONTEXT ( ( #2880 ) ) GLOBAL_UNIT_ASSIGNED_CONTEXT ( ( #875, #4730, #6378 ) ) REPRESENTATION_CONTEXT ( 'NONE', 'WORKASPACE' ) );
#4346 =( LENGTH_UNIT ( ) NAMED_UNIT ( * ) SI_UNIT ( .MILLI., .METRE. ) );
#4347 = ADVANCED_FACE ( 'NONE', ( #8252 ), #9680, .T. ) ;
#4348 = EDGE_LOOP ( 'NONE', ( #5551, #6525, #7435, #8224, #8175, #2778, #4764, #484 ) ) ;
#4349 = VERTEX_POINT ( 'NONE', #66 ) ;
#4350 = PRESENTATION_STYLE_ASSIGNMENT (( #8948 ) ) ;
#4351 = ORIENTED_EDGE ( 'NONE', *, *, #9095, .T. ) ;
#4352 = DIRECTION ( 'NONE',  ( -0.0000000000000000000, 1.000000000000000000, -0.0000000000000000000 ) ) ;
#4353 = LINE ( 'NONE', #9855, #4402 ) ;
#4355 = ORIENTED_EDGE ( 'NONE', *, *, #2978, .T. ) ;
#4354 = COLOUR_RGB ( '',0.0000000000000000000, 0.0000000000000000000, 0.0000000000000000000 ) ;
#4356 = FILL_AREA_STYLE ('',( #2494 ) ) ;
#4357 = FACE_BOUND ( 'NONE', #5190, .T. ) ;
#4358 = MECHANICAL_DESIGN_GEOMETRIC_PRESENTATION_REPRESENTATION (  '', ( #5124 ), #5889 ) ;
#4359 =( NAMED_UNIT ( * ) SI_UNIT ( $, .STERADIAN. ) SOLID_ANGLE_UNIT ( ) );
#4360 = CARTESIAN_POINT ( 'NONE',  ( -1.373323303875781054, -1.010000000000000009, 0.2914311580987393735 ) ) ;
#4361 = DIRECTION ( 'NONE',  ( -0.0000000000000000000, 1.000000000000000000, -0.0000000000000000000 ) ) ;
#4362 = AXIS2_PLACEMENT_3D ( 'NONE', #5791, #2240, #404 ) ;
#4363 = ORIENTED_EDGE ( 'NONE', *, *, #11008, .T. ) ;
#4364 = FILL_AREA_STYLE_COLOUR ( '', #4283 ) ;
#4365 = VERTEX_POINT ( 'NONE', #3889 ) ;
#4366 = CARTESIAN_POINT ( 'NONE',  ( -1.392794542598787988, -1.000000000000000000, 0.2350632457518952168 ) ) ;
#4367 = DIRECTION ( 'NONE',  ( -0.0000000000000000000, 0.0000000000000000000, 1.000000000000000000 ) ) ;
#4368 = PRESENTATION_STYLE_ASSIGNMENT (( #2567 ) ) ;
#4369 = CARTESIAN_POINT ( 'NONE',  ( -1.392794542598787988, -1.000000000000000000, 0.2350632457518952168 ) ) ;
#4370 = CARTESIAN_POINT ( 'NONE',  ( -1.614487471986630895, -1.000000000000000000, 0.1848086765887972382 ) ) ;
#4371 = CARTESIAN_POINT ( 'NONE',  ( -2.005870962935040414, -1.010000000000000009, 0.4432852449793324157 ) ) ;
#4372 = FILL_AREA_STYLE_COLOUR ( '', #11858 ) ;
#4373 = EDGE_CURVE ( 'NONE', #8230, #1282, #2694, .T. ) ;
#4374 = EDGE_CURVE ( 'NONE', #8482, #7196, #11621, .T. ) ;
#4375 = CARTESIAN_POINT ( 'NONE',  ( -2.185948496370684779, -1.010000000000000009, 0.2049670003980145483 ) ) ;
#4376 = PRESENTATION_LAYER_ASSIGNMENT (  '', '', ( #2459 ) ) ;
#4377 = SURFACE_STYLE_FILL_AREA ( #3550 ) ;
#4378 = CARTESIAN_POINT ( 'NONE',  ( -1.330553969870430953, -1.010000000000000009, 0.2093101858842237595 ) ) ;
#4379 = SURFACE_SIDE_STYLE ('',( #1628 ) ) ;
#4380 = CARTESIAN_POINT ( 'NONE',  ( -1.681710178726638416, -1.000000000000000000, 0.2763162781019019576 ) ) ;
#4381 = MECHANICAL_DESIGN_GEOMETRIC_PRESENTATION_REPRESENTATION (  '', ( #9394 ), #11134 ) ;
#4382 = MECHANICAL_DESIGN_GEOMETRIC_PRESENTATION_REPRESENTATION (  '', ( #3618 ), #2082 ) ;
#4383 = FILL_AREA_STYLE_COLOUR ( '', #1312 ) ;
#4384 = CARTESIAN_POINT ( 'NONE',  ( -1.662094530322293373, -1.000000000000000000, 0.2311641843512516614 ) ) ;
#4385 = ORIENTED_EDGE ( 'NONE', *, *, #5300, .F. ) ;
#4386 = ORIENTED_EDGE ( 'NONE', *, *, #3574, .F. ) ;
#4387 = VERTEX_POINT ( 'NONE', #11253 ) ;
#4388 = VERTEX_POINT ( 'NONE', #10593 ) ;
#4389 = CARTESIAN_POINT ( 'NONE',  ( -1.724527649292435960, -1.010000000000000009, 0.4434464161615654931 ) ) ;
#4390 = FILL_AREA_STYLE_COLOUR ( '', #9239 ) ;
#4391 = SURFACE_STYLE_USAGE ( .BOTH. , #6282 ) ;
#4392 = SURFACE_STYLE_FILL_AREA ( #9001 ) ;
#4393 = VECTOR ( 'NONE', #344, 1000.000000000000000 ) ;
#4394 = CARTESIAN_POINT ( 'NONE',  ( -1.682167476051521282, -1.000000000000000000, 0.2594684819264291287 ) ) ;
#4395 = PLANE ( 'NONE',  #8053 ) ;
#4396 =( NAMED_UNIT ( * ) SI_UNIT ( $, .STERADIAN. ) SOLID_ANGLE_UNIT ( ) );
#4397 = EDGE_CURVE ( 'NONE', #1346, #11267, #367, .T. ) ;
#4398 = B_SPLINE_CURVE_WITH_KNOTS ( 'NONE', 3,
 ( #1418, #5082, #11602, #3465 ),
 .UNSPECIFIED., .F., .F.,
 ( 4, 4 ),
 ( 13.00000000000000000, 14.00000000000000000 ),
 .UNSPECIFIED. ) ;
#4399 = SURFACE_STYLE_FILL_AREA ( #4463 ) ;
#4401 = PRESENTATION_LAYER_ASSIGNMENT (  '', '', ( #3053 ) ) ;
#4400 = FACE_OUTER_BOUND ( 'NONE', #6152, .T. ) ;
#4402 = VECTOR ( 'NONE', #9132, 1000.000000000000114 ) ;
#4403 = ORIENTED_EDGE ( 'NONE', *, *, #4081, .T. ) ;
#4404 = CARTESIAN_POINT ( 'NONE',  ( -1.682167476051521282, -1.000000000000000000, 0.2567728345382238597 ) ) ;
#4405 = ORIENTED_EDGE ( 'NONE', *, *, #455, .F. ) ;
#4406 = PRESENTATION_STYLE_ASSIGNMENT (( #9911 ) ) ;
#4407 = CARTESIAN_POINT ( 'NONE',  ( -1.615065110712629926, -1.010000000000000009, 0.3586779331192915810 ) ) ;
#4408 = CARTESIAN_POINT ( 'NONE',  ( -2.197998289210417067, -1.000000000000000000, 0.4339131792713341595 ) ) ;
#4409 = B_SPLINE_SURFACE_WITH_KNOTS ( 'NONE', 3, 1, ( 
 ( #9458, #11329 ),
 ( #8560, #9399 ),
 ( #3113, #3061 ),
 ( #324, #4748 ) ),
 .UNSPECIFIED., .F., .F., .F.,
 ( 4, 4 ),
 ( 2, 2 ),
 ( 12.00000000000000000, 13.00000000000000000 ),
 ( 0.0000000000000000000, 1.000000000000000000 ),
 .UNSPECIFIED. ) ;
#4410 = EDGE_CURVE ( 'NONE', #9010, #8492, #4132, .T. ) ;
#4411 = LINE ( 'NONE', #5138, #10277 ) ;
#4412 = B_SPLINE_CURVE_WITH_KNOTS ( 'NONE', 3,
 ( #5329, #1543, #5200, #6118 ),
 .UNSPECIFIED., .F., .F.,
 ( 4, 4 ),
 ( 5.000000000000000000, 6.000000000000000000 ),
 .UNSPECIFIED. ) ;
#4413 = CARTESIAN_POINT ( 'NONE',  ( -1.633718027907086645, -1.000000000000000000, 0.1877450067792323374 ) ) ;
#4414 = EDGE_CURVE ( 'NONE', #6909, #6751, #425, .T. ) ;
#4415 = CARTESIAN_POINT ( 'NONE',  ( -1.764408789667795130, -1.010000000000000009, 0.2273132595116904575 ) ) ;
#4416 = ORIENTED_EDGE ( 'NONE', *, *, #8993, .F. ) ;
#4417 = PLANE ( 'NONE',  #11404 ) ;
#4418 = ORIENTED_EDGE ( 'NONE', *, *, #8973, .T. ) ;
#4419 = COLOUR_RGB ( '',0.0000000000000000000, 0.0000000000000000000, 0.0000000000000000000 ) ;
#4420 = B_SPLINE_CURVE_WITH_KNOTS ( 'NONE', 3,
 ( #3462, #7202, #6112, #4247 ),
 .UNSPECIFIED., .F., .F.,
 ( 4, 4 ),
 ( 17.00000000000000000, 18.00000000000000000 ),
 .UNSPECIFIED. ) ;
#4421 = SURFACE_STYLE_FILL_AREA ( #683 ) ;
#4422 = CARTESIAN_POINT ( 'NONE',  ( -1.928216719712432914, -1.010000000000000009, 0.2391081354408662596 ) ) ;
#4423 = DIRECTION ( 'NONE',  ( -0.0000000000000000000, 1.000000000000000000, -0.0000000000000000000 ) ) ;
#4424 = CARTESIAN_POINT ( 'NONE',  ( -1.776683612595411299, -1.000000000000000000, 0.3586779331192915810 ) ) ;
#4425 = EDGE_CURVE ( 'NONE', #11672, #9207, #1421, .T. ) ;
#4426 = DIRECTION ( 'NONE',  ( -0.2524218971878506856, -0.0000000000000000000, 0.9676172723861878877 ) ) ;
#4427 = DIRECTION ( 'NONE',  ( 1.000000000000000000, 0.0000000000000000000, -0.0000000000000000000 ) ) ;
#4428 = EDGE_CURVE ( 'NONE', #426, #3066, #7822, .T. ) ;
#4429 = SURFACE_STYLE_FILL_AREA ( #8852 ) ;
#4430 = FILL_AREA_STYLE ('',( #3357 ) ) ;
#4431 =( NAMED_UNIT ( * ) PLANE_ANGLE_UNIT ( ) SI_UNIT ( $, .RADIAN. ) );
#4432 =( GEOMETRIC_REPRESENTATION_CONTEXT ( 3 ) GLOBAL_UNCERTAINTY_ASSIGNED_CONTEXT ( ( #1691 ) ) GLOBAL_UNIT_ASSIGNED_CONTEXT ( ( #10057, #2755, #13 ) ) REPRESENTATION_CONTEXT ( 'NONE', 'WORKASPACE' ) );
#4433 = CARTESIAN_POINT ( 'NONE',  ( -1.652924515546996265, -1.010000000000000009, 0.2387216243503121338 ) ) ;
#4434 = CARTESIAN_POINT ( 'NONE',  ( -1.727127023559427155, -1.000000000000000000, 0.2117170139091086312 ) ) ;
#4435 = UNCERTAINTY_MEASURE_WITH_UNIT (LENGTH_MEASURE( 1.000000000000000082E-05 ), #9453, 'distance_accuracy_value', 'NONE');
#4437 = ADVANCED_FACE ( 'NONE', ( #4010 ), #8658, .F. ) ;
#4436 = CARTESIAN_POINT ( 'NONE',  ( -1.742097493875565783, -1.000000000000000000, 0.2492635311002533993 ) ) ;
#4438 = VECTOR ( 'NONE', #147, 999.9999999999997726 ) ;
#4439 = FACE_OUTER_BOUND ( 'NONE', #9444, .T. ) ;
#4440 = EDGE_CURVE ( 'NONE', #9328, #2433, #3994, .T. ) ;
#4441 = LINE ( 'NONE', #10614, #5083 ) ;
#4442 = FILL_AREA_STYLE ('',( #10680 ) ) ;
#4443 = DIRECTION ( 'NONE',  ( -0.0000000000000000000, 1.000000000000000000, -0.0000000000000000000 ) ) ;
#4444 = CARTESIAN_POINT ( 'NONE',  ( -1.632851569818088766, -1.010000000000000009, 0.3586779331192915810 ) ) ;
#4445 = UNCERTAINTY_MEASURE_WITH_UNIT (LENGTH_MEASURE( 1.000000000000000082E-05 ), #10616, 'distance_accuracy_value', 'NONE');
#4446 = ORIENTED_EDGE ( 'NONE', *, *, #2164, .T. ) ;
#4447 = MECHANICAL_DESIGN_GEOMETRIC_PRESENTATION_REPRESENTATION (  '', ( #387 ), #11201 ) ;
#4448 = ORIENTED_EDGE ( 'NONE', *, *, #3028, .T. ) ;
#4449 = ORIENTED_EDGE ( 'NONE', *, *, #7332, .F. ) ;
#4450 = ORIENTED_EDGE ( 'NONE', *, *, #8514, .F. ) ;
#4451 = CARTESIAN_POINT ( 'NONE',  ( -1.678581302294096300, -1.010000000000000009, 0.2660150541541911329 ) ) ;
#4452 =( NAMED_UNIT ( * ) PLANE_ANGLE_UNIT ( ) SI_UNIT ( $, .RADIAN. ) );
#4454 = EDGE_CURVE ( 'NONE', #1821, #609, #10915, .T. ) ;
#4453 = SURFACE_SIDE_STYLE ('',( #7421 ) ) ;
#4455 = FACE_BOUND ( 'NONE', #3073, .T. ) ;
#4456 = ORIENTED_EDGE ( 'NONE', *, *, #8327, .F. ) ;
#4457 = FACE_OUTER_BOUND ( 'NONE', #7080, .T. ) ;
#4458 = EDGE_CURVE ( 'NONE', #8784, #20, #5022, .T. ) ;
#4459 = SURFACE_STYLE_USAGE ( .BOTH. , #2424 ) ;
#4460 = CARTESIAN_POINT ( 'NONE',  ( -2.027292831059733125, -1.000000000000000000, 0.2504884797393431839 ) ) ;
#4461 = STYLED_ITEM ( 'NONE', ( #2357 ), #5895 ) ;
#4462 = CARTESIAN_POINT ( 'NONE',  ( -1.740027621773804656, -1.010000000000000009, 0.2173971280481934165 ) ) ;
#4463 = FILL_AREA_STYLE ('',( #7190 ) ) ;
#4464 = ORIENTED_EDGE ( 'NONE', *, *, #9763, .T. ) ;
#4465 = VERTEX_POINT ( 'NONE', #3044 ) ;
#4466 = FILL_AREA_STYLE ('',( #6469 ) ) ;
#4467 = STYLED_ITEM ( 'NONE', ( #2165 ), #6045 ) ;
#4468 = ORIENTED_EDGE ( 'NONE', *, *, #9618, .F. ) ;
#4469 = CARTESIAN_POINT ( 'NONE',  ( -2.159840603372099821, -1.010000000000000009, 0.2170168187745983301 ) ) ;
#4470 = ORIENTED_EDGE ( 'NONE', *, *, #2223, .F. ) ;
#4471 = FACE_OUTER_BOUND ( 'NONE', #1487, .T. ) ;
#4472 = DIRECTION ( 'NONE',  ( 0.0000000000000000000, -0.0000000000000000000, 1.000000000000000000 ) ) ;
#4473 = LINE ( 'NONE', #4360, #7018 ) ;
#4474 = CARTESIAN_POINT ( 'NONE',  ( -1.694321957578019733, -1.010000000000000009, 0.2584094775953279521 ) ) ;
#4475 = COLOUR_RGB ( '',0.0000000000000000000, 0.0000000000000000000, 0.0000000000000000000 ) ;
#4476 = LINE ( 'NONE', #3822, #10151 ) ;
#4477 = VERTEX_POINT ( 'NONE', #9671 ) ;
#4478 = EDGE_CURVE ( 'NONE', #645, #1516, #4845, .T. ) ;
#4479 = ORIENTED_EDGE ( 'NONE', *, *, #2218, .T. ) ;
#4480 = FILL_AREA_STYLE_COLOUR ( '', #2140 ) ;
#4481 = SURFACE_SIDE_STYLE ('',( #9144 ) ) ;
#4482 = VECTOR ( 'NONE', #2434, 1000.000000000000000 ) ;
#4483 = PRESENTATION_LAYER_ASSIGNMENT (  '', '', ( #1989 ) ) ;
#4484 = CARTESIAN_POINT ( 'NONE',  ( -2.250883504596521423, -1.010000000000000009, 0.4238716809816544528 ) ) ;
#4485 = CARTESIAN_POINT ( 'NONE',  ( -1.750184436039535774, -1.010000000000000009, 0.4330007825331573801 ) ) ;
#4486 = DIRECTION ( 'NONE',  ( 1.000000000000000000, -0.0000000000000000000, -0.0000000000000000000 ) ) ;
#4487 = CARTESIAN_POINT ( 'NONE',  ( -1.608879562688215970, -1.010000000000000009, 0.2259172992568243832 ) ) ;
#4488 = PRESENTATION_STYLE_ASSIGNMENT (( #995 ) ) ;
#4489 = MECHANICAL_DESIGN_GEOMETRIC_PRESENTATION_REPRESENTATION (  '', ( #11241 ), #2383 ) ;
#4490 = CARTESIAN_POINT ( 'NONE',  ( -2.299082695108411567, -1.000000000000000000, 0.3917388851789893045 ) ) ;
#4492 = COLOUR_RGB ( '',0.0000000000000000000, 0.0000000000000000000, 0.0000000000000000000 ) ;
#4491 = STYLED_ITEM ( 'NONE', ( #711 ), #5189 ) ;
#4493 = COLOUR_RGB ( '',0.0000000000000000000, 0.0000000000000000000, 0.0000000000000000000 ) ;
#4494 = ORIENTED_EDGE ( 'NONE', *, *, #8227, .T. ) ;
#4495 = EDGE_CURVE ( 'NONE', #671, #4733, #11050, .T. ) ;
#4496 = SURFACE_STYLE_FILL_AREA ( #6259 ) ;
#4497 = AXIS2_PLACEMENT_3D ( 'NONE', #11221, #6817, #3012 ) ;
#4498 = DIRECTION ( 'NONE',  ( -1.000000000000000000, 0.0000000000000000000, -0.0000000000000000000 ) ) ;
#4499 = CARTESIAN_POINT ( 'NONE',  ( -1.420497133166460424, -1.000000000000000000, 0.2715507586119387806 ) ) ;
#4500 = PRESENTATION_LAYER_ASSIGNMENT (  '', '', ( #9703 ) ) ;
#4501 = CARTESIAN_POINT ( 'NONE',  ( -1.903447685491074237, -1.010000000000000009, 0.2792741285983028621 ) ) ;
#4502 = DIRECTION ( 'NONE',  ( -0.0000000000000000000, 1.000000000000000000, -0.0000000000000000000 ) ) ;
#4503 = CARTESIAN_POINT ( 'NONE',  ( -1.716464775408689025, -1.010000000000000009, 0.4434464161615654931 ) ) ;
#4504 = LINE ( 'NONE', #2526, #1265 ) ;
#4505 = EDGE_LOOP ( 'NONE', ( #6674, #2328, #11946, #9670 ) ) ;
#4506 = EDGE_CURVE ( 'NONE', #10215, #7094, #10832, .T. ) ;
#4507 = AXIS2_PLACEMENT_3D ( 'NONE', #8566, #5894, #273 ) ;
#4508 = CARTESIAN_POINT ( 'NONE',  ( -1.554533385882042928, -1.000000000000000000, 0.3857306801209408054 ) ) ;
#4509 = CARTESIAN_POINT ( 'NONE',  ( 0.0000000000000000000, -1.010000000000000009, 0.0000000000000000000 ) ) ;
#4510 = PRESENTATION_LAYER_ASSIGNMENT (  '', '', ( #5091 ) ) ;
#4511 = CARTESIAN_POINT ( 'NONE',  ( -2.031309420160799739, -1.000000000000000000, 0.4653765432912256861 ) ) ;
#4512 = AXIS2_PLACEMENT_3D ( 'NONE', #11224, #5721, #4636 ) ;
#4513 = CARTESIAN_POINT ( 'NONE',  ( -2.147121349222366860, -1.000000000000000000, 0.2906545112020617050 ) ) ;
#4514 = ORIENTED_EDGE ( 'NONE', *, *, #9172, .F. ) ;
#4515 = CARTESIAN_POINT ( 'NONE',  ( -1.772832687755529824, -1.010000000000000009, 0.3898704243238186318 ) ) ;
#4516 = CARTESIAN_POINT ( 'NONE',  ( -1.637665225868179197, -1.010000000000000009, 0.4010862429206517588 ) ) ;
#4517 = COLOUR_RGB ( '',0.0000000000000000000, 0.0000000000000000000, 0.0000000000000000000 ) ;
#4518 =( LENGTH_UNIT ( ) NAMED_UNIT ( * ) SI_UNIT ( .MILLI., .METRE. ) );
#4519 = CARTESIAN_POINT ( 'NONE',  ( -2.248875222814574748, -1.010000000000000009, 0.2103225121187592972 ) ) ;
#4520 =( GEOMETRIC_REPRESENTATION_CONTEXT ( 3 ) GLOBAL_UNCERTAINTY_ASSIGNED_CONTEXT ( ( #813 ) ) GLOBAL_UNIT_ASSIGNED_CONTEXT ( ( #4260, #3360, #10736 ) ) REPRESENTATION_CONTEXT ( 'NONE', 'WORKASPACE' ) );
#4521 = EDGE_CURVE ( 'NONE', #4253, #416, #5258, .T. ) ;
#4522 = ORIENTED_EDGE ( 'NONE', *, *, #8723, .F. ) ;
#4523 = ADVANCED_FACE ( 'NONE', ( #8901 ), #7884, .F. ) ;
#4524 = ORIENTED_EDGE ( 'NONE', *, *, #8237, .F. ) ;
#4525 = CARTESIAN_POINT ( 'NONE',  ( -1.674995128536674205, -1.000000000000000000, 0.2173489914877489715 ) ) ;
#4526 = VERTEX_POINT ( 'NONE', #5141 ) ;
#4527 =( NAMED_UNIT ( * ) PLANE_ANGLE_UNIT ( ) SI_UNIT ( $, .RADIAN. ) );
#4528 = FILL_AREA_STYLE_COLOUR ( '', #11530 ) ;
#4529 =( NAMED_UNIT ( * ) SI_UNIT ( $, .STERADIAN. ) SOLID_ANGLE_UNIT ( ) );
#4530 = CARTESIAN_POINT ( 'NONE',  ( -1.989135132452668042, -1.010000000000000009, 0.2089836405724676272 ) ) ;
#4531 = CARTESIAN_POINT ( 'NONE',  ( -2.500000000000000000, -0.9500000000000007327, 0.04999999999999926725 ) ) ;
#4532 = VECTOR ( 'NONE', #11197, 1000.000000000000000 ) ;
#4533 = PRESENTATION_LAYER_ASSIGNMENT (  '', '', ( #5109 ) ) ;
#4534 = B_SPLINE_CURVE_WITH_KNOTS ( 'NONE', 3,
 ( #3815, #4644, #2063, #170 ),
 .UNSPECIFIED., .F., .F.,
 ( 4, 4 ),
 ( 3.000000000000000000, 4.000000000000000000 ),
 .UNSPECIFIED. ) ;
#4535 = VERTEX_POINT ( 'NONE', #4251 ) ;
#4536 = VECTOR ( 'NONE', #4361, 1000.000000000000000 ) ;
#4537 =( NAMED_UNIT ( * ) PLANE_ANGLE_UNIT ( ) SI_UNIT ( $, .RADIAN. ) );
#4538 = ORIENTED_EDGE ( 'NONE', *, *, #3485, .F. ) ;
#4539 = FACE_OUTER_BOUND ( 'NONE', #8416, .T. ) ;
#4540 = CARTESIAN_POINT ( 'NONE',  ( -1.722168957827996172, -1.010000000000000009, 0.2520554516093513331 ) ) ;
#4541 = PRESENTATION_STYLE_ASSIGNMENT (( #9150 ) ) ;
#4542 = EDGE_CURVE ( 'NONE', #4297, #2979, #4412, .T. ) ;
#4543 = CARTESIAN_POINT ( 'NONE',  ( -1.443602682207659527, -1.000000000000000000, 0.2837774449794280285 ) ) ;
#4544 = MECHANICAL_DESIGN_GEOMETRIC_PRESENTATION_REPRESENTATION (  '', ( #5509 ), #11303 ) ;
#4545 = B_SPLINE_CURVE_WITH_KNOTS ( 'NONE', 3,
 ( #11416, #3888, #6854, #423 ),
 .UNSPECIFIED., .F., .F.,
 ( 4, 4 ),
 ( 4.000000000000000000, 5.000000000000000000 ),
 .UNSPECIFIED. ) ;
#4546 = LINE ( 'NONE', #806, #4725 ) ;
#4547 = UNCERTAINTY_MEASURE_WITH_UNIT (LENGTH_MEASURE( 1.000000000000000082E-05 ), #9552, 'distance_accuracy_value', 'NONE');
#4548 = ORIENTED_EDGE ( 'NONE', *, *, #1045, .F. ) ;
#4549 = CARTESIAN_POINT ( 'NONE',  ( -1.565580726517312060, -1.010000000000000009, 0.3034652982244437913 ) ) ;
#4550 = VERTEX_POINT ( 'NONE', #3284 ) ;
#4551 = SURFACE_STYLE_FILL_AREA ( #10848 ) ;
#4552 = PRESENTATION_LAYER_ASSIGNMENT (  '', '', ( #2833 ) ) ;
#4553 =( NAMED_UNIT ( * ) SI_UNIT ( $, .STERADIAN. ) SOLID_ANGLE_UNIT ( ) );
#4554 =( LENGTH_UNIT ( ) NAMED_UNIT ( * ) SI_UNIT ( .MILLI., .METRE. ) );
#4555 = AXIS2_PLACEMENT_3D ( 'NONE', #3164, #6867, #3228 ) ;
#4556 = UNCERTAINTY_MEASURE_WITH_UNIT (LENGTH_MEASURE( 1.000000000000000082E-05 ), #9018, 'distance_accuracy_value', 'NONE');
#4557 = DIRECTION ( 'NONE',  ( 0.0000000000000000000, -0.0000000000000000000, 1.000000000000000000 ) ) ;
#4558 = CARTESIAN_POINT ( 'NONE',  ( -1.652924515546996265, -1.010000000000000009, 0.2387216243503121338 ) ) ;
#4559 = SURFACE_STYLE_USAGE ( .BOTH. , #8379 ) ;
#4560 = EDGE_CURVE ( 'NONE', #5243, #7562, #11728, .T. ) ;
#4561 = CARTESIAN_POINT ( 'NONE',  ( -1.709268359613615340, -1.000000000000000000, 0.3589186159215232985 ) ) ;
#4562 = DIRECTION ( 'NONE',  ( -0.0000000000000000000, -0.0000000000000000000, 1.000000000000000000 ) ) ;
#4563 = DIRECTION ( 'NONE',  ( -0.0000000000000000000, -0.0000000000000000000, 1.000000000000000000 ) ) ;
#4564 = B_SPLINE_CURVE_WITH_KNOTS ( 'NONE', 3,
 ( #1195, #4861, #4149, #7836 ),
 .UNSPECIFIED., .F., .F.,
 ( 4, 4 ),
 ( 13.00000000000000000, 14.00000000000000000 ),
 .UNSPECIFIED. ) ;
#4565 =( GEOMETRIC_REPRESENTATION_CONTEXT ( 3 ) GLOBAL_UNCERTAINTY_ASSIGNED_CONTEXT ( ( #9273 ) ) GLOBAL_UNIT_ASSIGNED_CONTEXT ( ( #5519, #8312, #9325 ) ) REPRESENTATION_CONTEXT ( 'NONE', 'WORKASPACE' ) );
#4566 = UNCERTAINTY_MEASURE_WITH_UNIT (LENGTH_MEASURE( 1.000000000000000082E-05 ), #10591, 'distance_accuracy_value', 'NONE');
#4567 = EDGE_CURVE ( 'NONE', #1346, #9567, #9029, .T. ) ;
#4568 = ORIENTED_EDGE ( 'NONE', *, *, #486, .F. ) ;
#4569 =( NAMED_UNIT ( * ) PLANE_ANGLE_UNIT ( ) SI_UNIT ( $, .RADIAN. ) );
#4570 = CARTESIAN_POINT ( 'NONE',  ( -1.648977317585904379, -1.010000000000000009, 0.2276020788743692014 ) ) ;
#4571 = CARTESIAN_POINT ( 'NONE',  ( -2.138418735247407110, -1.010000000000000009, 0.4379297811405066243 ) ) ;
#4572 = MECHANICAL_DESIGN_GEOMETRIC_PRESENTATION_REPRESENTATION (  '', ( #520 ), #7287 ) ;
#4574 = SURFACE_SIDE_STYLE ('',( #8391 ) ) ;
#4573 = VECTOR ( 'NONE', #5981, 1000.000000000000000 ) ;
#4575 = FILL_AREA_STYLE_COLOUR ( '', #8834 ) ;
#4576 = ORIENTED_EDGE ( 'NONE', *, *, #4943, .T. ) ;
#4577 = ADVANCED_FACE ( 'NONE', ( #556 ), #7092, .F. ) ;
#4578 = DIRECTION ( 'NONE',  ( -0.0000000000000000000, -0.0000000000000000000, 1.000000000000000000 ) ) ;
#4579 = CARTESIAN_POINT ( 'NONE',  ( -1.751195303810192172, -1.000000000000000000, 0.2657743713519612472 ) ) ;
#4580 = AXIS2_PLACEMENT_3D ( 'NONE', #6831, #6647, #5002 ) ;
#4581 =( NAMED_UNIT ( * ) SI_UNIT ( $, .STERADIAN. ) SOLID_ANGLE_UNIT ( ) );
#4582 = LINE ( 'NONE', #4817, #7225 ) ;
#4583 = PRESENTATION_LAYER_ASSIGNMENT (  '', '', ( #9798 ) ) ;
#4584 = MECHANICAL_DESIGN_GEOMETRIC_PRESENTATION_REPRESENTATION (  '', ( #328 ), #7683 ) ;
#4585 = ORIENTED_EDGE ( 'NONE', *, *, #2148, .T. ) ;
#4586 = ORIENTED_EDGE ( 'NONE', *, *, #892, .F. ) ;
#4587 = PRESENTATION_STYLE_ASSIGNMENT (( #41 ) ) ;
#4588 = CARTESIAN_POINT ( 'NONE',  ( -1.743084293365680049, -1.010000000000000009, 0.2077216793875679424 ) ) ;
#4589 = VECTOR ( 'NONE', #153, 1000.000000000000000 ) ;
#4590 = DIRECTION ( 'NONE',  ( -0.0000000000000000000, 1.000000000000000000, -0.0000000000000000000 ) ) ;
#4591 = CARTESIAN_POINT ( 'NONE',  ( -1.656558825864866247, -1.000000000000000000, 0.2130648376028878854 ) ) ;
#4593 = ADVANCED_FACE ( 'NONE', ( #9653 ), #8263, .T. ) ;
#4592 = VECTOR ( 'NONE', #2485, 1000.000000000000000 ) ;
#4594 = PRESENTATION_STYLE_ASSIGNMENT (( #8351 ) ) ;
#4595 = CARTESIAN_POINT ( 'NONE',  ( -2.185279047829110866, -1.000000000000000000, 0.2993571379454478820 ) ) ;
#4596 = B_SPLINE_CURVE_WITH_KNOTS ( 'NONE', 3,
 ( #8097, #700, #10679, #7119 ),
 .UNSPECIFIED., .F., .F.,
 ( 4, 4 ),
 ( 6.000000000000000000, 7.000000000000000000 ),
 .UNSPECIFIED. ) ;
#4597 = FILL_AREA_STYLE ('',( #1784 ) ) ;
#4598 = VERTEX_POINT ( 'NONE', #11400 ) ;
#4599 = ORIENTED_EDGE ( 'NONE', *, *, #1268, .F. ) ;
#4600 = SURFACE_STYLE_FILL_AREA ( #9250 ) ;
#4601 = AXIS2_PLACEMENT_3D ( 'NONE', #9946, #5353, #2640 ) ;
#4602 = ORIENTED_EDGE ( 'NONE', *, *, #10129, .T. ) ;
#4603 = PRESENTATION_STYLE_ASSIGNMENT (( #10836 ) ) ;
#4604 = ORIENTED_EDGE ( 'NONE', *, *, #8083, .T. ) ;
#4605 = VECTOR ( 'NONE', #10046, 1000.000000000000114 ) ;
#4606 = LINE ( 'NONE', #8304, #6157 ) ;
#4607 = LINE ( 'NONE', #1963, #10339 ) ;
#4608 = SURFACE_STYLE_USAGE ( .BOTH. , #933 ) ;
#4609 = CARTESIAN_POINT ( 'NONE',  ( -1.490944989460548209, -1.000000000000000000, 0.4407989053344495423 ) ) ;
#4610 = B_SPLINE_SURFACE_WITH_KNOTS ( 'NONE', 3, 1, ( 
 ( #11748, #11862 ),
 ( #6383, #3719 ),
 ( #8149, #5346 ),
 ( #6260, #1801 ) ),
 .UNSPECIFIED., .F., .F., .F.,
 ( 4, 4 ),
 ( 2, 2 ),
 ( 2.000000000000000000, 3.000000000000000000 ),
 ( 0.0000000000000000000, 1.000000000000000000 ),
 .UNSPECIFIED. ) ;
#4611 = SURFACE_STYLE_USAGE ( .BOTH. , #3602 ) ;
#4612 =( NAMED_UNIT ( * ) PLANE_ANGLE_UNIT ( ) SI_UNIT ( $, .RADIAN. ) );
#4613 = ORIENTED_EDGE ( 'NONE', *, *, #1417, .F. ) ;
#4614 =( NAMED_UNIT ( * ) PLANE_ANGLE_UNIT ( ) SI_UNIT ( $, .RADIAN. ) );
#4615 = CARTESIAN_POINT ( 'NONE',  ( -1.743854478333781488, -1.000000000000000000, 0.2685181553006110167 ) ) ;
#4616 = PRESENTATION_LAYER_ASSIGNMENT (  '', '', ( #8298 ) ) ;
#4617 = LINE ( 'NONE', #6501, #11647 ) ;
#4618 =( NAMED_UNIT ( * ) PLANE_ANGLE_UNIT ( ) SI_UNIT ( $, .RADIAN. ) );
#4619 =( LENGTH_UNIT ( ) NAMED_UNIT ( * ) SI_UNIT ( .MILLI., .METRE. ) );
#4620 = LINE ( 'NONE', #9111, #3451 ) ;
#4621 = CARTESIAN_POINT ( 'NONE',  ( -1.709075813371508490, -1.000000000000000000, 0.4416172268626791797 ) ) ;
#4622 =( LENGTH_UNIT ( ) NAMED_UNIT ( * ) SI_UNIT ( .MILLI., .METRE. ) );
#4623 = VERTEX_POINT ( 'NONE', #10517 ) ;
#4624 = PRESENTATION_STYLE_ASSIGNMENT (( #9952 ) ) ;
#4625 = EDGE_CURVE ( 'NONE', #2824, #3774, #8322, .T. ) ;
#4626 = STYLED_ITEM ( 'NONE', ( #10660 ), #5462 ) ;
#4627 = DIRECTION ( 'NONE',  ( -0.0000000000000000000, -0.0000000000000000000, 1.000000000000000000 ) ) ;
#4628 = PRESENTATION_STYLE_ASSIGNMENT (( #3792 ) ) ;
#4629 = FACE_BOUND ( 'NONE', #9657, .T. ) ;
#4630 = ORIENTED_EDGE ( 'NONE', *, *, #6878, .T. ) ;
#4631 = PRESENTATION_STYLE_ASSIGNMENT (( #9405 ) ) ;
#4632 = CARTESIAN_POINT ( 'NONE',  ( -2.221428439117376197, -1.000000000000000000, 0.3837057261294960497 ) ) ;
#4633 = COLOUR_RGB ( '',1.000000000000000000, 0.5019607843137254832, 0.0000000000000000000 ) ;
#4634 = FILL_AREA_STYLE ('',( #6572 ) ) ;
#4635 = CARTESIAN_POINT ( 'NONE',  ( -2.096244447539275857, -1.010000000000000009, 0.4379297811405066243 ) ) ;
#4636 = DIRECTION ( 'NONE',  ( 0.0000000000000000000, -0.0000000000000000000, 1.000000000000000000 ) ) ;
#4637 = MECHANICAL_DESIGN_GEOMETRIC_PRESENTATION_REPRESENTATION (  '', ( #7546 ), #7362 ) ;
#4638 = ORIENTED_EDGE ( 'NONE', *, *, #7850, .F. ) ;
#4639 = ORIENTED_EDGE ( 'NONE', *, *, #9369, .F. ) ;
#4640 = CARTESIAN_POINT ( 'NONE',  ( -1.685037618471343590, -1.010000000000000009, 0.2189736004046571594 ) ) ;
#4641 = EDGE_CURVE ( 'NONE', #7914, #3148, #10625, .T. ) ;
#4642 = CARTESIAN_POINT ( 'NONE',  ( -2.299082695108411567, -1.000000000000000000, 0.3917388851789893045 ) ) ;
#4643 = FACE_OUTER_BOUND ( 'NONE', #7185, .T. ) ;
#4644 = CARTESIAN_POINT ( 'NONE',  ( -1.436622880934596891, -1.000000000000000000, 0.2363629328858724010 ) ) ;
#4645 =( NAMED_UNIT ( * ) PLANE_ANGLE_UNIT ( ) SI_UNIT ( $, .RADIAN. ) );
#4646 = DIRECTION ( 'NONE',  ( 0.0000000000000000000, -0.0000000000000000000, -1.000000000000000000 ) ) ;
#4647 = CARTESIAN_POINT ( 'NONE',  ( -1.661083662551957385, -1.010000000000000009, 0.2290461756896872147 ) ) ;
#4648 = SURFACE_STYLE_FILL_AREA ( #3592 ) ;
#4649 = VECTOR ( 'NONE', #11500, 1000.000000000000000 ) ;
#4650 = ADVANCED_FACE ( 'NONE', ( #4109 ), #2762, .F. ) ;
#4651 = EDGE_LOOP ( 'NONE', ( #8343, #6975, #4116, #5588 ) ) ;
#4652 = DIRECTION ( 'NONE',  ( 0.0000000000000000000, 1.000000000000000000, 0.0000000000000000000 ) ) ;
#4653 = VERTEX_POINT ( 'NONE', #1125 ) ;
#4654 =( NAMED_UNIT ( * ) PLANE_ANGLE_UNIT ( ) SI_UNIT ( $, .RADIAN. ) );
#4655 = SURFACE_SIDE_STYLE ('',( #9319 ) ) ;
#4656 = CARTESIAN_POINT ( 'NONE',  ( -1.756779144828384265, -1.000000000000000000, 0.4259728446996484674 ) ) ;
#4657 = SURFACE_STYLE_FILL_AREA ( #9992 ) ;
#4658 = PRESENTATION_STYLE_ASSIGNMENT (( #4611 ) ) ;
#4659 = STYLED_ITEM ( 'NONE', ( #8245 ), #10200 ) ;
#4660 = UNCERTAINTY_MEASURE_WITH_UNIT (LENGTH_MEASURE( 1.000000000000000082E-05 ), #1570, 'distance_accuracy_value', 'NONE');
#4661 = SURFACE_STYLE_USAGE ( .BOTH. , #9262 ) ;
#4662 = ORIENTED_EDGE ( 'NONE', *, *, #7102, .T. ) ;
#4663 = EDGE_CURVE ( 'NONE', #487, #2583, #2144, .T. ) ;
#4664 = ORIENTED_EDGE ( 'NONE', *, *, #9327, .F. ) ;
#4665 = PRESENTATION_LAYER_ASSIGNMENT (  '', '', ( #7980 ) ) ;
#4666 = EDGE_CURVE ( 'NONE', #1400, #1196, #6794, .T. ) ;
#4667 = FACE_OUTER_BOUND ( 'NONE', #7961, .T. ) ;
#4668 = SURFACE_SIDE_STYLE ('',( #5579 ) ) ;
#4669 = CARTESIAN_POINT ( 'NONE',  ( -2.248875222814574748, -1.010000000000000009, 0.2103225121187592972 ) ) ;
#4670 = STYLED_ITEM ( 'NONE', ( #4594 ), #8661 ) ;
#4671 = CARTESIAN_POINT ( 'NONE',  ( -1.652202467139338937, -1.010000000000000009, 0.2751128640888174659 ) ) ;
#4672 = CARTESIAN_POINT ( 'NONE',  ( -2.048045250642851034, -1.000000000000000000, 0.2297360601562266069 ) ) ;
#4673 = LINE ( 'NONE', #8380, #5846 ) ;
#4674 = VECTOR ( 'NONE', #10507, 1000.000000000000000 ) ;
#4675 = DIRECTION ( 'NONE',  ( -1.000000000000000000, -0.0000000000000000000, -0.0000000000000000000 ) ) ;
#4676 = CARTESIAN_POINT ( 'NONE',  ( -1.652202467139338937, -1.010000000000000009, 0.2636563626897552304 ) ) ;
#4677 = CARTESIAN_POINT ( 'NONE',  ( -1.702336694901322556, -1.000000000000000000, 0.4378625751440138325 ) ) ;
#4678 = UNCERTAINTY_MEASURE_WITH_UNIT (LENGTH_MEASURE( 1.000000000000000082E-05 ), #1969, 'distance_accuracy_value', 'NONE');
#4679 = PLANE ( 'NONE',  #7083 ) ;
#4680 = ORIENTED_EDGE ( 'NONE', *, *, #3230, .F. ) ;
#4681 = CARTESIAN_POINT ( 'NONE',  ( -1.514941064870001020, -1.010000000000000009, 0.2200446388759535743 ) ) ;
#4682 =( NAMED_UNIT ( * ) PLANE_ANGLE_UNIT ( ) SI_UNIT ( $, .RADIAN. ) );
#4683 = B_SPLINE_CURVE_WITH_KNOTS ( 'NONE', 3,
 ( #10166, #6245, #7157, #9927 ),
 .UNSPECIFIED., .F., .F.,
 ( 4, 4 ),
 ( 16.00000000000000000, 17.00000000000000000 ),
 .UNSPECIFIED. ) ;
#4684 = AXIS2_PLACEMENT_3D ( 'NONE', #1692, #12, #4557 ) ;
#4685 = SURFACE_STYLE_USAGE ( .BOTH. , #3856 ) ;
#4686 = PRESENTATION_STYLE_ASSIGNMENT (( #5961 ) ) ;
#4687 = ORIENTED_EDGE ( 'NONE', *, *, #1590, .T. ) ;
#4688 = CARTESIAN_POINT ( 'NONE',  ( -1.775696813105298144, -1.000000000000000000, 0.2093101858842237595 ) ) ;
#4689 = CARTESIAN_POINT ( 'NONE',  ( -1.632803433257323134, -1.000000000000000000, 0.1776363290739492451 ) ) ;
#4690 = AXIS2_PLACEMENT_3D ( 'NONE', #2154, #4024, #7708 ) ;
#4691 =( NAMED_UNIT ( * ) PLANE_ANGLE_UNIT ( ) SI_UNIT ( $, .RADIAN. ) );
#4692 = STYLED_ITEM ( 'NONE', ( #2187 ), #2863 ) ;
#4693 = CARTESIAN_POINT ( 'NONE',  ( -1.743854478333781488, -1.010000000000000009, 0.2685181553006110167 ) ) ;
#4694 = FILL_AREA_STYLE_COLOUR ( '', #4206 ) ;
#4695 = DIRECTION ( 'NONE',  ( -0.0000000000000000000, 1.000000000000000000, -0.0000000000000000000 ) ) ;
#4696 = COLOUR_RGB ( '',0.0000000000000000000, 0.0000000000000000000, 0.0000000000000000000 ) ;
#4697 = ADVANCED_FACE ( 'NONE', ( #4794 ), #249, .F. ) ;
#4698 = LINE ( 'NONE', #5665, #11265 ) ;
#4699 = ORIENTED_EDGE ( 'NONE', *, *, #8621, .F. ) ;
#4700 = ORIENTED_EDGE ( 'NONE', *, *, #203, .F. ) ;
#4701 = ORIENTED_EDGE ( 'NONE', *, *, #5601, .F. ) ;
#4702 = SURFACE_STYLE_USAGE ( .BOTH. , #2118 ) ;
#4703 = VERTEX_POINT ( 'NONE', #5024 ) ;
#4704 = SURFACE_STYLE_USAGE ( .BOTH. , #2782 ) ;
#4705 = SURFACE_STYLE_USAGE ( .BOTH. , #3870 ) ;
#4706 = STYLED_ITEM ( 'NONE', ( #11040 ), #232 ) ;
#4707 = CARTESIAN_POINT ( 'NONE',  ( -1.633718027907086645, -1.010000000000000009, 0.1877450067792323374 ) ) ;
#4708 = MECHANICAL_DESIGN_GEOMETRIC_PRESENTATION_REPRESENTATION (  '', ( #9919 ), #4130 ) ;
#4709 = FILL_AREA_STYLE ('',( #3021 ) ) ;
#4710 = CARTESIAN_POINT ( 'NONE',  ( -1.694321957578019733, -1.010000000000000009, 0.2643784110970914258 ) ) ;
#4711 =( NAMED_UNIT ( * ) PLANE_ANGLE_UNIT ( ) SI_UNIT ( $, .RADIAN. ) );
#4712 = CARTESIAN_POINT ( 'NONE',  ( -1.661083662551957385, -1.000000000000000000, 0.2290461756896872147 ) ) ;
#4713 = ADVANCED_FACE ( 'NONE', ( #7576 ), #6672, .F. ) ;
#4714 = VECTOR ( 'NONE', #4695, 1000.000000000000000 ) ;
#4715 = MECHANICAL_DESIGN_GEOMETRIC_PRESENTATION_REPRESENTATION (  '', ( #3761 ), #7622 ) ;
#4716 = PRESENTATION_LAYER_ASSIGNMENT (  '', '', ( #5097 ) ) ;
#4717 = ORIENTED_EDGE ( 'NONE', *, *, #1213, .T. ) ;
#4718 = EDGE_CURVE ( 'NONE', #5917, #1544, #3423, .T. ) ;
#4719 = ORIENTED_EDGE ( 'NONE', *, *, #11722, .T. ) ;
#4720 = VERTEX_POINT ( 'NONE', #2329 ) ;
#4721 = ORIENTED_EDGE ( 'NONE', *, *, #11854, .T. ) ;
#4722 = CARTESIAN_POINT ( 'NONE',  ( -1.602910629185807068, -1.010000000000000009, 0.4420023193468916589 ) ) ;
#4723 = SURFACE_SIDE_STYLE ('',( #9432 ) ) ;
#4724 = STYLED_ITEM ( 'NONE', ( #10417 ), #10039 ) ;
#4726 = VERTEX_POINT ( 'NONE', #6919 ) ;
#4725 = VECTOR ( 'NONE', #11856, 1000.000000000000000 ) ;
#4727 = CARTESIAN_POINT ( 'NONE',  ( -2.027292831059733125, -1.000000000000000000, 0.2504884797393431839 ) ) ;
#4728 = CARTESIAN_POINT ( 'NONE',  ( -1.669290946117363283, -1.000000000000000000, 0.2685181553006110167 ) ) ;
#4729 = EDGE_CURVE ( 'NONE', #2116, #3569, #10595, .T. ) ;
#4730 =( NAMED_UNIT ( * ) PLANE_ANGLE_UNIT ( ) SI_UNIT ( $, .RADIAN. ) );
#4731 = VERTEX_POINT ( 'NONE', #10834 ) ;
#4732 = VECTOR ( 'NONE', #6313, 1000.000000000000000 ) ;
#4733 = VERTEX_POINT ( 'NONE', #7151 ) ;
#4734 = ORIENTED_EDGE ( 'NONE', *, *, #9719, .F. ) ;
#4735 = CARTESIAN_POINT ( 'NONE',  ( -1.379412578779301457, -1.010000000000000009, 0.3034652982244437913 ) ) ;
#4736 = CARTESIAN_POINT ( 'NONE',  ( -1.490944989460548209, -1.010000000000000009, 0.4407989053344495423 ) ) ;
#4737 = SURFACE_STYLE_FILL_AREA ( #6678 ) ;
#4738 = FILL_AREA_STYLE_COLOUR ( '', #7727 ) ;
#4739 = CARTESIAN_POINT ( 'NONE',  ( -2.185948483602257575, -1.000000000000000000, 0.3736642278398156769 ) ) ;
#4740 = EDGE_CURVE ( 'NONE', #9434, #845, #518, .T. ) ;
#4741 = SURFACE_STYLE_FILL_AREA ( #3901 ) ;
#4743 = EDGE_CURVE ( 'NONE', #4623, #544, #5202, .T. ) ;
#4742 = DIRECTION ( 'NONE',  ( -0.0000000000000000000, -0.0000000000000000000, -1.000000000000000000 ) ) ;
#4744 = CARTESIAN_POINT ( 'NONE',  ( -1.716464775408689025, -1.000000000000000000, 0.4434464161615654931 ) ) ;
#4745 = ORIENTED_EDGE ( 'NONE', *, *, #4454, .F. ) ;
#4746 = PRESENTATION_LAYER_ASSIGNMENT (  '', '', ( #7848 ) ) ;
#4747 = PRESENTATION_LAYER_ASSIGNMENT (  '', '', ( #5509 ) ) ;
#4748 = CARTESIAN_POINT ( 'NONE',  ( -1.678581302294096300, -1.000000000000000000, 0.2660150541541911329 ) ) ;
#4749 = PLANE ( 'NONE',  #7344 ) ;
#4750 = DIRECTION ( 'NONE',  ( 0.0000000000000000000, 0.0000000000000000000, 1.000000000000000000 ) ) ;
#4751 = CARTESIAN_POINT ( 'NONE',  ( -1.538407638114548170, -1.010000000000000009, 0.4209185058470065743 ) ) ;
#4752 = FACE_OUTER_BOUND ( 'NONE', #740, .T. ) ;
#4753 = ORIENTED_EDGE ( 'NONE', *, *, #9495, .F. ) ;
#4754 = CARTESIAN_POINT ( 'NONE',  ( -2.238833705372254457, -1.010000000000000009, 0.2806130129130237072 ) ) ;
#4755 = SURFACE_SIDE_STYLE ('',( #2716 ) ) ;
#4756 = STYLED_ITEM ( 'NONE', ( #6136 ), #4248 ) ;
#4757 = CARTESIAN_POINT ( 'NONE',  ( -1.722168957827996172, -1.010000000000000009, 0.2366036156881059782 ) ) ;
#4758 = PLANE ( 'NONE',  #3646 ) ;
#4759 = CARTESIAN_POINT ( 'NONE',  ( -1.676198542549437009, -1.000000000000000000, 0.2676998337717396703 ) ) ;
#4760 = B_SPLINE_SURFACE_WITH_KNOTS ( 'NONE', 3, 1, ( 
 ( #937, #1915 ),
 ( #10967, #10107 ),
 ( #2629, #5514 ),
 ( #11130, #4490 ) ),
 .UNSPECIFIED., .F., .F., .F.,
 ( 4, 4 ),
 ( 2, 2 ),
 ( 5.000000000000000000, 6.000000000000000000 ),
 ( 0.0000000000000000000, 1.000000000000000000 ),
 .UNSPECIFIED. ) ;
#4761 = MECHANICAL_DESIGN_GEOMETRIC_PRESENTATION_REPRESENTATION (  '', ( #8244 ), #11501 ) ;
#4762 = ORIENTED_EDGE ( 'NONE', *, *, #10234, .T. ) ;
#4763 = VERTEX_POINT ( 'NONE', #1545 ) ;
#4764 = ORIENTED_EDGE ( 'NONE', *, *, #1748, .T. ) ;
#4765 = CARTESIAN_POINT ( 'NONE',  ( -1.989804555457388435, -1.010000000000000009, 0.4285577122400814898 ) ) ;
#4766 = VECTOR ( 'NONE', #8913, 1000.000000000000000 ) ;
#4767 = ORIENTED_EDGE ( 'NONE', *, *, #7268, .T. ) ;
#4768 = LINE ( 'NONE', #6769, #7746 ) ;
#4769 = ADVANCED_FACE ( 'NONE', ( #2385 ), #7871, .T. ) ;
#4770 =( NAMED_UNIT ( * ) SI_UNIT ( $, .STERADIAN. ) SOLID_ANGLE_UNIT ( ) );
#4771 = CARTESIAN_POINT ( 'NONE',  ( -2.177245856858871953, -1.000000000000000000, 0.4519878781069318618 ) ) ;
#4772 = CARTESIAN_POINT ( 'NONE',  ( -1.634993646760196651, -1.000000000000000000, 0.4528330454595122512 ) ) ;
#4773 =( LENGTH_UNIT ( ) NAMED_UNIT ( * ) SI_UNIT ( .MILLI., .METRE. ) );
#4774 = VECTOR ( 'NONE', #7580, 1000.000000000000000 ) ;
#4775 = FILL_AREA_STYLE ('',( #5680 ) ) ;
#4776 =( GEOMETRIC_REPRESENTATION_CONTEXT ( 3 ) GLOBAL_UNCERTAINTY_ASSIGNED_CONTEXT ( ( #5646 ) ) GLOBAL_UNIT_ASSIGNED_CONTEXT ( ( #8641, #6735, #4135 ) ) REPRESENTATION_CONTEXT ( 'NONE', 'WORKASPACE' ) );
#4777 = CARTESIAN_POINT ( 'NONE',  ( -1.633718027907086645, -1.010000000000000009, 0.1877450067792323374 ) ) ;
#4778 = VERTEX_POINT ( 'NONE', #11673 ) ;
#4779 = STYLED_ITEM ( 'NONE', ( #9420 ), #6729 ) ;
#4780 = EDGE_LOOP ( 'NONE', ( #219, #10720, #8693, #7731, #7044, #445, #9584, #353, #4687, #4479, #3159, #10704, #337, #7660, #2044 ) ) ;
#4781 = SURFACE_SIDE_STYLE ('',( #1109 ) ) ;
#4782 = CARTESIAN_POINT ( 'NONE',  ( -1.944952550194483987, -1.000000000000000000, 0.3308204660542195530 ) ) ;
#4783 = FILL_AREA_STYLE ('',( #2134 ) ) ;
#4784 = ADVANCED_FACE ( 'NONE', ( #10657 ), #4417, .F. ) ;
#4785 = ORIENTED_EDGE ( 'NONE', *, *, #894, .F. ) ;
#4786 = CARTESIAN_POINT ( 'NONE',  ( -2.024615113504639297, -1.010000000000000009, 0.2498190567349448388 ) ) ;
#4787 = CARTESIAN_POINT ( 'NONE',  ( -1.485000124238365027, -1.000000000000000000, 0.2926345721118238097 ) ) ;
#4788 = MECHANICAL_DESIGN_GEOMETRIC_PRESENTATION_REPRESENTATION (  '', ( #11150 ), #9414 ) ;
#4790 = ADVANCED_FACE ( 'NONE', ( #2735 ), #8295, .F. ) ;
#4789 = CARTESIAN_POINT ( 'NONE',  ( -2.319165709243877327, -1.010000000000000009, 0.3716558949844837034 ) ) ;
#4791 = CARTESIAN_POINT ( 'NONE',  ( -2.063442209579571696, -1.010000000000000009, 0.4780957742979444203 ) ) ;
#4792 = VECTOR ( 'NONE', #16, 1000.000000000000000 ) ;
#4793 = CARTESIAN_POINT ( 'NONE',  ( -1.657232737711758164, -1.000000000000000000, 0.2668815122435106990 ) ) ;
#4794 = FACE_OUTER_BOUND ( 'NONE', #5826, .T. ) ;
#4795 = ORIENTED_EDGE ( 'NONE', *, *, #11204, .T. ) ;
#4796 = CARTESIAN_POINT ( 'NONE',  ( -1.717957008784130712, -1.010000000000000009, 0.3570894266226369851 ) ) ;
#4797 = EDGE_CURVE ( 'NONE', #1544, #4209, #9981, .T. ) ;
#4798 = B_SPLINE_CURVE_WITH_KNOTS ( 'NONE', 3,
 ( #8626, #9403, #1985, #2167 ),
 .UNSPECIFIED., .F., .F.,
 ( 4, 4 ),
 ( 11.00000000000000000, 12.00000000000000000 ),
 .UNSPECIFIED. ) ;
#4799 = CARTESIAN_POINT ( 'NONE',  ( -1.676463293631890394, -1.010000000000000009, 0.2388660340316498820 ) ) ;
#4800 = SURFACE_STYLE_USAGE ( .BOTH. , #1308 ) ;
#4801 = LINE ( 'NONE', #9335, #9908 ) ;
#4802 =( GEOMETRIC_REPRESENTATION_CONTEXT ( 3 ) GLOBAL_UNCERTAINTY_ASSIGNED_CONTEXT ( ( #8681 ) ) GLOBAL_UNIT_ASSIGNED_CONTEXT ( ( #2611, #672, #8234 ) ) REPRESENTATION_CONTEXT ( 'NONE', 'WORKASPACE' ) );
#4803 = CARTESIAN_POINT ( 'NONE',  ( -1.690976466623149266, -1.010000000000000009, 0.2477712977244908299 ) ) ;
#4804 = UNCERTAINTY_MEASURE_WITH_UNIT (LENGTH_MEASURE( 1.000000000000000082E-05 ), #9177, 'distance_accuracy_value', 'NONE');
#4805 = FACE_OUTER_BOUND ( 'NONE', #3786, .T. ) ;
#4806 = ORIENTED_EDGE ( 'NONE', *, *, #10051, .F. ) ;
#4807 = CARTESIAN_POINT ( 'NONE',  ( -2.206700915953803577, -1.010000000000000009, 0.4225328158202146800 ) ) ;
#4808 = CARTESIAN_POINT ( 'NONE',  ( -1.589167641162975375, -1.010000000000000009, 0.3586779331192915810 ) ) ;
#4809 = EDGE_CURVE ( 'NONE', #7562, #4726, #867, .T. ) ;
#4810 =( GEOMETRIC_REPRESENTATION_CONTEXT ( 3 ) GLOBAL_UNCERTAINTY_ASSIGNED_CONTEXT ( ( #10738 ) ) GLOBAL_UNIT_ASSIGNED_CONTEXT ( ( #7859, #5962, #4046 ) ) REPRESENTATION_CONTEXT ( 'NONE', 'WORKASPACE' ) );
#4811 = SURFACE_STYLE_FILL_AREA ( #1145 ) ;
#4812 = FILL_AREA_STYLE_COLOUR ( '', #9803 ) ;
#4813 = ORIENTED_EDGE ( 'NONE', *, *, #3143, .F. ) ;
#4814 = CARTESIAN_POINT ( 'NONE',  ( -1.758632402407496631, -1.010000000000000009, 0.2130167010424434126 ) ) ;
#4815 = SURFACE_SIDE_STYLE ('',( #6631 ) ) ;
#4816 = DIRECTION ( 'NONE',  ( 1.000000000000000000, 0.0000000000000000000, -0.0000000000000000000 ) ) ;
#4817 = CARTESIAN_POINT ( 'NONE',  ( -1.722481845471217854, -1.010000000000000009, 0.2197076829521849295 ) ) ;
#4818 = VECTOR ( 'NONE', #10853, 1000.000000000000000 ) ;
#4819 = EDGE_LOOP ( 'NONE', ( #8930, #9088, #8822, #11844, #11878, #11830, #3084, #9745, #424, #4895, #5127, #1243 ) ) ;
#4820 = ORIENTED_EDGE ( 'NONE', *, *, #3186, .T. ) ;
#4821 = VERTEX_POINT ( 'NONE', #7390 ) ;
#4822 = CARTESIAN_POINT ( 'NONE',  ( -2.500000000000000000, 0.9500000000000007327, 0.04999999999999926725 ) ) ;
#4823 = EDGE_CURVE ( 'NONE', #7260, #6960, #11845, .T. ) ;
#4824 = ORIENTED_EDGE ( 'NONE', *, *, #11136, .F. ) ;
#4825 = ADVANCED_FACE ( 'NONE', ( #11905 ), #8463, .F. ) ;
#4826 = DIRECTION ( 'NONE',  ( -0.0000000000000000000, 1.000000000000000000, -0.0000000000000000000 ) ) ;
#4827 = FILL_AREA_STYLE_COLOUR ( '', #2213 ) ;
#4828 =( NAMED_UNIT ( * ) PLANE_ANGLE_UNIT ( ) SI_UNIT ( $, .RADIAN. ) );
#4829 = DIRECTION ( 'NONE',  ( -0.0000000000000000000, -0.0000000000000000000, -1.000000000000000000 ) ) ;
#4830 = CARTESIAN_POINT ( 'NONE',  ( -1.561513187155105120, -1.000000000000000000, 0.4331451922144963773 ) ) ;
#4831 = LINE ( 'NONE', #10571, #10096 ) ;
#4832 = CARTESIAN_POINT ( 'NONE',  ( -1.772832687755529824, -1.010000000000000009, 0.4039744365506410806 ) ) ;
#4833 = CARTESIAN_POINT ( 'NONE',  ( -1.652924515546996265, -1.000000000000000000, 0.2387216243503121338 ) ) ;
#4834 = VERTEX_POINT ( 'NONE', #2075 ) ;
#4835 = ORIENTED_EDGE ( 'NONE', *, *, #11457, .F. ) ;
#4836 = ORIENTED_EDGE ( 'NONE', *, *, #1823, .F. ) ;
#4837 = STYLED_ITEM ( 'NONE', ( #3146 ), #5593 ) ;
#4838 = VERTEX_POINT ( 'NONE', #2191 ) ;
#4839 = VERTEX_POINT ( 'NONE', #2974 ) ;
#4840 = SURFACE_STYLE_FILL_AREA ( #1236 ) ;
#4841 = PRESENTATION_STYLE_ASSIGNMENT (( #11306 ) ) ;
#4843 = ADVANCED_FACE ( 'NONE', ( #8648, #1347 ), #9429, .T. ) ;
#4842 =( NAMED_UNIT ( * ) SI_UNIT ( $, .STERADIAN. ) SOLID_ANGLE_UNIT ( ) );
#4844 = ORIENTED_EDGE ( 'NONE', *, *, #11072, .T. ) ;
#4845 = LINE ( 'NONE', #5811, #132 ) ;
#4846 = ORIENTED_EDGE ( 'NONE', *, *, #10882, .F. ) ;
#4847 = CARTESIAN_POINT ( 'NONE',  ( -2.330546074290889447, -1.010000000000000009, 0.3154235071181409888 ) ) ;
#4848 = ORIENTED_EDGE ( 'NONE', *, *, #5927, .T. ) ;
#4849 = FILL_AREA_STYLE ('',( #9446 ) ) ;
#4850 = MECHANICAL_DESIGN_GEOMETRIC_PRESENTATION_REPRESENTATION (  '', ( #9286 ), #11601 ) ;
#4851 = CARTESIAN_POINT ( 'NONE',  ( -1.710375500505164847, -1.010000000000000009, 0.2525849537742598794 ) ) ;
#4852 = CARTESIAN_POINT ( 'NONE',  ( -1.471497819017762998, -1.010000000000000009, 0.3844309929876059684 ) ) ;
#4853 = CARTESIAN_POINT ( 'NONE',  ( -1.694394162418690009, -1.010000000000000009, 0.2238474271550627559 ) ) ;
#4854 =( LENGTH_UNIT ( ) NAMED_UNIT ( * ) SI_UNIT ( .MILLI., .METRE. ) );
#4855 = CARTESIAN_POINT ( 'NONE',  ( -1.562066757600878431, -1.000000000000000000, 0.3630583601250428893 ) ) ;
#4856 =( NAMED_UNIT ( * ) SI_UNIT ( $, .STERADIAN. ) SOLID_ANGLE_UNIT ( ) );
#4857 =( NAMED_UNIT ( * ) PLANE_ANGLE_UNIT ( ) SI_UNIT ( $, .RADIAN. ) );
#4858 = CARTESIAN_POINT ( 'NONE',  ( -2.302429880357397707, -1.010000000000000009, 0.2424553015372124531 ) ) ;
#4859 = ADVANCED_FACE ( 'NONE', ( #8593 ), #10276, .T. ) ;
#4860 = PRESENTATION_LAYER_ASSIGNMENT (  '', '', ( #3526 ) ) ;
#4861 = CARTESIAN_POINT ( 'NONE',  ( -1.681301017962523403, -1.000000000000000000, 0.2547029624364659517 ) ) ;
#4862 = ORIENTED_EDGE ( 'NONE', *, *, #5385, .T. ) ;
#4863 = SURFACE_STYLE_FILL_AREA ( #9568 ) ;
#4864 =( GEOMETRIC_REPRESENTATION_CONTEXT ( 3 ) GLOBAL_UNCERTAINTY_ASSIGNED_CONTEXT ( ( #7458 ) ) GLOBAL_UNIT_ASSIGNED_CONTEXT ( ( #7329, #8412, #7506 ) ) REPRESENTATION_CONTEXT ( 'NONE', 'WORKASPACE' ) );
#4865 = SURFACE_SIDE_STYLE ('',( #10311 ) ) ;
#4866 = CARTESIAN_POINT ( 'NONE',  ( -1.665728840640163577, -1.010000000000000009, 0.2173489914877489715 ) ) ;
#4867 = ORIENTED_EDGE ( 'NONE', *, *, #8732, .F. ) ;
#4868 = CARTESIAN_POINT ( 'NONE',  ( -1.374863673811987708, -1.000000000000000000, 0.2848364493105310369 ) ) ;
#4869 = CARTESIAN_POINT ( 'NONE',  ( -2.208709210504175680, -1.010000000000000009, 0.3837057261294960497 ) ) ;
#4870 = ADVANCED_FACE ( 'NONE', ( #10453 ), #4058, .F. ) ;
#4871 = VECTOR ( 'NONE', #10950, 1000.000000000000000 ) ;
#4872 = STYLED_ITEM ( 'NONE', ( #8730 ), #8159 ) ;
#4873 = VERTEX_POINT ( 'NONE', #7808 ) ;
#4874 = CARTESIAN_POINT ( 'NONE',  ( -1.642839906121935645, -1.010000000000000009, 0.2765569609041355070 ) ) ;
#4875 = PRESENTATION_STYLE_ASSIGNMENT (( #9474 ) ) ;
#4876 = FACE_OUTER_BOUND ( 'NONE', #2136, .T. ) ;
#4877 = VECTOR ( 'NONE', #333, 1000.000000000000000 ) ;
#4878 = PLANE ( 'NONE',  #1048 ) ;
#4879 = CARTESIAN_POINT ( 'NONE',  ( -1.686764517579279365, -1.010000000000000009, 0.2727541726243808973 ) ) ;
#4880 = FACE_OUTER_BOUND ( 'NONE', #3035, .T. ) ;
#4881 =( LENGTH_UNIT ( ) NAMED_UNIT ( * ) SI_UNIT ( .MILLI., .METRE. ) );
#4882 = STYLED_ITEM ( 'NONE', ( #6287 ), #1036 ) ;
#4883 =( NAMED_UNIT ( * ) SI_UNIT ( $, .STERADIAN. ) SOLID_ANGLE_UNIT ( ) );
#4884 = DIRECTION ( 'NONE',  ( 0.3658589216693585722, -0.0000000000000000000, -0.9306703226357517789 ) ) ;
#4886 = EDGE_CURVE ( 'NONE', #8575, #1821, #676, .T. ) ;
#4885 = FILL_AREA_STYLE ('',( #5572 ) ) ;
#4887 = EDGE_CURVE ( 'NONE', #4731, #6849, #3269, .T. ) ;
#4888 = AXIS2_PLACEMENT_3D ( 'NONE', #8549, #1190, #5642 ) ;
#4889 = VECTOR ( 'NONE', #2429, 1000.000000000000000 ) ;
#4890 = ORIENTED_EDGE ( 'NONE', *, *, #752, .F. ) ;
#4891 = ORIENTED_EDGE ( 'NONE', *, *, #7332, .T. ) ;
#4892 = VERTEX_POINT ( 'NONE', #10580 ) ;
#4893 =( GEOMETRIC_REPRESENTATION_CONTEXT ( 3 ) GLOBAL_UNCERTAINTY_ASSIGNED_CONTEXT ( ( #10026 ) ) GLOBAL_UNIT_ASSIGNED_CONTEXT ( ( #5118, #11641, #5178 ) ) REPRESENTATION_CONTEXT ( 'NONE', 'WORKASPACE' ) );
#4894 = VECTOR ( 'NONE', #7407, 1000.000000000000000 ) ;
#4895 = ORIENTED_EDGE ( 'NONE', *, *, #4458, .T. ) ;
#4896 = CARTESIAN_POINT ( 'NONE',  ( -1.608879562688215970, -1.010000000000000009, 0.2259172992568244109 ) ) ;
#4897 = EDGE_LOOP ( 'NONE', ( #131, #1110, #8246, #5377 ) ) ;
#4898 = PRESENTATION_STYLE_ASSIGNMENT (( #1854 ) ) ;
#4899 = SURFACE_STYLE_FILL_AREA ( #10349 ) ;
#4900 =( GEOMETRIC_REPRESENTATION_CONTEXT ( 3 ) GLOBAL_UNCERTAINTY_ASSIGNED_CONTEXT ( ( #7230 ) ) GLOBAL_UNIT_ASSIGNED_CONTEXT ( ( #1898, #6476, #6419 ) ) REPRESENTATION_CONTEXT ( 'NONE', 'WORKASPACE' ) );
#4901 = STYLED_ITEM ( 'NONE', ( #3687 ), #3042 ) ;
#4902 = SURFACE_STYLE_USAGE ( .BOTH. , #1413 ) ;
#4903 = DIRECTION ( 'NONE',  ( -1.000000000000000000, -0.0000000000000000000, -0.0000000000000000000 ) ) ;
#4904 = VECTOR ( 'NONE', #5832, 1000.000000000000000 ) ;
#4905 = MECHANICAL_DESIGN_GEOMETRIC_PRESENTATION_REPRESENTATION (  '', ( #3571 ), #10115 ) ;
#4906 = FILL_AREA_STYLE_COLOUR ( '', #7248 ) ;
#4907 = EDGE_LOOP ( 'NONE', ( #4386, #11587, #1970, #3662 ) ) ;
#4908 = CARTESIAN_POINT ( 'NONE',  ( -2.185948496370684779, -1.000000000000000000, 0.2571828119320350159 ) ) ;
#4909 = VERTEX_POINT ( 'NONE', #6172 ) ;
#4910 =( NAMED_UNIT ( * ) PLANE_ANGLE_UNIT ( ) SI_UNIT ( $, .RADIAN. ) );
#4911 = COLOUR_RGB ( '',0.0000000000000000000, 0.0000000000000000000, 0.0000000000000000000 ) ;
#4912 = EDGE_LOOP ( 'NONE', ( #2858, #3997, #7569, #3378 ) ) ;
#4913 = CARTESIAN_POINT ( 'NONE',  ( -1.553426244990493643, -1.010000000000000009, 0.2926345721118238097 ) ) ;
#4914 = MECHANICAL_DESIGN_GEOMETRIC_PRESENTATION_REPRESENTATION (  '', ( #275 ), #10521 ) ;
#4915 = LINE ( 'NONE', #194, #4774 ) ;
#4916 = SURFACE_SIDE_STYLE ('',( #2212 ) ) ;
#4917 = ADVANCED_FACE ( 'NONE', ( #7994 ), #10641, .T. ) ;
#4918 = CARTESIAN_POINT ( 'NONE',  ( -1.629650488544555298, -1.000000000000000000, 0.2765569609041355070 ) ) ;
#4919 = CARTESIAN_POINT ( 'NONE',  ( -2.299082695108411567, -1.000000000000000000, 0.3917388851789893045 ) ) ;
#4920 = FILL_AREA_STYLE_COLOUR ( '', #8568 ) ;
#4921 = VECTOR ( 'NONE', #5868, 1000.000000000000000 ) ;
#4922 = CARTESIAN_POINT ( 'NONE',  ( -2.258247266178147861, -1.010000000000000009, 0.3837057261294960497 ) ) ;
#4923 =( GEOMETRIC_REPRESENTATION_CONTEXT ( 3 ) GLOBAL_UNCERTAINTY_ASSIGNED_CONTEXT ( ( #5156 ) ) GLOBAL_UNIT_ASSIGNED_CONTEXT ( ( #5017, #10462, #243 ) ) REPRESENTATION_CONTEXT ( 'NONE', 'WORKASPACE' ) );
#4924 = CARTESIAN_POINT ( 'NONE',  ( -2.200006596529216818, -1.010000000000000009, 0.2049670003980145483 ) ) ;
#4925 = UNCERTAINTY_MEASURE_WITH_UNIT (LENGTH_MEASURE( 1.000000000000000082E-05 ), #7206, 'distance_accuracy_value', 'NONE');
#4926 = ORIENTED_EDGE ( 'NONE', *, *, #10105, .F. ) ;
#4927 = FACE_OUTER_BOUND ( 'NONE', #3018, .T. ) ;
#4928 = PLANE ( 'NONE',  #9113 ) ;
#4929 = EDGE_CURVE ( 'NONE', #1668, #6239, #2372, .T. ) ;
#4930 = UNCERTAINTY_MEASURE_WITH_UNIT (LENGTH_MEASURE( 1.000000000000000082E-05 ), #8565, 'distance_accuracy_value', 'NONE');
#4931 = CARTESIAN_POINT ( 'NONE',  ( -2.288371761046226194, -1.010000000000000009, 0.3535812312617385156 ) ) ;
#4932 =( NAMED_UNIT ( * ) SI_UNIT ( $, .STERADIAN. ) SOLID_ANGLE_UNIT ( ) );
#4933 = CARTESIAN_POINT ( 'NONE',  ( -2.500000000000000000, 1.000000000000000000, 0.04999999999999926725 ) ) ;
#4934 = DIRECTION ( 'NONE',  ( -0.0000000000000000000, 1.000000000000000000, -0.0000000000000000000 ) ) ;
#4935 = FACE_OUTER_BOUND ( 'NONE', #271, .T. ) ;
#4936 = CARTESIAN_POINT ( 'NONE',  ( -1.693214816686469781, -1.000000000000000000, 0.2507076279149259568 ) ) ;
#4937 = EDGE_CURVE ( 'NONE', #4253, #1161, #9897, .T. ) ;
#4938 = UNCERTAINTY_MEASURE_WITH_UNIT (LENGTH_MEASURE( 1.000000000000000082E-05 ), #853, 'distance_accuracy_value', 'NONE');
#4939 = PRESENTATION_LAYER_ASSIGNMENT (  '', '', ( #9760 ) ) ;
#4940 = ORIENTED_EDGE ( 'NONE', *, *, #4236, .F. ) ;
#4941 = CARTESIAN_POINT ( 'NONE',  ( -1.640409009816507391, -1.010000000000000009, 0.1785990602841615038 ) ) ;
#4942 =( LENGTH_UNIT ( ) NAMED_UNIT ( * ) SI_UNIT ( .MILLI., .METRE. ) );
#4943 = EDGE_CURVE ( 'NONE', #3891, #10596, #11465, .T. ) ;
#4945 = PRESENTATION_STYLE_ASSIGNMENT (( #1276 ) ) ;
#4944 =( GEOMETRIC_REPRESENTATION_CONTEXT ( 3 ) GLOBAL_UNCERTAINTY_ASSIGNED_CONTEXT ( ( #6395 ) ) GLOBAL_UNIT_ASSIGNED_CONTEXT ( ( #4346, #1813, #481 ) ) REPRESENTATION_CONTEXT ( 'NONE', 'WORKASPACE' ) );
#4946 = CARTESIAN_POINT ( 'NONE',  ( -2.096913870543995806, -1.000000000000000000, 0.4780957742979444203 ) ) ;
#4947 = FILL_AREA_STYLE_COLOUR ( '', #10025 ) ;
#4948 = B_SPLINE_CURVE_WITH_KNOTS ( 'NONE', 3,
 ( #750, #2450, #801, #617 ),
 .UNSPECIFIED., .F., .F.,
 ( 4, 4 ),
 ( 1.000000000000000000, 2.000000000000000000 ),
 .UNSPECIFIED. ) ;
#4949 = LINE ( 'NONE', #226, #3746 ) ;
#4950 = FACE_OUTER_BOUND ( 'NONE', #160, .T. ) ;
#4951 = COLOUR_RGB ( '',1.000000000000000000, 0.5019607843137254832, 0.0000000000000000000 ) ;
#4952 = CARTESIAN_POINT ( 'NONE',  ( -1.621635751221256250, -1.000000000000000000, 0.1972279091980717602 ) ) ;
#4953 = PRESENTATION_STYLE_ASSIGNMENT (( #11183 ) ) ;
#4954 =( GEOMETRIC_REPRESENTATION_CONTEXT ( 3 ) GLOBAL_UNCERTAINTY_ASSIGNED_CONTEXT ( ( #4678 ) ) GLOBAL_UNIT_ASSIGNED_CONTEXT ( ( #1969, #4612, #6492 ) ) REPRESENTATION_CONTEXT ( 'NONE', 'WORKASPACE' ) );
#4955 = ORIENTED_EDGE ( 'NONE', *, *, #1759, .F. ) ;
#4956 = VERTEX_POINT ( 'NONE', #8059 ) ;
#4957 = EDGE_LOOP ( 'NONE', ( #3520, #9047, #7388, #356 ) ) ;
#4958 = EDGE_LOOP ( 'NONE', ( #2856, #989, #1703, #10214 ) ) ;
#4959 = ADVANCED_FACE ( 'NONE', ( #9907 ), #9413, .F. ) ;
#4960 = ORIENTED_EDGE ( 'NONE', *, *, #6948, .T. ) ;
#4961 = DIRECTION ( 'NONE',  ( 0.0000000000000000000, 0.0000000000000000000, 1.000000000000000000 ) ) ;
#4962 = FACE_OUTER_BOUND ( 'NONE', #6720, .T. ) ;
#4963 = MECHANICAL_DESIGN_GEOMETRIC_PRESENTATION_REPRESENTATION (  '', ( #320 ), #2652 ) ;
#4964 = PRESENTATION_LAYER_ASSIGNMENT (  '', '', ( #1118 ) ) ;
#4965 = PRESENTATION_STYLE_ASSIGNMENT (( #2322 ) ) ;
#4966 = CARTESIAN_POINT ( 'NONE',  ( -1.691794788151699036, -1.000000000000000000, 0.2691439305870539367 ) ) ;
#4967 = VECTOR ( 'NONE', #11762, 1000.000000000000000 ) ;
#4968 = LINE ( 'NONE', #11478, #2615 ) ;
#4969 = ORIENTED_EDGE ( 'NONE', *, *, #3886, .F. ) ;
#4970 = DIRECTION ( 'NONE',  ( -0.5048830486499166215, 0.0000000000000000000, 0.8631877589412201290 ) ) ;
#4971 = ORIENTED_EDGE ( 'NONE', *, *, #4797, .F. ) ;
#4972 = FILL_AREA_STYLE ('',( #1300 ) ) ;
#4973 = VECTOR ( 'NONE', #7238, 1000.000000000000000 ) ;
#4974 = ORIENTED_EDGE ( 'NONE', *, *, #5912, .T. ) ;
#4975 = CARTESIAN_POINT ( 'NONE',  ( -2.063442209579571696, -1.010000000000000009, 0.4780957742979444203 ) ) ;
#4976 = CARTESIAN_POINT ( 'NONE',  ( -2.330546074290889447, -1.010000000000000009, 0.3154235071181409888 ) ) ;
#4977 = LINE ( 'NONE', #3349, #9028 ) ;
#4978 = PRESENTATION_STYLE_ASSIGNMENT (( #3292 ) ) ;
#4979 = B_SPLINE_CURVE_WITH_KNOTS ( 'NONE', 3,
 ( #2200, #3153, #5930, #3217 ),
 .UNSPECIFIED., .F., .F.,
 ( 4, 4 ),
 ( 12.00000000000000000, 13.00000000000000000 ),
 .UNSPECIFIED. ) ;
#4980 = PRESENTATION_STYLE_ASSIGNMENT (( #4800 ) ) ;
#4981 = CARTESIAN_POINT ( 'NONE',  ( -1.760076499222489987, -1.010000000000000009, 0.4046964849586197066 ) ) ;
#4982 = CARTESIAN_POINT ( 'NONE',  ( -2.096913870543995806, -1.010000000000000009, 0.4780957742979444203 ) ) ;
#4983 = B_SPLINE_SURFACE_WITH_KNOTS ( 'NONE', 3, 1, ( 
 ( #2906, #6581 ),
 ( #11230, #9362 ),
 ( #2962, #1274 ),
 ( #10265, #5844 ) ),
 .UNSPECIFIED., .F., .F., .F.,
 ( 4, 4 ),
 ( 2, 2 ),
 ( 3.000000000000000000, 4.000000000000000000 ),
 ( 0.0000000000000000000, 1.000000000000000000 ),
 .UNSPECIFIED. ) ;
#4984 = CARTESIAN_POINT ( 'NONE',  ( -1.756971691070170705, -1.010000000000000009, 0.2471936589984954635 ) ) ;
#4985 = CARTESIAN_POINT ( 'NONE',  ( -1.682167476051521282, -1.010000000000000009, 0.2594684819264291287 ) ) ;
#4986 = EDGE_LOOP ( 'NONE', ( #611, #10686, #6788, #8695, #6241, #8418, #11509 ) ) ;
#4987 = CARTESIAN_POINT ( 'NONE',  ( -1.751387850052299244, -1.010000000000000009, 0.2347744263892202754 ) ) ;
#4988 = DIRECTION ( 'NONE',  ( 1.000000000000000000, 0.0000000000000000000, 0.0000000000000000000 ) ) ;
#4989 = DIRECTION ( 'NONE',  ( 1.000000000000000000, -0.0000000000000000000, -0.0000000000000000000 ) ) ;
#4990 = VECTOR ( 'NONE', #4423, 1000.000000000000000 ) ;
#4991 =( NAMED_UNIT ( * ) SI_UNIT ( $, .STERADIAN. ) SOLID_ANGLE_UNIT ( ) );
#4992 = DIRECTION ( 'NONE',  ( 0.0000000000000000000, -1.000000000000000000, 0.0000000000000000000 ) ) ;
#4993 = CARTESIAN_POINT ( 'NONE',  ( -2.118335738668366997, -1.010000000000000009, 0.2384387124364641675 ) ) ;
#4994 =( NAMED_UNIT ( * ) PLANE_ANGLE_UNIT ( ) SI_UNIT ( $, .RADIAN. ) );
#4995 = CARTESIAN_POINT ( 'NONE',  ( -1.814181993226108291, -1.010000000000000009, 0.2200446388759535743 ) ) ;
#4996 = ADVANCED_FACE ( 'NONE', ( #5436 ), #847, .F. ) ;
#4997 = STYLED_ITEM ( 'NONE', ( #9857 ), #11340 ) ;
#4998 = B_SPLINE_CURVE_WITH_KNOTS ( 'NONE', 3,
 ( #11646, #6162, #5238, #659 ),
 .UNSPECIFIED., .F., .F.,
 ( 4, 4 ),
 ( 2.000000000000000000, 3.000000000000000000 ),
 .UNSPECIFIED. ) ;
#4999 = ORIENTED_EDGE ( 'NONE', *, *, #2784, .T. ) ;
#5000 = ORIENTED_EDGE ( 'NONE', *, *, #9447, .F. ) ;
#5001 = CARTESIAN_POINT ( 'NONE',  ( -1.726645657954641866, -1.010000000000000009, 0.3679201527352576329 ) ) ;
#5002 = DIRECTION ( 'NONE',  ( -0.0000000000000000000, 0.0000000000000000000, 1.000000000000000000 ) ) ;
#5003 = LINE ( 'NONE', #8582, #10289 ) ;
#5004 = VECTOR ( 'NONE', #11178, 1000.000000000000000 ) ;
#5005 = CARTESIAN_POINT ( 'NONE',  ( -1.420497133166460424, -1.010000000000000009, 0.2575911560664566058 ) ) ;
#5006 =( NAMED_UNIT ( * ) SI_UNIT ( $, .STERADIAN. ) SOLID_ANGLE_UNIT ( ) );
#5007 = FACE_OUTER_BOUND ( 'NONE', #4505, .T. ) ;
#5008 = CARTESIAN_POINT ( 'NONE',  ( -1.777838890047726883, -1.010000000000000009, 0.2926345721118238097 ) ) ;
#5009 = EDGE_CURVE ( 'NONE', #112, #10356, #7321, .T. ) ;
#5010 = ORIENTED_EDGE ( 'NONE', *, *, #1701, .F. ) ;
#5011 = ORIENTED_EDGE ( 'NONE', *, *, #4521, .F. ) ;
#5012 = ORIENTED_EDGE ( 'NONE', *, *, #7349, .T. ) ;
#5013 = CARTESIAN_POINT ( 'NONE',  ( -1.674995128536674205, -1.010000000000000009, 0.2173489914877489715 ) ) ;
#5014 =( LENGTH_UNIT ( ) NAMED_UNIT ( * ) SI_UNIT ( .MILLI., .METRE. ) );
#5015 = CARTESIAN_POINT ( 'NONE',  ( -2.171220973207432348, -1.000000000000000000, 0.2049670003980145483 ) ) ;
#5016 = ORIENTED_EDGE ( 'NONE', *, *, #9061, .T. ) ;
#5017 =( LENGTH_UNIT ( ) NAMED_UNIT ( * ) SI_UNIT ( .MILLI., .METRE. ) );
#5018 = CARTESIAN_POINT ( 'NONE',  ( -2.005870962935040414, -1.000000000000000000, 0.4432852449793324157 ) ) ;
#5019 = ADVANCED_FACE ( 'NONE', ( #3749 ), #11001, .F. ) ;
#5020 = PRESENTATION_LAYER_ASSIGNMENT (  '', '', ( #5603 ) ) ;
#5021 = EDGE_LOOP ( 'NONE', ( #9296, #5010, #7806, #5386 ) ) ;
#5022 = LINE ( 'NONE', #2327, #4573 ) ;
#5023 = ORIENTED_EDGE ( 'NONE', *, *, #216, .F. ) ;
#5024 = CARTESIAN_POINT ( 'NONE',  ( -1.637665225868179197, -1.010000000000000009, 0.4010862429206517588 ) ) ;
#5025 = ORIENTED_EDGE ( 'NONE', *, *, #11593, .F. ) ;
#5026 = DIRECTION ( 'NONE',  ( -0.0000000000000000000, 1.000000000000000000, -0.0000000000000000000 ) ) ;
#5027 = SURFACE_SIDE_STYLE ('',( #5938 ) ) ;
#5028 = LINE ( 'NONE', #9875, #1261 ) ;
#5029 = FACE_OUTER_BOUND ( 'NONE', #3141, .T. ) ;
#5030 = PRESENTATION_STYLE_ASSIGNMENT (( #1373 ) ) ;
#5031 = EDGE_CURVE ( 'NONE', #5128, #4477, #3849, .T. ) ;
#5032 = UNCERTAINTY_MEASURE_WITH_UNIT (LENGTH_MEASURE( 1.000000000000000082E-05 ), #5652, 'distance_accuracy_value', 'NONE');
#5033 = DIRECTION ( 'NONE',  ( 1.000000000000000000, 0.0000000000000000000, 0.0000000000000000000 ) ) ;
#5034 = ORIENTED_EDGE ( 'NONE', *, *, #5959, .F. ) ;
#5035 = CARTESIAN_POINT ( 'NONE',  ( -1.722168957827996172, -1.010000000000000009, 0.2430539147956138624 ) ) ;
#5036 = UNCERTAINTY_MEASURE_WITH_UNIT (LENGTH_MEASURE( 1.000000000000000082E-05 ), #4518, 'distance_accuracy_value', 'NONE');
#5037 = DIRECTION ( 'NONE',  ( 1.000000000000000000, 0.0000000000000000000, 0.0000000000000000000 ) ) ;
#5038 = FILL_AREA_STYLE_COLOUR ( '', #11698 ) ;
#5039 = CARTESIAN_POINT ( 'NONE',  ( -1.456021914816933993, -1.000000000000000000, 0.3034652982244438468 ) ) ;
#5040 = DIRECTION ( 'NONE',  ( 1.000000000000000000, -0.0000000000000000000, -0.0000000000000000000 ) ) ;
#5041 = PRESENTATION_LAYER_ASSIGNMENT (  '', '', ( #8353 ) ) ;
#5042 =( NAMED_UNIT ( * ) SI_UNIT ( $, .STERADIAN. ) SOLID_ANGLE_UNIT ( ) );
#5043 = CARTESIAN_POINT ( 'NONE',  ( -1.751387850052299244, -1.010000000000000009, 0.2347744263892202754 ) ) ;
#5044 = CARTESIAN_POINT ( 'NONE',  ( -1.743445317569346065, -1.000000000000000000, 0.2780973308403431599 ) ) ;
#5045 = UNCERTAINTY_MEASURE_WITH_UNIT (LENGTH_MEASURE( 1.000000000000000082E-05 ), #8960, 'distance_accuracy_value', 'NONE');
#5046 = COLOUR_RGB ( '',0.0000000000000000000, 0.0000000000000000000, 0.0000000000000000000 ) ;
#5047 = VERTEX_POINT ( 'NONE', #4874 ) ;
#5048 = ORIENTED_EDGE ( 'NONE', *, *, #4167, .F. ) ;
#5049 = ORIENTED_EDGE ( 'NONE', *, *, #2317, .F. ) ;
#5050 = CARTESIAN_POINT ( 'NONE',  ( -1.689195413884707841, -1.000000000000000000, 0.2090695030813516098 ) ) ;
#5051 =( GEOMETRIC_REPRESENTATION_CONTEXT ( 3 ) GLOBAL_UNCERTAINTY_ASSIGNED_CONTEXT ( ( #10843 ) ) GLOBAL_UNIT_ASSIGNED_CONTEXT ( ( #2842, #8404, #11344 ) ) REPRESENTATION_CONTEXT ( 'NONE', 'WORKASPACE' ) );
#5052 = DIRECTION ( 'NONE',  ( -0.0000000000000000000, 1.000000000000000000, -0.0000000000000000000 ) ) ;
#5053 = SURFACE_SIDE_STYLE ('',( #3985 ) ) ;
#5054 = DIRECTION ( 'NONE',  ( -0.0000000000000000000, 1.000000000000000000, -0.0000000000000000000 ) ) ;
#5055 = DIRECTION ( 'NONE',  ( -0.0000000000000000000, 1.000000000000000000, -0.0000000000000000000 ) ) ;
#5056 = CARTESIAN_POINT ( 'NONE',  ( -1.330553969870430953, -1.010000000000000009, 0.2093101858842237595 ) ) ;
#5057 = EDGE_CURVE ( 'NONE', #4365, #4834, #11773, .T. ) ;
#5058 = VECTOR ( 'NONE', #8181, 1000.000000000000000 ) ;
#5059 = PRESENTATION_STYLE_ASSIGNMENT (( #1395 ) ) ;
#5060 = CARTESIAN_POINT ( 'NONE',  ( -2.240172589686975080, -1.000000000000000000, 0.1835451833467068861 ) ) ;
#5061 = PLANE ( 'NONE',  #5671 ) ;
#5062 = LINE ( 'NONE', #8763, #8006 ) ;
#5063 = VECTOR ( 'NONE', #2817, 1000.000000000000000 ) ;
#5064 = CARTESIAN_POINT ( 'NONE',  ( -1.553426244990493643, -1.010000000000000009, 0.2517184956855826328 ) ) ;
#5065 = ORIENTED_EDGE ( 'NONE', *, *, #3590, .F. ) ;
#5066 = VERTEX_POINT ( 'NONE', #7549 ) ;
#5067 = B_SPLINE_CURVE_WITH_KNOTS ( 'NONE', 3,
 ( #9930, #5338, #9039, #8140 ),
 .UNSPECIFIED., .F., .F.,
 ( 4, 4 ),
 ( 17.00000000000000000, 18.00000000000000000 ),
 .UNSPECIFIED. ) ;
#5068 = VERTEX_POINT ( 'NONE', #3075 ) ;
#5069 =( NAMED_UNIT ( * ) SI_UNIT ( $, .STERADIAN. ) SOLID_ANGLE_UNIT ( ) );
#5070 =( GEOMETRIC_REPRESENTATION_CONTEXT ( 3 ) GLOBAL_UNCERTAINTY_ASSIGNED_CONTEXT ( ( #4660 ) ) GLOBAL_UNIT_ASSIGNED_CONTEXT ( ( #1570, #4157, #9698 ) ) REPRESENTATION_CONTEXT ( 'NONE', 'WORKASPACE' ) );
#5071 = CARTESIAN_POINT ( 'NONE',  ( -1.648977317585904379, -1.010000000000000009, 0.2320306424405674528 ) ) ;
#5072 = SURFACE_STYLE_USAGE ( .BOTH. , #2194 ) ;
#5073 = EDGE_LOOP ( 'NONE', ( #2666, #5968, #5770, #11586 ) ) ;
#5074 = STYLED_ITEM ( 'NONE', ( #6094 ), #1026 ) ;
#5075 = CARTESIAN_POINT ( 'NONE',  ( -1.519754720920412305, -1.010000000000000009, 0.2517184956855826328 ) ) ;
#5076 = FILL_AREA_STYLE ('',( #1480 ) ) ;
#5077 = EDGE_CURVE ( 'NONE', #1161, #8782, #3808, .T. ) ;
#5078 = PRESENTATION_STYLE_ASSIGNMENT (( #4902 ) ) ;
#5079 = CARTESIAN_POINT ( 'NONE',  ( -1.366415707443385363, -1.000000000000000000, 0.3034652982244437913 ) ) ;
#5080 = ADVANCED_FACE ( 'NONE', ( #6579 ), #6768, .T. ) ;
#5081 = MECHANICAL_DESIGN_GEOMETRIC_PRESENTATION_REPRESENTATION (  '', ( #6834 ), #6635 ) ;
#5082 = CARTESIAN_POINT ( 'NONE',  ( -1.681301017962523403, -1.010000000000000009, 0.2547029624364659517 ) ) ;
#5083 = VECTOR ( 'NONE', #5164, 1000.000000000000000 ) ;
#5084 = VERTEX_POINT ( 'NONE', #2904 ) ;
#5085 = FILL_AREA_STYLE ('',( #7760 ) ) ;
#5086 = EDGE_LOOP ( 'NONE', ( #2447, #6966, #2255, #11370 ) ) ;
#5087 = CARTESIAN_POINT ( 'NONE',  ( -1.931563885808779135, -1.000000000000000000, 0.3783502271771760350 ) ) ;
#5088 = ORIENTED_EDGE ( 'NONE', *, *, #3104, .T. ) ;
#5089 = DIRECTION ( 'NONE',  ( 1.000000000000000000, -0.0000000000000000000, -0.0000000000000000000 ) ) ;
#5090 = LINE ( 'NONE', #2449, #5872 ) ;
#5091 = STYLED_ITEM ( 'NONE', ( #9184 ), #9686 ) ;
#5092 = DIRECTION ( 'NONE',  ( -0.0000000000000000000, -0.0000000000000000000, -1.000000000000000000 ) ) ;
#5093 =( NAMED_UNIT ( * ) PLANE_ANGLE_UNIT ( ) SI_UNIT ( $, .RADIAN. ) );
#5094 = PRESENTATION_LAYER_ASSIGNMENT (  '', '', ( #4706 ) ) ;
#5095 = EDGE_CURVE ( 'NONE', #8489, #10100, #1273, .T. ) ;
#5096 = DIRECTION ( 'NONE',  ( 0.3667976789509240221, 0.0000000000000000000, 0.9303007377811838285 ) ) ;
#5097 = STYLED_ITEM ( 'NONE', ( #4488 ), #1675 ) ;
#5098 = B_SPLINE_CURVE_WITH_KNOTS ( 'NONE', 3,
 ( #73, #3776, #313, #7526 ),
 .UNSPECIFIED., .F., .F.,
 ( 4, 4 ),
 ( 12.00000000000000000, 13.00000000000000000 ),
 .UNSPECIFIED. ) ;
#5099 = CARTESIAN_POINT ( 'NONE',  ( -1.615065110712629926, -1.010000000000000009, 0.3586779331192915810 ) ) ;
#5100 =( LENGTH_UNIT ( ) NAMED_UNIT ( * ) SI_UNIT ( .MILLI., .METRE. ) );
#5101 = VECTOR ( 'NONE', #10075, 1000.000000000000000 ) ;
#5102 = CARTESIAN_POINT ( 'NONE',  ( -1.553426244990493643, -1.010000000000000009, 0.2926345721118238097 ) ) ;
#5103 = SURFACE_STYLE_FILL_AREA ( #10674 ) ;
#5104 = VECTOR ( 'NONE', #11315, 1000.000000000000000 ) ;
#5105 = ADVANCED_FACE ( 'NONE', ( #11172 ), #2102, .F. ) ;
#5106 = CARTESIAN_POINT ( 'NONE',  ( -2.024615087967786220, -1.010000000000000009, 0.2879767681101150778 ) ) ;
#5107 =( NAMED_UNIT ( * ) PLANE_ANGLE_UNIT ( ) SI_UNIT ( $, .RADIAN. ) );
#5108 = EDGE_CURVE ( 'NONE', #9201, #8482, #1548, .T. ) ;
#5109 = STYLED_ITEM ( 'NONE', ( #9872 ), #7476 ) ;
#5110 = CARTESIAN_POINT ( 'NONE',  ( -1.708209355282514164, -1.010000000000000009, 0.4531218648228320101 ) ) ;
#5111 = CARTESIAN_POINT ( 'NONE',  ( -1.760076499222489987, -1.010000000000000009, 0.4046964849586197066 ) ) ;
#5112 = PRESENTATION_STYLE_ASSIGNMENT (( #701 ) ) ;
#5113 = CARTESIAN_POINT ( 'NONE',  ( -1.434697418514818468, -1.000000000000000000, 0.2224996034612828633 ) ) ;
#5114 = ORIENTED_EDGE ( 'NONE', *, *, #9392, .T. ) ;
#5115 = VERTEX_POINT ( 'NONE', #10688 ) ;
#5116 = AXIS2_PLACEMENT_3D ( 'NONE', #8349, #7326, #4472 ) ;
#5117 = EDGE_LOOP ( 'NONE', ( #7006, #11777, #10805, #10620 ) ) ;
#5118 =( LENGTH_UNIT ( ) NAMED_UNIT ( * ) SI_UNIT ( .MILLI., .METRE. ) );
#5119 = DIRECTION ( 'NONE',  ( -0.0000000000000000000, 1.000000000000000000, -0.0000000000000000000 ) ) ;
#5120 = SURFACE_STYLE_FILL_AREA ( #5180 ) ;
#5121 = EDGE_CURVE ( 'NONE', #11455, #8342, #2356, .T. ) ;
#5122 = CARTESIAN_POINT ( 'NONE',  ( -1.491233808823225981, -1.000000000000000000, 0.4407989053344494867 ) ) ;
#5123 = CARTESIAN_POINT ( 'NONE',  ( -1.425238584376201656, -1.010000000000000009, 0.2826703040878785766 ) ) ;
#5124 = STYLED_ITEM ( 'NONE', ( #10893 ), #7825 ) ;
#5125 = CARTESIAN_POINT ( 'NONE',  ( -1.683491231465078952, -1.010000000000000009, 0.4528330454595122512 ) ) ;
#5126 =( NAMED_UNIT ( * ) SI_UNIT ( $, .STERADIAN. ) SOLID_ANGLE_UNIT ( ) );
#5127 = ORIENTED_EDGE ( 'NONE', *, *, #10861, .T. ) ;
#5128 = VERTEX_POINT ( 'NONE', #10751 ) ;
#5129 = EDGE_CURVE ( 'NONE', #8594, #4274, #9587, .T. ) ;
#5130 = AXIS2_PLACEMENT_3D ( 'NONE', #19, #5587, #9274 ) ;
#5131 =( NAMED_UNIT ( * ) PLANE_ANGLE_UNIT ( ) SI_UNIT ( $, .RADIAN. ) );
#5132 = VECTOR ( 'NONE', #7922, 1000.000000000000000 ) ;
#5133 =( NAMED_UNIT ( * ) SI_UNIT ( $, .STERADIAN. ) SOLID_ANGLE_UNIT ( ) );
#5134 = VERTEX_POINT ( 'NONE', #9647 ) ;
#5135 = SURFACE_STYLE_USAGE ( .BOTH. , #1537 ) ;
#5136 = DIRECTION ( 'NONE',  ( 0.0000000000000000000, 0.0000000000000000000, 1.000000000000000000 ) ) ;
#5137 = CARTESIAN_POINT ( 'NONE',  ( -1.688377092356157405, -1.010000000000000009, 0.2195151367103995166 ) ) ;
#5138 = CARTESIAN_POINT ( 'NONE',  ( -1.776683612595411299, -1.010000000000000009, 0.3694123861110195084 ) ) ;
#5139 = FACE_OUTER_BOUND ( 'NONE', #866, .T. ) ;
#5140 =( GEOMETRIC_REPRESENTATION_CONTEXT ( 3 ) GLOBAL_UNCERTAINTY_ASSIGNED_CONTEXT ( ( #1314 ) ) GLOBAL_UNIT_ASSIGNED_CONTEXT ( ( #4554, #11199, #9266 ) ) REPRESENTATION_CONTEXT ( 'NONE', 'WORKASPACE' ) );
#5141 = CARTESIAN_POINT ( 'NONE',  ( -1.634993646760196651, -1.000000000000000000, 0.4528330454595122512 ) ) ;
#5142 = ORIENTED_EDGE ( 'NONE', *, *, #3695, .F. ) ;
#5143 = SURFACE_STYLE_FILL_AREA ( #9746 ) ;
#5144 = ADVANCED_FACE ( 'NONE', ( #2297 ), #244, .F. ) ;
#5145 = EDGE_LOOP ( 'NONE', ( #8536, #9487, #3126, #3859 ) ) ;
#5146 = B_SPLINE_CURVE_WITH_KNOTS ( 'NONE', 3,
 ( #10363, #5824, #7588, #11381 ),
 .UNSPECIFIED., .F., .F.,
 ( 4, 4 ),
 ( 3.000000000000000000, 4.000000000000000000 ),
 .UNSPECIFIED. ) ;
#5147 = COLOUR_RGB ( '',0.7529411764705882248, 0.7529411764705882248, 0.7529411764705882248 ) ;
#5148 = SURFACE_SIDE_STYLE ('',( #3412 ) ) ;
#5149 = FILL_AREA_STYLE ('',( #434 ) ) ;
#5150 = CARTESIAN_POINT ( 'NONE',  ( -1.750834279606522825, -1.010000000000000009, 0.3778362841987565335 ) ) ;
#5151 = MECHANICAL_DESIGN_GEOMETRIC_PRESENTATION_REPRESENTATION (  '', ( #8632 ), #2847 ) ;
#5152 = CARTESIAN_POINT ( 'NONE',  ( -1.608807357847545916, -1.000000000000000000, 0.1991533716184925029 ) ) ;
#5153 = LINE ( 'NONE', #621, #3358 ) ;
#5154 = CARTESIAN_POINT ( 'NONE',  ( -2.118335738668366997, -1.010000000000000009, 0.2317443802431300992 ) ) ;
#5155 = STYLED_ITEM ( 'NONE', ( #2114 ), #1937 ) ;
#5156 = UNCERTAINTY_MEASURE_WITH_UNIT (LENGTH_MEASURE( 1.000000000000000082E-05 ), #5017, 'distance_accuracy_value', 'NONE');
#5157 = EDGE_CURVE ( 'NONE', #7870, #10202, #4267, .T. ) ;
#5158 = PRESENTATION_STYLE_ASSIGNMENT (( #2344 ) ) ;
#5159 = LINE ( 'NONE', #512, #2171 ) ;
#5160 = UNCERTAINTY_MEASURE_WITH_UNIT (LENGTH_MEASURE( 1.000000000000000082E-05 ), #535, 'distance_accuracy_value', 'NONE');
#5161 = STYLED_ITEM ( 'NONE', ( #319 ), #2273 ) ;
#5162 = CARTESIAN_POINT ( 'NONE',  ( -1.668135668665369442, -1.010000000000000009, 0.2780973308403431599 ) ) ;
#5163 = CARTESIAN_POINT ( 'NONE',  ( -1.634993646760196651, -1.010000000000000009, 0.4528330454595122512 ) ) ;
#5164 = DIRECTION ( 'NONE',  ( -1.000000000000000000, -0.0000000000000000000, -0.0000000000000000000 ) ) ;
#5165 = FILL_AREA_STYLE ('',( #11628 ) ) ;
#5166 = VECTOR ( 'NONE', #6770, 1000.000000000000000 ) ;
#5167 = DIRECTION ( 'NONE',  ( -0.7071067811865444641, -0.7071067811865505703, -9.185433182841399195E-17 ) ) ;
#5168 = CARTESIAN_POINT ( 'NONE',  ( -1.635884173129417141, -1.000000000000000000, 0.1877450067792323374 ) ) ;
#5169 = UNCERTAINTY_MEASURE_WITH_UNIT (LENGTH_MEASURE( 1.000000000000000082E-05 ), #6407, 'distance_accuracy_value', 'NONE');
#5171 = EDGE_CURVE ( 'NONE', #3148, #2620, #11513, .T. ) ;
#5170 = STYLED_ITEM ( 'NONE', ( #1696 ), #2515 ) ;
#5172 = ORIENTED_EDGE ( 'NONE', *, *, #9968, .T. ) ;
#5173 = ORIENTED_EDGE ( 'NONE', *, *, #2002, .T. ) ;
#5174 = VERTEX_POINT ( 'NONE', #3311 ) ;
#5175 = CARTESIAN_POINT ( 'NONE',  ( -1.519754720920412305, -1.010000000000000009, 0.2517184956855826328 ) ) ;
#5176 =( GEOMETRIC_REPRESENTATION_CONTEXT ( 3 ) GLOBAL_UNCERTAINTY_ASSIGNED_CONTEXT ( ( #5890 ) ) GLOBAL_UNIT_ASSIGNED_CONTEXT ( ( #7365, #3791, #7306 ) ) REPRESENTATION_CONTEXT ( 'NONE', 'WORKASPACE' ) );
#5177 = CARTESIAN_POINT ( 'NONE',  ( -1.459367405771808457, -1.010000000000000009, 0.2200446388759536021 ) ) ;
#5178 =( NAMED_UNIT ( * ) SI_UNIT ( $, .STERADIAN. ) SOLID_ANGLE_UNIT ( ) );
#5179 = CARTESIAN_POINT ( 'NONE',  ( -2.159840603372099821, -1.010000000000000009, 0.2458024420967059032 ) ) ;
#5180 = FILL_AREA_STYLE ('',( #1464 ) ) ;
#5181 =( NAMED_UNIT ( * ) PLANE_ANGLE_UNIT ( ) SI_UNIT ( $, .RADIAN. ) );
#5182 = FILL_AREA_STYLE ('',( #1649 ) ) ;
#5183 = CARTESIAN_POINT ( 'NONE',  ( -1.492774178759433745, -1.000000000000000000, 0.4342041965456000518 ) ) ;
#5184 = CARTESIAN_POINT ( 'NONE',  ( -1.635763831728301865, -1.010000000000000009, 0.1776363290739492451 ) ) ;
#5185 = FILL_AREA_STYLE_COLOUR ( '', #8765 ) ;
#5186 = CARTESIAN_POINT ( 'NONE',  ( -1.632803433257323134, -1.010000000000000009, 0.1776363290739492451 ) ) ;
#5187 = STYLED_ITEM ( 'NONE', ( #7635 ), #11220 ) ;
#5188 = SURFACE_STYLE_FILL_AREA ( #11528 ) ;
#5189 = ADVANCED_FACE ( 'NONE', ( #6088 ), #9510, .F. ) ;
#5190 = EDGE_LOOP ( 'NONE', ( #2737, #6598 ) ) ;
#5191 = EDGE_CURVE ( 'NONE', #4909, #295, #11931, .T. ) ;
#5192 = ORIENTED_EDGE ( 'NONE', *, *, #4014, .F. ) ;
#5193 = SURFACE_STYLE_FILL_AREA ( #6961 ) ;
#5194 = FILL_AREA_STYLE_COLOUR ( '', #787 ) ;
#5195 = PLANE ( 'NONE',  #10780 ) ;
#5196 = EDGE_LOOP ( 'NONE', ( #11590, #10042, #11684, #11053 ) ) ;
#5197 = CARTESIAN_POINT ( 'NONE',  ( -1.777838890047726883, -1.010000000000000009, 0.3034652982244437913 ) ) ;
#5198 =( LENGTH_UNIT ( ) NAMED_UNIT ( * ) SI_UNIT ( .MILLI., .METRE. ) );
#5199 = VECTOR ( 'NONE', #6759, 1000.000000000000000 ) ;
#5200 = CARTESIAN_POINT ( 'NONE',  ( -1.444156252652793793, -1.010000000000000009, 0.2136906128893352463 ) ) ;
#5201 = ORIENTED_EDGE ( 'NONE', *, *, #9142, .T. ) ;
#5202 = LINE ( 'NONE', #11730, #614 ) ;
#5203 = EDGE_LOOP ( 'NONE', ( #11014, #1284, #8528, #5541 ) ) ;
#5204 =( NAMED_UNIT ( * ) PLANE_ANGLE_UNIT ( ) SI_UNIT ( $, .RADIAN. ) );
#5205 = PRESENTATION_STYLE_ASSIGNMENT (( #8729 ) ) ;
#5206 = CARTESIAN_POINT ( 'NONE',  ( -1.443337931124564877, -1.010000000000000009, 0.2298644972179162416 ) ) ;
#5207 = CARTESIAN_POINT ( 'NONE',  ( -2.048045250642851034, -1.010000000000000009, 0.2411164044547066398 ) ) ;
#5208 = EDGE_LOOP ( 'NONE', ( #1962, #5422, #6397, #528, #11118, #7913 ) ) ;
#5209 = PLANE ( 'NONE',  #1999 ) ;
#5210 = CARTESIAN_POINT ( 'NONE',  ( -1.622478141030028631, -1.000000000000000000, 0.1776363290739492451 ) ) ;
#5211 = EDGE_CURVE ( 'NONE', #3330, #9586, #3110, .T. ) ;
#5212 = DIRECTION ( 'NONE',  ( -0.0000000000000000000, 1.000000000000000000, -0.0000000000000000000 ) ) ;
#5213 = FACE_OUTER_BOUND ( 'NONE', #11533, .T. ) ;
#5214 = SURFACE_STYLE_USAGE ( .BOTH. , #8144 ) ;
#5215 = DIRECTION ( 'NONE',  ( -0.0000000000000000000, 1.000000000000000000, -0.0000000000000000000 ) ) ;
#5216 = B_SPLINE_CURVE_WITH_KNOTS ( 'NONE', 3,
 ( #5990, #11376, #8544, #435 ),
 .UNSPECIFIED., .F., .F.,
 ( 4, 4 ),
 ( 1.000000000000000000, 2.000000000000000000 ),
 .UNSPECIFIED. ) ;
#5217 = CARTESIAN_POINT ( 'NONE',  ( -1.635884173129417141, -1.000000000000000000, 0.1877450067792323374 ) ) ;
#5218 = MECHANICAL_DESIGN_GEOMETRIC_PRESENTATION_REPRESENTATION (  '', ( #1198 ), #3512 ) ;
#5219 = CARTESIAN_POINT ( 'NONE',  ( -1.561248436072007140, -1.010000000000000009, 0.3792322444529834247 ) ) ;
#5220 =( NAMED_UNIT ( * ) PLANE_ANGLE_UNIT ( ) SI_UNIT ( $, .RADIAN. ) );
#5221 = SURFACE_STYLE_USAGE ( .BOTH. , #1567 ) ;
#5222 = CARTESIAN_POINT ( 'NONE',  ( -1.903447685491074237, -1.010000000000000009, 0.3027042912733673985 ) ) ;
#5223 =( NAMED_UNIT ( * ) PLANE_ANGLE_UNIT ( ) SI_UNIT ( $, .RADIAN. ) );
#5224 = EDGE_CURVE ( 'NONE', #6227, #10412, #8873, .T. ) ;
#5225 = CARTESIAN_POINT ( 'NONE',  ( -2.330546074290889447, -1.010000000000000009, 0.3154235071181409888 ) ) ;
#5226 = ORIENTED_EDGE ( 'NONE', *, *, #2814, .T. ) ;
#5227 = ORIENTED_EDGE ( 'NONE', *, *, #3403, .F. ) ;
#5228 = ORIENTED_EDGE ( 'NONE', *, *, #4120, .T. ) ;
#5229 = CARTESIAN_POINT ( 'NONE',  ( -1.928216719712432914, -1.010000000000000009, 0.2391081354408662596 ) ) ;
#5230 = DIRECTION ( 'NONE',  ( -0.0000000000000000000, -0.0000000000000000000, 1.000000000000000000 ) ) ;
#5231 =( LENGTH_UNIT ( ) NAMED_UNIT ( * ) SI_UNIT ( .MILLI., .METRE. ) );
#5232 = FILL_AREA_STYLE ('',( #4231 ) ) ;
#5233 = CARTESIAN_POINT ( 'NONE',  ( -2.096244447539275857, -1.000000000000000000, 0.4379297811405066243 ) ) ;
#5234 = PLANE ( 'NONE',  #2325 ) ;
#5235 = FILL_AREA_STYLE ('',( #10695 ) ) ;
#5236 = CARTESIAN_POINT ( 'NONE',  ( -1.456358870740061207, -1.000000000000000000, 0.2093101858842237872 ) ) ;
#5237 = EDGE_CURVE ( 'NONE', #2263, #5243, #1876, .T. ) ;
#5238 = CARTESIAN_POINT ( 'NONE',  ( -1.635763831728301865, -1.000000000000000000, 0.1776363290739492451 ) ) ;
#5239 = FILL_AREA_STYLE ('',( #1588 ) ) ;
#5240 =( LENGTH_UNIT ( ) NAMED_UNIT ( * ) SI_UNIT ( .MILLI., .METRE. ) );
#5241 = PLANE ( 'NONE',  #7653 ) ;
#5242 = STYLED_ITEM ( 'NONE', ( #3468 ), #4769 ) ;
#5243 = VERTEX_POINT ( 'NONE', #10015 ) ;
#5244 = EDGE_LOOP ( 'NONE', ( #9921, #6053, #10969, #9032 ) ) ;
#5245 = SURFACE_SIDE_STYLE ('',( #5193 ) ) ;
#5246 = EDGE_LOOP ( 'NONE', ( #1484, #5957, #5861, #4165 ) ) ;
#5247 = CARTESIAN_POINT ( 'NONE',  ( -1.682167476051521282, -1.010000000000000009, 0.2594684819264291287 ) ) ;
#5248 = FACE_OUTER_BOUND ( 'NONE', #6705, .T. ) ;
#5249 = AXIS2_PLACEMENT_3D ( 'NONE', #553, #3402, #2498 ) ;
#5250 = ORIENTED_EDGE ( 'NONE', *, *, #9766, .F. ) ;
#5251 = CARTESIAN_POINT ( 'NONE',  ( -1.702336694901322556, -1.000000000000000000, 0.4505706271159670706 ) ) ;
#5252 = CARTESIAN_POINT ( 'NONE',  ( -2.302429880357397707, -1.000000000000000000, 0.2424553015372124531 ) ) ;
#5253 = CARTESIAN_POINT ( 'NONE',  ( -1.977085314076082012, -1.010000000000000009, 0.4104830165956273591 ) ) ;
#5254 = ADVANCED_FACE ( 'NONE', ( #5475 ), #4027, .T. ) ;
#5255 = EDGE_CURVE ( 'NONE', #6508, #1903, #5829, .T. ) ;
#5256 = CARTESIAN_POINT ( 'NONE',  ( -2.023276241958665622, -1.010000000000000009, 0.2498190567349448388 ) ) ;
#5257 =( GEOMETRIC_REPRESENTATION_CONTEXT ( 3 ) GLOBAL_UNCERTAINTY_ASSIGNED_CONTEXT ( ( #11798 ) ) GLOBAL_UNIT_ASSIGNED_CONTEXT ( ( #10799, #1632, #1510 ) ) REPRESENTATION_CONTEXT ( 'NONE', 'WORKASPACE' ) );
#5258 = LINE ( 'NONE', #4415, #7289 ) ;
#5259 = ORIENTED_EDGE ( 'NONE', *, *, #5477, .T. ) ;
#5260 = SURFACE_STYLE_USAGE ( .BOTH. , #1606 ) ;
#5261 = ORIENTED_EDGE ( 'NONE', *, *, #5009, .F. ) ;
#5262 =( GEOMETRIC_REPRESENTATION_CONTEXT ( 3 ) GLOBAL_UNCERTAINTY_ASSIGNED_CONTEXT ( ( #10382 ) ) GLOBAL_UNIT_ASSIGNED_CONTEXT ( ( #492, #8831, #1070 ) ) REPRESENTATION_CONTEXT ( 'NONE', 'WORKASPACE' ) );
#5263 = DIRECTION ( 'NONE',  ( 1.000000000000000000, 0.0000000000000000000, -0.0000000000000000000 ) ) ;
#5264 = PLANE ( 'NONE',  #7191 ) ;
#5265 = DIRECTION ( 'NONE',  ( 0.3315284183576469590, -0.0000000000000000000, 0.9434452330799477648 ) ) ;
#5266 = CARTESIAN_POINT ( 'NONE',  ( -2.195989981891296683, -1.000000000000000000, 0.3796891242603235295 ) ) ;
#5267 = LINE ( 'NONE', #5394, #11859 ) ;
#5268 =( GEOMETRIC_REPRESENTATION_CONTEXT ( 3 ) GLOBAL_UNCERTAINTY_ASSIGNED_CONTEXT ( ( #7967 ) ) GLOBAL_UNIT_ASSIGNED_CONTEXT ( ( #318, #2037, #11323 ) ) REPRESENTATION_CONTEXT ( 'NONE', 'WORKASPACE' ) );
#5269 = COLOUR_RGB ( '',0.0000000000000000000, 0.0000000000000000000, 0.0000000000000000000 ) ;
#5270 = SURFACE_STYLE_USAGE ( .BOTH. , #9816 ) ;
#5271 = SURFACE_STYLE_FILL_AREA ( #6062 ) ;
#5272 =( GEOMETRIC_REPRESENTATION_CONTEXT ( 3 ) GLOBAL_UNCERTAINTY_ASSIGNED_CONTEXT ( ( #3979 ) ) GLOBAL_UNIT_ASSIGNED_CONTEXT ( ( #10389, #6646, #11292 ) ) REPRESENTATION_CONTEXT ( 'NONE', 'WORKASPACE' ) );
#5273 = CARTESIAN_POINT ( 'NONE',  ( -1.343984070249720331, -1.000000000000000000, 0.2093101858842237872 ) ) ;
#5274 = VECTOR ( 'NONE', #8225, 1000.000000000000000 ) ;
#5275 =( LENGTH_UNIT ( ) NAMED_UNIT ( * ) SI_UNIT ( .MILLI., .METRE. ) );
#5276 = B_SPLINE_SURFACE_WITH_KNOTS ( 'NONE', 3, 1, ( 
 ( #11794, #4771 ),
 ( #3195, #7677 ),
 ( #11349, #169 ),
 ( #5732, #2238 ) ),
 .UNSPECIFIED., .F., .F., .F.,
 ( 4, 4 ),
 ( 2, 2 ),
 ( 3.000000000000000000, 4.000000000000000000 ),
 ( 0.0000000000000000000, 1.000000000000000000 ),
 .UNSPECIFIED. ) ;
#5277 = UNCERTAINTY_MEASURE_WITH_UNIT (LENGTH_MEASURE( 1.000000000000000082E-05 ), #10153, 'distance_accuracy_value', 'NONE');
#5278 = SURFACE_SIDE_STYLE ('',( #8145 ) ) ;
#5279 =( GEOMETRIC_REPRESENTATION_CONTEXT ( 3 ) GLOBAL_UNCERTAINTY_ASSIGNED_CONTEXT ( ( #7842 ) ) GLOBAL_UNIT_ASSIGNED_CONTEXT ( ( #3478, #9249, #7558 ) ) REPRESENTATION_CONTEXT ( 'NONE', 'WORKASPACE' ) );
#5280 = PRESENTATION_LAYER_ASSIGNMENT (  '', '', ( #6258 ) ) ;
#5281 = FACE_OUTER_BOUND ( 'NONE', #808, .T. ) ;
#5282 =( GEOMETRIC_REPRESENTATION_CONTEXT ( 3 ) GLOBAL_UNCERTAINTY_ASSIGNED_CONTEXT ( ( #462 ) ) GLOBAL_UNIT_ASSIGNED_CONTEXT ( ( #388, #10611, #7117 ) ) REPRESENTATION_CONTEXT ( 'NONE', 'WORKASPACE' ) );
#5283 = EDGE_CURVE ( 'NONE', #154, #9140, #10372, .T. ) ;
#5284 = CARTESIAN_POINT ( 'NONE',  ( -1.814181993226108291, -1.010000000000000009, 0.2517184956855826328 ) ) ;
#5285 = CARTESIAN_POINT ( 'NONE',  ( -1.632851569818088766, -1.010000000000000009, 0.3586779331192915810 ) ) ;
#5286 = UNCERTAINTY_MEASURE_WITH_UNIT (LENGTH_MEASURE( 1.000000000000000082E-05 ), #8285, 'distance_accuracy_value', 'NONE');
#5287 = LINE ( 'NONE', #7062, #10617 ) ;
#5288 =( NAMED_UNIT ( * ) SI_UNIT ( $, .STERADIAN. ) SOLID_ANGLE_UNIT ( ) );
#5289 =( GEOMETRIC_REPRESENTATION_CONTEXT ( 3 ) GLOBAL_UNCERTAINTY_ASSIGNED_CONTEXT ( ( #2404 ) ) GLOBAL_UNIT_ASSIGNED_CONTEXT ( ( #3626, #3686, #6574 ) ) REPRESENTATION_CONTEXT ( 'NONE', 'WORKASPACE' ) );
#5290 = SURFACE_STYLE_FILL_AREA ( #5165 ) ;
#5291 = PLANE ( 'NONE',  #4601 ) ;
#5292 = CARTESIAN_POINT ( 'NONE',  ( -1.533184821299701905, -1.010000000000000009, 0.3586779331192915810 ) ) ;
#5293 = VECTOR ( 'NONE', #3712, 1000.000000000000000 ) ;
#5294 = UNCERTAINTY_MEASURE_WITH_UNIT (LENGTH_MEASURE( 1.000000000000000082E-05 ), #3248, 'distance_accuracy_value', 'NONE');
#5295 = EDGE_LOOP ( 'NONE', ( #1727, #3236, #498, #10584 ) ) ;
#5296 = EDGE_LOOP ( 'NONE', ( #8132, #5812, #6020, #10529 ) ) ;
#5297 = ORIENTED_EDGE ( 'NONE', *, *, #9932, .F. ) ;
#5298 = ORIENTED_EDGE ( 'NONE', *, *, #203, .T. ) ;
#5299 = FILL_AREA_STYLE_COLOUR ( '', #7935 ) ;
#5300 = EDGE_CURVE ( 'NONE', #6457, #8775, #9176, .T. ) ;
#5301 = PRESENTATION_LAYER_ASSIGNMENT (  '', '', ( #2613 ) ) ;
#5302 = CARTESIAN_POINT ( 'NONE',  ( -1.578288778489907784, -1.010000000000000009, 0.2765569609041355070 ) ) ;
#5303 = LINE ( 'NONE', #8999, #7128 ) ;
#5304 = FILL_AREA_STYLE_COLOUR ( '', #6335 ) ;
#5305 = AXIS2_PLACEMENT_3D ( 'NONE', #11004, #43, #2727 ) ;
#5306 = LINE ( 'NONE', #1586, #5132 ) ;
#5307 = EDGE_CURVE ( 'NONE', #5084, #11714, #1143, .T. ) ;
#5308 = CARTESIAN_POINT ( 'NONE',  ( -1.434697418514818468, -1.010000000000000009, 0.2224996034612828633 ) ) ;
#5309 = FILL_AREA_STYLE_COLOUR ( '', #8358 ) ;
#5310 =( LENGTH_UNIT ( ) NAMED_UNIT ( * ) SI_UNIT ( .MILLI., .METRE. ) );
#5311 = CARTESIAN_POINT ( 'NONE',  ( -1.373034484512460462, -1.010000000000000009, 0.2914311580987393735 ) ) ;
#5312 = MECHANICAL_DESIGN_GEOMETRIC_PRESENTATION_REPRESENTATION (  '', ( #10528 ), #1866 ) ;
#5313 = STYLED_ITEM ( 'NONE', ( #9147 ), #7615 ) ;
#5314 = ORIENTED_EDGE ( 'NONE', *, *, #9309, .T. ) ;
#5315 = ORIENTED_EDGE ( 'NONE', *, *, #3279, .T. ) ;
#5316 = ORIENTED_EDGE ( 'NONE', *, *, #11033, .T. ) ;
#5317 = PRESENTATION_STYLE_ASSIGNMENT (( #1892 ) ) ;
#5318 = EDGE_CURVE ( 'NONE', #5343, #9893, #2106, .T. ) ;
#5319 = CARTESIAN_POINT ( 'NONE',  ( -2.148460233536766850, -1.010000000000000009, 0.1648010583142833774 ) ) ;
#5320 = CARTESIAN_POINT ( 'NONE',  ( -1.608807357847545916, -1.000000000000000000, 0.1991533716184925029 ) ) ;
#5321 = ORIENTED_EDGE ( 'NONE', *, *, #7399, .T. ) ;
#5322 = DIRECTION ( 'NONE',  ( -0.0000000000000000000, 1.000000000000000000, -0.0000000000000000000 ) ) ;
#5323 = LINE ( 'NONE', #673, #2630 ) ;
#5324 = CARTESIAN_POINT ( 'NONE',  ( -1.969721558878669621, -1.010000000000000009, 0.3904000200175501423 ) ) ;
#5325 = CARTESIAN_POINT ( 'NONE',  ( -1.718486510949680746, -1.010000000000000009, 0.2780973308403431599 ) ) ;
#5326 = CARTESIAN_POINT ( 'NONE',  ( -2.221428439117376197, -1.010000000000000009, 0.3837057261294960497 ) ) ;
#5327 = PRESENTATION_LAYER_ASSIGNMENT (  '', '', ( #3787 ) ) ;
#5328 = MECHANICAL_DESIGN_GEOMETRIC_PRESENTATION_REPRESENTATION (  '', ( #9760 ), #3015 ) ;
#5329 = CARTESIAN_POINT ( 'NONE',  ( -1.471257136214887629, -1.010000000000000009, 0.2093101858842237872 ) ) ;
#5330 = ORIENTED_EDGE ( 'NONE', *, *, #1627, .T. ) ;
#5331 = CARTESIAN_POINT ( 'NONE',  ( -1.671336749938581390, -1.010000000000000009, 0.4010862429206517588 ) ) ;
#5332 = EDGE_CURVE ( 'NONE', #2780, #1944, #3062, .T. ) ;
#5333 = VERTEX_POINT ( 'NONE', #7417 ) ;
#5334 = CARTESIAN_POINT ( 'NONE',  ( -1.519754720920412305, -1.010000000000000009, 0.3586779331192915810 ) ) ;
#5335 = CARTESIAN_POINT ( 'NONE',  ( -2.025953985050612527, -1.000000000000000000, 0.2504884797393431839 ) ) ;
#5336 = PRESENTATION_STYLE_ASSIGNMENT (( #11177 ) ) ;
#5337 = CARTESIAN_POINT ( 'NONE',  ( -1.490944989460548431, -1.010000000000000009, 0.4407989053344494867 ) ) ;
#5338 = CARTESIAN_POINT ( 'NONE',  ( -1.651504487012225297, -1.010000000000000009, 0.2165788065199644452 ) ) ;
#5339 = CARTESIAN_POINT ( 'NONE',  ( -1.506854122706031252, -1.010000000000000009, 0.3950691728584412310 ) ) ;
#5340 = PRESENTATION_STYLE_ASSIGNMENT (( #9934 ) ) ;
#5341 = VECTOR ( 'NONE', #2094, 1000.000000000000114 ) ;
#5342 = CARTESIAN_POINT ( 'NONE',  ( -1.471329341056199835, -1.000000000000000000, 0.2200446388759535743 ) ) ;
#5343 = VERTEX_POINT ( 'NONE', #7595 ) ;
#5344 = EDGE_CURVE ( 'NONE', #10506, #10043, #10426, .T. ) ;
#5345 = CARTESIAN_POINT ( 'NONE',  ( -1.737909613111919604, -1.010000000000000009, 0.2409359061334077623 ) ) ;
#5346 = CARTESIAN_POINT ( 'NONE',  ( -1.450028913034306477, -1.000000000000000000, 0.2233179249895118901 ) ) ;
#5347 =( GEOMETRIC_REPRESENTATION_CONTEXT ( 3 ) GLOBAL_UNCERTAINTY_ASSIGNED_CONTEXT ( ( #443 ) ) GLOBAL_UNIT_ASSIGNED_CONTEXT ( ( #2335, #1494, #10727 ) ) REPRESENTATION_CONTEXT ( 'NONE', 'WORKASPACE' ) );
#5348 =( NAMED_UNIT ( * ) PLANE_ANGLE_UNIT ( ) SI_UNIT ( $, .RADIAN. ) );
#5349 = CARTESIAN_POINT ( 'NONE',  ( -1.928216719712432914, -1.000000000000000000, 0.2391081354408662596 ) ) ;
#5350 = CARTESIAN_POINT ( 'NONE',  ( -1.565580726517312060, -1.010000000000000009, 0.3034652982244437913 ) ) ;
#5351 = PRESENTATION_LAYER_ASSIGNMENT (  '', '', ( #5737 ) ) ;
#5352 = CARTESIAN_POINT ( 'NONE',  ( -1.702336694901322556, -1.010000000000000009, 0.4378625751440138325 ) ) ;
#5353 = DIRECTION ( 'NONE',  ( 0.0000000000000000000, 0.0000000000000000000, 1.000000000000000000 ) ) ;
#5354 = B_SPLINE_SURFACE_WITH_KNOTS ( 'NONE', 3, 1, ( 
 ( #6477, #6714 ),
 ( #10341, #3935 ),
 ( #2069, #7624 ),
 ( #293, #3140 ) ),
 .UNSPECIFIED., .F., .F., .F.,
 ( 4, 4 ),
 ( 2, 2 ),
 ( 18.00000000000000000, 19.00000000000000000 ),
 ( 0.0000000000000000000, 1.000000000000000000 ),
 .UNSPECIFIED. ) ;
#5355 = CARTESIAN_POINT ( 'NONE',  ( -1.722168957827996172, -1.000000000000000000, 0.2310679112303583305 ) ) ;
#5356 = AXIS2_PLACEMENT_3D ( 'NONE', #11276, #1322, #10375 ) ;
#5357 = ORIENTED_EDGE ( 'NONE', *, *, #3931, .F. ) ;
#5358 = ORIENTED_EDGE ( 'NONE', *, *, #10266, .T. ) ;
#5359 = ORIENTED_EDGE ( 'NONE', *, *, #7438, .F. ) ;
#5360 = MECHANICAL_DESIGN_GEOMETRIC_PRESENTATION_REPRESENTATION (  '', ( #8832 ), #530 ) ;
#5361 = CARTESIAN_POINT ( 'NONE',  ( -1.553426244990493643, -1.000000000000000000, 0.2926345721118238097 ) ) ;
#5362 = DIRECTION ( 'NONE',  ( -1.000000000000000000, 0.0000000000000000000, 0.0000000000000000000 ) ) ;
#5363 =( LENGTH_UNIT ( ) NAMED_UNIT ( * ) SI_UNIT ( .MILLI., .METRE. ) );
#5364 = ORIENTED_EDGE ( 'NONE', *, *, #1197, .F. ) ;
#5365 = CARTESIAN_POINT ( 'NONE',  ( -2.248875222814574748, -1.010000000000000009, 0.2103225121187592972 ) ) ;
#5366 = DIRECTION ( 'NONE',  ( 0.3658589216693585722, -0.0000000000000000000, -0.9306703226357517789 ) ) ;
#5367 =( NAMED_UNIT ( * ) SI_UNIT ( $, .STERADIAN. ) SOLID_ANGLE_UNIT ( ) );
#5368 = CARTESIAN_POINT ( 'NONE',  ( -1.726645657954641866, -1.010000000000000009, 0.3679201527352576329 ) ) ;
#5369 = EDGE_CURVE ( 'NONE', #5084, #6785, #207, .T. ) ;
#5371 = COLOUR_RGB ( '',0.0000000000000000000, 0.0000000000000000000, 0.0000000000000000000 ) ;
#5370 = SURFACE_STYLE_USAGE ( .BOTH. , #1469 ) ;
#5372 = VECTOR ( 'NONE', #5479, 1000.000000000000000 ) ;
#5373 = ORIENTED_EDGE ( 'NONE', *, *, #2015, .T. ) ;
#5374 = ORIENTED_EDGE ( 'NONE', *, *, #7634, .F. ) ;
#5375 = ORIENTED_EDGE ( 'NONE', *, *, #9221, .F. ) ;
#5376 =( NAMED_UNIT ( * ) SI_UNIT ( $, .STERADIAN. ) SOLID_ANGLE_UNIT ( ) );
#5377 = ORIENTED_EDGE ( 'NONE', *, *, #11707, .T. ) ;
#5378 = PRESENTATION_STYLE_ASSIGNMENT (( #4704 ) ) ;
#5379 = ORIENTED_EDGE ( 'NONE', *, *, #737, .F. ) ;
#5380 = SURFACE_STYLE_USAGE ( .BOTH. , #3333 ) ;
#5381 = B_SPLINE_SURFACE_WITH_KNOTS ( 'NONE', 3, 1, ( 
 ( #1016, #897 ),
 ( #8611, #9178 ),
 ( #4571, #4017 ),
 ( #7704, #5877 ) ),
 .UNSPECIFIED., .F., .F., .F.,
 ( 4, 4 ),
 ( 2, 2 ),
 ( 20.00000000000000000, 21.00000000000000000 ),
 ( 0.0000000000000000000, 1.000000000000000000 ),
 .UNSPECIFIED. ) ;
#5382 = CARTESIAN_POINT ( 'NONE',  ( -2.045367507551225206, -1.000000000000000000, 0.3234567363933391615 ) ) ;
#5383 = STYLED_ITEM ( 'NONE', ( #4406 ), #11359 ) ;
#5384 = LINE ( 'NONE', #9354, #9042 ) ;
#5385 = EDGE_CURVE ( 'NONE', #8492, #6306, #8387, .T. ) ;
#5386 = ORIENTED_EDGE ( 'NONE', *, *, #9043, .T. ) ;
#5387 = DIRECTION ( 'NONE',  ( -1.000000000000000000, -0.0000000000000000000, -0.0000000000000000000 ) ) ;
#5388 = ORIENTED_EDGE ( 'NONE', *, *, #9572, .F. ) ;
#5389 = STYLED_ITEM ( 'NONE', ( #11581 ), #11458 ) ;
#5390 = CARTESIAN_POINT ( 'NONE',  ( -1.489476824365007612, -1.010000000000000009, 0.4342041965456001074 ) ) ;
#5391 = DIRECTION ( 'NONE',  ( -1.000000000000000000, -0.0000000000000000000, -0.0000000000000000000 ) ) ;
#5392 = CARTESIAN_POINT ( 'NONE',  ( -1.743084293365680049, -1.010000000000000009, 0.2077216793875679424 ) ) ;
#5393 = CARTESIAN_POINT ( 'NONE',  ( -1.757838149159489216, -1.010000000000000009, 0.2603830765755508203 ) ) ;
#5394 = CARTESIAN_POINT ( 'NONE',  ( -1.669290946117363283, -1.010000000000000009, 0.2685181553006110167 ) ) ;
#5395 = CARTESIAN_POINT ( 'NONE',  ( 2.450000000000000622, 0.9500000000000007327, 0.0000000000000000000 ) ) ;
#5396 = FILL_AREA_STYLE_COLOUR ( '', #3762 ) ;
#5397 = EDGE_CURVE ( 'NONE', #3148, #10954, #7143, .T. ) ;
#5398 = MECHANICAL_DESIGN_GEOMETRIC_PRESENTATION_REPRESENTATION (  '', ( #7342 ), #11951 ) ;
#5399 = CARTESIAN_POINT ( 'NONE',  ( -1.489476824365007612, -1.000000000000000000, 0.4342041965456001074 ) ) ;
#5400 = UNCERTAINTY_MEASURE_WITH_UNIT (LENGTH_MEASURE( 1.000000000000000082E-05 ), #7879, 'distance_accuracy_value', 'NONE');
#5401 = CARTESIAN_POINT ( 'NONE',  ( -1.640409009816507391, -1.010000000000000009, 0.1785990602841615038 ) ) ;
#5402 = VERTEX_POINT ( 'NONE', #21 ) ;
#5403 = LINE ( 'NONE', #5461, #10323 ) ;
#5404 = B_SPLINE_CURVE_WITH_KNOTS ( 'NONE', 3,
 ( #2270, #6191, #2389, #8789 ),
 .UNSPECIFIED., .F., .F.,
 ( 4, 4 ),
 ( 10.00000000000000000, 11.00000000000000000 ),
 .UNSPECIFIED. ) ;
#5405 = CARTESIAN_POINT ( 'NONE',  ( -1.722168957827996172, -1.010000000000000009, 0.2366036156881059782 ) ) ;
#5406 = DIRECTION ( 'NONE',  ( -0.0000000000000000000, -0.0000000000000000000, 1.000000000000000000 ) ) ;
#5407 = UNCERTAINTY_MEASURE_WITH_UNIT (LENGTH_MEASURE( 1.000000000000000082E-05 ), #8176, 'distance_accuracy_value', 'NONE');
#5408 = LINE ( 'NONE', #4669, #4300 ) ;
#5409 = CARTESIAN_POINT ( 'NONE',  ( -2.212056389369269294, -1.000000000000000000, 0.2163473702333479631 ) ) ;
#5410 = ADVANCED_FACE ( 'NONE', ( #3853 ), #4749, .F. ) ;
#5411 = LINE ( 'NONE', #6613, #1247 ) ;
#5412 = EDGE_CURVE ( 'NONE', #3467, #3203, #10310, .T. ) ;
#5413 =( NAMED_UNIT ( * ) SI_UNIT ( $, .STERADIAN. ) SOLID_ANGLE_UNIT ( ) );
#5414 = CARTESIAN_POINT ( 'NONE',  ( -2.320504576001850783, -1.010000000000000009, 0.2625382725790780802 ) ) ;
#5415 = UNCERTAINTY_MEASURE_WITH_UNIT (LENGTH_MEASURE( 1.000000000000000082E-05 ), #10156, 'distance_accuracy_value', 'NONE');
#5416 = VERTEX_POINT ( 'NONE', #561 ) ;
#5417 = VECTOR ( 'NONE', #8345, 1000.000000000000000 ) ;
#5418 = ORIENTED_EDGE ( 'NONE', *, *, #6078, .F. ) ;
#5419 = B_SPLINE_CURVE_WITH_KNOTS ( 'NONE', 3,
 ( #8936, #8046, #6280, #769 ),
 .UNSPECIFIED., .F., .F.,
 ( 4, 4 ),
 ( 33.00000000000000000, 34.00000000000000000 ),
 .UNSPECIFIED. ) ;
#5420 = CARTESIAN_POINT ( 'NONE',  ( -1.651504487012225297, -1.000000000000000000, 0.2165788065199644452 ) ) ;
#5421 = CARTESIAN_POINT ( 'NONE',  ( -2.002523796838695080, -1.010000000000000009, 0.3542506287292847000 ) ) ;
#5422 = ORIENTED_EDGE ( 'NONE', *, *, #2463, .F. ) ;
#5423 = CARTESIAN_POINT ( 'NONE',  ( -1.678581302294096300, -1.000000000000000000, 0.2660150541541911329 ) ) ;
#5424 = LINE ( 'NONE', #2655, #5515 ) ;
#5425 =( NAMED_UNIT ( * ) PLANE_ANGLE_UNIT ( ) SI_UNIT ( $, .RADIAN. ) );
#5426 = CARTESIAN_POINT ( 'NONE',  ( -1.492774178759433745, -1.000000000000000000, 0.4342041965456000518 ) ) ;
#5427 = SURFACE_SIDE_STYLE ('',( #7189 ) ) ;
#5428 = PLANE ( 'NONE',  #7817 ) ;
#5429 = FILL_AREA_STYLE ('',( #724 ) ) ;
#5430 = B_SPLINE_CURVE_WITH_KNOTS ( 'NONE', 3,
 ( #1153, #4090, #11280, #1381 ),
 .UNSPECIFIED., .F., .F.,
 ( 4, 4 ),
 ( 23.00000000000000000, 24.00000000000000000 ),
 .UNSPECIFIED. ) ;
#5431 = UNCERTAINTY_MEASURE_WITH_UNIT (LENGTH_MEASURE( 1.000000000000000082E-05 ), #10180, 'distance_accuracy_value', 'NONE');
#5432 = B_SPLINE_CURVE_WITH_KNOTS ( 'NONE', 3,
 ( #6683, #1310, #6804, #8673 ),
 .UNSPECIFIED., .F., .F.,
 ( 4, 4 ),
 ( 17.00000000000000000, 18.00000000000000000 ),
 .UNSPECIFIED. ) ;
#5433 = VERTEX_POINT ( 'NONE', #9033 ) ;
#5434 = ORIENTED_EDGE ( 'NONE', *, *, #6493, .T. ) ;
#5435 = ORIENTED_EDGE ( 'NONE', *, *, #9044, .T. ) ;
#5436 = FACE_OUTER_BOUND ( 'NONE', #8267, .T. ) ;
#5437 = ORIENTED_EDGE ( 'NONE', *, *, #7985, .T. ) ;
#5438 = DIRECTION ( 'NONE',  ( -0.0000000000000000000, 0.0000000000000000000, -1.000000000000000000 ) ) ;
#5439 = EDGE_CURVE ( 'NONE', #1287, #781, #11733, .T. ) ;
#5440 = FILL_AREA_STYLE_COLOUR ( '', #8606 ) ;
#5441 = COLOUR_RGB ( '',0.7529411764705882248, 0.7529411764705882248, 0.7529411764705882248 ) ;
#5442 = DIRECTION ( 'NONE',  ( 0.3315284183576470145, 0.0000000000000000000, 0.9434452330799476538 ) ) ;
#5443 = ORIENTED_EDGE ( 'NONE', *, *, #2068, .T. ) ;
#5444 = EDGE_LOOP ( 'NONE', ( #10520, #4824, #6793, #5604 ) ) ;
#5445 =( NAMED_UNIT ( * ) SI_UNIT ( $, .STERADIAN. ) SOLID_ANGLE_UNIT ( ) );
#5446 = VERTEX_POINT ( 'NONE', #1609 ) ;
#5447 = DIRECTION ( 'NONE',  ( -0.0000000000000000000, -0.0000000000000000000, 1.000000000000000000 ) ) ;
#5448 = ADVANCED_FACE ( 'NONE', ( #11675 ), #8554, .F. ) ;
#5449 = LINE ( 'NONE', #871, #11168 ) ;
#5450 = LINE ( 'NONE', #7158, #4201 ) ;
#5451 = CARTESIAN_POINT ( 'NONE',  ( -1.722168957827996172, -1.010000000000000009, 0.2630305874033078140 ) ) ;
#5452 = VERTEX_POINT ( 'NONE', #7209 ) ;
#5453 = SURFACE_SIDE_STYLE ('',( #10049 ) ) ;
#5455 = EDGE_CURVE ( 'NONE', #1291, #11603, #2622, .T. ) ;
#5454 = SURFACE_SIDE_STYLE ('',( #6486 ) ) ;
#5456 = CARTESIAN_POINT ( 'NONE',  ( -2.248875222814574748, -1.000000000000000000, 0.2103225121187592972 ) ) ;
#5457 = CARTESIAN_POINT ( 'NONE',  ( -1.425238584376201656, -1.000000000000000000, 0.2313085940332311463 ) ) ;
#5458 = PRESENTATION_LAYER_ASSIGNMENT (  '', '', ( #4872 ) ) ;
#5459 = SURFACE_SIDE_STYLE ('',( #11021 ) ) ;
#5460 = VERTEX_POINT ( 'NONE', #3288 ) ;
#5461 = CARTESIAN_POINT ( 'NONE',  ( -1.814181993226108291, -1.010000000000000009, 0.4528330454595122512 ) ) ;
#5462 = ADVANCED_FACE ( 'NONE', ( #6122 ), #9984, .F. ) ;
#5463 = MECHANICAL_DESIGN_GEOMETRIC_PRESENTATION_REPRESENTATION (  '', ( #629 ), #6621 ) ;
#5464 =( NAMED_UNIT ( * ) PLANE_ANGLE_UNIT ( ) SI_UNIT ( $, .RADIAN. ) );
#5465 = CARTESIAN_POINT ( 'NONE',  ( -1.738631661519259408, -1.010000000000000009, 0.4544215519561667915 ) ) ;
#5466 = PRESENTATION_LAYER_ASSIGNMENT (  '', '', ( #53 ) ) ;
#5467 = CARTESIAN_POINT ( 'NONE',  ( -2.200006596529216818, -1.000000000000000000, 0.2049670003980145483 ) ) ;
#5468 =( NAMED_UNIT ( * ) SI_UNIT ( $, .STERADIAN. ) SOLID_ANGLE_UNIT ( ) );
#5469 = FILL_AREA_STYLE ('',( #1756 ) ) ;
#5470 = SURFACE_STYLE_FILL_AREA ( #144 ) ;
#5471 = COLOUR_RGB ( '',0.0000000000000000000, 0.0000000000000000000, 0.0000000000000000000 ) ;
#5472 = LINE ( 'NONE', #9789, #1698 ) ;
#5473 = VERTEX_POINT ( 'NONE', #8968 ) ;
#5474 = AXIS2_PLACEMENT_3D ( 'NONE', #6021, #7013, #6512 ) ;
#5475 = FACE_OUTER_BOUND ( 'NONE', #1959, .T. ) ;
#5476 = B_SPLINE_SURFACE_WITH_KNOTS ( 'NONE', 3, 1, ( 
 ( #7602, #6629 ),
 ( #9233, #10317 ),
 ( #11159, #5715 ),
 ( #964, #8335 ) ),
 .UNSPECIFIED., .F., .F., .F.,
 ( 4, 4 ),
 ( 2, 2 ),
 ( 4.000000000000000000, 5.000000000000000000 ),
 ( 0.0000000000000000000, 1.000000000000000000 ),
 .UNSPECIFIED. ) ;
#5477 = EDGE_CURVE ( 'NONE', #2057, #7136, #1673, .T. ) ;
#5478 = SURFACE_SIDE_STYLE ('',( #10067 ) ) ;
#5479 = DIRECTION ( 'NONE',  ( -0.0000000000000000000, 1.000000000000000000, -0.0000000000000000000 ) ) ;
#5480 = PRESENTATION_LAYER_ASSIGNMENT (  '', '', ( #2982 ) ) ;
#5481 = LINE ( 'NONE', #5594, #7227 ) ;
#5482 = FACE_BOUND ( 'NONE', #1344, .T. ) ;
#5483 = ORIENTED_EDGE ( 'NONE', *, *, #2367, .F. ) ;
#5484 = FILL_AREA_STYLE ('',( #10377 ) ) ;
#5485 = PLANE ( 'NONE',  #8241 ) ;
#5486 = CARTESIAN_POINT ( 'NONE',  ( -1.433277389980368577, -1.000000000000000000, 0.2572542001433302805 ) ) ;
#5487 = VECTOR ( 'NONE', #9402, 1000.000000000000114 ) ;
#5488 = CARTESIAN_POINT ( 'NONE',  ( -1.944283101652912071, -1.010000000000000009, 0.2217028819540920737 ) ) ;
#5489 = CARTESIAN_POINT ( 'NONE',  ( -1.674056465607005384, -1.010000000000000009, 0.2497448967047174728 ) ) ;
#5490 = PRESENTATION_LAYER_ASSIGNMENT (  '', '', ( #10714 ) ) ;
#5491 =( GEOMETRIC_REPRESENTATION_CONTEXT ( 3 ) GLOBAL_UNCERTAINTY_ASSIGNED_CONTEXT ( ( #3374 ) ) GLOBAL_UNIT_ASSIGNED_CONTEXT ( ( #5100, #7589, #1619 ) ) REPRESENTATION_CONTEXT ( 'NONE', 'WORKASPACE' ) );
#5492 = ORIENTED_EDGE ( 'NONE', *, *, #5623, .T. ) ;
#5493 = VERTEX_POINT ( 'NONE', #926 ) ;
#5494 = VERTEX_POINT ( 'NONE', #4722 ) ;
#5495 = ORIENTED_EDGE ( 'NONE', *, *, #10658, .T. ) ;
#5496 = EDGE_CURVE ( 'NONE', #11719, #7510, #2541, .T. ) ;
#5497 = FACE_OUTER_BOUND ( 'NONE', #11654, .T. ) ;
#5498 = PLANE ( 'NONE',  #1919 ) ;
#5499 = LINE ( 'NONE', #2845, #51 ) ;
#5500 = CARTESIAN_POINT ( 'NONE',  ( -1.708209355282514164, -1.000000000000000000, 0.4531218648228320101 ) ) ;
#5501 = CARTESIAN_POINT ( 'NONE',  ( -1.589239846003645207, -1.000000000000000000, 0.3694123861110195084 ) ) ;
#5502 = VECTOR ( 'NONE', #8665, 1000.000000000000000 ) ;
#5503 = PRESENTATION_LAYER_ASSIGNMENT (  '', '', ( #8988 ) ) ;
#5504 = FILL_AREA_STYLE ('',( #2849 ) ) ;
#5505 = PRESENTATION_LAYER_ASSIGNMENT (  '', '', ( #9367 ) ) ;
#5506 = FACE_OUTER_BOUND ( 'NONE', #11069, .T. ) ;
#5507 = ORIENTED_EDGE ( 'NONE', *, *, #10842, .T. ) ;
#5508 = LINE ( 'NONE', #11068, #7154 ) ;
#5509 = STYLED_ITEM ( 'NONE', ( #8235 ), #7908 ) ;
#5510 = ORIENTED_EDGE ( 'NONE', *, *, #8664, .F. ) ;
#5511 = DIRECTION ( 'NONE',  ( -1.000000000000000000, 0.0000000000000000000, -0.0000000000000000000 ) ) ;
#5512 = CARTESIAN_POINT ( 'NONE',  ( -1.671336749938581390, -1.010000000000000009, 0.4420023193468916589 ) ) ;
#5513 = PRESENTATION_LAYER_ASSIGNMENT (  '', '', ( #9004 ) ) ;
#5514 = CARTESIAN_POINT ( 'NONE',  ( -2.278330262756866453, -1.000000000000000000, 0.4124913175311761271 ) ) ;
#5515 = VECTOR ( 'NONE', #3682, 1000.000000000000000 ) ;
#5517 = EDGE_CURVE ( 'NONE', #4349, #295, #10217, .T. ) ;
#5516 = FACE_OUTER_BOUND ( 'NONE', #6033, .T. ) ;
#5518 = UNCERTAINTY_MEASURE_WITH_UNIT (LENGTH_MEASURE( 1.000000000000000082E-05 ), #3038, 'distance_accuracy_value', 'NONE');
#5519 =( LENGTH_UNIT ( ) NAMED_UNIT ( * ) SI_UNIT ( .MILLI., .METRE. ) );
#5520 = EDGE_LOOP ( 'NONE', ( #3806, #7763, #4522, #10403 ) ) ;
#5521 = DIRECTION ( 'NONE',  ( -0.0000000000000000000, 1.000000000000000000, -0.0000000000000000000 ) ) ;
#5522 = DIRECTION ( 'NONE',  ( -1.000000000000000000, 0.0000000000000000000, 0.0000000000000000000 ) ) ;
#5523 = B_SPLINE_SURFACE_WITH_KNOTS ( 'NONE', 3, 1, ( 
 ( #8578, #3314 ),
 ( #1583, #589 ),
 ( #3442, #8938 ),
 ( #4170, #4339 ) ),
 .UNSPECIFIED., .F., .F., .F.,
 ( 4, 4 ),
 ( 2, 2 ),
 ( 24.00000000000000000, 25.00000000000000000 ),
 ( 0.0000000000000000000, 1.000000000000000000 ),
 .UNSPECIFIED. ) ;
#5524 = SURFACE_STYLE_USAGE ( .BOTH. , #4379 ) ;
#5525 =( LENGTH_UNIT ( ) NAMED_UNIT ( * ) SI_UNIT ( .MILLI., .METRE. ) );
#5526 = CARTESIAN_POINT ( 'NONE',  ( -1.751315645211307448, -1.010000000000000009, 0.2224514669008346157 ) ) ;
#5527 = PRESENTATION_STYLE_ASSIGNMENT (( #11087 ) ) ;
#5528 = FACE_OUTER_BOUND ( 'NONE', #11799, .T. ) ;
#5529 = CARTESIAN_POINT ( 'NONE',  ( -2.302429880357397707, -1.000000000000000000, 0.2424553015372124531 ) ) ;
#5531 = EDGE_CURVE ( 'NONE', #11454, #10281, #5508, .T. ) ;
#5530 = SURFACE_SIDE_STYLE ('',( #6393 ) ) ;
#5532 = MECHANICAL_DESIGN_GEOMETRIC_PRESENTATION_REPRESENTATION (  '', ( #3809 ), #4565 ) ;
#5533 = UNCERTAINTY_MEASURE_WITH_UNIT (LENGTH_MEASURE( 1.000000000000000082E-05 ), #10497, 'distance_accuracy_value', 'NONE');
#5534 = EDGE_CURVE ( 'NONE', #2708, #11041, #986, .T. ) ;
#5535 = CARTESIAN_POINT ( 'NONE',  ( -1.561248436072007140, -1.000000000000000000, 0.3792322444529834247 ) ) ;
#5536 = SURFACE_SIDE_STYLE ('',( #1878 ) ) ;
#5537 = STYLED_ITEM ( 'NONE', ( #10995 ), #2382 ) ;
#5539 =( NAMED_UNIT ( * ) PLANE_ANGLE_UNIT ( ) SI_UNIT ( $, .RADIAN. ) );
#5538 = MECHANICAL_DESIGN_GEOMETRIC_PRESENTATION_REPRESENTATION (  '', ( #920 ), #7098 ) ;
#5540 = CARTESIAN_POINT ( 'NONE',  ( -1.726645657954641866, -1.010000000000000009, 0.3679201527352576329 ) ) ;
#5541 = ORIENTED_EDGE ( 'NONE', *, *, #5332, .T. ) ;
#5542 =( NAMED_UNIT ( * ) SI_UNIT ( $, .STERADIAN. ) SOLID_ANGLE_UNIT ( ) );
#5543 = FILL_AREA_STYLE_COLOUR ( '', #3788 ) ;
#5544 = DIRECTION ( 'NONE',  ( 0.0000000000000000000, 0.7071067811865474617, 0.7071067811865474617 ) ) ;
#5545 = DIRECTION ( 'NONE',  ( -0.0000000000000000000, 1.000000000000000000, -0.0000000000000000000 ) ) ;
#5546 =( NAMED_UNIT ( * ) PLANE_ANGLE_UNIT ( ) SI_UNIT ( $, .RADIAN. ) );
#5547 = B_SPLINE_CURVE_WITH_KNOTS ( 'NONE', 3,
 ( #8989, #699, #4380, #11865 ),
 .UNSPECIFIED., .F., .F.,
 ( 4, 4 ),
 ( 7.000000000000000000, 8.000000000000000000 ),
 .UNSPECIFIED. ) ;
#5549 = ADVANCED_FACE ( 'NONE', ( #1960 ), #11345, .F. ) ;
#5548 = FILL_AREA_STYLE_COLOUR ( '', #5866 ) ;
#5550 = PRESENTATION_LAYER_ASSIGNMENT (  '', '', ( #7294 ) ) ;
#5551 = ORIENTED_EDGE ( 'NONE', *, *, #5750, .T. ) ;
#5552 = ORIENTED_EDGE ( 'NONE', *, *, #10589, .F. ) ;
#5553 = CARTESIAN_POINT ( 'NONE',  ( -1.814181993226108291, -1.010000000000000009, 0.3694123861110195084 ) ) ;
#5554 = VERTEX_POINT ( 'NONE', #5621 ) ;
#5555 = STYLED_ITEM ( 'NONE', ( #6757 ), #7057 ) ;
#5556 =( LENGTH_UNIT ( ) NAMED_UNIT ( * ) SI_UNIT ( .MILLI., .METRE. ) );
#5557 = LINE ( 'NONE', #1948, #3382 ) ;
#5558 = FILL_AREA_STYLE_COLOUR ( '', #7912 ) ;
#5559 = SURFACE_STYLE_FILL_AREA ( #6361 ) ;
#5560 = CARTESIAN_POINT ( 'NONE',  ( -1.671336749938581390, -1.010000000000000009, 0.4118688324728259631 ) ) ;
#5561 = SURFACE_STYLE_FILL_AREA ( #11680 ) ;
#5562 = STYLED_ITEM ( 'NONE', ( #1725 ), #10454 ) ;
#5563 = ADVANCED_FACE ( 'NONE', ( #9312 ), #9253, .F. ) ;
#5564 =( NAMED_UNIT ( * ) SI_UNIT ( $, .STERADIAN. ) SOLID_ANGLE_UNIT ( ) );
#5565 = ORIENTED_EDGE ( 'NONE', *, *, #10830, .T. ) ;
#5566 = CARTESIAN_POINT ( 'NONE',  ( -2.096244447539275857, -1.010000000000000009, 0.4379297811405066243 ) ) ;
#5567 = SURFACE_SIDE_STYLE ('',( #11187 ) ) ;
#5568 = ORIENTED_EDGE ( 'NONE', *, *, #9953, .T. ) ;
#5569 = VECTOR ( 'NONE', #11736, 1000.000000000000000 ) ;
#5570 = DIRECTION ( 'NONE',  ( -0.0000000000000000000, 1.000000000000000000, -0.0000000000000000000 ) ) ;
#5571 = SURFACE_STYLE_FILL_AREA ( #11074 ) ;
#5572 = FILL_AREA_STYLE_COLOUR ( '', #5471 ) ;
#5573 = CARTESIAN_POINT ( 'NONE',  ( -2.302429880357397707, -1.000000000000000000, 0.2424553015372124531 ) ) ;
#5574 = VECTOR ( 'NONE', #3275, 1000.000000000000000 ) ;
#5575 = CARTESIAN_POINT ( 'NONE',  ( -1.492196540033435381, -1.010000000000000009, 0.4357445664818077047 ) ) ;
#5576 = B_SPLINE_CURVE_WITH_KNOTS ( 'NONE', 3,
 ( #200, #8551, #4922, #9565 ),
 .UNSPECIFIED., .F., .F.,
 ( 4, 4 ),
 ( 18.00000000000000000, 19.00000000000000000 ),
 .UNSPECIFIED. ) ;
#5577 = ORIENTED_EDGE ( 'NONE', *, *, #5157, .T. ) ;
#5578 = CARTESIAN_POINT ( 'NONE',  ( -1.728402642412857793, -1.010000000000000009, 0.3570894266226369851 ) ) ;
#5579 = SURFACE_STYLE_FILL_AREA ( #3839 ) ;
#5580 = CARTESIAN_POINT ( 'NONE',  ( -1.664116265863606836, -1.010000000000000009, 0.2328489639687963964 ) ) ;
#5581 = ADVANCED_FACE ( 'NONE', ( #6786 ), #6726, .F. ) ;
#5582 = PLANE ( 'NONE',  #1170 ) ;
#5583 = CARTESIAN_POINT ( 'NONE',  ( -1.553426244990493643, -1.010000000000000009, 0.2625010852377568926 ) ) ;
#5584 = PLANE ( 'NONE',  #10886 ) ;
#5585 = FACE_OUTER_BOUND ( 'NONE', #5145, .T. ) ;
#5586 =( NAMED_UNIT ( * ) SI_UNIT ( $, .STERADIAN. ) SOLID_ANGLE_UNIT ( ) );
#5587 = DIRECTION ( 'NONE',  ( -0.0000000000000000000, 0.0000000000000000000, 1.000000000000000000 ) ) ;
#5588 = ORIENTED_EDGE ( 'NONE', *, *, #3188, .T. ) ;
#5589 = SURFACE_SIDE_STYLE ('',( #9344 ) ) ;
#5590 = MECHANICAL_DESIGN_GEOMETRIC_PRESENTATION_REPRESENTATION (  '', ( #11572 ), #380 ) ;
#5591 =( NAMED_UNIT ( * ) SI_UNIT ( $, .STERADIAN. ) SOLID_ANGLE_UNIT ( ) );
#5592 = CARTESIAN_POINT ( 'NONE',  ( -1.740027621773804656, -1.010000000000000009, 0.2173971280481934165 ) ) ;
#5593 = ADVANCED_FACE ( 'NONE', ( #5745, #2256 ), #8715, .F. ) ;
#5594 = CARTESIAN_POINT ( 'NONE',  ( -2.500000000000000000, 1.000000000000000000, 0.5500000000000007105 ) ) ;
#5595 = CARTESIAN_POINT ( 'NONE',  ( -1.758632402407496631, -1.000000000000000000, 0.2130167010424434126 ) ) ;
#5596 = ORIENTED_EDGE ( 'NONE', *, *, #2283, .F. ) ;
#5597 =( NAMED_UNIT ( * ) PLANE_ANGLE_UNIT ( ) SI_UNIT ( $, .RADIAN. ) );
#5598 = CARTESIAN_POINT ( 'NONE',  ( -2.148460233536766850, -1.000000000000000000, 0.1648010583142833774 ) ) ;
#5599 = CARTESIAN_POINT ( 'NONE',  ( -2.165196051250391829, -1.010000000000000009, 0.2993571379454478820 ) ) ;
#5600 = SURFACE_SIDE_STYLE ('',( #3685 ) ) ;
#5601 = EDGE_CURVE ( 'NONE', #5917, #10281, #10526, .T. ) ;
#5602 =( NAMED_UNIT ( * ) SI_UNIT ( $, .STERADIAN. ) SOLID_ANGLE_UNIT ( ) );
#5603 = STYLED_ITEM ( 'NONE', ( #7084 ), #5683 ) ;
#5604 = ORIENTED_EDGE ( 'NONE', *, *, #3728, .T. ) ;
#5605 = ORIENTED_EDGE ( 'NONE', *, *, #1187, .T. ) ;
#5606 = EDGE_LOOP ( 'NONE', ( #910, #10145, #354, #542, #3630, #4183, #7337 ) ) ;
#5607 = FILL_AREA_STYLE_COLOUR ( '', #10077 ) ;
#5608 = ORIENTED_EDGE ( 'NONE', *, *, #1317, .T. ) ;
#5609 = CARTESIAN_POINT ( 'NONE',  ( -2.185948496370684779, -1.000000000000000000, 0.2049670003980145483 ) ) ;
#5610 = FILL_AREA_STYLE_COLOUR ( '', #9048 ) ;
#5611 = EDGE_CURVE ( 'NONE', #6783, #8058, #7690, .T. ) ;
#5612 = PRESENTATION_LAYER_ASSIGNMENT (  '', '', ( #1198 ) ) ;
#5613 = CARTESIAN_POINT ( 'NONE',  ( -1.694321957578019733, -1.000000000000000000, 0.2584094775953279521 ) ) ;
#5614 = PRESENTATION_STYLE_ASSIGNMENT (( #8410 ) ) ;
#5615 = CARTESIAN_POINT ( 'NONE',  ( -1.635763831728301865, -1.000000000000000000, 0.1776363290739492451 ) ) ;
#5616 = PLANE ( 'NONE',  #2243 ) ;
#5617 = COLOUR_RGB ( '',0.0000000000000000000, 0.0000000000000000000, 0.0000000000000000000 ) ;
#5618 = VERTEX_POINT ( 'NONE', #299 ) ;
#5619 = SURFACE_SIDE_STYLE ('',( #10160 ) ) ;
#5620 = ORIENTED_EDGE ( 'NONE', *, *, #9187, .F. ) ;
#5621 = CARTESIAN_POINT ( 'NONE',  ( -1.448464474817876768, -1.000000000000000000, 0.3586779331192915810 ) ) ;
#5622 = FACE_OUTER_BOUND ( 'NONE', #598, .T. ) ;
#5623 = EDGE_CURVE ( 'NONE', #7175, #2432, #3210, .T. ) ;
#5624 = ORIENTED_EDGE ( 'NONE', *, *, #10213, .F. ) ;
#5625 = EDGE_CURVE ( 'NONE', #11713, #4956, #10708, .T. ) ;
#5626 = CARTESIAN_POINT ( 'NONE',  ( -2.025953985050612527, -1.000000000000000000, 0.2504884797393431839 ) ) ;
#5627 = CARTESIAN_POINT ( 'NONE',  ( -1.609601611095552443, -1.000000000000000000, 0.2235586077923840675 ) ) ;
#5628 = MECHANICAL_DESIGN_GEOMETRIC_PRESENTATION_REPRESENTATION (  '', ( #4091 ), #6011 ) ;
#5629 = CARTESIAN_POINT ( 'NONE',  ( -1.728402642412857793, -1.010000000000000009, 0.3570894266226369851 ) ) ;
#5630 =( NAMED_UNIT ( * ) SI_UNIT ( $, .STERADIAN. ) SOLID_ANGLE_UNIT ( ) );
#5631 = CARTESIAN_POINT ( 'NONE',  ( -1.562066757600878431, -1.010000000000000009, 0.4486933012566344248 ) ) ;
#5632 = UNCERTAINTY_MEASURE_WITH_UNIT (LENGTH_MEASURE( 1.000000000000000082E-05 ), #6288, 'distance_accuracy_value', 'NONE');
#5633 = ORIENTED_EDGE ( 'NONE', *, *, #2395, .T. ) ;
#5634 = ORIENTED_EDGE ( 'NONE', *, *, #922, .F. ) ;
#5635 = MECHANICAL_DESIGN_GEOMETRIC_PRESENTATION_REPRESENTATION (  '', ( #9304 ), #5051 ) ;
#5636 = CARTESIAN_POINT ( 'NONE',  ( -2.138418735247407110, -1.010000000000000009, 0.4379297811405066243 ) ) ;
#5637 = FACE_OUTER_BOUND ( 'NONE', #10891, .T. ) ;
#5638 = DIRECTION ( 'NONE',  ( -0.0000000000000000000, -0.0000000000000000000, -1.000000000000000000 ) ) ;
#5639 = PRESENTATION_LAYER_ASSIGNMENT (  '', '', ( #36 ) ) ;
#5640 = PRESENTATION_STYLE_ASSIGNMENT (( #1806 ) ) ;
#5641 = CARTESIAN_POINT ( 'NONE',  ( -2.212056389369269294, -1.010000000000000009, 0.2163473702333479631 ) ) ;
#5642 = DIRECTION ( 'NONE',  ( 0.0000000000000000000, -0.0000000000000000000, -1.000000000000000000 ) ) ;
#5643 = VECTOR ( 'NONE', #11037, 1000.000000000000000 ) ;
#5644 = LINE ( 'NONE', #2877, #2098 ) ;
#5645 =( LENGTH_UNIT ( ) NAMED_UNIT ( * ) SI_UNIT ( .MILLI., .METRE. ) );
#5646 = UNCERTAINTY_MEASURE_WITH_UNIT (LENGTH_MEASURE( 1.000000000000000082E-05 ), #8641, 'distance_accuracy_value', 'NONE');
#5647 = LINE ( 'NONE', #10368, #11883 ) ;
#5648 = EDGE_LOOP ( 'NONE', ( #742, #2458, #3190, #5903, #2632, #6959, #4176, #6102, #3938, #9358, #11471, #8677, #8772, #4226, #11184, #2473, #4664, #731, #4299, #7153, #4846, #11227, #6484, #1873, #707, #7347, #3828, #9854, #956, #5379, #7244, #2973, #11634 ) ) ;
#5649 = ADVANCED_FACE ( 'NONE', ( #11659 ), #7695, .F. ) ;
#5650 = CARTESIAN_POINT ( 'NONE',  ( -1.497323083726747273, -1.010000000000000009, 0.4528330454595122512 ) ) ;
#5651 = PRESENTATION_LAYER_ASSIGNMENT (  '', '', ( #8192 ) ) ;
#5652 =( LENGTH_UNIT ( ) NAMED_UNIT ( * ) SI_UNIT ( .MILLI., .METRE. ) );
#5653 = CARTESIAN_POINT ( 'NONE',  ( -1.679592170064752921, -1.010000000000000009, 0.2532107290613451744 ) ) ;
#5654 = CARTESIAN_POINT ( 'NONE',  ( -1.373034484512460462, -1.010000000000000009, 0.2914311580987393735 ) ) ;
#5655 = ORIENTED_EDGE ( 'NONE', *, *, #593, .T. ) ;
#5656 = CARTESIAN_POINT ( 'NONE',  ( -1.681926793248970320, -1.000000000000000000, 0.2173489914877489715 ) ) ;
#5657 = DIRECTION ( 'NONE',  ( -0.9303007377811838285, 0.0000000000000000000, 0.3667976789509240221 ) ) ;
#5658 = CARTESIAN_POINT ( 'NONE',  ( -2.118335738668366997, -1.010000000000000009, 0.2317443802431300992 ) ) ;
#5659 = PRESENTATION_LAYER_ASSIGNMENT (  '', '', ( #3936 ) ) ;
#5660 = FILL_AREA_STYLE ('',( #11104 ) ) ;
#5661 = PRESENTATION_LAYER_ASSIGNMENT (  '', '', ( #6047 ) ) ;
#5662 = CARTESIAN_POINT ( 'NONE',  ( -1.751195303810192172, -1.010000000000000009, 0.2657743713519612472 ) ) ;
#5663 = CARTESIAN_POINT ( 'NONE',  ( -1.734684463558163747, -1.010000000000000009, 0.2780973308403431599 ) ) ;
#5664 = VECTOR ( 'NONE', #1646, 1000.000000000000000 ) ;
#5665 = CARTESIAN_POINT ( 'NONE',  ( -1.969721558878669621, -1.010000000000000009, 0.3904000200175501423 ) ) ;
#5666 = VECTOR ( 'NONE', #4502, 1000.000000000000000 ) ;
#5667 = UNCERTAINTY_MEASURE_WITH_UNIT (LENGTH_MEASURE( 1.000000000000000082E-05 ), #3989, 'distance_accuracy_value', 'NONE');
#5668 = EDGE_CURVE ( 'NONE', #7288, #1184, #547, .T. ) ;
#5669 = ORIENTED_EDGE ( 'NONE', *, *, #4567, .T. ) ;
#5670 = ORIENTED_EDGE ( 'NONE', *, *, #2649, .F. ) ;
#5671 = AXIS2_PLACEMENT_3D ( 'NONE', #5125, #9596, #477 ) ;
#5672 = VERTEX_POINT ( 'NONE', #8061 ) ;
#5673 = FACE_OUTER_BOUND ( 'NONE', #2986, .T. ) ;
#5674 = EDGE_CURVE ( 'NONE', #5416, #8712, #11597, .T. ) ;
#5675 = AXIS2_PLACEMENT_3D ( 'NONE', #9828, #1566, #6006 ) ;
#5676 = PRESENTATION_STYLE_ASSIGNMENT (( #3754 ) ) ;
#5677 = CARTESIAN_POINT ( 'NONE',  ( -1.944952550194483987, -1.010000000000000009, 0.2745880781872357956 ) ) ;
#5678 = VECTOR ( 'NONE', #4903, 1000.000000000000000 ) ;
#5679 =( NAMED_UNIT ( * ) SI_UNIT ( $, .STERADIAN. ) SOLID_ANGLE_UNIT ( ) );
#5680 = FILL_AREA_STYLE_COLOUR ( '', #237 ) ;
#5681 = LINE ( 'NONE', #9368, #2022 ) ;
#5682 = AXIS2_PLACEMENT_3D ( 'NONE', #4995, #5837, #9523 ) ;
#5683 = ADVANCED_FACE ( 'NONE', ( #9732 ), #5843, .F. ) ;
#5684 = MECHANICAL_DESIGN_GEOMETRIC_PRESENTATION_REPRESENTATION (  '', ( #7051 ), #8977 ) ;
#5685 = EDGE_LOOP ( 'NONE', ( #10505, #2542, #9835, #8479 ) ) ;
#5686 = ORIENTED_EDGE ( 'NONE', *, *, #8186, .T. ) ;
#5687 =( LENGTH_UNIT ( ) NAMED_UNIT ( * ) SI_UNIT ( .MILLI., .METRE. ) );
#5688 = EDGE_LOOP ( 'NONE', ( #234, #5011, #6917, #9130 ) ) ;
#5689 = PRESENTATION_STYLE_ASSIGNMENT (( #11305 ) ) ;
#5690 = SURFACE_STYLE_USAGE ( .BOTH. , #4655 ) ;
#5691 = LINE ( 'NONE', #9320, #3345 ) ;
#5692 = EDGE_CURVE ( 'NONE', #2432, #11484, #9191, .T. ) ;
#5693 = PRESENTATION_LAYER_ASSIGNMENT (  '', '', ( #3392 ) ) ;
#5694 = CARTESIAN_POINT ( 'NONE',  ( -2.002523796838695080, -1.010000000000000009, 0.3542506287292847000 ) ) ;
#5695 = ORIENTED_EDGE ( 'NONE', *, *, #10930, .T. ) ;
#5696 = CARTESIAN_POINT ( 'NONE',  ( -2.450000000000000622, -1.000000000000000000, 0.5999999999999999778 ) ) ;
#5697 =( NAMED_UNIT ( * ) PLANE_ANGLE_UNIT ( ) SI_UNIT ( $, .RADIAN. ) );
#5698 = CARTESIAN_POINT ( 'NONE',  ( -1.757838149159489438, -1.000000000000000000, 0.2603830765755508203 ) ) ;
#5699 = CARTESIAN_POINT ( 'NONE',  ( -2.023276241958665622, -1.000000000000000000, 0.2498190567349448388 ) ) ;
#5700 = PRESENTATION_STYLE_ASSIGNMENT (( #140 ) ) ;
#5701 = CARTESIAN_POINT ( 'NONE',  ( -2.330546074290889447, -1.000000000000000000, 0.3154235071181409888 ) ) ;
#5702 = CARTESIAN_POINT ( 'NONE',  ( -1.772832687755529824, -1.000000000000000000, 0.4039744365506410806 ) ) ;
#5703 = DIRECTION ( 'NONE',  ( -1.000000000000000000, 0.0000000000000000000, -0.0000000000000000000 ) ) ;
#5704 = DIRECTION ( 'NONE',  ( -1.000000000000000000, -0.0000000000000000000, -0.0000000000000000000 ) ) ;
#5705 = ADVANCED_FACE ( 'NONE', ( #3693 ), #341, .T. ) ;
#5706 = EDGE_CURVE ( 'NONE', #6931, #6945, #2726, .T. ) ;
#5707 = CARTESIAN_POINT ( 'NONE',  ( -1.459559952013590900, -1.010000000000000009, 0.2926345721118238652 ) ) ;
#5708 = ORIENTED_EDGE ( 'NONE', *, *, #10099, .F. ) ;
#5709 = AXIS2_PLACEMENT_3D ( 'NONE', #10757, #8764, #7301 ) ;
#5710 = CARTESIAN_POINT ( 'NONE',  ( -2.045367507551225206, -1.000000000000000000, 0.3234567363933391615 ) ) ;
#5711 =( NAMED_UNIT ( * ) SI_UNIT ( $, .STERADIAN. ) SOLID_ANGLE_UNIT ( ) );
#5712 =( NAMED_UNIT ( * ) SI_UNIT ( $, .STERADIAN. ) SOLID_ANGLE_UNIT ( ) );
#5713 = CARTESIAN_POINT ( 'NONE',  ( -1.734684463558163747, -1.000000000000000000, 0.2780973308403431599 ) ) ;
#5714 = VERTEX_POINT ( 'NONE', #6414 ) ;
#5715 = CARTESIAN_POINT ( 'NONE',  ( -1.436719154056131931, -1.000000000000000000, 0.2778566480374710101 ) ) ;
#5716 = LINE ( 'NONE', #7723, #3361 ) ;
#5717 = CARTESIAN_POINT ( 'NONE',  ( -1.519754720920412305, -1.000000000000000000, 0.2517184956855826328 ) ) ;
#5718 = CARTESIAN_POINT ( 'NONE',  ( -1.743854478333781488, -1.000000000000000000, 0.2685181553006110167 ) ) ;
#5719 = CARTESIAN_POINT ( 'NONE',  ( -1.694321957578019733, -1.000000000000000000, 0.2584094775953279521 ) ) ;
#5720 = B_SPLINE_SURFACE_WITH_KNOTS ( 'NONE', 3, 1, ( 
 ( #1059, #11354 ),
 ( #6838, #538 ),
 ( #5853, #10447 ),
 ( #3200, #10575 ) ),
 .UNSPECIFIED., .F., .F., .F.,
 ( 4, 4 ),
 ( 2, 2 ),
 ( 35.00000000000000000, 36.00000000000000000 ),
 ( 0.0000000000000000000, 1.000000000000000000 ),
 .UNSPECIFIED. ) ;
#5721 = DIRECTION ( 'NONE',  ( 0.0000000000000000000, 1.000000000000000000, 0.0000000000000000000 ) ) ;
#5722 = COLOUR_RGB ( '',0.0000000000000000000, 0.0000000000000000000, 0.0000000000000000000 ) ;
#5723 = B_SPLINE_CURVE_WITH_KNOTS ( 'NONE', 3,
 ( #3783, #3611, #890, #10123 ),
 .UNSPECIFIED., .F., .F.,
 ( 4, 4 ),
 ( 3.000000000000000000, 4.000000000000000000 ),
 .UNSPECIFIED. ) ;
#5724 = PRESENTATION_LAYER_ASSIGNMENT (  '', '', ( #5537 ) ) ;
#5725 = ORIENTED_EDGE ( 'NONE', *, *, #11101, .T. ) ;
#5726 = DIRECTION ( 'NONE',  ( -0.0000000000000000000, 1.000000000000000000, -0.0000000000000000000 ) ) ;
#5727 =( GEOMETRIC_REPRESENTATION_CONTEXT ( 3 ) GLOBAL_UNCERTAINTY_ASSIGNED_CONTEXT ( ( #83 ) ) GLOBAL_UNIT_ASSIGNED_CONTEXT ( ( #6954, #10446, #4883 ) ) REPRESENTATION_CONTEXT ( 'NONE', 'WORKASPACE' ) );
#5728 = EDGE_LOOP ( 'NONE', ( #6620, #2384, #11531, #8334, #4836, #65, #5364, #7320 ) ) ;
#5729 = CARTESIAN_POINT ( 'NONE',  ( -1.443602682207659527, -1.010000000000000009, 0.2837774449794280285 ) ) ;
#5730 = CARTESIAN_POINT ( 'NONE',  ( -1.366415707443385363, -1.010000000000000009, 0.3034652982244437913 ) ) ;
#5731 =( LENGTH_UNIT ( ) NAMED_UNIT ( * ) SI_UNIT ( .MILLI., .METRE. ) );
#5732 = CARTESIAN_POINT ( 'NONE',  ( -2.206700915953803577, -1.010000000000000009, 0.4225328158202146800 ) ) ;
#5733 = CARTESIAN_POINT ( 'NONE',  ( -1.674995128536674205, -1.010000000000000009, 0.2173489914877489715 ) ) ;
#5734 =( NAMED_UNIT ( * ) SI_UNIT ( $, .STERADIAN. ) SOLID_ANGLE_UNIT ( ) );
#5735 = STYLED_ITEM ( 'NONE', ( #5336 ), #6673 ) ;
#5736 = EDGE_CURVE ( 'NONE', #9027, #4117, #914, .T. ) ;
#5737 = STYLED_ITEM ( 'NONE', ( #8617 ), #2595 ) ;
#5738 = CARTESIAN_POINT ( 'NONE',  ( -1.638315069434844506, -1.010000000000000009, 0.1779732849977178899 ) ) ;
#5739 = VECTOR ( 'NONE', #10651, 1000.000000000000000 ) ;
#5740 =( NAMED_UNIT ( * ) PLANE_ANGLE_UNIT ( ) SI_UNIT ( $, .RADIAN. ) );
#5741 = EDGE_LOOP ( 'NONE', ( #1578, #3211, #3029, #6291 ) ) ;
#5742 = COLOUR_RGB ( '',0.0000000000000000000, 0.0000000000000000000, 0.0000000000000000000 ) ;
#5743 = VERTEX_POINT ( 'NONE', #4642 ) ;
#5744 = ORIENTED_EDGE ( 'NONE', *, *, #723, .T. ) ;
#5745 = FACE_OUTER_BOUND ( 'NONE', #1478, .T. ) ;
#5746 = CARTESIAN_POINT ( 'NONE',  ( -1.543149089323647249, -1.000000000000000000, 0.4320380513229469810 ) ) ;
#5747 = ORIENTED_EDGE ( 'NONE', *, *, #2936, .T. ) ;
#5748 =( NAMED_UNIT ( * ) SI_UNIT ( $, .STERADIAN. ) SOLID_ANGLE_UNIT ( ) );
#5749 =( LENGTH_UNIT ( ) NAMED_UNIT ( * ) SI_UNIT ( .MILLI., .METRE. ) );
#5750 = EDGE_CURVE ( 'NONE', #1000, #10506, #7262, .T. ) ;
#5751 = MECHANICAL_DESIGN_GEOMETRIC_PRESENTATION_REPRESENTATION (  '', ( #10192 ), #11735 ) ;
#5752 = CARTESIAN_POINT ( 'NONE',  ( -2.063442209579571696, -1.000000000000000000, 0.4780957742979444203 ) ) ;
#5753 = STYLED_ITEM ( 'NONE', ( #8687 ), #2439 ) ;
#5754 = ORIENTED_EDGE ( 'NONE', *, *, #7176, .T. ) ;
#5755 = CARTESIAN_POINT ( 'NONE',  ( -1.694394162418690009, -1.000000000000000000, 0.2116688773486635200 ) ) ;
#5756 = ORIENTED_EDGE ( 'NONE', *, *, #5121, .F. ) ;
#5757 = EDGE_LOOP ( 'NONE', ( #6822, #6734, #6231, #4762 ) ) ;
#5758 = MECHANICAL_DESIGN_GEOMETRIC_PRESENTATION_REPRESENTATION (  '', ( #11745 ), #10201 ) ;
#5759 = LINE ( 'NONE', #4736, #11320 ) ;
#5760 = FACE_OUTER_BOUND ( 'NONE', #8650, .T. ) ;
#5762 = ADVANCED_FACE ( 'NONE', ( #5497 ), #8654, .F. ) ;
#5761 = SURFACE_STYLE_USAGE ( .BOTH. , #2937 ) ;
#5763 = SURFACE_STYLE_USAGE ( .BOTH. , #9681 ) ;
#5764 = PLANE ( 'NONE',  #4888 ) ;
#5765 = MECHANICAL_DESIGN_GEOMETRIC_PRESENTATION_REPRESENTATION (  '', ( #1932 ), #560 ) ;
#5766 = PRESENTATION_STYLE_ASSIGNMENT (( #7586 ) ) ;
#5767 = FILL_AREA_STYLE ('',( #9509 ) ) ;
#5768 = CARTESIAN_POINT ( 'NONE',  ( -2.212056389369269294, -1.010000000000000009, 0.2163473702333479631 ) ) ;
#5769 = UNCERTAINTY_MEASURE_WITH_UNIT (LENGTH_MEASURE( 1.000000000000000082E-05 ), #1671, 'distance_accuracy_value', 'NONE');
#5770 = ORIENTED_EDGE ( 'NONE', *, *, #9669, .T. ) ;
#5771 = CARTESIAN_POINT ( 'NONE',  ( -1.610636547146431896, -1.000000000000000000, 0.2204778679199694558 ) ) ;
#5772 = CARTESIAN_POINT ( 'NONE',  ( -1.366415707443385363, -1.010000000000000009, 0.3034652982244437913 ) ) ;
#5773 =( GEOMETRIC_REPRESENTATION_CONTEXT ( 3 ) GLOBAL_UNCERTAINTY_ASSIGNED_CONTEXT ( ( #6144 ) ) GLOBAL_UNIT_ASSIGNED_CONTEXT ( ( #1336, #1393, #6345 ) ) REPRESENTATION_CONTEXT ( 'NONE', 'WORKASPACE' ) );
#5774 = DIRECTION ( 'NONE',  ( -0.5773502691896257311, 0.5773502691896257311, 0.5773502691896257311 ) ) ;
#5776 = EDGE_CURVE ( 'NONE', #2621, #1971, #7674, .T. ) ;
#5775 = CARTESIAN_POINT ( 'NONE',  ( -2.063442209579571696, -1.000000000000000000, 0.4780957742979444203 ) ) ;
#5777 = SURFACE_SIDE_STYLE ('',( #8507 ) ) ;
#5778 = ORIENTED_EDGE ( 'NONE', *, *, #11289, .F. ) ;
#5779 = CARTESIAN_POINT ( 'NONE',  ( -1.373323303875781054, -1.000000000000000000, 0.2914311580987393735 ) ) ;
#5780 = EDGE_CURVE ( 'NONE', #11267, #1594, #1218, .T. ) ;
#5781 = FILL_AREA_STYLE_COLOUR ( '', #3732 ) ;
#5782 = CARTESIAN_POINT ( 'NONE',  ( -1.734684463558163747, -1.000000000000000000, 0.2780973308403431599 ) ) ;
#5783 = COLOUR_RGB ( '',0.0000000000000000000, 0.0000000000000000000, 0.0000000000000000000 ) ;
#5784 = UNCERTAINTY_MEASURE_WITH_UNIT (LENGTH_MEASURE( 1.000000000000000082E-05 ), #11838, 'distance_accuracy_value', 'NONE');
#5785 = ORIENTED_EDGE ( 'NONE', *, *, #336, .F. ) ;
#5786 = ORIENTED_EDGE ( 'NONE', *, *, #4414, .T. ) ;
#5787 = SURFACE_STYLE_FILL_AREA ( #7612 ) ;
#5788 = SURFACE_SIDE_STYLE ('',( #11396 ) ) ;
#5789 = PLANE ( 'NONE',  #4128 ) ;
#5790 = SURFACE_STYLE_USAGE ( .BOTH. , #5909 ) ;
#5791 = CARTESIAN_POINT ( 'NONE',  ( -2.500000000000000000, -1.000000000000000000, 0.5999999999999999778 ) ) ;
#5792 = CARTESIAN_POINT ( 'NONE',  ( -1.330553969870430953, -1.000000000000000000, 0.2093101858842237595 ) ) ;
#5793 = VECTOR ( 'NONE', #1815, 1000.000000000000114 ) ;
#5794 = DIRECTION ( 'NONE',  ( 0.0000000000000000000, -0.0000000000000000000, 1.000000000000000000 ) ) ;
#5795 = EDGE_LOOP ( 'NONE', ( #10093, #2882, #5357, #7743 ) ) ;
#5796 = ORIENTED_EDGE ( 'NONE', *, *, #4729, .T. ) ;
#5797 = ORIENTED_EDGE ( 'NONE', *, *, #3758, .T. ) ;
#5798 =( NAMED_UNIT ( * ) PLANE_ANGLE_UNIT ( ) SI_UNIT ( $, .RADIAN. ) );
#5799 = EDGE_CURVE ( 'NONE', #781, #9567, #4768, .T. ) ;
#5800 = ORIENTED_EDGE ( 'NONE', *, *, #11681, .F. ) ;
#5801 =( NAMED_UNIT ( * ) SI_UNIT ( $, .STERADIAN. ) SOLID_ANGLE_UNIT ( ) );
#5802 = CARTESIAN_POINT ( 'NONE',  ( -0.0000000000000000000, 0.9500000000000007327, 0.0000000000000000000 ) ) ;
#5803 = ORIENTED_EDGE ( 'NONE', *, *, #11632, .F. ) ;
#5804 = CARTESIAN_POINT ( 'NONE',  ( -1.652202467139339159, -1.010000000000000009, 0.2751128640888174659 ) ) ;
#5805 = LINE ( 'NONE', #10586, #8599 ) ;
#5806 = FILL_AREA_STYLE_COLOUR ( '', #2564 ) ;
#5807 = FACE_OUTER_BOUND ( 'NONE', #7547, .T. ) ;
#5808 = MECHANICAL_DESIGN_GEOMETRIC_PRESENTATION_REPRESENTATION (  '', ( #10436 ), #3 ) ;
#5809 = SURFACE_STYLE_FILL_AREA ( #11308 ) ;
#5810 = EDGE_LOOP ( 'NONE', ( #11301, #5973, #6891, #6877 ) ) ;
#5811 = CARTESIAN_POINT ( 'NONE',  ( -2.500000000000000000, 1.000000000000000000, 0.04999999999999926725 ) ) ;
#5812 = ORIENTED_EDGE ( 'NONE', *, *, #3205, .F. ) ;
#5813 = DIRECTION ( 'NONE',  ( -0.0000000000000000000, 1.000000000000000000, -0.0000000000000000000 ) ) ;
#5814 = ADVANCED_FACE ( 'NONE', ( #222 ), #4983, .F. ) ;
#5815 = ORIENTED_EDGE ( 'NONE', *, *, #5031, .T. ) ;
#5816 = CARTESIAN_POINT ( 'NONE',  ( -1.577277910719251164, -1.000000000000000000, 0.3694123861110195084 ) ) ;
#5817 =( GEOMETRIC_REPRESENTATION_CONTEXT ( 3 ) GLOBAL_UNCERTAINTY_ASSIGNED_CONTEXT ( ( #8795 ) ) GLOBAL_UNIT_ASSIGNED_CONTEXT ( ( #2886, #1144, #5711 ) ) REPRESENTATION_CONTEXT ( 'NONE', 'WORKASPACE' ) );
#5818 = LINE ( 'NONE', #5592, #747 ) ;
#5819 = EDGE_CURVE ( 'NONE', #6508, #780, #10330, .T. ) ;
#5820 = LINE ( 'NONE', #9451, #6571 ) ;
#5821 = VECTOR ( 'NONE', #10646, 1000.000000000000000 ) ;
#5822 = DIRECTION ( 'NONE',  ( -0.0000000000000000000, -0.0000000000000000000, 1.000000000000000000 ) ) ;
#5823 = CARTESIAN_POINT ( 'NONE',  ( -1.615065110712629926, -1.010000000000000009, 0.4528330454595122512 ) ) ;
#5824 = CARTESIAN_POINT ( 'NONE',  ( -1.436622880934596891, -1.010000000000000009, 0.2363629328858724010 ) ) ;
#5825 = CARTESIAN_POINT ( 'NONE',  ( -1.751315645211307448, -1.000000000000000000, 0.2224514669008346157 ) ) ;
#5826 = EDGE_LOOP ( 'NONE', ( #6606, #4538, #11065, #4613 ) ) ;
#5827 = EDGE_CURVE ( 'NONE', #8313, #11713, #11182, .T. ) ;
#5828 = CARTESIAN_POINT ( 'NONE',  ( -1.671336749938581390, -1.010000000000000009, 0.4118688324728259631 ) ) ;
#5829 = LINE ( 'NONE', #8505, #8310 ) ;
#5830 =( GEOMETRIC_REPRESENTATION_CONTEXT ( 3 ) GLOBAL_UNCERTAINTY_ASSIGNED_CONTEXT ( ( #940 ) ) GLOBAL_UNIT_ASSIGNED_CONTEXT ( ( #3024, #2186, #9651 ) ) REPRESENTATION_CONTEXT ( 'NONE', 'WORKASPACE' ) );
#5831 = DIRECTION ( 'NONE',  ( 0.7071067811865474617, 0.0000000000000000000, 0.7071067811865474617 ) ) ;
#5832 = DIRECTION ( 'NONE',  ( -0.0000000000000000000, 1.000000000000000000, -0.0000000000000000000 ) ) ;
#5833 = ORIENTED_EDGE ( 'NONE', *, *, #628, .T. ) ;
#5834 = LINE ( 'NONE', #3974, #6637 ) ;
#5835 = CARTESIAN_POINT ( 'NONE',  ( -2.221428439117376197, -1.010000000000000009, 0.3837057261294960497 ) ) ;
#5836 = LINE ( 'NONE', #9522, #2477 ) ;
#5837 = DIRECTION ( 'NONE',  ( 0.0000000000000000000, 0.0000000000000000000, -1.000000000000000000 ) ) ;
#5838 = COLOUR_RGB ( '',0.0000000000000000000, 0.0000000000000000000, 0.0000000000000000000 ) ;
#5839 = ADVANCED_FACE ( 'NONE', ( #1333 ), #11433, .F. ) ;
#5840 = ORIENTED_EDGE ( 'NONE', *, *, #5601, .T. ) ;
#5841 = VERTEX_POINT ( 'NONE', #6946 ) ;
#5842 = DIRECTION ( 'NONE',  ( -0.5773502691896257311, 0.5773502691896257311, -0.5773502691896257311 ) ) ;
#5843 = B_SPLINE_SURFACE_WITH_KNOTS ( 'NONE', 3, 1, ( 
 ( #11716, #3457 ),
 ( #5071, #7139 ),
 ( #10645, #11534 ),
 ( #2374, #11110 ) ),
 .UNSPECIFIED., .F., .F., .F.,
 ( 4, 4 ),
 ( 2, 2 ),
 ( 16.00000000000000000, 17.00000000000000000 ),
 ( 0.0000000000000000000, 1.000000000000000000 ),
 .UNSPECIFIED. ) ;
#5844 = CARTESIAN_POINT ( 'NONE',  ( -1.434697418514818468, -1.000000000000000000, 0.2909979290547222708 ) ) ;
#5845 = FACE_OUTER_BOUND ( 'NONE', #8752, .T. ) ;
#5846 = VECTOR ( 'NONE', #2874, 1000.000000000000000 ) ;
#5847 = CARTESIAN_POINT ( 'NONE',  ( -1.577470456961678646, -1.000000000000000000, 0.4420023193468916589 ) ) ;
#5848 = CARTESIAN_POINT ( 'NONE',  ( -1.716464775408689025, -1.000000000000000000, 0.4434464161615654931 ) ) ;
#5849 = SURFACE_STYLE_FILL_AREA ( #2123 ) ;
#5850 =( LENGTH_UNIT ( ) NAMED_UNIT ( * ) SI_UNIT ( .MILLI., .METRE. ) );
#5851 = B_SPLINE_CURVE_WITH_KNOTS ( 'NONE', 3,
 ( #3557, #5168, #6149, #8867 ),
 .UNSPECIFIED., .F., .F.,
 ( 4, 4 ),
 ( 4.000000000000000000, 5.000000000000000000 ),
 .UNSPECIFIED. ) ;
#5852 = CARTESIAN_POINT ( 'NONE',  ( -1.724527649292435960, -1.010000000000000009, 0.4434464161615654931 ) ) ;
#5853 = CARTESIAN_POINT ( 'NONE',  ( -1.931563885808779135, -1.010000000000000009, 0.3783502271771760350 ) ) ;
#5854 = CARTESIAN_POINT ( 'NONE',  ( -1.538407638114548170, -1.010000000000000009, 0.4209185058470065743 ) ) ;
#5855 = STYLED_ITEM ( 'NONE', ( #3627 ), #2991 ) ;
#5856 = EDGE_LOOP ( 'NONE', ( #8188, #6319, #11470, #3343 ) ) ;
#5857 = EDGE_CURVE ( 'NONE', #10215, #5858, #7917, .T. ) ;
#5858 = VERTEX_POINT ( 'NONE', #3441 ) ;
#5859 = SURFACE_SIDE_STYLE ('',( #3086 ) ) ;
#5860 = VECTOR ( 'NONE', #2035, 1000.000000000000000 ) ;
#5861 = ORIENTED_EDGE ( 'NONE', *, *, #3175, .F. ) ;
#5862 = SURFACE_STYLE_FILL_AREA ( #7813 ) ;
#5863 = ORIENTED_EDGE ( 'NONE', *, *, #3277, .T. ) ;
#5864 = DIRECTION ( 'NONE',  ( -0.0000000000000000000, 0.0000000000000000000, 1.000000000000000000 ) ) ;
#5865 =( GEOMETRIC_REPRESENTATION_CONTEXT ( 3 ) GLOBAL_UNCERTAINTY_ASSIGNED_CONTEXT ( ( #450 ) ) GLOBAL_UNIT_ASSIGNED_CONTEXT ( ( #10371, #266, #2883 ) ) REPRESENTATION_CONTEXT ( 'NONE', 'WORKASPACE' ) );
#5866 = COLOUR_RGB ( '',0.0000000000000000000, 0.0000000000000000000, 0.0000000000000000000 ) ;
#5867 =( NAMED_UNIT ( * ) PLANE_ANGLE_UNIT ( ) SI_UNIT ( $, .RADIAN. ) );
#5868 = DIRECTION ( 'NONE',  ( -0.0000000000000000000, -0.0000000000000000000, -1.000000000000000000 ) ) ;
#5869 = ORIENTED_EDGE ( 'NONE', *, *, #10793, .F. ) ;
#5870 = DIRECTION ( 'NONE',  ( -1.000000000000000000, 0.0000000000000000000, -0.0000000000000000000 ) ) ;
#5871 = EDGE_LOOP ( 'NONE', ( #10386, #9526, #8012 ) ) ;
#5872 = VECTOR ( 'NONE', #5935, 1000.000000000000000 ) ;
#5873 = ORIENTED_EDGE ( 'NONE', *, *, #3326, .F. ) ;
#5874 =( GEOMETRIC_REPRESENTATION_CONTEXT ( 3 ) GLOBAL_UNCERTAINTY_ASSIGNED_CONTEXT ( ( #7241 ) ) GLOBAL_UNIT_ASSIGNED_CONTEXT ( ( #5645, #11032, #2823 ) ) REPRESENTATION_CONTEXT ( 'NONE', 'WORKASPACE' ) );
#5875 = FILL_AREA_STYLE ('',( #7703 ) ) ;
#5876 = STYLED_ITEM ( 'NONE', ( #9972 ), #8 ) ;
#5877 = CARTESIAN_POINT ( 'NONE',  ( -2.096244447539275857, -1.000000000000000000, 0.4379297811405066243 ) ) ;
#5878 =( NAMED_UNIT ( * ) PLANE_ANGLE_UNIT ( ) SI_UNIT ( $, .RADIAN. ) );
#5879 = DIRECTION ( 'NONE',  ( -0.3385350342956569003, 0.0000000000000000000, -0.9409537876827099856 ) ) ;
#5880 = EDGE_CURVE ( 'NONE', #9064, #6566, #9442, .T. ) ;
#5881 = FILL_AREA_STYLE ('',( #4920 ) ) ;
#5882 = STYLED_ITEM ( 'NONE', ( #9553 ), #3638 ) ;
#5883 = DIRECTION ( 'NONE',  ( -0.0000000000000000000, 1.000000000000000000, -0.0000000000000000000 ) ) ;
#5884 = SURFACE_SIDE_STYLE ('',( #10484 ) ) ;
#5885 = UNCERTAINTY_MEASURE_WITH_UNIT (LENGTH_MEASURE( 1.000000000000000082E-05 ), #10083, 'distance_accuracy_value', 'NONE');
#5886 = FACE_OUTER_BOUND ( 'NONE', #5086, .T. ) ;
#5887 = PLANE ( 'NONE',  #9537 ) ;
#5888 = LINE ( 'NONE', #9629, #4649 ) ;
#5889 =( GEOMETRIC_REPRESENTATION_CONTEXT ( 3 ) GLOBAL_UNCERTAINTY_ASSIGNED_CONTEXT ( ( #4313 ) ) GLOBAL_UNIT_ASSIGNED_CONTEXT ( ( #9194, #4645, #10086 ) ) REPRESENTATION_CONTEXT ( 'NONE', 'WORKASPACE' ) );
#5890 = UNCERTAINTY_MEASURE_WITH_UNIT (LENGTH_MEASURE( 1.000000000000000082E-05 ), #7365, 'distance_accuracy_value', 'NONE');
#5891 = CARTESIAN_POINT ( 'NONE',  ( -1.543149089323647249, -1.010000000000000009, 0.4320380513229469810 ) ) ;
#5892 = CARTESIAN_POINT ( 'NONE',  ( -2.288371761046226194, -1.000000000000000000, 0.3535812312617385156 ) ) ;
#5893 = CARTESIAN_POINT ( 'NONE',  ( -1.456021914816933993, -1.010000000000000009, 0.3034652982244438468 ) ) ;
#5894 = DIRECTION ( 'NONE',  ( 0.0000000000000000000, 1.000000000000000000, 0.0000000000000000000 ) ) ;
#5895 = ADVANCED_FACE ( 'NONE', ( #400 ), #9648, .F. ) ;
#5896 = CARTESIAN_POINT ( 'NONE',  ( -2.450000000000000622, 1.000000000000000000, 0.5999999999999999778 ) ) ;
#5897 = CARTESIAN_POINT ( 'NONE',  ( -2.500000000000000000, 1.000000000000000000, 0.04999999999999926725 ) ) ;
#5898 = CARTESIAN_POINT ( 'NONE',  ( -1.757838149159489438, -1.010000000000000009, 0.2718395779752592611 ) ) ;
#5899 = COLOUR_RGB ( '',0.0000000000000000000, 0.0000000000000000000, 0.0000000000000000000 ) ;
#5900 = UNCERTAINTY_MEASURE_WITH_UNIT (LENGTH_MEASURE( 1.000000000000000082E-05 ), #10409, 'distance_accuracy_value', 'NONE');
#5901 = STYLED_ITEM ( 'NONE', ( #1021 ), #8135 ) ;
#5902 = EDGE_LOOP ( 'NONE', ( #4862, #308, #585, #8281 ) ) ;
#5903 = ORIENTED_EDGE ( 'NONE', *, *, #680, .F. ) ;
#5904 = ORIENTED_EDGE ( 'NONE', *, *, #9913, .T. ) ;
#5905 = SURFACE_STYLE_USAGE ( .BOTH. , #11700 ) ;
#5906 = DIRECTION ( 'NONE',  ( -0.0000000000000000000, -0.0000000000000000000, 1.000000000000000000 ) ) ;
#5908 = DIRECTION ( 'NONE',  ( -0.0000000000000000000, 1.000000000000000000, -0.0000000000000000000 ) ) ;
#5907 = COLOUR_RGB ( '',0.0000000000000000000, 0.0000000000000000000, 0.0000000000000000000 ) ;
#5909 = SURFACE_SIDE_STYLE ('',( #7554 ) ) ;
#5910 = CARTESIAN_POINT ( 'NONE',  ( -1.489476824365007390, -1.010000000000000009, 0.4342041965456000518 ) ) ;
#5911 = LINE ( 'NONE', #3197, #4311 ) ;
#5912 = EDGE_CURVE ( 'NONE', #8824, #11298, #7071, .T. ) ;
#5913 =( GEOMETRIC_REPRESENTATION_CONTEXT ( 3 ) GLOBAL_UNCERTAINTY_ASSIGNED_CONTEXT ( ( #6989 ) ) GLOBAL_UNIT_ASSIGNED_CONTEXT ( ( #1802, #5220, #10795 ) ) REPRESENTATION_CONTEXT ( 'NONE', 'WORKASPACE' ) );
#5914 = LINE ( 'NONE', #7863, #4889 ) ;
#5915 = LINE ( 'NONE', #6653, #3208 ) ;
#5916 = ORIENTED_EDGE ( 'NONE', *, *, #10487, .F. ) ;
#5917 = VERTEX_POINT ( 'NONE', #10689 ) ;
#5918 = EDGE_LOOP ( 'NONE', ( #10656, #9375, #146, #9483 ) ) ;
#5919 = FILL_AREA_STYLE_COLOUR ( '', #9295 ) ;
#5920 = B_SPLINE_SURFACE_WITH_KNOTS ( 'NONE', 3, 1, ( 
 ( #3899, #8670 ),
 ( #8498, #7584 ),
 ( #11428, #4855 ),
 ( #8547, #198 ) ),
 .UNSPECIFIED., .F., .F., .F.,
 ( 4, 4 ),
 ( 2, 2 ),
 ( 5.000000000000000000, 6.000000000000000000 ),
 ( 0.0000000000000000000, 1.000000000000000000 ),
 .UNSPECIFIED. ) ;
#5921 = CARTESIAN_POINT ( 'NONE',  ( 0.0000000000000000000, -1.010000000000000009, 0.0000000000000000000 ) ) ;
#5922 =( NAMED_UNIT ( * ) PLANE_ANGLE_UNIT ( ) SI_UNIT ( $, .RADIAN. ) );
#5923 = EDGE_LOOP ( 'NONE', ( #9950, #1775, #11173, #2839 ) ) ;
#5924 = FILL_AREA_STYLE ('',( #4122 ) ) ;
#5925 = CARTESIAN_POINT ( 'NONE',  ( -1.485000124238365027, -1.000000000000000000, 0.2200446388759535743 ) ) ;
#5926 = PRESENTATION_LAYER_ASSIGNMENT (  '', '', ( #5170 ) ) ;
#5927 = EDGE_CURVE ( 'NONE', #7669, #6336, #7794, .T. ) ;
#5928 = CARTESIAN_POINT ( 'NONE',  ( -1.722168957827996172, -1.000000000000000000, 0.2520554516093513331 ) ) ;
#5929 = VECTOR ( 'NONE', #6402, 1000.000000000000000 ) ;
#5930 = CARTESIAN_POINT ( 'NONE',  ( -1.717331233497683352, -1.010000000000000009, 0.3679201527352576329 ) ) ;
#5931 = ORIENTED_EDGE ( 'NONE', *, *, #11167, .T. ) ;
#5932 = ORIENTED_EDGE ( 'NONE', *, *, #7463, .T. ) ;
#5933 = VECTOR ( 'NONE', #9802, 1000.000000000000000 ) ;
#5934 = VERTEX_POINT ( 'NONE', #10752 ) ;
#5935 = DIRECTION ( 'NONE',  ( -0.0000000000000000000, -0.0000000000000000000, 1.000000000000000000 ) ) ;
#5936 = COLOUR_RGB ( '',0.0000000000000000000, 0.0000000000000000000, 0.0000000000000000000 ) ;
#5937 = LINE ( 'NONE', #3161, #10978 ) ;
#5938 = SURFACE_STYLE_FILL_AREA ( #7705 ) ;
#5939 = LINE ( 'NONE', #4852, #9944 ) ;
#5940 =( NAMED_UNIT ( * ) SI_UNIT ( $, .STERADIAN. ) SOLID_ANGLE_UNIT ( ) );
#5941 = SURFACE_STYLE_FILL_AREA ( #10479 ) ;
#5942 = VECTOR ( 'NONE', #1757, 1000.000000000000000 ) ;
#5943 =( NAMED_UNIT ( * ) SI_UNIT ( $, .STERADIAN. ) SOLID_ANGLE_UNIT ( ) );
#5944 = DIRECTION ( 'NONE',  ( -0.0000000000000000000, 1.000000000000000000, -0.0000000000000000000 ) ) ;
#5945 = MECHANICAL_DESIGN_GEOMETRIC_PRESENTATION_REPRESENTATION (  '', ( #10396 ), #10788 ) ;
#5946 = ORIENTED_EDGE ( 'NONE', *, *, #11167, .F. ) ;
#5947 = SURFACE_STYLE_FILL_AREA ( #10672 ) ;
#5948 = EDGE_CURVE ( 'NONE', #4653, #963, #2478, .T. ) ;
#5949 = CARTESIAN_POINT ( 'NONE',  ( 2.500000000000000000, 0.9500000000000007327, 0.5500000000000007105 ) ) ;
#5950 = CARTESIAN_POINT ( 'NONE',  ( -2.048045250642851034, -1.010000000000000009, 0.2190251388621479445 ) ) ;
#5951 = CARTESIAN_POINT ( 'NONE',  ( -1.668135668665369442, -1.010000000000000009, 0.2780973308403431599 ) ) ;
#5952 = CARTESIAN_POINT ( 'NONE',  ( -2.500000000000000000, -1.000000000000000000, 0.04999999999999926725 ) ) ;
#5953 = DIRECTION ( 'NONE',  ( -0.0000000000000000000, 1.000000000000000000, -0.0000000000000000000 ) ) ;
#5954 = CARTESIAN_POINT ( 'NONE',  ( -1.751171235529970227, -1.010000000000000009, 0.2760274587385814771 ) ) ;
#5955 = ORIENTED_EDGE ( 'NONE', *, *, #11552, .T. ) ;
#5956 = EDGE_LOOP ( 'NONE', ( #1750, #8218, #9307, #3454 ) ) ;
#5957 = ORIENTED_EDGE ( 'NONE', *, *, #9913, .F. ) ;
#5958 =( NAMED_UNIT ( * ) PLANE_ANGLE_UNIT ( ) SI_UNIT ( $, .RADIAN. ) );
#5959 = EDGE_CURVE ( 'NONE', #7259, #11407, #1391, .T. ) ;
#5960 =( LENGTH_UNIT ( ) NAMED_UNIT ( * ) SI_UNIT ( .MILLI., .METRE. ) );
#5961 = SURFACE_STYLE_USAGE ( .BOTH. , #8114 ) ;
#5962 =( NAMED_UNIT ( * ) PLANE_ANGLE_UNIT ( ) SI_UNIT ( $, .RADIAN. ) );
#5963 = PRESENTATION_STYLE_ASSIGNMENT (( #8521 ) ) ;
#5964 = EDGE_CURVE ( 'NONE', #8106, #11544, #8754, .T. ) ;
#5965 = SURFACE_SIDE_STYLE ('',( #6835 ) ) ;
#5966 = FILL_AREA_STYLE ('',( #8761 ) ) ;
#5967 =( NAMED_UNIT ( * ) SI_UNIT ( $, .STERADIAN. ) SOLID_ANGLE_UNIT ( ) );
#5968 = ORIENTED_EDGE ( 'NONE', *, *, #9887, .F. ) ;
#5969 = ORIENTED_EDGE ( 'NONE', *, *, #8602, .F. ) ;
#5970 = ORIENTED_EDGE ( 'NONE', *, *, #961, .F. ) ;
#5971 = EDGE_CURVE ( 'NONE', #609, #98, #10986, .T. ) ;
#5972 = CARTESIAN_POINT ( 'NONE',  ( -1.993151747090587511, -1.000000000000000000, 0.2498190567349448388 ) ) ;
#5973 = ORIENTED_EDGE ( 'NONE', *, *, #6281, .F. ) ;
#5974 = STYLED_ITEM ( 'NONE', ( #8786 ), #5448 ) ;
#5975 = CARTESIAN_POINT ( 'NONE',  ( -1.759234109414038238, -1.000000000000000000, 0.4405582225315766709 ) ) ;
#5976 = PRESENTATION_STYLE_ASSIGNMENT (( #5761 ) ) ;
#5977 = CARTESIAN_POINT ( 'NONE',  ( -1.760076499222489987, -1.000000000000000000, 0.4046964849586197066 ) ) ;
#5978 = LINE ( 'NONE', #5326, #3772 ) ;
#5979 =( GEOMETRIC_REPRESENTATION_CONTEXT ( 3 ) GLOBAL_UNCERTAINTY_ASSIGNED_CONTEXT ( ( #9513 ) ) GLOBAL_UNIT_ASSIGNED_CONTEXT ( ( #8243, #4537, #10097 ) ) REPRESENTATION_CONTEXT ( 'NONE', 'WORKASPACE' ) );
#5980 = VERTEX_POINT ( 'NONE', #2711 ) ;
#5981 = DIRECTION ( 'NONE',  ( -1.000000000000000000, -0.0000000000000000000, -0.0000000000000000000 ) ) ;
#5982 = ORIENTED_EDGE ( 'NONE', *, *, #4016, .T. ) ;
#5983 = DIRECTION ( 'NONE',  ( -0.0000000000000000000, 0.0000000000000000000, 1.000000000000000000 ) ) ;
#5984 = B_SPLINE_CURVE_WITH_KNOTS ( 'NONE', 3,
 ( #10190, #2887, #10987, #1933 ),
 .UNSPECIFIED., .F., .F.,
 ( 4, 4 ),
 ( 5.000000000000000000, 6.000000000000000000 ),
 .UNSPECIFIED. ) ;
#5985 = EDGE_CURVE ( 'NONE', #6751, #9171, #6399, .T. ) ;
#5986 = ORIENTED_EDGE ( 'NONE', *, *, #1558, .F. ) ;
#5987 = ADVANCED_FACE ( 'NONE', ( #11761 ), #9610, .F. ) ;
#5988 = CARTESIAN_POINT ( 'NONE',  ( -2.031309420160799739, -1.010000000000000009, 0.4653765432912256861 ) ) ;
#5989 = CARTESIAN_POINT ( 'NONE',  ( -1.589239846003645207, -1.010000000000000009, 0.3694123861110195084 ) ) ;
#5990 = CARTESIAN_POINT ( 'NONE',  ( -1.489476824365007612, -1.010000000000000009, 0.4342041965456001074 ) ) ;
#5991 = PRESENTATION_LAYER_ASSIGNMENT (  '', '', ( #4461 ) ) ;
#5992 = FILL_AREA_STYLE ('',( #6801 ) ) ;
#5993 = SURFACE_SIDE_STYLE ('',( #10600 ) ) ;
#5994 = CARTESIAN_POINT ( 'NONE',  ( -1.708209355282514164, -1.000000000000000000, 0.4531218648228320101 ) ) ;
#5995 = CARTESIAN_POINT ( 'NONE',  ( -1.678581302294096300, -1.000000000000000000, 0.2660150541541911329 ) ) ;
#5996 = B_SPLINE_CURVE_WITH_KNOTS ( 'NONE', 3,
 ( #3231, #10301, #2039, #10421 ),
 .UNSPECIFIED., .F., .F.,
 ( 4, 4 ),
 ( 34.00000000000000000, 35.00000000000000000 ),
 .UNSPECIFIED. ) ;
#5997 = CARTESIAN_POINT ( 'NONE',  ( -1.742097493875565783, -1.000000000000000000, 0.2492635311002533993 ) ) ;
#5998 = UNCERTAINTY_MEASURE_WITH_UNIT (LENGTH_MEASURE( 1.000000000000000082E-05 ), #8892, 'distance_accuracy_value', 'NONE');
#5999 = LINE ( 'NONE', #8676, #7464 ) ;
#6000 = ORIENTED_EDGE ( 'NONE', *, *, #6624, .T. ) ;
#6001 = VECTOR ( 'NONE', #10609, 1000.000000000000000 ) ;
#6002 = EDGE_CURVE ( 'NONE', #10028, #5460, #10872, .T. ) ;
#6003 =( NAMED_UNIT ( * ) PLANE_ANGLE_UNIT ( ) SI_UNIT ( $, .RADIAN. ) );
#6004 = CARTESIAN_POINT ( 'NONE',  ( -1.652202467139338937, -1.010000000000000009, 0.2636563626897552304 ) ) ;
#6005 = UNCERTAINTY_MEASURE_WITH_UNIT (LENGTH_MEASURE( 1.000000000000000082E-05 ), #2019, 'distance_accuracy_value', 'NONE');
#6006 = DIRECTION ( 'NONE',  ( -1.000000000000000000, 0.0000000000000000000, -0.0000000000000000000 ) ) ;
#6007 = SURFACE_STYLE_FILL_AREA ( #1506 ) ;
#6008 = FACE_OUTER_BOUND ( 'NONE', #11296, .T. ) ;
#6009 = SURFACE_SIDE_STYLE ('',( #6997 ) ) ;
#6010 = DIRECTION ( 'NONE',  ( 1.000000000000000000, 0.0000000000000000000, -0.0000000000000000000 ) ) ;
#6011 =( GEOMETRIC_REPRESENTATION_CONTEXT ( 3 ) GLOBAL_UNCERTAINTY_ASSIGNED_CONTEXT ( ( #6876 ) ) GLOBAL_UNIT_ASSIGNED_CONTEXT ( ( #7627, #2254, #11406 ) ) REPRESENTATION_CONTEXT ( 'NONE', 'WORKASPACE' ) );
#6012 = FILL_AREA_STYLE_COLOUR ( '', #918 ) ;
#6013 = ADVANCED_FACE ( 'NONE', ( #1877 ), #7793, .F. ) ;
#6014 = FILL_AREA_STYLE ('',( #9701 ) ) ;
#6015 = UNCERTAINTY_MEASURE_WITH_UNIT (LENGTH_MEASURE( 1.000000000000000082E-05 ), #5310, 'distance_accuracy_value', 'NONE');
#6016 = ORIENTED_EDGE ( 'NONE', *, *, #752, .T. ) ;
#6017 = ORIENTED_EDGE ( 'NONE', *, *, #1278, .T. ) ;
#6018 = COLOUR_RGB ( '',0.0000000000000000000, 0.0000000000000000000, 0.0000000000000000000 ) ;
#6019 = CARTESIAN_POINT ( 'NONE',  ( -1.814181993226108291, -1.010000000000000009, 0.2200446388759535743 ) ) ;
#6020 = ORIENTED_EDGE ( 'NONE', *, *, #6417, .F. ) ;
#6021 = CARTESIAN_POINT ( 'NONE',  ( -1.722168957827996172, -1.010000000000000009, 0.2430539147956138624 ) ) ;
#6022 =( NAMED_UNIT ( * ) SI_UNIT ( $, .STERADIAN. ) SOLID_ANGLE_UNIT ( ) );
#6023 = DIRECTION ( 'NONE',  ( -0.4673073067545558956, 0.0000000000000000000, 0.8840949502478812061 ) ) ;
#6024 = SURFACE_SIDE_STYLE ('',( #10633 ) ) ;
#6025 = COLOUR_RGB ( '',0.7529411764705882248, 0.7529411764705882248, 0.7529411764705882248 ) ;
#6026 = SURFACE_STYLE_FILL_AREA ( #4342 ) ;
#6027 = LINE ( 'NONE', #8705, #8961 ) ;
#6028 = EDGE_CURVE ( 'NONE', #10356, #4550, #151, .T. ) ;
#6029 = STYLED_ITEM ( 'NONE', ( #983 ), #830 ) ;
#6030 = MECHANICAL_DESIGN_GEOMETRIC_PRESENTATION_REPRESENTATION (  '', ( #2958 ), #8552 ) ;
#6031 = PRESENTATION_STYLE_ASSIGNMENT (( #2366 ) ) ;
#6032 = ORIENTED_EDGE ( 'NONE', *, *, #9120, .T. ) ;
#6033 = EDGE_LOOP ( 'NONE', ( #6943, #9158, #8240, #7872 ) ) ;
#6034 = ORIENTED_EDGE ( 'NONE', *, *, #7025, .F. ) ;
#6035 = PRESENTATION_LAYER_ASSIGNMENT (  '', '', ( #2964 ) ) ;
#6036 = FILL_AREA_STYLE_COLOUR ( '', #7969 ) ;
#6037 = ORIENTED_EDGE ( 'NONE', *, *, #1521, .T. ) ;
#6038 = MECHANICAL_DESIGN_GEOMETRIC_PRESENTATION_REPRESENTATION (  '', ( #8192 ), #843 ) ;
#6039 = CARTESIAN_POINT ( 'NONE',  ( -1.634993646760196651, -1.010000000000000009, 0.4420023193468916589 ) ) ;
#6040 = SURFACE_STYLE_USAGE ( .BOTH. , #7200 ) ;
#6041 = LINE ( 'NONE', #1131, #3344 ) ;
#6042 = B_SPLINE_SURFACE_WITH_KNOTS ( 'NONE', 3, 1, ( 
 ( #3443, #8333 ),
 ( #835, #4513 ),
 ( #6343, #9070 ),
 ( #10932, #7307 ) ),
 .UNSPECIFIED., .F., .F., .F.,
 ( 4, 4 ),
 ( 2, 2 ),
 ( 15.00000000000000000, 16.00000000000000000 ),
 ( 0.0000000000000000000, 1.000000000000000000 ),
 .UNSPECIFIED. ) ;
#6043 = CARTESIAN_POINT ( 'NONE',  ( -1.760076499222489987, -1.010000000000000009, 0.4165380788418970304 ) ) ;
#6044 = LINE ( 'NONE', #5079, #10374 ) ;
#6045 = ADVANCED_FACE ( 'NONE', ( #2047 ), #7597, .F. ) ;
#6046 = COLOUR_RGB ( '',0.0000000000000000000, 0.0000000000000000000, 0.0000000000000000000 ) ;
#6047 = STYLED_ITEM ( 'NONE', ( #5340 ), #2745 ) ;
#6048 = DIRECTION ( 'NONE',  ( -0.3897582650654687342, 0.0000000000000000000, -0.9209172030172723122 ) ) ;
#6049 = STYLED_ITEM ( 'NONE', ( #577 ), #1338 ) ;
#6050 = VERTEX_POINT ( 'NONE', #6755 ) ;
#6051 = ORIENTED_EDGE ( 'NONE', *, *, #763, .T. ) ;
#6052 = CARTESIAN_POINT ( 'NONE',  ( -1.652202467139339159, -1.010000000000000009, 0.2751128640888174659 ) ) ;
#6053 = ORIENTED_EDGE ( 'NONE', *, *, #8636, .F. ) ;
#6054 =( NAMED_UNIT ( * ) PLANE_ANGLE_UNIT ( ) SI_UNIT ( $, .RADIAN. ) );
#6055 = STYLED_ITEM ( 'NONE', ( #1043 ), #9472 ) ;
#6056 = MECHANICAL_DESIGN_GEOMETRIC_PRESENTATION_REPRESENTATION (  '', ( #4901 ), #860 ) ;
#6057 = FACE_OUTER_BOUND ( 'NONE', #7007, .T. ) ;
#6058 = CARTESIAN_POINT ( 'NONE',  ( -2.045367507551225206, -1.010000000000000009, 0.3234567363933391615 ) ) ;
#6059 = CARTESIAN_POINT ( 'NONE',  ( -2.048045250642851034, -1.010000000000000009, 0.2297360601562266069 ) ) ;
#6060 =( NAMED_UNIT ( * ) SI_UNIT ( $, .STERADIAN. ) SOLID_ANGLE_UNIT ( ) );
#6061 = AXIS2_PLACEMENT_3D ( 'NONE', #5099, #6132, #439 ) ;
#6062 = FILL_AREA_STYLE ('',( #7831 ) ) ;
#6063 = ADVANCED_FACE ( 'NONE', ( #8388 ), #4928, .T. ) ;
#6064 = LINE ( 'NONE', #8022, #2971 ) ;
#6065 =( LENGTH_UNIT ( ) NAMED_UNIT ( * ) SI_UNIT ( .MILLI., .METRE. ) );
#6066 = CARTESIAN_POINT ( 'NONE',  ( -1.470294405005320604, -1.000000000000000000, 0.3034652982244437913 ) ) ;
#6067 = VECTOR ( 'NONE', #9102, 1000.000000000000000 ) ;
#6068 = MECHANICAL_DESIGN_GEOMETRIC_PRESENTATION_REPRESENTATION (  '', ( #8212 ), #5491 ) ;
#6069 =( NAMED_UNIT ( * ) PLANE_ANGLE_UNIT ( ) SI_UNIT ( $, .RADIAN. ) );
#6070 = ORIENTED_EDGE ( 'NONE', *, *, #8857, .F. ) ;
#6071 = CARTESIAN_POINT ( 'NONE',  ( -1.497323083726747273, -1.000000000000000000, 0.4528330454595122512 ) ) ;
#6072 = CARTESIAN_POINT ( 'NONE',  ( -1.669290946117363283, -1.010000000000000009, 0.2685181553006110167 ) ) ;
#6073 =( GEOMETRIC_REPRESENTATION_CONTEXT ( 3 ) GLOBAL_UNCERTAINTY_ASSIGNED_CONTEXT ( ( #8094 ) ) GLOBAL_UNIT_ASSIGNED_CONTEXT ( ( #10725, #5204, #1491 ) ) REPRESENTATION_CONTEXT ( 'NONE', 'WORKASPACE' ) );
#6074 = VECTOR ( 'NONE', #11727, 1000.000000000000000 ) ;
#6075 = LINE ( 'NONE', #7843, #11339 ) ;
#6076 = SURFACE_STYLE_FILL_AREA ( #10920 ) ;
#6077 = CARTESIAN_POINT ( 'NONE',  ( -1.724647990693872091, -1.010000000000000009, 0.4544215519561667915 ) ) ;
#6078 = EDGE_CURVE ( 'NONE', #1958, #4623, #7477, .T. ) ;
#6079 = SURFACE_STYLE_USAGE ( .BOTH. , #2409 ) ;
#6081 = EDGE_CURVE ( 'NONE', #7914, #1459, #11331, .T. ) ;
#6080 = CARTESIAN_POINT ( 'NONE',  ( -1.640409009816507391, -1.000000000000000000, 0.1890928304736576859 ) ) ;
#6082 = CARTESIAN_POINT ( 'NONE',  ( -2.096913870543995806, -1.010000000000000009, 0.4780957742979444203 ) ) ;
#6083 = B_SPLINE_CURVE_WITH_KNOTS ( 'NONE', 3,
 ( #10478, #1087, #4754, #8453 ),
 .UNSPECIFIED., .F., .F.,
 ( 4, 4 ),
 ( 16.00000000000000000, 17.00000000000000000 ),
 .UNSPECIFIED. ) ;
#6084 = CARTESIAN_POINT ( 'NONE',  ( -1.722168957827996172, -1.000000000000000000, 0.2366036156881059782 ) ) ;
#6085 = VERTEX_POINT ( 'NONE', #4032 ) ;
#6086 = ORIENTED_EDGE ( 'NONE', *, *, #3558, .F. ) ;
#6087 = ORIENTED_EDGE ( 'NONE', *, *, #540, .F. ) ;
#6088 = FACE_OUTER_BOUND ( 'NONE', #11421, .T. ) ;
#6089 = CARTESIAN_POINT ( 'NONE',  ( -1.471329341056199835, -1.010000000000000009, 0.2200446388759535743 ) ) ;
#6090 = FACE_OUTER_BOUND ( 'NONE', #7868, .T. ) ;
#6091 = FILL_AREA_STYLE_COLOUR ( '', #11645 ) ;
#6092 = CARTESIAN_POINT ( 'NONE',  ( -2.248205767888787232, -1.010000000000000009, 0.2551745429188400083 ) ) ;
#6093 = DIRECTION ( 'NONE',  ( -1.000000000000000000, 0.0000000000000000000, -0.0000000000000000000 ) ) ;
#6094 = PRESENTATION_STYLE_ASSIGNMENT (( #4459 ) ) ;
#6095 = MECHANICAL_DESIGN_GEOMETRIC_PRESENTATION_REPRESENTATION (  '', ( #9004 ), #3601 ) ;
#6096 = CARTESIAN_POINT ( 'NONE',  ( -1.470294405005320604, -1.000000000000000000, 0.3034652982244437913 ) ) ;
#6097 = MECHANICAL_DESIGN_GEOMETRIC_PRESENTATION_REPRESENTATION (  '', ( #505 ), #6680 ) ;
#6098 = SURFACE_STYLE_FILL_AREA ( #4235 ) ;
#6099 =( LENGTH_UNIT ( ) NAMED_UNIT ( * ) SI_UNIT ( .MILLI., .METRE. ) );
#6100 = DIRECTION ( 'NONE',  ( -0.0000000000000000000, 1.000000000000000000, -0.0000000000000000000 ) ) ;
#6101 = ORIENTED_EDGE ( 'NONE', *, *, #10917, .F. ) ;
#6102 = ORIENTED_EDGE ( 'NONE', *, *, #10407, .F. ) ;
#6103 = CARTESIAN_POINT ( 'NONE',  ( -1.764408789667795130, -1.010000000000000009, 0.2273132595116904575 ) ) ;
#6104 = VECTOR ( 'NONE', #2943, 1000.000000000000000 ) ;
#6105 = VERTEX_POINT ( 'NONE', #3114 ) ;
#6106 = DIRECTION ( 'NONE',  ( -1.000000000000000000, 0.0000000000000000000, 0.0000000000000000000 ) ) ;
#6107 = EDGE_CURVE ( 'NONE', #11828, #112, #6812, .T. ) ;
#6108 = FACE_OUTER_BOUND ( 'NONE', #2001, .T. ) ;
#6109 =( NAMED_UNIT ( * ) SI_UNIT ( $, .STERADIAN. ) SOLID_ANGLE_UNIT ( ) );
#6110 =( LENGTH_UNIT ( ) NAMED_UNIT ( * ) SI_UNIT ( .MILLI., .METRE. ) );
#6111 = PRESENTATION_LAYER_ASSIGNMENT (  '', '', ( #8065 ) ) ;
#6112 = CARTESIAN_POINT ( 'NONE',  ( -1.648977317585904379, -1.000000000000000000, 0.2214405991301779397 ) ) ;
#6113 = CARTESIAN_POINT ( 'NONE',  ( -1.443337931124564877, -1.000000000000000000, 0.2298644972179162416 ) ) ;
#6114 = COLOUR_RGB ( '',0.0000000000000000000, 0.0000000000000000000, 0.0000000000000000000 ) ;
#6115 =( NAMED_UNIT ( * ) PLANE_ANGLE_UNIT ( ) SI_UNIT ( $, .RADIAN. ) );
#6116 = ORIENTED_EDGE ( 'NONE', *, *, #5625, .F. ) ;
#6117 = AXIS2_PLACEMENT_3D ( 'NONE', #6058, #563, #1550 ) ;
#6118 = CARTESIAN_POINT ( 'NONE',  ( -1.434697418514818468, -1.010000000000000009, 0.2224996034612828633 ) ) ;
#6119 = VERTEX_POINT ( 'NONE', #9345 ) ;
#6120 = CARTESIAN_POINT ( 'NONE',  ( -1.969721558878669621, -1.000000000000000000, 0.3904000200175501423 ) ) ;
#6121 = EDGE_LOOP ( 'NONE', ( #9290, #6116, #2354, #6293, #1760, #10781, #2314 ) ) ;
#6122 = FACE_OUTER_BOUND ( 'NONE', #9083, .T. ) ;
#6123 = CARTESIAN_POINT ( 'NONE',  ( 2.450000000000001066, 1.000000000000000000, 0.5999999999999999778 ) ) ;
#6124 = VECTOR ( 'NONE', #11755, 1000.000000000000114 ) ;
#6125 = EDGE_CURVE ( 'NONE', #6849, #5047, #7902, .T. ) ;
#6126 = COLOUR_RGB ( '',0.7529411764705882248, 0.7529411764705882248, 0.7529411764705882248 ) ;
#6127 = DIRECTION ( 'NONE',  ( 1.000000000000000000, -0.0000000000000000000, -0.0000000000000000000 ) ) ;
#6128 = CARTESIAN_POINT ( 'NONE',  ( 2.450000000000000622, 0.9500000000000007327, 0.0000000000000000000 ) ) ;
#6129 = SURFACE_STYLE_FILL_AREA ( #8976 ) ;
#6130 = SURFACE_STYLE_FILL_AREA ( #3416 ) ;
#6131 = VECTOR ( 'NONE', #2481, 1000.000000000000000 ) ;
#6132 = DIRECTION ( 'NONE',  ( 1.000000000000000000, 0.0000000000000000000, -0.0000000000000000000 ) ) ;
#6133 = FILL_AREA_STYLE ('',( #11553 ) ) ;
#6134 = FILL_AREA_STYLE ('',( #2394 ) ) ;
#6135 = UNCERTAINTY_MEASURE_WITH_UNIT (LENGTH_MEASURE( 1.000000000000000082E-05 ), #414, 'distance_accuracy_value', 'NONE');
#6136 = PRESENTATION_STYLE_ASSIGNMENT (( #625 ) ) ;
#6137 = EDGE_LOOP ( 'NONE', ( #11342, #4890, #10401, #3982 ) ) ;
#6138 = COLOUR_RGB ( '',0.7529411764705882248, 0.7529411764705882248, 0.7529411764705882248 ) ;
#6139 = EDGE_CURVE ( 'NONE', #5460, #8726, #2224, .T. ) ;
#6140 = B_SPLINE_CURVE_WITH_KNOTS ( 'NONE', 3,
 ( #5345, #756, #881, #1623 ),
 .UNSPECIFIED., .F., .F.,
 ( 4, 4 ),
 ( 0.0000000000000000000, 1.000000000000000000 ),
 .UNSPECIFIED. ) ;
#6141 = CARTESIAN_POINT ( 'NONE',  ( -1.757838149159489216, -1.010000000000000009, 0.2603830765755508203 ) ) ;
#6142 = CARTESIAN_POINT ( 'NONE',  ( -1.565580726517312060, -1.000000000000000000, 0.2093101858842237872 ) ) ;
#6143 = B_SPLINE_CURVE_WITH_KNOTS ( 'NONE', 3,
 ( #8251, #11917, #2692, #10224 ),
 .UNSPECIFIED., .F., .F.,
 ( 4, 4 ),
 ( 0.0000000000000000000, 1.000000000000000000 ),
 .UNSPECIFIED. ) ;
#6144 = UNCERTAINTY_MEASURE_WITH_UNIT (LENGTH_MEASURE( 1.000000000000000082E-05 ), #1336, 'distance_accuracy_value', 'NONE');
#6145 = CARTESIAN_POINT ( 'NONE',  ( -2.028631677068852834, -1.010000000000000009, 0.2089836405724676549 ) ) ;
#6146 = SURFACE_SIDE_STYLE ('',( #1023 ) ) ;
#6147 = CARTESIAN_POINT ( 'NONE',  ( -2.208709210504175680, -1.000000000000000000, 0.3837057261294960497 ) ) ;
#6148 =( LENGTH_UNIT ( ) NAMED_UNIT ( * ) SI_UNIT ( .MILLI., .METRE. ) );
#6149 = CARTESIAN_POINT ( 'NONE',  ( -1.638098454912515711, -1.000000000000000000, 0.1881782358238936470 ) ) ;
#6150 = UNCERTAINTY_MEASURE_WITH_UNIT (LENGTH_MEASURE( 1.000000000000000082E-05 ), #8354, 'distance_accuracy_value', 'NONE');
#6151 = MECHANICAL_DESIGN_GEOMETRIC_PRESENTATION_REPRESENTATION (  '', ( #1897 ), #1535 ) ;
#6152 = EDGE_LOOP ( 'NONE', ( #8657, #8417, #4721, #2493, #10064, #584, #728, #4239 ) ) ;
#6153 = ORIENTED_EDGE ( 'NONE', *, *, #61, .T. ) ;
#6154 = ORIENTED_EDGE ( 'NONE', *, *, #10061, .F. ) ;
#6155 = FILL_AREA_STYLE_COLOUR ( '', #1424 ) ;
#6156 = EDGE_CURVE ( 'NONE', #9145, #10563, #4153, .T. ) ;
#6157 = VECTOR ( 'NONE', #2624, 1000.000000000000000 ) ;
#6158 = EDGE_CURVE ( 'NONE', #6604, #114, #1318, .T. ) ;
#6159 = CARTESIAN_POINT ( 'NONE',  ( -1.484326212391473554, -1.000000000000000000, 0.4528330454595122512 ) ) ;
#6160 = FILL_AREA_STYLE_COLOUR ( '', #1941 ) ;
#6161 = DIRECTION ( 'NONE',  ( 0.8840949502478810951, 0.0000000000000000000, 0.4673073067545558401 ) ) ;
#6162 = CARTESIAN_POINT ( 'NONE',  ( -1.638315069434844506, -1.000000000000000000, 0.1779732849977178899 ) ) ;
#6163 = CARTESIAN_POINT ( 'NONE',  ( -1.632803433257323134, -1.010000000000000009, 0.1776363290739492451 ) ) ;
#6164 = SURFACE_SIDE_STYLE ('',( #9847 ) ) ;
#6165 = PLANE ( 'NONE',  #11073 ) ;
#6166 = VECTOR ( 'NONE', #10530, 1000.000000000000000 ) ;
#6167 = B_SPLINE_CURVE_WITH_KNOTS ( 'NONE', 3,
 ( #1695, #11146, #4561, #3723 ),
 .UNSPECIFIED., .F., .F.,
 ( 4, 4 ),
 ( 0.0000000000000000000, 1.000000000000000000 ),
 .UNSPECIFIED. ) ;
#6168 = B_SPLINE_CURVE_WITH_KNOTS ( 'NONE', 3,
 ( #3232, #4147, #3001, #5768, #4924, #3111 ),
 .UNSPECIFIED., .F., .F.,
 ( 4, 2, 4 ),
 ( 2.000000000000000000, 3.000000000000000000, 4.000000000000000000 ),
 .UNSPECIFIED. ) ;
#6169 = SURFACE_SIDE_STYLE ('',( #2487 ) ) ;
#6170 = ORIENTED_EDGE ( 'NONE', *, *, #3502, .T. ) ;
#6171 = ORIENTED_EDGE ( 'NONE', *, *, #1718, .F. ) ;
#6172 = CARTESIAN_POINT ( 'NONE',  ( -1.671336749938581390, -1.010000000000000009, 0.4010862429206517588 ) ) ;
#6173 = VERTEX_POINT ( 'NONE', #9691 ) ;
#6174 = CARTESIAN_POINT ( 'NONE',  ( -2.023276241958665622, -1.010000000000000009, 0.2498190567349448388 ) ) ;
#6175 = EDGE_LOOP ( 'NONE', ( #9181, #263, #8645, #1173 ) ) ;
#6176 = AXIS2_PLACEMENT_3D ( 'NONE', #105, #224, #10390 ) ;
#6177 = SURFACE_STYLE_FILL_AREA ( #4356 ) ;
#6178 = CARTESIAN_POINT ( 'NONE',  ( -1.343984070249720331, -1.010000000000000009, 0.2093101858842237595 ) ) ;
#6179 = CARTESIAN_POINT ( 'NONE',  ( -2.039342623899785600, -1.000000000000000000, 0.2096530635768659445 ) ) ;
#6180 = PRESENTATION_STYLE_ASSIGNMENT (( #1601 ) ) ;
#6182 = EDGE_CURVE ( 'NONE', #6523, #11041, #5888, .T. ) ;
#6181 = CARTESIAN_POINT ( 'NONE',  ( -1.514941064870001020, -1.010000000000000009, 0.2093101858842237595 ) ) ;
#6183 = MECHANICAL_DESIGN_GEOMETRIC_PRESENTATION_REPRESENTATION (  '', ( #3087 ), #3674 ) ;
#6184 = ORIENTED_EDGE ( 'NONE', *, *, #11033, .F. ) ;
#6185 = SURFACE_STYLE_FILL_AREA ( #4296 ) ;
#6186 = VERTEX_POINT ( 'NONE', #3426 ) ;
#6187 = DIRECTION ( 'NONE',  ( -0.9903286039881269431, -0.0000000000000000000, -0.1387416884823294283 ) ) ;
#6188 = ORIENTED_EDGE ( 'NONE', *, *, #420, .F. ) ;
#6189 = VECTOR ( 'NONE', #11094, 1000.000000000000000 ) ;
#6190 = DIRECTION ( 'NONE',  ( -0.0000000000000000000, 1.000000000000000000, -0.0000000000000000000 ) ) ;
#6191 = CARTESIAN_POINT ( 'NONE',  ( -1.756995759350713726, -1.000000000000000000, 0.3844791295480523563 ) ) ;
#6192 = CARTESIAN_POINT ( 'NONE',  ( -2.208709210504175680, -1.010000000000000009, 0.3837057261294960497 ) ) ;
#6193 = CARTESIAN_POINT ( 'NONE',  ( -1.749317977950537450, -1.000000000000000000, 0.2367961619298920017 ) ) ;
#6194 =( NAMED_UNIT ( * ) PLANE_ANGLE_UNIT ( ) SI_UNIT ( $, .RADIAN. ) );
#6195 = LINE ( 'NONE', #10784, #11832 ) ;
#6196 = MECHANICAL_DESIGN_GEOMETRIC_PRESENTATION_REPRESENTATION (  '', ( #5603 ), #9652 ) ;
#6197 = CARTESIAN_POINT ( 'NONE',  ( -1.674995128536674205, -1.010000000000000009, 0.2173489914877489715 ) ) ;
#6198 = EDGE_CURVE ( 'NONE', #1903, #2961, #6415, .T. ) ;
#6199 = EDGE_CURVE ( 'NONE', #8342, #10671, #1376, .T. ) ;
#6200 = LINE ( 'NONE', #9216, #11274 ) ;
#6201 =( GEOMETRIC_REPRESENTATION_CONTEXT ( 3 ) GLOBAL_UNCERTAINTY_ASSIGNED_CONTEXT ( ( #3850 ) ) GLOBAL_UNIT_ASSIGNED_CONTEXT ( ( #23, #2650, #7418 ) ) REPRESENTATION_CONTEXT ( 'NONE', 'WORKASPACE' ) );
#6202 = PRESENTATION_STYLE_ASSIGNMENT (( #11802 ) ) ;
#6203 = DIRECTION ( 'NONE',  ( -0.0000000000000000000, 1.000000000000000000, -0.0000000000000000000 ) ) ;
#6204 = SURFACE_STYLE_USAGE ( .BOTH. , #10739 ) ;
#6205 = FACE_OUTER_BOUND ( 'NONE', #7837, .T. ) ;
#6206 = SURFACE_STYLE_USAGE ( .BOTH. , #3369 ) ;
#6207 = CARTESIAN_POINT ( 'NONE',  ( 0.0000000000000000000, -0.9500000000000007327, 0.5999999999999999778 ) ) ;
#6209 = ADVANCED_FACE ( 'NONE', ( #6932 ), #2460, .F. ) ;
#6208 = FILL_AREA_STYLE ('',( #11630 ) ) ;
#6210 = B_SPLINE_CURVE_WITH_KNOTS ( 'NONE', 3,
 ( #208, #11445, #4866, #3007 ),
 .UNSPECIFIED., .F., .F.,
 ( 4, 4 ),
 ( 1.000000000000000000, 2.000000000000000000 ),
 .UNSPECIFIED. ) ;
#6211 = ORIENTED_EDGE ( 'NONE', *, *, #2333, .T. ) ;
#6212 = ORIENTED_EDGE ( 'NONE', *, *, #2614, .T. ) ;
#6213 = ORIENTED_EDGE ( 'NONE', *, *, #5948, .F. ) ;
#6214 = FILL_AREA_STYLE_COLOUR ( '', #11422 ) ;
#6215 = CARTESIAN_POINT ( 'NONE',  ( -1.736609925978263469, -1.000000000000000000, 0.3679201527352576329 ) ) ;
#6216 = DIRECTION ( 'NONE',  ( 0.0000000000000000000, 1.000000000000000000, 0.0000000000000000000 ) ) ;
#6217 = LINE ( 'NONE', #533, #9909 ) ;
#6218 = CARTESIAN_POINT ( 'NONE',  ( -1.997168336191654125, -1.010000000000000009, 0.3542506287292847000 ) ) ;
#6219 =( LENGTH_UNIT ( ) NAMED_UNIT ( * ) SI_UNIT ( .MILLI., .METRE. ) );
#6220 =( NAMED_UNIT ( * ) SI_UNIT ( $, .STERADIAN. ) SOLID_ANGLE_UNIT ( ) );
#6221 = SURFACE_STYLE_FILL_AREA ( #5239 ) ;
#6222 =( NAMED_UNIT ( * ) SI_UNIT ( $, .STERADIAN. ) SOLID_ANGLE_UNIT ( ) );
#6224 = EDGE_CURVE ( 'NONE', #5554, #6785, #11622, .T. ) ;
#6223 = SURFACE_STYLE_FILL_AREA ( #5429 ) ;
#6225 = STYLED_ITEM ( 'NONE', ( #10346 ), #10307 ) ;
#6226 = ORIENTED_EDGE ( 'NONE', *, *, #1982, .T. ) ;
#6227 = VERTEX_POINT ( 'NONE', #3362 ) ;
#6228 = CARTESIAN_POINT ( 'NONE',  ( -1.661083662551957385, -1.010000000000000009, 0.2264468014223747216 ) ) ;
#6229 = ORIENTED_EDGE ( 'NONE', *, *, #1504, .T. ) ;
#6230 = SURFACE_STYLE_FILL_AREA ( #2549 ) ;
#6231 = ORIENTED_EDGE ( 'NONE', *, *, #3877, .F. ) ;
#6232 = FILL_AREA_STYLE_COLOUR ( '', #6301 ) ;
#6233 = SURFACE_STYLE_USAGE ( .BOTH. , #1539 ) ;
#6234 = EDGE_CURVE ( 'NONE', #10412, #2116, #10000, .T. ) ;
#6235 = B_SPLINE_CURVE_WITH_KNOTS ( 'NONE', 3,
 ( #5698, #1069, #4615, #8317 ),
 .UNSPECIFIED., .F., .F.,
 ( 4, 4 ),
 ( 12.00000000000000000, 13.00000000000000000 ),
 .UNSPECIFIED. ) ;
#6236 = DIRECTION ( 'NONE',  ( -0.0000000000000000000, -0.0000000000000000000, 1.000000000000000000 ) ) ;
#6237 = STYLED_ITEM ( 'NONE', ( #7370 ), #8812 ) ;
#6238 =( LENGTH_UNIT ( ) NAMED_UNIT ( * ) SI_UNIT ( .MILLI., .METRE. ) );
#6239 = VERTEX_POINT ( 'NONE', #1563 ) ;
#6240 = CARTESIAN_POINT ( 'NONE',  ( -1.904117108495793298, -1.000000000000000000, 0.3428702588939518958 ) ) ;
#6241 = ORIENTED_EDGE ( 'NONE', *, *, #3477, .T. ) ;
#6242 = VECTOR ( 'NONE', #11259, 1000.000000000000000 ) ;
#6243 = FILL_AREA_STYLE ('',( #3471 ) ) ;
#6244 = CARTESIAN_POINT ( 'NONE',  ( -2.185948496370684779, -1.010000000000000009, 0.2571828119320350159 ) ) ;
#6245 = CARTESIAN_POINT ( 'NONE',  ( -1.648977317585904379, -1.000000000000000000, 0.2320306424405674528 ) ) ;
#6246 = CARTESIAN_POINT ( 'NONE',  ( -1.760076499222489987, -1.010000000000000009, 0.4165380788418970304 ) ) ;
#6247 = VECTOR ( 'NONE', #5212, 1000.000000000000000 ) ;
#6248 = COLOUR_RGB ( '',0.0000000000000000000, 0.0000000000000000000, 0.0000000000000000000 ) ;
#6249 = CARTESIAN_POINT ( 'NONE',  ( -1.757838149159489216, -1.010000000000000009, 0.2718395779752592056 ) ) ;
#6250 = FILL_AREA_STYLE_COLOUR ( '', #4150 ) ;
#6251 = MECHANICAL_DESIGN_GEOMETRIC_PRESENTATION_REPRESENTATION (  '', ( #8007 ), #10499 ) ;
#6252 = VECTOR ( 'NONE', #5544, 1000.000000000000114 ) ;
#6253 = SURFACE_SIDE_STYLE ('',( #3420 ) ) ;
#6254 = B_SPLINE_SURFACE_WITH_KNOTS ( 'NONE', 3, 1, ( 
 ( #2507, #687 ),
 ( #6192, #9871 ),
 ( #8137, #5266 ),
 ( #8079, #1741 ) ),
 .UNSPECIFIED., .F., .F., .F.,
 ( 4, 4 ),
 ( 2, 2 ),
 ( 19.00000000000000000, 20.00000000000000000 ),
 ( 0.0000000000000000000, 1.000000000000000000 ),
 .UNSPECIFIED. ) ;
#6255 = DIRECTION ( 'NONE',  ( -0.0000000000000000000, 1.000000000000000000, -0.0000000000000000000 ) ) ;
#6256 = UNCERTAINTY_MEASURE_WITH_UNIT (LENGTH_MEASURE( 1.000000000000000082E-05 ), #2508, 'distance_accuracy_value', 'NONE');
#6257 = DIRECTION ( 'NONE',  ( 0.3493954794691433441, -0.0000000000000000000, -0.9369753459544852836 ) ) ;
#6258 = STYLED_ITEM ( 'NONE', ( #7666 ), #3080 ) ;
#6259 = FILL_AREA_STYLE ('',( #2813 ) ) ;
#6260 = CARTESIAN_POINT ( 'NONE',  ( -1.443337931124564877, -1.010000000000000009, 0.2298644972179162416 ) ) ;
#6261 = LINE ( 'NONE', #4378, #11888 ) ;
#6262 = EDGE_CURVE ( 'NONE', #426, #7026, #5159, .T. ) ;
#6263 = UNCERTAINTY_MEASURE_WITH_UNIT (LENGTH_MEASURE( 1.000000000000000082E-05 ), #210, 'distance_accuracy_value', 'NONE');
#6264 = DIRECTION ( 'NONE',  ( -0.0000000000000000000, 1.000000000000000000, -0.0000000000000000000 ) ) ;
#6265 = CARTESIAN_POINT ( 'NONE',  ( -1.461894575197808299, -1.000000000000000000, 0.3586779331192915810 ) ) ;
#6266 =( NAMED_UNIT ( * ) SI_UNIT ( $, .STERADIAN. ) SOLID_ANGLE_UNIT ( ) );
#6267 = MECHANICAL_DESIGN_GEOMETRIC_PRESENTATION_REPRESENTATION (  '', ( #4148 ), #5865 ) ;
#6268 =( LENGTH_UNIT ( ) NAMED_UNIT ( * ) SI_UNIT ( .MILLI., .METRE. ) );
#6269 = PRESENTATION_LAYER_ASSIGNMENT (  '', '', ( #8972 ) ) ;
#6270 = CARTESIAN_POINT ( 'NONE',  ( -1.551187894927172239, -1.000000000000000000, 0.4183672681407833993 ) ) ;
#6271 = CARTESIAN_POINT ( 'NONE',  ( -1.683900392229514820, -1.010000000000000009, 0.2418505007825332009 ) ) ;
#6272 =( NAMED_UNIT ( * ) SI_UNIT ( $, .STERADIAN. ) SOLID_ANGLE_UNIT ( ) );
#6273 = UNCERTAINTY_MEASURE_WITH_UNIT (LENGTH_MEASURE( 1.000000000000000082E-05 ), #9087, 'distance_accuracy_value', 'NONE');
#6274 = VERTEX_POINT ( 'NONE', #5219 ) ;
#6275 = ORIENTED_EDGE ( 'NONE', *, *, #2800, .T. ) ;
#6276 = VERTEX_POINT ( 'NONE', #6993 ) ;
#6277 = EDGE_LOOP ( 'NONE', ( #4385, #11729, #665, #1657 ) ) ;
#6278 =( GEOMETRIC_REPRESENTATION_CONTEXT ( 3 ) GLOBAL_UNCERTAINTY_ASSIGNED_CONTEXT ( ( #7115 ) ) GLOBAL_UNIT_ASSIGNED_CONTEXT ( ( #1799, #4431, #134 ) ) REPRESENTATION_CONTEXT ( 'NONE', 'WORKASPACE' ) );
#6279 = VECTOR ( 'NONE', #8721, 1000.000000000000000 ) ;
#6280 = CARTESIAN_POINT ( 'NONE',  ( -1.944283101652912071, -1.000000000000000000, 0.2217028819540920737 ) ) ;
#6281 = EDGE_CURVE ( 'NONE', #10639, #11455, #2403, .T. ) ;
#6282 = SURFACE_SIDE_STYLE ('',( #715 ) ) ;
#6283 = CARTESIAN_POINT ( 'NONE',  ( -1.726645657954641866, -1.000000000000000000, 0.3679201527352576329 ) ) ;
#6284 = ORIENTED_EDGE ( 'NONE', *, *, #6456, .T. ) ;
#6285 = SURFACE_STYLE_FILL_AREA ( #2654 ) ;
#6286 = CARTESIAN_POINT ( 'NONE',  ( -1.610082976701297408, -1.000000000000000000, 0.2217294184934983370 ) ) ;
#6287 = PRESENTATION_STYLE_ASSIGNMENT (( #3446 ) ) ;
#6288 =( LENGTH_UNIT ( ) NAMED_UNIT ( * ) SI_UNIT ( .MILLI., .METRE. ) );
#6289 = CARTESIAN_POINT ( 'NONE',  ( -1.652202467139339159, -1.000000000000000000, 0.2636563626897552304 ) ) ;
#6290 =( NAMED_UNIT ( * ) SI_UNIT ( $, .STERADIAN. ) SOLID_ANGLE_UNIT ( ) );
#6291 = ORIENTED_EDGE ( 'NONE', *, *, #163, .T. ) ;
#6292 = ORIENTED_EDGE ( 'NONE', *, *, #5191, .F. ) ;
#6293 = ORIENTED_EDGE ( 'NONE', *, *, #2656, .F. ) ;
#6294 = VERTEX_POINT ( 'NONE', #10794 ) ;
#6295 = CARTESIAN_POINT ( 'NONE',  ( -2.171220973207432348, -1.010000000000000009, 0.2049670003980145483 ) ) ;
#6296 =( NAMED_UNIT ( * ) PLANE_ANGLE_UNIT ( ) SI_UNIT ( $, .RADIAN. ) );
#6297 = EDGE_CURVE ( 'NONE', #4285, #4733, #7351, .T. ) ;
#6298 = SURFACE_STYLE_USAGE ( .BOTH. , #8125 ) ;
#6299 = FILL_AREA_STYLE ('',( #2674 ) ) ;
#6300 = PLANE ( 'NONE',  #9554 ) ;
#6301 = COLOUR_RGB ( '',0.0000000000000000000, 0.0000000000000000000, 0.0000000000000000000 ) ;
#6302 = CARTESIAN_POINT ( 'NONE',  ( -1.969721558878669621, -1.000000000000000000, 0.3904000200175501423 ) ) ;
#6303 =( LENGTH_UNIT ( ) NAMED_UNIT ( * ) SI_UNIT ( .MILLI., .METRE. ) );
#6304 = ORIENTED_EDGE ( 'NONE', *, *, #436, .F. ) ;
#6305 = PRESENTATION_LAYER_ASSIGNMENT (  '', '', ( #6489 ) ) ;
#6306 = VERTEX_POINT ( 'NONE', #882 ) ;
#6307 = ORIENTED_EDGE ( 'NONE', *, *, #850, .T. ) ;
#6308 = CARTESIAN_POINT ( 'NONE',  ( -1.775696813105298144, -1.010000000000000009, 0.2093101858842237595 ) ) ;
#6309 = EDGE_CURVE ( 'NONE', #11394, #5473, #8985, .T. ) ;
#6310 = EDGE_CURVE ( 'NONE', #7288, #7577, #944, .T. ) ;
#6311 = CARTESIAN_POINT ( 'NONE',  ( -2.027292831059733125, -1.000000000000000000, 0.2504884797393431839 ) ) ;
#6312 = CARTESIAN_POINT ( 'NONE',  ( -1.814181993226108291, -1.000000000000000000, 0.2517184956855826328 ) ) ;
#6313 = DIRECTION ( 'NONE',  ( 1.000000000000000000, 0.0000000000000000000, 0.0000000000000000000 ) ) ;
#6314 = COLOUR_RGB ( '',0.0000000000000000000, 0.0000000000000000000, 0.0000000000000000000 ) ;
#6315 = CARTESIAN_POINT ( 'NONE',  ( -1.510705047546230473, -1.010000000000000009, 0.3844309929876059684 ) ) ;
#6316 = SURFACE_SIDE_STYLE ('',( #5571 ) ) ;
#6317 = SURFACE_SIDE_STYLE ('',( #10912 ) ) ;
#6318 =( NAMED_UNIT ( * ) PLANE_ANGLE_UNIT ( ) SI_UNIT ( $, .RADIAN. ) );
#6319 = ORIENTED_EDGE ( 'NONE', *, *, #2784, .F. ) ;
#6320 = VECTOR ( 'NONE', #6974, 1000.000000000000000 ) ;
#6321 =( NAMED_UNIT ( * ) SI_UNIT ( $, .STERADIAN. ) SOLID_ANGLE_UNIT ( ) );
#6322 = DIRECTION ( 'NONE',  ( -0.0000000000000000000, 1.000000000000000000, -0.0000000000000000000 ) ) ;
#6323 =( NAMED_UNIT ( * ) SI_UNIT ( $, .STERADIAN. ) SOLID_ANGLE_UNIT ( ) );
#6324 = VECTOR ( 'NONE', #3413, 1000.000000000000000 ) ;
#6325 = CARTESIAN_POINT ( 'NONE',  ( -1.588686275558511163, -1.010000000000000009, 0.4420023193468916589 ) ) ;
#6326 = DIRECTION ( 'NONE',  ( 0.0000000000000000000, 0.0000000000000000000, -1.000000000000000000 ) ) ;
#6327 = SURFACE_STYLE_FILL_AREA ( #10118 ) ;
#6328 = PRESENTATION_LAYER_ASSIGNMENT (  '', '', ( #1517 ) ) ;
#6329 = PRESENTATION_LAYER_ASSIGNMENT (  '', '', ( #11514 ) ) ;
#6330 = SURFACE_STYLE_FILL_AREA ( #1807 ) ;
#6331 = LINE ( 'NONE', #10008, #10951 ) ;
#6332 = CARTESIAN_POINT ( 'NONE',  ( -1.565580726517312060, -1.000000000000000000, 0.3034652982244437913 ) ) ;
#6333 = B_SPLINE_SURFACE_WITH_KNOTS ( 'NONE', 3, 1, ( 
 ( #2085, #5018 ),
 ( #1121, #11251 ),
 ( #4791, #5752 ),
 ( #9439, #8535 ) ),
 .UNSPECIFIED., .F., .F., .F.,
 ( 4, 4 ),
 ( 2, 2 ),
 ( 1.000000000000000000, 2.000000000000000000 ),
 ( 0.0000000000000000000, 1.000000000000000000 ),
 .UNSPECIFIED. ) ;
#6334 = CARTESIAN_POINT ( 'NONE',  ( -2.330546074290889447, -1.000000000000000000, 0.3154235071181409888 ) ) ;
#6335 = COLOUR_RGB ( '',0.0000000000000000000, 0.0000000000000000000, 0.0000000000000000000 ) ;
#6336 = VERTEX_POINT ( 'NONE', #8092 ) ;
#6337 = EDGE_CURVE ( 'NONE', #10028, #6535, #9940, .T. ) ;
#6338 = ORIENTED_EDGE ( 'NONE', *, *, #285, .F. ) ;
#6339 = CARTESIAN_POINT ( 'NONE',  ( -2.288371761046226194, -1.000000000000000000, 0.3167624042006468299 ) ) ;
#6340 =( GEOMETRIC_REPRESENTATION_CONTEXT ( 3 ) GLOBAL_UNCERTAINTY_ASSIGNED_CONTEXT ( ( #5900 ) ) GLOBAL_UNIT_ASSIGNED_CONTEXT ( ( #10409, #8486, #7755 ) ) REPRESENTATION_CONTEXT ( 'NONE', 'WORKASPACE' ) );
#6341 = SURFACE_SIDE_STYLE ('',( #7012 ) ) ;
#6342 =( LENGTH_UNIT ( ) NAMED_UNIT ( * ) SI_UNIT ( .MILLI., .METRE. ) );
#6343 = CARTESIAN_POINT ( 'NONE',  ( -2.165196051250391829, -1.010000000000000009, 0.2993571379454478820 ) ) ;
#6344 = ORIENTED_EDGE ( 'NONE', *, *, #5534, .F. ) ;
#6345 =( NAMED_UNIT ( * ) SI_UNIT ( $, .STERADIAN. ) SOLID_ANGLE_UNIT ( ) );
#6346 =( LENGTH_UNIT ( ) NAMED_UNIT ( * ) SI_UNIT ( .MILLI., .METRE. ) );
#6347 = B_SPLINE_CURVE_WITH_KNOTS ( 'NONE', 3,
 ( #4739, #10546, #3962, #11378 ),
 .UNSPECIFIED., .F., .F.,
 ( 4, 4 ),
 ( 20.00000000000000000, 21.00000000000000000 ),
 .UNSPECIFIED. ) ;
#6348 = CARTESIAN_POINT ( 'NONE',  ( -2.177245856858871953, -1.010000000000000009, 0.4519878781069318618 ) ) ;
#6349 =( NAMED_UNIT ( * ) SI_UNIT ( $, .STERADIAN. ) SOLID_ANGLE_UNIT ( ) );
#6350 = COLOUR_RGB ( '',0.7529411764705882248, 0.7529411764705882248, 0.7529411764705882248 ) ;
#6351 = ADVANCED_FACE ( 'NONE', ( #10916 ), #4610, .T. ) ;
#6352 =( GEOMETRIC_REPRESENTATION_CONTEXT ( 3 ) GLOBAL_UNCERTAINTY_ASSIGNED_CONTEXT ( ( #4214 ) ) GLOBAL_UNIT_ASSIGNED_CONTEXT ( ( #5231, #4452, #588 ) ) REPRESENTATION_CONTEXT ( 'NONE', 'WORKASPACE' ) );
#6353 = ORIENTED_EDGE ( 'NONE', *, *, #4560, .F. ) ;
#6354 = ORIENTED_EDGE ( 'NONE', *, *, #3312, .T. ) ;
#6355 = CARTESIAN_POINT ( 'NONE',  ( -1.694394162418690009, -1.000000000000000000, 0.2238474271550627559 ) ) ;
#6356 = ORIENTED_EDGE ( 'NONE', *, *, #5332, .F. ) ;
#6357 = CARTESIAN_POINT ( 'NONE',  ( -2.171220973207432348, -1.000000000000000000, 0.2049670003980145483 ) ) ;
#6358 = CARTESIAN_POINT ( 'NONE',  ( -2.024615113504639297, -1.010000000000000009, 0.2498190567349448388 ) ) ;
#6359 = ADVANCED_FACE ( 'NONE', ( #9050 ), #1863, .T. ) ;
#6360 = CARTESIAN_POINT ( 'NONE',  ( -2.027292831059733125, -1.010000000000000009, 0.2504884797393431839 ) ) ;
#6361 = FILL_AREA_STYLE ('',( #10948 ) ) ;
#6362 = B_SPLINE_SURFACE_WITH_KNOTS ( 'NONE', 3, 1, ( 
 ( #1822, #11764 ),
 ( #4515, #11879 ),
 ( #3621, #10991 ),
 ( #3444, #2714 ) ),
 .UNSPECIFIED., .F., .F., .F.,
 ( 4, 4 ),
 ( 2, 2 ),
 ( 2.000000000000000000, 3.000000000000000000 ),
 ( 0.0000000000000000000, 1.000000000000000000 ),
 .UNSPECIFIED. ) ;
#6363 = STYLED_ITEM ( 'NONE', ( #7325 ), #11368 ) ;
#6364 = DIRECTION ( 'NONE',  ( -0.3559357243698734741, 0.0000000000000000000, 0.9345104387417475511 ) ) ;
#6365 = EDGE_CURVE ( 'NONE', #4121, #6227, #5098, .T. ) ;
#6366 = B_SPLINE_CURVE_WITH_KNOTS ( 'NONE', 3,
 ( #3428, #9762, #4264, #7968 ),
 .UNSPECIFIED., .F., .F.,
 ( 4, 4 ),
 ( 3.000000000000000000, 4.000000000000000000 ),
 .UNSPECIFIED. ) ;
#6367 = ORIENTED_EDGE ( 'NONE', *, *, #4542, .F. ) ;
#6368 =( NAMED_UNIT ( * ) PLANE_ANGLE_UNIT ( ) SI_UNIT ( $, .RADIAN. ) );
#6369 = ORIENTED_EDGE ( 'NONE', *, *, #10847, .T. ) ;
#6370 = STYLED_ITEM ( 'NONE', ( #9592 ), #11498 ) ;
#6371 = PRESENTATION_STYLE_ASSIGNMENT (( #8360 ) ) ;
#6372 = FACE_OUTER_BOUND ( 'NONE', #7701, .T. ) ;
#6373 = CARTESIAN_POINT ( 'NONE',  ( -1.497154605764541513, -1.000000000000000000, 0.2093101858842237595 ) ) ;
#6374 = CARTESIAN_POINT ( 'NONE',  ( -1.759234109414038238, -1.000000000000000000, 0.4405582225315766709 ) ) ;
#6375 = FILL_AREA_STYLE ('',( #8198 ) ) ;
#6376 = VECTOR ( 'NONE', #6388, 1000.000000000000000 ) ;
#6377 = CARTESIAN_POINT ( 'NONE',  ( -1.743421249289123898, -1.010000000000000009, 0.2401657211649846635 ) ) ;
#6378 =( NAMED_UNIT ( * ) SI_UNIT ( $, .STERADIAN. ) SOLID_ANGLE_UNIT ( ) );
#6379 = EDGE_CURVE ( 'NONE', #10347, #10191, #9384, .T. ) ;
#6380 = UNCERTAINTY_MEASURE_WITH_UNIT (LENGTH_MEASURE( 1.000000000000000082E-05 ), #1552, 'distance_accuracy_value', 'NONE');
#6381 = CARTESIAN_POINT ( 'NONE',  ( -1.371566319417562019, -1.000000000000000000, 0.2848364493105310369 ) ) ;
#6382 = PRESENTATION_STYLE_ASSIGNMENT (( #8091 ) ) ;
#6383 = CARTESIAN_POINT ( 'NONE',  ( -1.459367405771808457, -1.010000000000000009, 0.2200446388759536021 ) ) ;
#6384 =( LENGTH_UNIT ( ) NAMED_UNIT ( * ) SI_UNIT ( .MILLI., .METRE. ) );
#6385 = UNCERTAINTY_MEASURE_WITH_UNIT (LENGTH_MEASURE( 1.000000000000000082E-05 ), #438, 'distance_accuracy_value', 'NONE');
#6386 = PRESENTATION_STYLE_ASSIGNMENT (( #1865 ) ) ;
#6387 = COLOUR_RGB ( '',0.0000000000000000000, 0.0000000000000000000, 0.0000000000000000000 ) ;
#6388 = DIRECTION ( 'NONE',  ( -0.0000000000000000000, 1.000000000000000000, -0.0000000000000000000 ) ) ;
#6389 = CARTESIAN_POINT ( 'NONE',  ( -2.200006596529216818, -1.000000000000000000, 0.2571828119320350159 ) ) ;
#6390 = LINE ( 'NONE', #7235, #6439 ) ;
#6391 = SURFACE_STYLE_FILL_AREA ( #5469 ) ;
#6392 = CARTESIAN_POINT ( 'NONE',  ( 2.500000000000000000, -0.9500000000000007327, 0.5999999999999999778 ) ) ;
#6393 = SURFACE_STYLE_FILL_AREA ( #11209 ) ;
#6394 = ADVANCED_FACE ( 'NONE', ( #9503 ), #2497, .F. ) ;
#6395 = UNCERTAINTY_MEASURE_WITH_UNIT (LENGTH_MEASURE( 1.000000000000000082E-05 ), #4346, 'distance_accuracy_value', 'NONE');
#6396 = B_SPLINE_CURVE_WITH_KNOTS ( 'NONE', 3,
 ( #1495, #8138, #5207, #6059 ),
 .UNSPECIFIED., .F., .F.,
 ( 4, 4 ),
 ( 27.00000000000000000, 28.00000000000000000 ),
 .UNSPECIFIED. ) ;
#6397 = ORIENTED_EDGE ( 'NONE', *, *, #11409, .F. ) ;
#6398 = MECHANICAL_DESIGN_GEOMETRIC_PRESENTATION_REPRESENTATION (  '', ( #7161 ), #9268 ) ;
#6399 = LINE ( 'NONE', #5361, #10442 ) ;
#6400 = SURFACE_STYLE_USAGE ( .BOTH. , #2210 ) ;
#6401 = DIRECTION ( 'NONE',  ( 0.0000000000000000000, 0.0000000000000000000, -1.000000000000000000 ) ) ;
#6402 = DIRECTION ( 'NONE',  ( -0.0000000000000000000, -0.0000000000000000000, 1.000000000000000000 ) ) ;
#6403 = ORIENTED_EDGE ( 'NONE', *, *, #2073, .T. ) ;
#6404 = CARTESIAN_POINT ( 'NONE',  ( -1.738631661519259408, -1.010000000000000009, 0.4544215519561667915 ) ) ;
#6405 = CARTESIAN_POINT ( 'NONE',  ( -2.288371761046226194, -1.000000000000000000, 0.3535812312617385156 ) ) ;
#6406 = COLOUR_RGB ( '',0.0000000000000000000, 0.0000000000000000000, 0.0000000000000000000 ) ;
#6407 =( LENGTH_UNIT ( ) NAMED_UNIT ( * ) SI_UNIT ( .MILLI., .METRE. ) );
#6408 = CARTESIAN_POINT ( 'NONE',  ( -1.629650488544555076, -1.010000000000000009, 0.2765569609041355070 ) ) ;
#6409 = B_SPLINE_SURFACE_WITH_KNOTS ( 'NONE', 3, 1, ( 
 ( #4092, #7910 ),
 ( #1571, #6270 ),
 ( #8865, #3306 ),
 ( #3434, #4327 ) ),
 .UNSPECIFIED., .F., .F., .F.,
 ( 4, 4 ),
 ( 2, 2 ),
 ( 4.000000000000000000, 5.000000000000000000 ),
 ( 0.0000000000000000000, 1.000000000000000000 ),
 .UNSPECIFIED. ) ;
#6410 = CARTESIAN_POINT ( 'NONE',  ( -1.722168957827996172, -1.000000000000000000, 0.2310679112303583305 ) ) ;
#6411 = VERTEX_POINT ( 'NONE', #3050 ) ;
#6412 = VERTEX_POINT ( 'NONE', #8493 ) ;
#6413 = AXIS2_PLACEMENT_3D ( 'NONE', #8506, #1015, #4750 ) ;
#6414 = CARTESIAN_POINT ( 'NONE',  ( -1.588686275558511163, -1.010000000000000009, 0.4420023193468916589 ) ) ;
#6415 = B_SPLINE_CURVE_WITH_KNOTS ( 'NONE', 3,
 ( #6141, #8859, #3302, #7780 ),
 .UNSPECIFIED., .F., .F.,
 ( 4, 4 ),
 ( 12.00000000000000000, 13.00000000000000000 ),
 .UNSPECIFIED. ) ;
#6416 =( LENGTH_UNIT ( ) NAMED_UNIT ( * ) SI_UNIT ( .MILLI., .METRE. ) );
#6417 = EDGE_CURVE ( 'NONE', #11484, #8694, #185, .T. ) ;
#6418 = PLANE ( 'NONE',  #9133 ) ;
#6419 =( NAMED_UNIT ( * ) SI_UNIT ( $, .STERADIAN. ) SOLID_ANGLE_UNIT ( ) );
#6420 =( GEOMETRIC_REPRESENTATION_CONTEXT ( 3 ) GLOBAL_UNCERTAINTY_ASSIGNED_CONTEXT ( ( #3002 ) ) GLOBAL_UNIT_ASSIGNED_CONTEXT ( ( #3222, #6368, #5445 ) ) REPRESENTATION_CONTEXT ( 'NONE', 'WORKASPACE' ) );
#6421 = DIRECTION ( 'NONE',  ( -0.0000000000000000000, 1.000000000000000000, -0.0000000000000000000 ) ) ;
#6422 = ORIENTED_EDGE ( 'NONE', *, *, #3119, .T. ) ;
#6423 = EDGE_LOOP ( 'NONE', ( #6211, #2355, #11930, #3308 ) ) ;
#6424 =( NAMED_UNIT ( * ) PLANE_ANGLE_UNIT ( ) SI_UNIT ( $, .RADIAN. ) );
#6425 = ORIENTED_EDGE ( 'NONE', *, *, #6855, .T. ) ;
#6426 = DIRECTION ( 'NONE',  ( -1.000000000000000000, 0.0000000000000000000, -0.0000000000000000000 ) ) ;
#6427 = ORIENTED_EDGE ( 'NONE', *, *, #7869, .T. ) ;
#6428 = MECHANICAL_DESIGN_GEOMETRIC_PRESENTATION_REPRESENTATION (  '', ( #2563 ), #2188 ) ;
#6429 = SURFACE_STYLE_FILL_AREA ( #2741 ) ;
#6430 = CARTESIAN_POINT ( 'NONE',  ( -1.652202467139338937, -1.010000000000000009, 0.2636563626897552304 ) ) ;
#6431 = EDGE_CURVE ( 'NONE', #10095, #7443, #2150, .T. ) ;
#6432 = FACE_OUTER_BOUND ( 'NONE', #4060, .T. ) ;
#6433 =( LENGTH_UNIT ( ) NAMED_UNIT ( * ) SI_UNIT ( .MILLI., .METRE. ) );
#6434 = CARTESIAN_POINT ( 'NONE',  ( -1.552607923462264727, -1.000000000000000000, 0.3718673506963500741 ) ) ;
#6435 = MECHANICAL_DESIGN_GEOMETRIC_PRESENTATION_REPRESENTATION (  '', ( #10284 ), #831 ) ;
#6436 = PRESENTATION_STYLE_ASSIGNMENT (( #11133 ) ) ;
#6437 = ORIENTED_EDGE ( 'NONE', *, *, #6297, .T. ) ;
#6438 = CARTESIAN_POINT ( 'NONE',  ( -1.764408789667795130, -1.000000000000000000, 0.2273132595116904575 ) ) ;
#6439 = VECTOR ( 'NONE', #10006, 1000.000000000000000 ) ;
#6440 = CARTESIAN_POINT ( 'NONE',  ( -1.724527649292435960, -1.010000000000000009, 0.4434464161615654931 ) ) ;
#6442 = EDGE_CURVE ( 'NONE', #7136, #4042, #4915, .T. ) ;
#6441 = DIRECTION ( 'NONE',  ( -0.7071067811865505703, 0.7071067811865444641, 0.0000000000000000000 ) ) ;
#6443 =( GEOMETRIC_REPRESENTATION_CONTEXT ( 3 ) GLOBAL_UNCERTAINTY_ASSIGNED_CONTEXT ( ( #7609 ) ) GLOBAL_UNIT_ASSIGNED_CONTEXT ( ( #6416, #8289, #5679 ) ) REPRESENTATION_CONTEXT ( 'NONE', 'WORKASPACE' ) );
#6444 = CARTESIAN_POINT ( 'NONE',  ( -1.470775770610426525, -1.010000000000000009, 0.2926345721118238097 ) ) ;
#6445 = DIRECTION ( 'NONE',  ( -0.0000000000000000000, 0.0000000000000000000, 1.000000000000000000 ) ) ;
#6446 = DIRECTION ( 'NONE',  ( -0.3559357243643085922, 0.0000000000000000000, 0.9345104387438670779 ) ) ;
#6447 = COLOUR_RGB ( '',0.0000000000000000000, 0.0000000000000000000, 0.0000000000000000000 ) ;
#6448 =( GEOMETRIC_REPRESENTATION_CONTEXT ( 3 ) GLOBAL_UNCERTAINTY_ASSIGNED_CONTEXT ( ( #7470 ) ) GLOBAL_UNIT_ASSIGNED_CONTEXT ( ( #779, #1717, #7990 ) ) REPRESENTATION_CONTEXT ( 'NONE', 'WORKASPACE' ) );
#6449 = ORIENTED_EDGE ( 'NONE', *, *, #2073, .F. ) ;
#6450 = VECTOR ( 'NONE', #5879, 1000.000000000000114 ) ;
#6451 = CARTESIAN_POINT ( 'NONE',  ( -2.271635930563852490, -1.010000000000000009, 0.2658854769807030283 ) ) ;
#6452 = B_SPLINE_SURFACE_WITH_KNOTS ( 'NONE', 3, 1, ( 
 ( #2859, #11365 ),
 ( #4786, #6541 ),
 ( #2080, #5626 ),
 ( #2980, #4727 ) ),
 .UNSPECIFIED., .F., .F., .F.,
 ( 4, 4 ),
 ( 2, 2 ),
 ( 26.00000000000000000, 27.00000000000000000 ),
 ( 0.0000000000000000000, 1.000000000000000000 ),
 .UNSPECIFIED. ) ;
#6453 =( NAMED_UNIT ( * ) SI_UNIT ( $, .STERADIAN. ) SOLID_ANGLE_UNIT ( ) );
#6454 = MECHANICAL_DESIGN_GEOMETRIC_PRESENTATION_REPRESENTATION (  '', ( #9339 ), #7224 ) ;
#6456 = EDGE_CURVE ( 'NONE', #3774, #250, #1683, .T. ) ;
#6455 = LINE ( 'NONE', #5653, #8770 ) ;
#6457 = VERTEX_POINT ( 'NONE', #7645 ) ;
#6458 =( NAMED_UNIT ( * ) PLANE_ANGLE_UNIT ( ) SI_UNIT ( $, .RADIAN. ) );
#6459 = EDGE_CURVE ( 'NONE', #10202, #3578, #6609, .T. ) ;
#6460 = CARTESIAN_POINT ( 'NONE',  ( -1.772832687755529824, -1.010000000000000009, 0.4039744365506410806 ) ) ;
#6461 = FACE_OUTER_BOUND ( 'NONE', #296, .T. ) ;
#6462 = LINE ( 'NONE', #4757, #7400 ) ;
#6463 = PRESENTATION_LAYER_ASSIGNMENT (  '', '', ( #3571 ) ) ;
#6464 = CARTESIAN_POINT ( 'NONE',  ( -1.373323303875781054, -1.000000000000000000, 0.2914311580987393735 ) ) ;
#6465 =( GEOMETRIC_REPRESENTATION_CONTEXT ( 3 ) GLOBAL_UNCERTAINTY_ASSIGNED_CONTEXT ( ( #706 ) ) GLOBAL_UNIT_ASSIGNED_CONTEXT ( ( #8806, #3185, #7787 ) ) REPRESENTATION_CONTEXT ( 'NONE', 'WORKASPACE' ) );
#6466 = ORIENTED_EDGE ( 'NONE', *, *, #10353, .F. ) ;
#6467 = ORIENTED_EDGE ( 'NONE', *, *, #988, .F. ) ;
#6468 = ORIENTED_EDGE ( 'NONE', *, *, #6158, .F. ) ;
#6469 = FILL_AREA_STYLE_COLOUR ( '', #6018 ) ;
#6470 = ORIENTED_EDGE ( 'NONE', *, *, #10171, .T. ) ;
#6471 =( NAMED_UNIT ( * ) SI_UNIT ( $, .STERADIAN. ) SOLID_ANGLE_UNIT ( ) );
#6472 =( NAMED_UNIT ( * ) PLANE_ANGLE_UNIT ( ) SI_UNIT ( $, .RADIAN. ) );
#6473 = FACE_OUTER_BOUND ( 'NONE', #9571, .T. ) ;
#6474 = COLOUR_RGB ( '',0.0000000000000000000, 0.0000000000000000000, 0.0000000000000000000 ) ;
#6475 = COLOUR_RGB ( '',0.0000000000000000000, 0.0000000000000000000, 0.0000000000000000000 ) ;
#6476 =( NAMED_UNIT ( * ) PLANE_ANGLE_UNIT ( ) SI_UNIT ( $, .RADIAN. ) );
#6477 = CARTESIAN_POINT ( 'NONE',  ( -1.676150405988668268, -1.010000000000000009, 0.2077216793875679424 ) ) ;
#6478 = ORIENTED_EDGE ( 'NONE', *, *, #80, .F. ) ;
#6479 = CARTESIAN_POINT ( 'NONE',  ( -2.206700915953803577, -1.010000000000000009, 0.4225328158202146800 ) ) ;
#6480 = EDGE_CURVE ( 'NONE', #6767, #8133, #7403, .T. ) ;
#6481 = VERTEX_POINT ( 'NONE', #6677 ) ;
#6482 = CARTESIAN_POINT ( 'NONE',  ( -1.743421249289123898, -1.000000000000000000, 0.2401657211649846635 ) ) ;
#6483 =( NAMED_UNIT ( * ) SI_UNIT ( $, .STERADIAN. ) SOLID_ANGLE_UNIT ( ) );
#6484 = ORIENTED_EDGE ( 'NONE', *, *, #6456, .F. ) ;
#6485 = CARTESIAN_POINT ( 'NONE',  ( -1.664116265863606836, -1.000000000000000000, 0.2328489639687963964 ) ) ;
#6486 = SURFACE_STYLE_FILL_AREA ( #7398 ) ;
#6487 = B_SPLINE_CURVE_WITH_KNOTS ( 'NONE', 3,
 ( #2379, #9736, #4408, #11598 ),
 .UNSPECIFIED., .F., .F.,
 ( 4, 4 ),
 ( 3.000000000000000000, 4.000000000000000000 ),
 .UNSPECIFIED. ) ;
#6488 = DIRECTION ( 'NONE',  ( -0.0000000000000000000, 1.000000000000000000, -0.0000000000000000000 ) ) ;
#6489 = STYLED_ITEM ( 'NONE', ( #11102 ), #8102 ) ;
#6490 = CARTESIAN_POINT ( 'NONE',  ( -1.420497133166460424, -1.010000000000000009, 0.2575911560664566058 ) ) ;
#6491 = UNCERTAINTY_MEASURE_WITH_UNIT (LENGTH_MEASURE( 1.000000000000000082E-05 ), #7016, 'distance_accuracy_value', 'NONE');
#6492 =( NAMED_UNIT ( * ) SI_UNIT ( $, .STERADIAN. ) SOLID_ANGLE_UNIT ( ) );
#6493 = EDGE_CURVE ( 'NONE', #4838, #5452, #5759, .T. ) ;
#6494 = CARTESIAN_POINT ( 'NONE',  ( -1.702336694901322334, -1.010000000000000009, 0.3625769945199377453 ) ) ;
#6495 = STYLED_ITEM ( 'NONE', ( #6031 ), #4053 ) ;
#6496 = FILL_AREA_STYLE_COLOUR ( '', #1514 ) ;
#6497 = LINE ( 'NONE', #6440, #513 ) ;
#6498 = B_SPLINE_SURFACE_WITH_KNOTS ( 'NONE', 3, 1, ( 
 ( #4982, #4083 ),
 ( #9455, #1311 ),
 ( #7773, #11432 ),
 ( #1192, #10550 ) ),
 .UNSPECIFIED., .F., .F., .F.,
 ( 4, 4 ),
 ( 2, 2 ),
 ( 2.000000000000000000, 3.000000000000000000 ),
 ( 0.0000000000000000000, 1.000000000000000000 ),
 .UNSPECIFIED. ) ;
#6499 = FILL_AREA_STYLE_COLOUR ( '', #7535 ) ;
#6500 = VECTOR ( 'NONE', #1564, 1000.000000000000000 ) ;
#6501 = CARTESIAN_POINT ( 'NONE',  ( -2.500000000000000000, -0.9500000000000007327, 0.5999999999999999778 ) ) ;
#6502 = CARTESIAN_POINT ( 'NONE',  ( -1.590515464856758321, -1.010000000000000009, 0.2765569609041355070 ) ) ;
#6503 =( NAMED_UNIT ( * ) PLANE_ANGLE_UNIT ( ) SI_UNIT ( $, .RADIAN. ) );
#6504 = DIRECTION ( 'NONE',  ( -0.0000000000000000000, 1.000000000000000000, -0.0000000000000000000 ) ) ;
#6505 = VECTOR ( 'NONE', #4072, 1000.000000000000000 ) ;
#6506 = UNCERTAINTY_MEASURE_WITH_UNIT (LENGTH_MEASURE( 1.000000000000000082E-05 ), #4622, 'distance_accuracy_value', 'NONE');
#6507 = CARTESIAN_POINT ( 'NONE',  ( -1.470775770610426525, -1.000000000000000000, 0.2926345721118238652 ) ) ;
#6508 = VERTEX_POINT ( 'NONE', #9448 ) ;
#6509 = EDGE_CURVE ( 'NONE', #5672, #525, #2815, .T. ) ;
#6510 = DIRECTION ( 'NONE',  ( -0.0000000000000000000, 1.000000000000000000, -0.0000000000000000000 ) ) ;
#6511 = PLANE ( 'NONE',  #155 ) ;
#6512 = DIRECTION ( 'NONE',  ( -0.9910683662997870069, 0.0000000000000000000, -0.1333547648937644658 ) ) ;
#6513 = SURFACE_STYLE_USAGE ( .BOTH. , #3736 ) ;
#6514 = ORIENTED_EDGE ( 'NONE', *, *, #4397, .F. ) ;
#6515 = LINE ( 'NONE', #3738, #9640 ) ;
#6516 = CARTESIAN_POINT ( 'NONE',  ( -1.776683612595411299, -1.000000000000000000, 0.3694123861110195084 ) ) ;
#6517 = CARTESIAN_POINT ( 'NONE',  ( -2.118335738668366997, -1.000000000000000000, 0.1949255531820396903 ) ) ;
#6518 = CARTESIAN_POINT ( 'NONE',  ( -1.965704969777923639, -1.000000000000000000, 0.2109919351231607232 ) ) ;
#6519 = MECHANICAL_DESIGN_GEOMETRIC_PRESENTATION_REPRESENTATION (  '', ( #11717 ), #1130 ) ;
#6520 = DIRECTION ( 'NONE',  ( -0.0000000000000000000, 1.000000000000000000, -0.0000000000000000000 ) ) ;
#6521 = UNCERTAINTY_MEASURE_WITH_UNIT (LENGTH_MEASURE( 1.000000000000000082E-05 ), #5731, 'distance_accuracy_value', 'NONE');
#6522 = ADVANCED_FACE ( 'NONE', ( #4018 ), #7127, .F. ) ;
#6523 = VERTEX_POINT ( 'NONE', #6983 ) ;
#6524 = EDGE_CURVE ( 'NONE', #4703, #1228, #4977, .T. ) ;
#6525 = ORIENTED_EDGE ( 'NONE', *, *, #9996, .T. ) ;
#6526 =( NAMED_UNIT ( * ) PLANE_ANGLE_UNIT ( ) SI_UNIT ( $, .RADIAN. ) );
#6527 = ORIENTED_EDGE ( 'NONE', *, *, #7894, .F. ) ;
#6528 =( NAMED_UNIT ( * ) SI_UNIT ( $, .STERADIAN. ) SOLID_ANGLE_UNIT ( ) );
#6529 = CARTESIAN_POINT ( 'NONE',  ( -1.944952550194483987, -1.000000000000000000, 0.3020348427321144502 ) ) ;
#6530 = CARTESIAN_POINT ( 'NONE',  ( -1.492196540033435381, -1.010000000000000009, 0.4357445664818077047 ) ) ;
#6531 = SURFACE_STYLE_FILL_AREA ( #7327 ) ;
#6532 =( GEOMETRIC_REPRESENTATION_CONTEXT ( 3 ) GLOBAL_UNCERTAINTY_ASSIGNED_CONTEXT ( ( #11696 ) ) GLOBAL_UNIT_ASSIGNED_CONTEXT ( ( #8943, #721, #5367 ) ) REPRESENTATION_CONTEXT ( 'NONE', 'WORKASPACE' ) );
#6533 = CARTESIAN_POINT ( 'NONE',  ( -1.710375500505164847, -1.000000000000000000, 0.2093101858842237595 ) ) ;
#6534 =( GEOMETRIC_REPRESENTATION_CONTEXT ( 3 ) GLOBAL_UNCERTAINTY_ASSIGNED_CONTEXT ( ( #1442 ) ) GLOBAL_UNIT_ASSIGNED_CONTEXT ( ( #5556, #1098, #6528 ) ) REPRESENTATION_CONTEXT ( 'NONE', 'WORKASPACE' ) );
#6535 = VERTEX_POINT ( 'NONE', #6128 ) ;
#6536 = DIRECTION ( 'NONE',  ( -0.0000000000000000000, 0.0000000000000000000, -1.000000000000000000 ) ) ;
#6537 = VERTEX_POINT ( 'NONE', #9752 ) ;
#6538 = CARTESIAN_POINT ( 'NONE',  ( -2.007879257485734481, -1.010000000000000009, 0.4011109540794149386 ) ) ;
#6539 = VERTEX_POINT ( 'NONE', #7952 ) ;
#6540 = VECTOR ( 'NONE', #562, 1000.000000000000000 ) ;
#6541 = CARTESIAN_POINT ( 'NONE',  ( -2.024615113504639297, -1.000000000000000000, 0.2498190567349448388 ) ) ;
#6542 =( LENGTH_UNIT ( ) NAMED_UNIT ( * ) SI_UNIT ( .MILLI., .METRE. ) );
#6543 = CARTESIAN_POINT ( 'NONE',  ( -1.760750411069702537, -1.000000000000000000, 0.3699418882765709848 ) ) ;
#6544 = EDGE_CURVE ( 'NONE', #2295, #3309, #11425, .T. ) ;
#6545 = LINE ( 'NONE', #10054, #4921 ) ;
#6546 = CARTESIAN_POINT ( 'NONE',  ( -1.662912851850842921, -1.000000000000000000, 0.2685181553006110167 ) ) ;
#6547 = EDGE_LOOP ( 'NONE', ( #1767, #189, #8341, #1246 ) ) ;
#6548 = ORIENTED_EDGE ( 'NONE', *, *, #10502, .F. ) ;
#6549 = DIRECTION ( 'NONE',  ( -0.0000000000000000000, 1.000000000000000000, -0.0000000000000000000 ) ) ;
#6550 = CARTESIAN_POINT ( 'NONE',  ( -1.425238584376201656, -1.010000000000000009, 0.2313085940332311463 ) ) ;
#6551 = ADVANCED_BREP_SHAPE_REPRESENTATION ( 'PAD-SMD_L5.0-W2.0_STHW4-DU-HN050206', ( #7452, #3684 ), #11776 ) ;
#6552 = SURFACE_STYLE_FILL_AREA ( #5076 ) ;
#6553 = AXIS2_PLACEMENT_3D ( 'NONE', #8639, #11518, #2360 ) ;
#6554 = SURFACE_SIDE_STYLE ('',( #1071 ) ) ;
#6555 = CARTESIAN_POINT ( 'NONE',  ( -2.185948496370684779, -1.010000000000000009, 0.2049670003980145483 ) ) ;
#6556 = ADVANCED_FACE ( 'NONE', ( #7892 ), #7829, .F. ) ;
#6557 =( NAMED_UNIT ( * ) PLANE_ANGLE_UNIT ( ) SI_UNIT ( $, .RADIAN. ) );
#6558 = CARTESIAN_POINT ( 'NONE',  ( -1.420497133166460424, -1.000000000000000000, 0.2575911560664566058 ) ) ;
#6559 = CARTESIAN_POINT ( 'NONE',  ( -1.373034484512460462, -1.010000000000000009, 0.2914311580987393735 ) ) ;
#6560 = EDGE_CURVE ( 'NONE', #2602, #3330, #11873, .T. ) ;
#6561 = ORIENTED_EDGE ( 'NONE', *, *, #5412, .F. ) ;
#6562 = DIRECTION ( 'NONE',  ( -0.0000000000000000000, 1.000000000000000000, -0.0000000000000000000 ) ) ;
#6563 =( LENGTH_UNIT ( ) NAMED_UNIT ( * ) SI_UNIT ( .MILLI., .METRE. ) );
#6564 = VECTOR ( 'NONE', #745, 1000.000000000000000 ) ;
#6565 = DIRECTION ( 'NONE',  ( -0.0000000000000000000, -0.0000000000000000000, 1.000000000000000000 ) ) ;
#6566 = VERTEX_POINT ( 'NONE', #5206 ) ;
#6567 = SURFACE_STYLE_USAGE ( .BOTH. , #156 ) ;
#6568 = DIRECTION ( 'NONE',  ( -0.0000000000000000000, 1.000000000000000000, -0.0000000000000000000 ) ) ;
#6569 = EDGE_CURVE ( 'NONE', #1903, #11661, #3598, .T. ) ;
#6570 = CARTESIAN_POINT ( 'NONE',  ( -1.749606797313536966, -1.010000000000000009, 0.2077216793875679424 ) ) ;
#6571 = VECTOR ( 'NONE', #2152, 1000.000000000000000 ) ;
#6572 = FILL_AREA_STYLE_COLOUR ( '', #4224 ) ;
#6573 =( LENGTH_UNIT ( ) NAMED_UNIT ( * ) SI_UNIT ( .MILLI., .METRE. ) );
#6574 =( NAMED_UNIT ( * ) SI_UNIT ( $, .STERADIAN. ) SOLID_ANGLE_UNIT ( ) );
#6575 = PRESENTATION_STYLE_ASSIGNMENT (( #10381 ) ) ;
#6576 = EDGE_CURVE ( 'NONE', #780, #11661, #7280, .T. ) ;
#6577 = ORIENTED_EDGE ( 'NONE', *, *, #6198, .T. ) ;
#6578 = ORIENTED_EDGE ( 'NONE', *, *, #10471, .F. ) ;
#6579 = FACE_OUTER_BOUND ( 'NONE', #1330, .T. ) ;
#6580 = ORIENTED_EDGE ( 'NONE', *, *, #7463, .F. ) ;
#6581 = CARTESIAN_POINT ( 'NONE',  ( -1.420497133166460424, -1.000000000000000000, 0.2575911560664566058 ) ) ;
#6582 = CARTESIAN_POINT ( 'NONE',  ( -1.710375500505164847, -1.010000000000000009, 0.2525849537742598794 ) ) ;
#6583 = CARTESIAN_POINT ( 'NONE',  ( -1.780510469155388575, -1.000000000000000000, 0.2517184956855826328 ) ) ;
#6584 = STYLED_ITEM ( 'NONE', ( #2769 ), #6013 ) ;
#6585 = DIRECTION ( 'NONE',  ( 0.0000000000000000000, 0.0000000000000000000, -1.000000000000000000 ) ) ;
#6586 = CARTESIAN_POINT ( 'NONE',  ( -1.749606797313536966, -1.000000000000000000, 0.2077216793875679424 ) ) ;
#6587 = LINE ( 'NONE', #172, #9519 ) ;
#6588 = EDGE_CURVE ( 'NONE', #5934, #11239, #1370, .T. ) ;
#6589 =( NAMED_UNIT ( * ) PLANE_ANGLE_UNIT ( ) SI_UNIT ( $, .RADIAN. ) );
#6590 = DIRECTION ( 'NONE',  ( 1.000000000000000000, -0.0000000000000000000, -0.0000000000000000000 ) ) ;
#6591 = FILL_AREA_STYLE_COLOUR ( '', #111 ) ;
#6592 = PRESENTATION_LAYER_ASSIGNMENT (  '', '', ( #1207 ) ) ;
#6593 = VERTEX_POINT ( 'NONE', #9928 ) ;
#6594 = FILL_AREA_STYLE ('',( #10524 ) ) ;
#6595 = ORIENTED_EDGE ( 'NONE', *, *, #827, .F. ) ;
#6596 = EDGE_LOOP ( 'NONE', ( #546, #2920, #6548, #8302 ) ) ;
#6597 = FILL_AREA_STYLE ('',( #1851 ) ) ;
#6598 = ORIENTED_EDGE ( 'NONE', *, *, #3312, .F. ) ;
#6599 = LINE ( 'NONE', #4787, #4164 ) ;
#6600 = EDGE_CURVE ( 'NONE', #11959, #976, #8408, .T. ) ;
#6601 = FILL_AREA_STYLE ('',( #4007 ) ) ;
#6602 = CARTESIAN_POINT ( 'NONE',  ( -1.434697418514818468, -1.010000000000000009, 0.2224996034612828633 ) ) ;
#6603 = CARTESIAN_POINT ( 'NONE',  ( -1.492774178759433745, -1.010000000000000009, 0.4342041965456000518 ) ) ;
#6604 = VERTEX_POINT ( 'NONE', #6312 ) ;
#6605 =( NAMED_UNIT ( * ) SI_UNIT ( $, .STERADIAN. ) SOLID_ANGLE_UNIT ( ) );
#6606 = ORIENTED_EDGE ( 'NONE', *, *, #10701, .F. ) ;
#6607 = AXIS2_PLACEMENT_3D ( 'NONE', #4822, #5842, #7671 ) ;
#6608 = B_SPLINE_CURVE_WITH_KNOTS ( 'NONE', 3,
 ( #8117, #11826, #10936, #2659 ),
 .UNSPECIFIED., .F., .F.,
 ( 4, 4 ),
 ( 18.00000000000000000, 19.00000000000000000 ),
 .UNSPECIFIED. ) ;
#6609 = LINE ( 'NONE', #8612, #1895 ) ;
#6610 = DIRECTION ( 'NONE',  ( -0.0000000000000000000, 1.000000000000000000, -0.0000000000000000000 ) ) ;
#6611 = MECHANICAL_DESIGN_GEOMETRIC_PRESENTATION_REPRESENTATION (  '', ( #8177 ), #1223 ) ;
#6612 = CARTESIAN_POINT ( 'NONE',  ( -1.461894575197808299, -1.010000000000000009, 0.3586779331192915810 ) ) ;
#6613 = CARTESIAN_POINT ( 'NONE',  ( -1.602910629185807068, -1.010000000000000009, 0.3694123861110195084 ) ) ;
#6614 = MECHANICAL_DESIGN_GEOMETRIC_PRESENTATION_REPRESENTATION (  '', ( #8369 ), #11430 ) ;
#6615 = FACE_OUTER_BOUND ( 'NONE', #6547, .T. ) ;
#6616 = COLOUR_RGB ( '',0.0000000000000000000, 0.0000000000000000000, 0.0000000000000000000 ) ;
#6617 = CARTESIAN_POINT ( 'NONE',  ( -1.694394162418690009, -1.010000000000000009, 0.2116688773486635200 ) ) ;
#6618 = UNCERTAINTY_MEASURE_WITH_UNIT (LENGTH_MEASURE( 1.000000000000000082E-05 ), #5960, 'distance_accuracy_value', 'NONE');
#6619 = CARTESIAN_POINT ( 'NONE',  ( -1.749029158587541710, -1.010000000000000009, 0.2204297313595212360 ) ) ;
#6620 = ORIENTED_EDGE ( 'NONE', *, *, #6224, .F. ) ;
#6621 =( GEOMETRIC_REPRESENTATION_CONTEXT ( 3 ) GLOBAL_UNCERTAINTY_ASSIGNED_CONTEXT ( ( #3717 ) ) GLOBAL_UNIT_ASSIGNED_CONTEXT ( ( #274, #2052, #2170 ) ) REPRESENTATION_CONTEXT ( 'NONE', 'WORKASPACE' ) );
#6622 = DIRECTION ( 'NONE',  ( 0.0000000000000000000, 0.0000000000000000000, 1.000000000000000000 ) ) ;
#6623 = DIRECTION ( 'NONE',  ( 0.3493954794691433996, 0.0000000000000000000, -0.9369753459544852836 ) ) ;
#6624 = EDGE_CURVE ( 'NONE', #2619, #6643, #1613, .T. ) ;
#6625 = FILL_AREA_STYLE ('',( #2947 ) ) ;
#6626 = CARTESIAN_POINT ( 'NONE',  ( -1.497154605764541513, -1.010000000000000009, 0.2093101858842237595 ) ) ;
#6627 = CARTESIAN_POINT ( 'NONE',  ( -1.710375500505164847, -1.000000000000000000, 0.2525849537742599349 ) ) ;
#6628 = EDGE_LOOP ( 'NONE', ( #4844, #4568, #8072, #9121 ) ) ;
#6629 = CARTESIAN_POINT ( 'NONE',  ( -1.433277389980368577, -1.000000000000000000, 0.2572542001433302805 ) ) ;
#6630 = PRESENTATION_LAYER_ASSIGNMENT (  '', '', ( #2398 ) ) ;
#6631 = SURFACE_STYLE_FILL_AREA ( #10495 ) ;
#6632 = COLOUR_RGB ( '',0.0000000000000000000, 0.0000000000000000000, 0.0000000000000000000 ) ;
#6633 = CARTESIAN_POINT ( 'NONE',  ( -1.728402642412857793, -1.000000000000000000, 0.3570894266226369851 ) ) ;
#6634 = CARTESIAN_POINT ( 'NONE',  ( -1.718486510949680746, -1.000000000000000000, 0.2780973308403431599 ) ) ;
#6635 =( GEOMETRIC_REPRESENTATION_CONTEXT ( 3 ) GLOBAL_UNCERTAINTY_ASSIGNED_CONTEXT ( ( #6521 ) ) GLOBAL_UNIT_ASSIGNED_CONTEXT ( ( #5731, #3194, #9419 ) ) REPRESENTATION_CONTEXT ( 'NONE', 'WORKASPACE' ) );
#6636 = CARTESIAN_POINT ( 'NONE',  ( -1.668135668665369442, -1.000000000000000000, 0.2780973308403431599 ) ) ;
#6637 = VECTOR ( 'NONE', #2111, 1000.000000000000000 ) ;
#6638 = ORIENTED_EDGE ( 'NONE', *, *, #2028, .F. ) ;
#6639 = ORIENTED_EDGE ( 'NONE', *, *, #9939, .T. ) ;
#6640 = CARTESIAN_POINT ( 'NONE',  ( -1.977085314076082012, -1.010000000000000009, 0.4104830165956273591 ) ) ;
#6641 = EDGE_CURVE ( 'NONE', #3203, #525, #5450, .T. ) ;
#6642 = PRESENTATION_LAYER_ASSIGNMENT (  '', '', ( #3750 ) ) ;
#6643 = VERTEX_POINT ( 'NONE', #2566 ) ;
#6644 = FILL_AREA_STYLE ('',( #11174 ) ) ;
#6645 = STYLED_ITEM ( 'NONE', ( #451 ), #452 ) ;
#6646 =( NAMED_UNIT ( * ) PLANE_ANGLE_UNIT ( ) SI_UNIT ( $, .RADIAN. ) );
#6647 = DIRECTION ( 'NONE',  ( -1.000000000000000000, 0.0000000000000000000, -0.0000000000000000000 ) ) ;
#6648 = LINE ( 'NONE', #7381, #9252 ) ;
#6649 = CARTESIAN_POINT ( 'NONE',  ( -1.567939417981752515, -1.000000000000000000, 0.3726856722252213650 ) ) ;
#6650 = FACE_OUTER_BOUND ( 'NONE', #7761, .T. ) ;
#6651 = MECHANICAL_DESIGN_GEOMETRIC_PRESENTATION_REPRESENTATION (  '', ( #3575 ), #4520 ) ;
#6652 = VECTOR ( 'NONE', #1258, 1000.000000000000000 ) ;
#6653 = CARTESIAN_POINT ( 'NONE',  ( -1.497323083726747273, -1.010000000000000009, 0.4528330454595122512 ) ) ;
#6654 = ORIENTED_EDGE ( 'NONE', *, *, #4014, .T. ) ;
#6655 = ORIENTED_EDGE ( 'NONE', *, *, #694, .T. ) ;
#6656 = PRESENTATION_STYLE_ASSIGNMENT (( #2131 ) ) ;
#6657 = EDGE_CURVE ( 'NONE', #2930, #1763, #11571, .T. ) ;
#6658 = ORIENTED_EDGE ( 'NONE', *, *, #11020, .T. ) ;
#6659 = DIRECTION ( 'NONE',  ( 1.000000000000000000, 0.0000000000000000000, -0.0000000000000000000 ) ) ;
#6661 = ORIENTED_EDGE ( 'NONE', *, *, #3230, .T. ) ;
#6660 = AXIS2_PLACEMENT_3D ( 'NONE', #4249, #9742, #6048 ) ;
#6662 = CARTESIAN_POINT ( 'NONE',  ( -1.759234109414038238, -1.010000000000000009, 0.4405582225315766709 ) ) ;
#6663 = MECHANICAL_DESIGN_GEOMETRIC_PRESENTATION_REPRESENTATION (  '', ( #5109 ), #3966 ) ;
#6664 = DIRECTION ( 'NONE',  ( -0.3416038306902401400, 0.0000000000000000000, 0.9398440417738220809 ) ) ;
#6665 = B_SPLINE_CURVE_WITH_KNOTS ( 'NONE', 3,
 ( #5252, #7086, #7937, #2552 ),
 .UNSPECIFIED., .F., .F.,
 ( 4, 4 ),
 ( 8.000000000000000000, 9.000000000000000000 ),
 .UNSPECIFIED. ) ;
#6666 = DIRECTION ( 'NONE',  ( -1.000000000000000000, 0.0000000000000000000, -0.0000000000000000000 ) ) ;
#6667 = CARTESIAN_POINT ( 'NONE',  ( -1.928216719712432914, -1.000000000000000000, 0.2391081354408662596 ) ) ;
#6668 = AXIS2_PLACEMENT_3D ( 'NONE', #2381, #2324, #10773 ) ;
#6669 = ORIENTED_EDGE ( 'NONE', *, *, #336, .T. ) ;
#6670 = PRESENTATION_STYLE_ASSIGNMENT (( #3155 ) ) ;
#6671 = ORIENTED_EDGE ( 'NONE', *, *, #7152, .F. ) ;
#6672 = PLANE ( 'NONE',  #2942 ) ;
#6673 = ADVANCED_FACE ( 'NONE', ( #10907 ), #6254, .F. ) ;
#6674 = ORIENTED_EDGE ( 'NONE', *, *, #7697, .T. ) ;
#6675 = ADVANCED_FACE ( 'NONE', ( #11737 ), #5276, .F. ) ;
#6676 = LINE ( 'NONE', #7643, #5104 ) ;
#6677 = CARTESIAN_POINT ( 'NONE',  ( -2.096244447539275857, -1.000000000000000000, 0.4379297811405066243 ) ) ;
#6678 = FILL_AREA_STYLE ('',( #137 ) ) ;
#6679 = CARTESIAN_POINT ( 'NONE',  ( -1.991143427003361444, -1.000000000000000000, 0.2089836405724676272 ) ) ;
#6680 =( GEOMETRIC_REPRESENTATION_CONTEXT ( 3 ) GLOBAL_UNCERTAINTY_ASSIGNED_CONTEXT ( ( #10226 ) ) GLOBAL_UNIT_ASSIGNED_CONTEXT ( ( #4773, #11350, #11398 ) ) REPRESENTATION_CONTEXT ( 'NONE', 'WORKASPACE' ) );
#6681 = SURFACE_STYLE_FILL_AREA ( #10360 ) ;
#6682 = DIRECTION ( 'NONE',  ( -0.0000000000000000000, 1.000000000000000000, -0.0000000000000000000 ) ) ;
#6683 = CARTESIAN_POINT ( 'NONE',  ( -2.248205767888787232, -1.000000000000000000, 0.2551745429188400083 ) ) ;
#6684 =( LENGTH_UNIT ( ) NAMED_UNIT ( * ) SI_UNIT ( .MILLI., .METRE. ) );
#6685 = CARTESIAN_POINT ( 'NONE',  ( -1.752446854383083563, -1.000000000000000000, 0.2282759907212610351 ) ) ;
#6686 = CARTESIAN_POINT ( 'NONE',  ( 2.500000000000000000, -1.000000000000000000, 0.5500000000000007105 ) ) ;
#6687 = ORIENTED_EDGE ( 'NONE', *, *, #3175, .T. ) ;
#6688 = MECHANICAL_DESIGN_GEOMETRIC_PRESENTATION_REPRESENTATION (  '', ( #2833 ), #10157 ) ;
#6689 = DIRECTION ( 'NONE',  ( -0.0000000000000000000, -0.0000000000000000000, -1.000000000000000000 ) ) ;
#6690 =( NAMED_UNIT ( * ) PLANE_ANGLE_UNIT ( ) SI_UNIT ( $, .RADIAN. ) );
#6691 = SURFACE_STYLE_USAGE ( .BOTH. , #7537 ) ;
#6692 =( NAMED_UNIT ( * ) SI_UNIT ( $, .STERADIAN. ) SOLID_ANGLE_UNIT ( ) );
#6693 = ORIENTED_EDGE ( 'NONE', *, *, #6262, .T. ) ;
#6694 = FACE_OUTER_BOUND ( 'NONE', #4958, .T. ) ;
#6695 = VECTOR ( 'NONE', #11080, 1000.000000000000000 ) ;
#6696 = DIRECTION ( 'NONE',  ( -0.3416038306902401955, 0.0000000000000000000, 0.9398440417738220809 ) ) ;
#6697 =( NAMED_UNIT ( * ) SI_UNIT ( $, .STERADIAN. ) SOLID_ANGLE_UNIT ( ) );
#6698 = CARTESIAN_POINT ( 'NONE',  ( -1.693214816686469781, -1.010000000000000009, 0.2507076279149259568 ) ) ;
#6699 = B_SPLINE_SURFACE_WITH_KNOTS ( 'NONE', 3, 1, ( 
 ( #6938, #14 ),
 ( #8151, #11923 ),
 ( #9165, #1754 ),
 ( #8211, #4672 ) ),
 .UNSPECIFIED., .F., .F., .F.,
 ( 4, 4 ),
 ( 2, 2 ),
 ( 27.00000000000000000, 28.00000000000000000 ),
 ( 0.0000000000000000000, 1.000000000000000000 ),
 .UNSPECIFIED. ) ;
#6700 = ADVANCED_FACE ( 'NONE', ( #10441 ), #9476, .F. ) ;
#6701 = FILL_AREA_STYLE ('',( #5548 ) ) ;
#6702 =( GEOMETRIC_REPRESENTATION_CONTEXT ( 3 ) GLOBAL_UNCERTAINTY_ASSIGNED_CONTEXT ( ( #8088 ) ) GLOBAL_UNIT_ASSIGNED_CONTEXT ( ( #9265, #5697, #11317 ) ) REPRESENTATION_CONTEXT ( 'NONE', 'WORKASPACE' ) );
#6703 = EDGE_LOOP ( 'NONE', ( #11411, #9600, #9966, #1363 ) ) ;
#6704 = PRESENTATION_LAYER_ASSIGNMENT (  '', '', ( #5753 ) ) ;
#6705 = EDGE_LOOP ( 'NONE', ( #5510, #9381, #9615, #1065 ) ) ;
#6706 = DIRECTION ( 'NONE',  ( -0.0000000000000000000, 1.000000000000000000, -0.0000000000000000000 ) ) ;
#6707 = PRESENTATION_LAYER_ASSIGNMENT (  '', '', ( #3618 ) ) ;
#6708 = CARTESIAN_POINT ( 'NONE',  ( -1.475252470737069332, -1.010000000000000009, 0.3950691728584412310 ) ) ;
#6709 = FACE_OUTER_BOUND ( 'NONE', #10147, .T. ) ;
#6710 = COLOUR_RGB ( '',0.0000000000000000000, 0.0000000000000000000, 0.0000000000000000000 ) ;
#6711 = DIRECTION ( 'NONE',  ( 0.7071067811865475727, 0.0000000000000000000, 0.7071067811865475727 ) ) ;
#6712 = CARTESIAN_POINT ( 'NONE',  ( -2.500000000000000000, 0.9500000000000007327, 0.04999999999999926725 ) ) ;
#6713 = EDGE_CURVE ( 'NONE', #487, #1910, #938, .T. ) ;
#6714 = CARTESIAN_POINT ( 'NONE',  ( -1.676150405988668268, -1.000000000000000000, 0.2077216793875679424 ) ) ;
#6715 = ORIENTED_EDGE ( 'NONE', *, *, #7349, .F. ) ;
#6716 = VERTEX_POINT ( 'NONE', #2965 ) ;
#6717 = VECTOR ( 'NONE', #11642, 1000.000000000000000 ) ;
#6718 = EDGE_CURVE ( 'NONE', #1011, #7689, #8847, .T. ) ;
#6719 = ORIENTED_EDGE ( 'NONE', *, *, #10897, .F. ) ;
#6720 = EDGE_LOOP ( 'NONE', ( #7852, #8564, #4055, #7791 ) ) ;
#6721 = FILL_AREA_STYLE_COLOUR ( '', #5046 ) ;
#6722 = STYLED_ITEM ( 'NONE', ( #9846 ), #2332 ) ;
#6723 = VERTEX_POINT ( 'NONE', #4879 ) ;
#6724 = DIRECTION ( 'NONE',  ( -1.000000000000000000, 0.0000000000000000000, -0.0000000000000000000 ) ) ;
#6725 = DIRECTION ( 'NONE',  ( -0.0000000000000000000, -0.0000000000000000000, 1.000000000000000000 ) ) ;
#6726 = B_SPLINE_SURFACE_WITH_KNOTS ( 'NONE', 3, 1, ( 
 ( #11408, #4000 ),
 ( #4061, #1112 ),
 ( #4118, #4782 ),
 ( #7748, #239 ) ),
 .UNSPECIFIED., .F., .F., .F.,
 ( 4, 4 ),
 ( 2, 2 ),
 ( 23.00000000000000000, 24.00000000000000000 ),
 ( 0.0000000000000000000, 1.000000000000000000 ),
 .UNSPECIFIED. ) ;
#6727 = COLOUR_RGB ( '',0.7529411764705882248, 0.7529411764705882248, 0.7529411764705882248 ) ;
#6728 =( LENGTH_UNIT ( ) NAMED_UNIT ( * ) SI_UNIT ( .MILLI., .METRE. ) );
#6729 = ADVANCED_FACE ( 'NONE', ( #8698, #403 ), #4105, .T. ) ;
#6730 =( NAMED_UNIT ( * ) PLANE_ANGLE_UNIT ( ) SI_UNIT ( $, .RADIAN. ) );
#6731 = AXIS2_PLACEMENT_3D ( 'NONE', #7542, #7486, #4816 ) ;
#6732 = EDGE_LOOP ( 'NONE', ( #6229, #8280, #2840, #5695 ) ) ;
#6733 = CARTESIAN_POINT ( 'NONE',  ( -1.677859253886438529, -1.000000000000000000, 0.2516703591251381877 ) ) ;
#6734 = ORIENTED_EDGE ( 'NONE', *, *, #2757, .F. ) ;
#6735 =( NAMED_UNIT ( * ) PLANE_ANGLE_UNIT ( ) SI_UNIT ( $, .RADIAN. ) );
#6736 = ORIENTED_EDGE ( 'NONE', *, *, #6746, .T. ) ;
#6737 = MECHANICAL_DESIGN_GEOMETRIC_PRESENTATION_REPRESENTATION (  '', ( #951 ), #5176 ) ;
#6738 = PLANE ( 'NONE',  #4154 ) ;
#6739 =( LENGTH_UNIT ( ) NAMED_UNIT ( * ) SI_UNIT ( .MILLI., .METRE. ) );
#6740 = CARTESIAN_POINT ( 'NONE',  ( -1.760076499222489987, -1.000000000000000000, 0.4046964849586197066 ) ) ;
#6741 = FILL_AREA_STYLE ('',( #3051 ) ) ;
#6742 = LINE ( 'NONE', #2938, #6450 ) ;
#6743 = EDGE_CURVE ( 'NONE', #3689, #11217, #1800, .T. ) ;
#6744 =( GEOMETRIC_REPRESENTATION_CONTEXT ( 3 ) GLOBAL_UNCERTAINTY_ASSIGNED_CONTEXT ( ( #9164 ) ) GLOBAL_UNIT_ASSIGNED_CONTEXT ( ( #7694, #8422, #9255 ) ) REPRESENTATION_CONTEXT ( 'NONE', 'WORKASPACE' ) );
#6746 = EDGE_CURVE ( 'NONE', #11846, #5554, #7130, .T. ) ;
#6745 = DIRECTION ( 'NONE',  ( -1.000000000000000000, -0.0000000000000000000, -0.0000000000000000000 ) ) ;
#6747 =( NAMED_UNIT ( * ) SI_UNIT ( $, .STERADIAN. ) SOLID_ANGLE_UNIT ( ) );
#6748 = PRESENTATION_STYLE_ASSIGNMENT (( #8555 ) ) ;
#6749 = UNCERTAINTY_MEASURE_WITH_UNIT (LENGTH_MEASURE( 1.000000000000000082E-05 ), #2605, 'distance_accuracy_value', 'NONE');
#6750 =( LENGTH_UNIT ( ) NAMED_UNIT ( * ) SI_UNIT ( .MILLI., .METRE. ) );
#6751 = VERTEX_POINT ( 'NONE', #10629 ) ;
#6752 = DIRECTION ( 'NONE',  ( -1.000000000000000000, -0.0000000000000000000, -0.0000000000000000000 ) ) ;
#6753 = CARTESIAN_POINT ( 'NONE',  ( -1.634993646760196651, -1.010000000000000009, 0.4420023193468916589 ) ) ;
#6754 = STYLED_ITEM ( 'NONE', ( #8699 ), #11479 ) ;
#6755 = CARTESIAN_POINT ( 'NONE',  ( -1.759234109414038238, -1.010000000000000009, 0.4405582225315766709 ) ) ;
#6756 = CARTESIAN_POINT ( 'NONE',  ( -1.752446854383083563, -1.000000000000000000, 0.2282759907212610351 ) ) ;
#6757 = PRESENTATION_STYLE_ASSIGNMENT (( #1147 ) ) ;
#6758 = ORIENTED_EDGE ( 'NONE', *, *, #8028, .F. ) ;
#6759 = DIRECTION ( 'NONE',  ( -0.0000000000000000000, 1.000000000000000000, -0.0000000000000000000 ) ) ;
#6760 = LINE ( 'NONE', #4933, #11260 ) ;
#6761 = FACE_OUTER_BOUND ( 'NONE', #2830, .T. ) ;
#6763 = EDGE_CURVE ( 'NONE', #2585, #7140, #1392, .T. ) ;
#6762 = FILL_AREA_STYLE ('',( #11885 ) ) ;
#6764 = SURFACE_SIDE_STYLE ('',( #8572 ) ) ;
#6765 = UNCERTAINTY_MEASURE_WITH_UNIT (LENGTH_MEASURE( 1.000000000000000082E-05 ), #8036, 'distance_accuracy_value', 'NONE');
#6766 =( GEOMETRIC_REPRESENTATION_CONTEXT ( 3 ) GLOBAL_UNCERTAINTY_ASSIGNED_CONTEXT ( ( #7590 ) ) GLOBAL_UNIT_ASSIGNED_CONTEXT ( ( #1737, #3410, #7155 ) ) REPRESENTATION_CONTEXT ( 'NONE', 'WORKASPACE' ) );
#6767 = VERTEX_POINT ( 'NONE', #7184 ) ;
#6768 = PLANE ( 'NONE',  #6607 ) ;
#6769 = CARTESIAN_POINT ( 'NONE',  ( -1.374863673811987708, -1.000000000000000000, 0.2848364493105310369 ) ) ;
#6770 = DIRECTION ( 'NONE',  ( -0.0000000000000000000, 1.000000000000000000, -0.0000000000000000000 ) ) ;
#6771 = B_SPLINE_CURVE_WITH_KNOTS ( 'NONE', 3,
 ( #839, #6405, #9235, #4632 ),
 .UNSPECIFIED., .F., .F.,
 ( 4, 4 ),
 ( 18.00000000000000000, 19.00000000000000000 ),
 .UNSPECIFIED. ) ;
#6772 = SURFACE_SIDE_STYLE ('',( #1334 ) ) ;
#6773 =( NAMED_UNIT ( * ) SI_UNIT ( $, .STERADIAN. ) SOLID_ANGLE_UNIT ( ) );
#6774 = STYLED_ITEM ( 'NONE', ( #377 ), #6551 ) ;
#6775 = SURFACE_SIDE_STYLE ('',( #5120 ) ) ;
#6776 = DIRECTION ( 'NONE',  ( -0.0000000000000000000, 1.000000000000000000, -0.0000000000000000000 ) ) ;
#6777 = CARTESIAN_POINT ( 'NONE',  ( -1.772832687755529824, -1.010000000000000009, 0.4191374531085665933 ) ) ;
#6778 = PRESENTATION_LAYER_ASSIGNMENT (  '', '', ( #7161 ) ) ;
#6779 = SURFACE_SIDE_STYLE ('',( #2363 ) ) ;
#6780 = SURFACE_STYLE_USAGE ( .BOTH. , #6317 ) ;
#6781 = CARTESIAN_POINT ( 'NONE',  ( -1.655572026374432237, -1.000000000000000000, 0.2417060911011922608 ) ) ;
#6782 = EDGE_LOOP ( 'NONE', ( #10536, #2504, #5261, #9498 ) ) ;
#6783 = VERTEX_POINT ( 'NONE', #10693 ) ;
#6784 = COLOUR_RGB ( '',0.0000000000000000000, 0.0000000000000000000, 0.0000000000000000000 ) ;
#6785 = VERTEX_POINT ( 'NONE', #6159 ) ;
#6786 = FACE_OUTER_BOUND ( 'NONE', #2679, .T. ) ;
#6787 = CARTESIAN_POINT ( 'NONE',  ( -2.159840603372099821, -1.000000000000000000, 0.2310749061650232139 ) ) ;
#6788 = ORIENTED_EDGE ( 'NONE', *, *, #5057, .T. ) ;
#6789 =( LENGTH_UNIT ( ) NAMED_UNIT ( * ) SI_UNIT ( .MILLI., .METRE. ) );
#6790 = SURFACE_STYLE_FILL_AREA ( #6970 ) ;
#6791 = MECHANICAL_DESIGN_GEOMETRIC_PRESENTATION_REPRESENTATION (  '', ( #4467 ), #5817 ) ;
#6792 = ORIENTED_EDGE ( 'NONE', *, *, #11136, .T. ) ;
#6793 = ORIENTED_EDGE ( 'NONE', *, *, #4887, .F. ) ;
#6794 = LINE ( 'NONE', #7762, #9790 ) ;
#6795 = EDGE_LOOP ( 'NONE', ( #209, #8904, #6188, #6034, #10705, #4416, #8900, #2234 ) ) ;
#6796 = SURFACE_SIDE_STYLE ('',( #3347 ) ) ;
#6797 = EDGE_CURVE ( 'NONE', #11483, #11843, #4171, .T. ) ;
#6798 = DIRECTION ( 'NONE',  ( -0.0000000000000000000, 1.000000000000000000, -0.0000000000000000000 ) ) ;
#6799 = CARTESIAN_POINT ( 'NONE',  ( -1.552607923462264727, -1.000000000000000000, 0.3718673506963500741 ) ) ;
#6800 = CARTESIAN_POINT ( 'NONE',  ( -1.578288778489907784, -1.010000000000000009, 0.2765569609041355070 ) ) ;
#6801 = FILL_AREA_STYLE_COLOUR ( '', #4633 ) ;
#6802 = DIRECTION ( 'NONE',  ( -0.0000000000000000000, 1.000000000000000000, -0.0000000000000000000 ) ) ;
#6803 = AXIS2_PLACEMENT_3D ( 'NONE', #2078, #4652, #1053 ) ;
#6804 = CARTESIAN_POINT ( 'NONE',  ( -2.288371761046226194, -1.000000000000000000, 0.2893156396557675647 ) ) ;
#6805 = CARTESIAN_POINT ( 'NONE',  ( -1.749029158587541710, -1.000000000000000000, 0.2204297313595212360 ) ) ;
#6806 = VECTOR ( 'NONE', #2797, 1000.000000000000000 ) ;
#6807 = SURFACE_STYLE_USAGE ( .BOTH. , #2343 ) ;
#6808 = VERTEX_POINT ( 'NONE', #1584 ) ;
#6809 = PRESENTATION_STYLE_ASSIGNMENT (( #7594 ) ) ;
#6810 = EDGE_CURVE ( 'NONE', #3707, #7510, #9714, .T. ) ;
#6811 = MECHANICAL_DESIGN_GEOMETRIC_PRESENTATION_REPRESENTATION (  '', ( #824 ), #5830 ) ;
#6812 = LINE ( 'NONE', #10490, #3893 ) ;
#6813 = ORIENTED_EDGE ( 'NONE', *, *, #9766, .T. ) ;
#6814 = CARTESIAN_POINT ( 'NONE',  ( -2.048045250642851034, -1.010000000000000009, 0.2297360601562266069 ) ) ;
#6815 = CARTESIAN_POINT ( 'NONE',  ( -2.221428439117376197, -1.010000000000000009, 0.3837057261294960497 ) ) ;
#6816 = FILL_AREA_STYLE_COLOUR ( '', #7041 ) ;
#6817 = DIRECTION ( 'NONE',  ( -1.000000000000000000, 0.0000000000000000000, -0.0000000000000000000 ) ) ;
#6818 =( NAMED_UNIT ( * ) SI_UNIT ( $, .STERADIAN. ) SOLID_ANGLE_UNIT ( ) );
#6819 = COLOUR_RGB ( '',0.0000000000000000000, 0.0000000000000000000, 0.0000000000000000000 ) ;
#6820 = AXIS2_PLACEMENT_3D ( 'NONE', #2438, #8066, #2612 ) ;
#6821 = ORIENTED_EDGE ( 'NONE', *, *, #4929, .F. ) ;
#6822 = ORIENTED_EDGE ( 'NONE', *, *, #10322, .T. ) ;
#6823 = ORIENTED_EDGE ( 'NONE', *, *, #8919, .T. ) ;
#6824 = EDGE_CURVE ( 'NONE', #5333, #9140, #4232, .T. ) ;
#6825 = EDGE_CURVE ( 'NONE', #2072, #1011, #3258, .T. ) ;
#6826 = CARTESIAN_POINT ( 'NONE',  ( -1.470775770610426525, -1.010000000000000009, 0.2926345721118238652 ) ) ;
#6827 =( NAMED_UNIT ( * ) PLANE_ANGLE_UNIT ( ) SI_UNIT ( $, .RADIAN. ) );
#6828 = AXIS2_PLACEMENT_3D ( 'NONE', #7956, #441, #2510 ) ;
#6829 = DIRECTION ( 'NONE',  ( 0.7071067811865474617, 0.0000000000000000000, -0.7071067811865474617 ) ) ;
#6830 = STYLED_ITEM ( 'NONE', ( #8118 ), #2948 ) ;
#6831 = CARTESIAN_POINT ( 'NONE',  ( -1.702336694901322334, -1.010000000000000009, 0.4505706271159670706 ) ) ;
#6832 = SURFACE_STYLE_USAGE ( .BOTH. , #10568 ) ;
#6833 = DIRECTION ( 'NONE',  ( 0.0000000000000000000, 0.0000000000000000000, -1.000000000000000000 ) ) ;
#6834 = STYLED_ITEM ( 'NONE', ( #10333 ), #135 ) ;
#6835 = SURFACE_STYLE_FILL_AREA ( #2305 ) ;
#6836 =( GEOMETRIC_REPRESENTATION_CONTEXT ( 3 ) GLOBAL_UNCERTAINTY_ASSIGNED_CONTEXT ( ( #3864 ) ) GLOBAL_UNIT_ASSIGNED_CONTEXT ( ( #11823, #10814, #8050 ) ) REPRESENTATION_CONTEXT ( 'NONE', 'WORKASPACE' ) );
#6837 = CARTESIAN_POINT ( 'NONE',  ( -1.632851569818088766, -1.010000000000000009, 0.3586779331192915810 ) ) ;
#6838 = CARTESIAN_POINT ( 'NONE',  ( -1.904117108495793298, -1.010000000000000009, 0.3428702588939518958 ) ) ;
#6839 = LINE ( 'NONE', #11295, #11117 ) ;
#6840 = STYLED_ITEM ( 'NONE', ( #7160 ), #9460 ) ;
#6841 = MECHANICAL_DESIGN_GEOMETRIC_PRESENTATION_REPRESENTATION (  '', ( #6258 ), #6465 ) ;
#6842 = ORIENTED_EDGE ( 'NONE', *, *, #5439, .F. ) ;
#6843 = ORIENTED_EDGE ( 'NONE', *, *, #6875, .T. ) ;
#6844 =( LENGTH_UNIT ( ) NAMED_UNIT ( * ) SI_UNIT ( .MILLI., .METRE. ) );
#6845 = MECHANICAL_DESIGN_GEOMETRIC_PRESENTATION_REPRESENTATION (  '', ( #1845 ), #5282 ) ;
#6846 = ORIENTED_EDGE ( 'NONE', *, *, #61, .F. ) ;
#6847 =( NAMED_UNIT ( * ) PLANE_ANGLE_UNIT ( ) SI_UNIT ( $, .RADIAN. ) );
#6848 =( LENGTH_UNIT ( ) NAMED_UNIT ( * ) SI_UNIT ( .MILLI., .METRE. ) );
#6849 = VERTEX_POINT ( 'NONE', #7920 ) ;
#6850 =( LENGTH_UNIT ( ) NAMED_UNIT ( * ) SI_UNIT ( .MILLI., .METRE. ) );
#6851 = CARTESIAN_POINT ( 'NONE',  ( -1.759234109414038238, -1.000000000000000000, 0.4405582225315766709 ) ) ;
#6852 = COLOUR_RGB ( '',0.0000000000000000000, 0.0000000000000000000, 0.0000000000000000000 ) ;
#6853 = VECTOR ( 'NONE', #10302, 1000.000000000000000 ) ;
#6855 = EDGE_CURVE ( 'NONE', #7252, #3514, #9899, .T. ) ;
#6854 = CARTESIAN_POINT ( 'NONE',  ( -2.216742414243162429, -1.000000000000000000, 0.4238716809816544528 ) ) ;
#6856 = ORIENTED_EDGE ( 'NONE', *, *, #593, .F. ) ;
#6857 = CARTESIAN_POINT ( 'NONE',  ( -1.517083141812432645, -1.010000000000000009, 0.3034652982244437913 ) ) ;
#6858 = ORIENTED_EDGE ( 'NONE', *, *, #6933, .T. ) ;
#6859 = FILL_AREA_STYLE ('',( #9499 ) ) ;
#6860 = STYLED_ITEM ( 'NONE', ( #7950 ), #10058 ) ;
#6861 = ORIENTED_EDGE ( 'NONE', *, *, #7322, .F. ) ;
#6862 = VECTOR ( 'NONE', #6255, 1000.000000000000000 ) ;
#6863 = CARTESIAN_POINT ( 'NONE',  ( -1.608879562688215970, -1.010000000000000009, 0.2259172992568244109 ) ) ;
#6864 = FILL_AREA_STYLE ('',( #9751 ) ) ;
#6865 = DIRECTION ( 'NONE',  ( -0.0000000000000000000, -0.0000000000000000000, 1.000000000000000000 ) ) ;
#6866 = LINE ( 'NONE', #9620, #1113 ) ;
#6867 = DIRECTION ( 'NONE',  ( -1.000000000000000000, 0.0000000000000000000, -0.0000000000000000000 ) ) ;
#6868 = SURFACE_STYLE_FILL_AREA ( #5992 ) ;
#6869 = CARTESIAN_POINT ( 'NONE',  ( -1.578288778489907784, -1.010000000000000009, 0.2765569609041355070 ) ) ;
#6870 = DIRECTION ( 'NONE',  ( 1.000000000000000000, 0.0000000000000000000, 0.0000000000000000000 ) ) ;
#6871 = STYLED_ITEM ( 'NONE', ( #923 ), #3779 ) ;
#6872 = DIRECTION ( 'NONE',  ( -0.0000000000000000000, 1.000000000000000000, -0.0000000000000000000 ) ) ;
#6873 = PRESENTATION_LAYER_ASSIGNMENT (  '', '', ( #88 ) ) ;
#6875 = EDGE_CURVE ( 'NONE', #6481, #3533, #2517, .T. ) ;
#6874 = CARTESIAN_POINT ( 'NONE',  ( -1.756971691070170705, -1.000000000000000000, 0.2471936589984954635 ) ) ;
#6876 = UNCERTAINTY_MEASURE_WITH_UNIT (LENGTH_MEASURE( 1.000000000000000082E-05 ), #7627, 'distance_accuracy_value', 'NONE');
#6877 = ORIENTED_EDGE ( 'NONE', *, *, #6028, .T. ) ;
#6878 = EDGE_CURVE ( 'NONE', #6186, #10290, #1463, .T. ) ;
#6879 = FILL_AREA_STYLE_COLOUR ( '', #10508 ) ;
#6880 = UNCERTAINTY_MEASURE_WITH_UNIT (LENGTH_MEASURE( 1.000000000000000082E-05 ), #7525, 'distance_accuracy_value', 'NONE');
#6881 = CARTESIAN_POINT ( 'NONE',  ( -1.552607923462264727, -1.000000000000000000, 0.4403656762897907306 ) ) ;
#6882 =( NAMED_UNIT ( * ) PLANE_ANGLE_UNIT ( ) SI_UNIT ( $, .RADIAN. ) );
#6883 = SURFACE_STYLE_FILL_AREA ( #3913 ) ;
#6884 = DIRECTION ( 'NONE',  ( -0.0000000000000000000, 1.000000000000000000, -0.0000000000000000000 ) ) ;
#6885 = DIRECTION ( 'NONE',  ( 1.000000000000000000, 0.0000000000000000000, -0.0000000000000000000 ) ) ;
#6887 = EDGE_CURVE ( 'NONE', #4285, #10622, #9264, .T. ) ;
#6886 = SURFACE_SIDE_STYLE ('',( #2115 ) ) ;
#6888 = MECHANICAL_DESIGN_GEOMETRIC_PRESENTATION_REPRESENTATION (  '', ( #3787 ), #3415 ) ;
#6889 = UNCERTAINTY_MEASURE_WITH_UNIT (LENGTH_MEASURE( 1.000000000000000082E-05 ), #3926, 'distance_accuracy_value', 'NONE');
#6890 = ORIENTED_EDGE ( 'NONE', *, *, #9120, .F. ) ;
#6891 = ORIENTED_EDGE ( 'NONE', *, *, #9953, .F. ) ;
#6892 = CARTESIAN_POINT ( 'NONE',  ( -2.330546074290889447, -1.010000000000000009, 0.3154235071181409888 ) ) ;
#6893 = CARTESIAN_POINT ( 'NONE',  ( -1.443337931124564877, -1.010000000000000009, 0.2298644972179162416 ) ) ;
#6894 = SURFACE_STYLE_USAGE ( .BOTH. , #6772 ) ;
#6895 = CARTESIAN_POINT ( 'NONE',  ( -1.568396715307274869, -1.000000000000000000, 0.4390659891564559492 ) ) ;
#6896 = SURFACE_STYLE_FILL_AREA ( #11399 ) ;
#6897 = CARTESIAN_POINT ( 'NONE',  ( -1.709268359613615340, -1.010000000000000009, 0.3589186159215232985 ) ) ;
#6898 = CARTESIAN_POINT ( 'NONE',  ( -1.730568787635512029, -1.010000000000000009, 0.2192263173470791471 ) ) ;
#6899 = STYLED_ITEM ( 'NONE', ( #4217 ), #7118 ) ;
#6900 = DIRECTION ( 'NONE',  ( -0.0000000000000000000, -0.7071067811865474617, 0.7071067811865474617 ) ) ;
#6901 = ADVANCED_FACE ( 'NONE', ( #11703 ), #6042, .F. ) ;
#6902 = DIRECTION ( 'NONE',  ( -0.5048830486499166215, 0.0000000000000000000, 0.8631877589412201290 ) ) ;
#6903 = MECHANICAL_DESIGN_GEOMETRIC_PRESENTATION_REPRESENTATION (  '', ( #2459 ), #4954 ) ;
#6904 = ORIENTED_EDGE ( 'NONE', *, *, #8788, .F. ) ;
#6905 = ORIENTED_EDGE ( 'NONE', *, *, #11008, .F. ) ;
#6906 = DIRECTION ( 'NONE',  ( -0.3283461648125109988, -0.0000000000000000000, 0.9445574604294411092 ) ) ;
#6907 = CARTESIAN_POINT ( 'NONE',  ( -1.710375500505164847, -1.010000000000000009, 0.2093101858842237595 ) ) ;
#6908 = PLANE ( 'NONE',  #1805 ) ;
#6909 = VERTEX_POINT ( 'NONE', #1934 ) ;
#6910 = CARTESIAN_POINT ( 'NONE',  ( -1.752446854383083563, -1.010000000000000009, 0.2282759907212610351 ) ) ;
#6911 = FILL_AREA_STYLE ('',( #3946 ) ) ;
#6912 = CARTESIAN_POINT ( 'NONE',  ( -1.565580726517312060, -1.000000000000000000, 0.2093101858842237595 ) ) ;
#6913 = VECTOR ( 'NONE', #2204, 1000.000000000000000 ) ;
#6914 = FACE_OUTER_BOUND ( 'NONE', #10621, .T. ) ;
#6915 =( GEOMETRIC_REPRESENTATION_CONTEXT ( 3 ) GLOBAL_UNCERTAINTY_ASSIGNED_CONTEXT ( ( #9625 ) ) GLOBAL_UNIT_ASSIGNED_CONTEXT ( ( #3927, #2422, #3506 ) ) REPRESENTATION_CONTEXT ( 'NONE', 'WORKASPACE' ) );
#6916 = SURFACE_STYLE_USAGE ( .BOTH. , #9380 ) ;
#6917 = ORIENTED_EDGE ( 'NONE', *, *, #1733, .F. ) ;
#6918 = VERTEX_POINT ( 'NONE', #10989 ) ;
#6919 = CARTESIAN_POINT ( 'NONE',  ( 2.500000000000000000, -0.9500000000000007327, 0.5500000000000007105 ) ) ;
#6920 = STYLED_ITEM ( 'NONE', ( #2895 ), #1887 ) ;
#6921 = ORIENTED_EDGE ( 'NONE', *, *, #3528, .T. ) ;
#6922 = FILL_AREA_STYLE_COLOUR ( '', #3585 ) ;
#6923 = STYLED_ITEM ( 'NONE', ( #3131 ), #10624 ) ;
#6924 = DIRECTION ( 'NONE',  ( -0.9903286039881269431, -0.0000000000000000000, -0.1387416884823294283 ) ) ;
#6925 =( NAMED_UNIT ( * ) SI_UNIT ( $, .STERADIAN. ) SOLID_ANGLE_UNIT ( ) );
#6926 = EDGE_CURVE ( 'NONE', #7136, #1349, #8223, .T. ) ;
#6927 = CARTESIAN_POINT ( 'NONE',  ( -1.668135668665369442, -1.010000000000000009, 0.2780973308403431599 ) ) ;
#6928 = DIRECTION ( 'NONE',  ( 6.249628730746562953E-15, 0.7071067811865474617, -0.7071067811865474617 ) ) ;
#6929 = CARTESIAN_POINT ( 'NONE',  ( -1.742097493875565783, -1.010000000000000009, 0.2492635311002533993 ) ) ;
#6930 = VECTOR ( 'NONE', #6127, 1000.000000000000000 ) ;
#6931 = VERTEX_POINT ( 'NONE', #5540 ) ;
#6932 = FACE_OUTER_BOUND ( 'NONE', #8042, .T. ) ;
#6933 = EDGE_CURVE ( 'NONE', #416, #8782, #1928, .T. ) ;
#6934 = DIRECTION ( 'NONE',  ( 0.3493954794973169742, -0.0000000000000000000, -0.9369753459439793541 ) ) ;
#6935 = CARTESIAN_POINT ( 'NONE',  ( -1.671336749938581390, -1.010000000000000009, 0.3694123861110195084 ) ) ;
#6936 = MECHANICAL_DESIGN_GEOMETRIC_PRESENTATION_REPRESENTATION (  '', ( #5383 ), #4802 ) ;
#6937 = CARTESIAN_POINT ( 'NONE',  ( -1.434697418514818468, -1.000000000000000000, 0.2909979290547222708 ) ) ;
#6938 = CARTESIAN_POINT ( 'NONE',  ( -2.027292831059733125, -1.010000000000000009, 0.2504884797393431839 ) ) ;
#6939 = FILL_AREA_STYLE ('',( #2468 ) ) ;
#6940 = FILL_AREA_STYLE ('',( #7786 ) ) ;
#6941 = CARTESIAN_POINT ( 'NONE',  ( -2.135071556382313496, -1.000000000000000000, 0.2765964110432108103 ) ) ;
#6942 =( GEOMETRIC_REPRESENTATION_CONTEXT ( 3 ) GLOBAL_UNCERTAINTY_ASSIGNED_CONTEXT ( ( #4088 ) ) GLOBAL_UNIT_ASSIGNED_CONTEXT ( ( #8288, #9421, #3874 ) ) REPRESENTATION_CONTEXT ( 'NONE', 'WORKASPACE' ) );
#6943 = ORIENTED_EDGE ( 'NONE', *, *, #2223, .T. ) ;
#6944 = ORIENTED_EDGE ( 'NONE', *, *, #11084, .T. ) ;
#6945 = VERTEX_POINT ( 'NONE', #6283 ) ;
#6946 = CARTESIAN_POINT ( 'NONE',  ( -2.185279047829110866, -1.010000000000000009, 0.2993571379454478820 ) ) ;
#6947 = CARTESIAN_POINT ( 'NONE',  ( -1.743565658970781973, -1.000000000000000000, 0.4399805838055782514 ) ) ;
#6948 = EDGE_CURVE ( 'NONE', #1291, #2585, #9956, .T. ) ;
#6949 = CARTESIAN_POINT ( 'NONE',  ( -1.514941064870001020, -1.000000000000000000, 0.2093101858842237595 ) ) ;
#6950 = SURFACE_STYLE_FILL_AREA ( #982 ) ;
#6951 = LINE ( 'NONE', #8940, #2257 ) ;
#6952 = FILL_AREA_STYLE_COLOUR ( '', #2578 ) ;
#6953 = LINE ( 'NONE', #7019, #10467 ) ;
#6954 =( LENGTH_UNIT ( ) NAMED_UNIT ( * ) SI_UNIT ( .MILLI., .METRE. ) );
#6955 = FACE_OUTER_BOUND ( 'NONE', #6423, .T. ) ;
#6956 = CARTESIAN_POINT ( 'NONE',  ( -1.727223296680637565, -1.010000000000000009, 0.2228846959454959809 ) ) ;
#6957 = FILL_AREA_STYLE_COLOUR ( '', #5907 ) ;
#6958 = ORIENTED_EDGE ( 'NONE', *, *, #1889, .T. ) ;
#6959 = ORIENTED_EDGE ( 'NONE', *, *, #10642, .F. ) ;
#6960 = VERTEX_POINT ( 'NONE', #771 ) ;
#6961 = FILL_AREA_STYLE ('',( #3325 ) ) ;
#6962 = ORIENTED_EDGE ( 'NONE', *, *, #4138, .T. ) ;
#6963 = SURFACE_STYLE_FILL_AREA ( #3396 ) ;
#6964 = CARTESIAN_POINT ( 'NONE',  ( 2.475000000000000533, 0.9750000000000004219, 0.04999999999999925338 ) ) ;
#6965 = ADVANCED_FACE ( 'NONE', ( #10069, #4455, #8392, #11819, #1820, #8161, #5482, #7422, #9180, #26, #11098, #4629, #899, #3794 ), #3568, .F. ) ;
#6966 = ORIENTED_EDGE ( 'NONE', *, *, #3359, .F. ) ;
#6967 = PRESENTATION_LAYER_ASSIGNMENT (  '', '', ( #4626 ) ) ;
#6968 = DIRECTION ( 'NONE',  ( 1.000000000000000000, -0.0000000000000000000, -0.0000000000000000000 ) ) ;
#6969 = SURFACE_STYLE_FILL_AREA ( #9974 ) ;
#6970 = FILL_AREA_STYLE ('',( #4187 ) ) ;
#6971 = CARTESIAN_POINT ( 'NONE',  ( -1.510705047546230473, -1.000000000000000000, 0.3844309929876059684 ) ) ;
#6972 = PLANE ( 'NONE',  #6668 ) ;
#6973 = VECTOR ( 'NONE', #9605, 1000.000000000000000 ) ;
#6974 = DIRECTION ( 'NONE',  ( -0.0000000000000000000, 1.000000000000000000, -0.0000000000000000000 ) ) ;
#6975 = ORIENTED_EDGE ( 'NONE', *, *, #8355, .F. ) ;
#6976 = CARTESIAN_POINT ( 'NONE',  ( -1.433277389980368577, -1.000000000000000000, 0.2572542001433302805 ) ) ;
#6977 = EDGE_LOOP ( 'NONE', ( #727, #101, #11152, #9415 ) ) ;
#6978 = SURFACE_STYLE_USAGE ( .BOTH. , #9810 ) ;
#6979 = DIRECTION ( 'NONE',  ( -0.0000000000000000000, -0.7071067811865474617, -0.7071067811865474617 ) ) ;
#6980 = EDGE_CURVE ( 'NONE', #250, #4117, #4798, .T. ) ;
#6981 = EDGE_CURVE ( 'NONE', #786, #1000, #2108, .T. ) ;
#6982 = LINE ( 'NONE', #4254, #4228 ) ;
#6983 = CARTESIAN_POINT ( 'NONE',  ( -1.475252470737069332, -1.000000000000000000, 0.3950691728584412310 ) ) ;
#6984 =( NAMED_UNIT ( * ) SI_UNIT ( $, .STERADIAN. ) SOLID_ANGLE_UNIT ( ) );
#6985 = FILL_AREA_STYLE ('',( #504 ) ) ;
#6986 = VECTOR ( 'NONE', #5230, 1000.000000000000000 ) ;
#6987 = CARTESIAN_POINT ( 'NONE',  ( -2.214064683919642729, -1.000000000000000000, 0.2993571379454478820 ) ) ;
#6988 = CARTESIAN_POINT ( 'NONE',  ( -1.372504982347548141, -1.010000000000000009, 0.2883022816665182786 ) ) ;
#6989 = UNCERTAINTY_MEASURE_WITH_UNIT (LENGTH_MEASURE( 1.000000000000000082E-05 ), #1802, 'distance_accuracy_value', 'NONE');
#6990 =( NAMED_UNIT ( * ) SI_UNIT ( $, .STERADIAN. ) SOLID_ANGLE_UNIT ( ) );
#6991 = VECTOR ( 'NONE', #8917, 1000.000000000000000 ) ;
#6992 = LINE ( 'NONE', #3238, #8777 ) ;
#6993 = CARTESIAN_POINT ( 'NONE',  ( -1.379412578779301457, -1.000000000000000000, 0.3034652982244437913 ) ) ;
#6994 = UNCERTAINTY_MEASURE_WITH_UNIT (LENGTH_MEASURE( 1.000000000000000082E-05 ), #6850, 'distance_accuracy_value', 'NONE');
#6995 = FACE_OUTER_BOUND ( 'NONE', #4348, .T. ) ;
#6996 = DIRECTION ( 'NONE',  ( -0.0000000000000000000, -0.0000000000000000000, -1.000000000000000000 ) ) ;
#6997 = SURFACE_STYLE_FILL_AREA ( #11692 ) ;
#6998 = FILL_AREA_STYLE ('',( #11565 ) ) ;
#6999 =( GEOMETRIC_REPRESENTATION_CONTEXT ( 3 ) GLOBAL_UNCERTAINTY_ASSIGNED_CONTEXT ( ( #11556 ) ) GLOBAL_UNIT_ASSIGNED_CONTEXT ( ( #7444, #6424, #11066 ) ) REPRESENTATION_CONTEXT ( 'NONE', 'WORKASPACE' ) );
#7000 = CARTESIAN_POINT ( 'NONE',  ( -1.676463293631890394, -1.010000000000000009, 0.2388660340316498820 ) ) ;
#7001 = B_SPLINE_SURFACE_WITH_KNOTS ( 'NONE', 3, 1, ( 
 ( #6929, #5997 ),
 ( #4984, #6874 ),
 ( #2217, #321 ),
 ( #7650, #7834 ) ),
 .UNSPECIFIED., .F., .F., .F.,
 ( 4, 4 ),
 ( 2, 2 ),
 ( 9.000000000000000000, 10.00000000000000000 ),
 ( 0.0000000000000000000, 1.000000000000000000 ),
 .UNSPECIFIED. ) ;
#7002 = CARTESIAN_POINT ( 'NONE',  ( -1.668135668665369442, -1.000000000000000000, 0.2780973308403431599 ) ) ;
#7003 = UNCERTAINTY_MEASURE_WITH_UNIT (LENGTH_MEASURE( 1.000000000000000082E-05 ), #3495, 'distance_accuracy_value', 'NONE');
#7004 = EDGE_CURVE ( 'NONE', #10347, #11636, #1203, .T. ) ;
#7005 = VECTOR ( 'NONE', #10045, 1000.000000000000000 ) ;
#7006 = ORIENTED_EDGE ( 'NONE', *, *, #1759, .T. ) ;
#7007 = EDGE_LOOP ( 'NONE', ( #8646, #7915, #9601, #1702 ) ) ;
#7008 = EDGE_LOOP ( 'NONE', ( #6427, #6213, #11480, #3563 ) ) ;
#7009 = CARTESIAN_POINT ( 'NONE',  ( -1.689195413884707841, -1.010000000000000009, 0.2090695030813516098 ) ) ;
#7010 =( GEOMETRIC_REPRESENTATION_CONTEXT ( 3 ) GLOBAL_UNCERTAINTY_ASSIGNED_CONTEXT ( ( #2158 ) ) GLOBAL_UNIT_ASSIGNED_CONTEXT ( ( #10262, #220, #2059 ) ) REPRESENTATION_CONTEXT ( 'NONE', 'WORKASPACE' ) );
#7011 = DIRECTION ( 'NONE',  ( 1.000000000000000000, 0.0000000000000000000, -0.0000000000000000000 ) ) ;
#7012 = SURFACE_STYLE_FILL_AREA ( #1707 ) ;
#7013 = DIRECTION ( 'NONE',  ( 0.1333547648937644658, 0.0000000000000000000, -0.9910683662997870069 ) ) ;
#7014 = CARTESIAN_POINT ( 'NONE',  ( -2.159840603372099821, -1.010000000000000009, 0.2310749061650232139 ) ) ;
#7015 = CARTESIAN_POINT ( 'NONE',  ( -1.637665225868179197, -1.000000000000000000, 0.4010862429206517588 ) ) ;
#7016 =( LENGTH_UNIT ( ) NAMED_UNIT ( * ) SI_UNIT ( .MILLI., .METRE. ) );
#7017 = CARTESIAN_POINT ( 'NONE',  ( -2.096913870543995806, -1.000000000000000000, 0.4780957742979444203 ) ) ;
#7018 = VECTOR ( 'NONE', #7940, 1000.000000000000000 ) ;
#7019 = CARTESIAN_POINT ( 'NONE',  ( -1.694394162418690009, -1.010000000000000009, 0.2116688773486635200 ) ) ;
#7020 = FILL_AREA_STYLE_COLOUR ( '', #6350 ) ;
#7021 = FILL_AREA_STYLE_COLOUR ( '', #11652 ) ;
#7022 = VECTOR ( 'NONE', #256, 1000.000000000000000 ) ;
#7023 = COLOUR_RGB ( '',0.0000000000000000000, 0.0000000000000000000, 0.0000000000000000000 ) ;
#7024 = SURFACE_STYLE_USAGE ( .BOTH. , #6169 ) ;
#7025 = EDGE_CURVE ( 'NONE', #10191, #9204, #11157, .T. ) ;
#7026 = VERTEX_POINT ( 'NONE', #11334 ) ;
#7027 = EDGE_LOOP ( 'NONE', ( #4638, #8405, #10884, #2901 ) ) ;
#7028 = VECTOR ( 'NONE', #1324, 1000.000000000000000 ) ;
#7029 = CARTESIAN_POINT ( 'NONE',  ( -1.470775770610426525, -1.010000000000000009, 0.2926345721118238097 ) ) ;
#7030 = SURFACE_STYLE_USAGE ( .BOTH. , #3328 ) ;
#7031 = ORIENTED_EDGE ( 'NONE', *, *, #2898, .T. ) ;
#7032 = AXIS2_PLACEMENT_3D ( 'NONE', #1339, #6833, #1222 ) ;
#7033 = CARTESIAN_POINT ( 'NONE',  ( -1.533184821299701905, -1.010000000000000009, 0.3586779331192915810 ) ) ;
#7034 = SURFACE_STYLE_FILL_AREA ( #10037 ) ;
#7035 = CARTESIAN_POINT ( 'NONE',  ( -2.028631677068852834, -1.000000000000000000, 0.2089836405724676272 ) ) ;
#7036 =( LENGTH_UNIT ( ) NAMED_UNIT ( * ) SI_UNIT ( .MILLI., .METRE. ) );
#7037 = MECHANICAL_DESIGN_GEOMETRIC_PRESENTATION_REPRESENTATION (  '', ( #4692 ), #1438 ) ;
#7038 =( GEOMETRIC_REPRESENTATION_CONTEXT ( 3 ) GLOBAL_UNCERTAINTY_ASSIGNED_CONTEXT ( ( #6889 ) ) GLOBAL_UNIT_ASSIGNED_CONTEXT ( ( #3926, #4044, #11702 ) ) REPRESENTATION_CONTEXT ( 'NONE', 'WORKASPACE' ) );
#7039 = CARTESIAN_POINT ( 'NONE',  ( -1.749317977950537450, -1.010000000000000009, 0.2367961619298920017 ) ) ;
#7040 = EDGE_CURVE ( 'NONE', #482, #8722, #8683, .T. ) ;
#7041 = COLOUR_RGB ( '',0.7529411764705882248, 0.7529411764705882248, 0.7529411764705882248 ) ;
#7042 = ORIENTED_EDGE ( 'NONE', *, *, #8271, .T. ) ;
#7043 = CARTESIAN_POINT ( 'NONE',  ( -1.436622880934596891, -1.010000000000000009, 0.2363629328858724010 ) ) ;
#7044 = ORIENTED_EDGE ( 'NONE', *, *, #8256, .T. ) ;
#7045 = SURFACE_SIDE_STYLE ('',( #9750 ) ) ;
#7046 = COLOUR_RGB ( '',0.0000000000000000000, 0.0000000000000000000, 0.0000000000000000000 ) ;
#7047 =( GEOMETRIC_REPRESENTATION_CONTEXT ( 3 ) GLOBAL_UNCERTAINTY_ASSIGNED_CONTEXT ( ( #822 ) ) GLOBAL_UNIT_ASSIGNED_CONTEXT ( ( #10024, #1829, #5602 ) ) REPRESENTATION_CONTEXT ( 'NONE', 'WORKASPACE' ) );
#7048 = CARTESIAN_POINT ( 'NONE',  ( -1.664116265863606836, -1.010000000000000009, 0.2328489639687963964 ) ) ;
#7049 = VECTOR ( 'NONE', #2166, 1000.000000000000227 ) ;
#7050 = FILL_AREA_STYLE_COLOUR ( '', #4493 ) ;
#7051 = STYLED_ITEM ( 'NONE', ( #4980 ), #1542 ) ;
#7052 = CARTESIAN_POINT ( 'NONE',  ( -1.470294405005320604, -1.010000000000000009, 0.3034652982244437913 ) ) ;
#7053 = FILL_AREA_STYLE_COLOUR ( '', #11511 ) ;
#7054 = CARTESIAN_POINT ( 'NONE',  ( -1.724647990693872091, -1.010000000000000009, 0.4544215519561667915 ) ) ;
#7055 = EDGE_CURVE ( 'NONE', #1094, #9747, #8542, .T. ) ;
#7056 = MECHANICAL_DESIGN_GEOMETRIC_PRESENTATION_REPRESENTATION (  '', ( #9926 ), #270 ) ;
#7057 = ADVANCED_FACE ( 'NONE', ( #4752 ), #8851, .F. ) ;
#7058 = CARTESIAN_POINT ( 'NONE',  ( -1.506854122706031252, -1.010000000000000009, 0.3950691728584412310 ) ) ;
#7059 = PRESENTATION_LAYER_ASSIGNMENT (  '', '', ( #2428 ) ) ;
#7060 = FILL_AREA_STYLE ('',( #8739 ) ) ;
#7061 = DIRECTION ( 'NONE',  ( -1.000000000000000000, 0.0000000000000000000, 0.0000000000000000000 ) ) ;
#7062 = CARTESIAN_POINT ( 'NONE',  ( -1.475252470737069332, -1.010000000000000009, 0.3950691728584412310 ) ) ;
#7063 = MECHANICAL_DESIGN_GEOMETRIC_PRESENTATION_REPRESENTATION (  '', ( #9367 ), #1859 ) ;
#7064 = PLANE ( 'NONE',  #8963 ) ;
#7065 = SURFACE_STYLE_USAGE ( .BOTH. , #2469 ) ;
#7066 = CARTESIAN_POINT ( 'NONE',  ( -1.710375500505164847, -1.010000000000000009, 0.2093101858842237595 ) ) ;
#7067 = ORIENTED_EDGE ( 'NONE', *, *, #10632, .T. ) ;
#7068 = COLOUR_RGB ( '',0.0000000000000000000, 0.0000000000000000000, 0.0000000000000000000 ) ;
#7069 = ORIENTED_EDGE ( 'NONE', *, *, #6713, .T. ) ;
#7070 = SURFACE_STYLE_FILL_AREA ( #9707 ) ;
#7071 = LINE ( 'NONE', #10809, #7166 ) ;
#7072 = LINE ( 'NONE', #9839, #7898 ) ;
#7073 = SURFACE_STYLE_FILL_AREA ( #5232 ) ;
#7074 = DIRECTION ( 'NONE',  ( 0.0000000000000000000, -1.000000000000000000, 0.0000000000000000000 ) ) ;
#7075 = CARTESIAN_POINT ( 'NONE',  ( -1.759234109414038238, -1.010000000000000009, 0.4405582225315766709 ) ) ;
#7076 = DIRECTION ( 'NONE',  ( -0.0000000000000000000, 1.000000000000000000, -0.0000000000000000000 ) ) ;
#7077 = EDGE_CURVE ( 'NONE', #1672, #2502, #8451, .T. ) ;
#7078 = CARTESIAN_POINT ( 'NONE',  ( -1.743758205212888601, -1.010000000000000009, 0.2173971280481934165 ) ) ;
#7079 = PRESENTATION_STYLE_ASSIGNMENT (( #4343 ) ) ;
#7080 = EDGE_LOOP ( 'NONE', ( #6212, #9856, #8282, #2919 ) ) ;
#7081 = VERTEX_POINT ( 'NONE', #3858 ) ;
#7082 = DIRECTION ( 'NONE',  ( -1.000000000000000000, 0.0000000000000000000, 0.0000000000000000000 ) ) ;
#7083 = AXIS2_PLACEMENT_3D ( 'NONE', #8384, #3785, #11151 ) ;
#7084 = PRESENTATION_STYLE_ASSIGNMENT (( #11778 ) ) ;
#7085 = ORIENTED_EDGE ( 'NONE', *, *, #8147, .T. ) ;
#7086 = CARTESIAN_POINT ( 'NONE',  ( -2.287702350810252749, -1.000000000000000000, 0.2263888940592386489 ) ) ;
#7087 = EDGE_CURVE ( 'NONE', #9894, #4892, #2796, .T. ) ;
#7088 = CARTESIAN_POINT ( 'NONE',  ( -1.574269375688144956, -1.000000000000000000, 0.3586779331192915810 ) ) ;
#7089 = SURFACE_SIDE_STYLE ('',( #607 ) ) ;
#7090 = EDGE_CURVE ( 'NONE', #3515, #4349, #11216, .T. ) ;
#7091 = STYLED_ITEM ( 'NONE', ( #1128 ), #6394 ) ;
#7092 = PLANE ( 'NONE',  #3432 ) ;
#7093 = ORIENTED_EDGE ( 'NONE', *, *, #9982, .T. ) ;
#7094 = VERTEX_POINT ( 'NONE', #2286 ) ;
#7095 = CARTESIAN_POINT ( 'NONE',  ( -2.214064683919642729, -1.000000000000000000, 0.2993571379454478820 ) ) ;
#7096 = DIRECTION ( 'NONE',  ( 0.0000000000000000000, 0.0000000000000000000, -1.000000000000000000 ) ) ;
#7097 = PRESENTATION_LAYER_ASSIGNMENT (  '', '', ( #520 ) ) ;
#7098 =( GEOMETRIC_REPRESENTATION_CONTEXT ( 3 ) GLOBAL_UNCERTAINTY_ASSIGNED_CONTEXT ( ( #1081 ) ) GLOBAL_UNIT_ASSIGNED_CONTEXT ( ( #1182, #7700, #8660 ) ) REPRESENTATION_CONTEXT ( 'NONE', 'WORKASPACE' ) );
#7099 =( NAMED_UNIT ( * ) PLANE_ANGLE_UNIT ( ) SI_UNIT ( $, .RADIAN. ) );
#7100 = SURFACE_SIDE_STYLE ('',( #1678 ) ) ;
#7101 = CARTESIAN_POINT ( 'NONE',  ( -1.814181993226108291, -1.010000000000000009, 0.2517184956855826328 ) ) ;
#7102 = EDGE_CURVE ( 'NONE', #1282, #10685, #6075, .T. ) ;
#7103 = LINE ( 'NONE', #3351, #9317 ) ;
#7104 = PRESENTATION_LAYER_ASSIGNMENT (  '', '', ( #537 ) ) ;
#7105 = CARTESIAN_POINT ( 'NONE',  ( -1.616461070967178726, -1.010000000000000009, 0.2094545955655646996 ) ) ;
#7106 = CARTESIAN_POINT ( 'NONE',  ( -1.702336694901322556, -1.000000000000000000, 0.4505706271159670706 ) ) ;
#7107 = CARTESIAN_POINT ( 'NONE',  ( -1.676198542549437009, -1.010000000000000009, 0.2676998337717396703 ) ) ;
#7108 =( LENGTH_UNIT ( ) NAMED_UNIT ( * ) SI_UNIT ( .MILLI., .METRE. ) );
#7109 = COLOUR_RGB ( '',0.0000000000000000000, 0.0000000000000000000, 0.0000000000000000000 ) ;
#7110 = UNCERTAINTY_MEASURE_WITH_UNIT (LENGTH_MEASURE( 1.000000000000000082E-05 ), #6384, 'distance_accuracy_value', 'NONE');
#7111 = DIRECTION ( 'NONE',  ( -1.000000000000000000, 0.0000000000000000000, -0.0000000000000000000 ) ) ;
#7112 = ORIENTED_EDGE ( 'NONE', *, *, #3971, .F. ) ;
#7113 = CARTESIAN_POINT ( 'NONE',  ( -1.662912851850842921, -1.010000000000000009, 0.2685181553006110167 ) ) ;
#7114 = LINE ( 'NONE', #2699, #8436 ) ;
#7115 = UNCERTAINTY_MEASURE_WITH_UNIT (LENGTH_MEASURE( 1.000000000000000082E-05 ), #1799, 'distance_accuracy_value', 'NONE');
#7118 = ADVANCED_FACE ( 'NONE', ( #9764 ), #3303, .F. ) ;
#7117 =( NAMED_UNIT ( * ) SI_UNIT ( $, .STERADIAN. ) SOLID_ANGLE_UNIT ( ) );
#7116 = MECHANICAL_DESIGN_GEOMETRIC_PRESENTATION_REPRESENTATION (  '', ( #1916 ), #4023 ) ;
#7119 = CARTESIAN_POINT ( 'NONE',  ( -1.694321957578019733, -1.010000000000000009, 0.2584094775953279521 ) ) ;
#7120 = AXIS2_PLACEMENT_3D ( 'NONE', #978, #10206, #1837 ) ;
#7121 = CARTESIAN_POINT ( 'NONE',  ( -1.723853737445544265, -1.000000000000000000, 0.2264949379828197773 ) ) ;
#7122 = UNCERTAINTY_MEASURE_WITH_UNIT (LENGTH_MEASURE( 1.000000000000000082E-05 ), #8804, 'distance_accuracy_value', 'NONE');
#7123 = VERTEX_POINT ( 'NONE', #5951 ) ;
#7124 = EDGE_LOOP ( 'NONE', ( #3595, #2016, #6354, #6437 ) ) ;
#7125 = ORIENTED_EDGE ( 'NONE', *, *, #5307, .T. ) ;
#7126 = CARTESIAN_POINT ( 'NONE',  ( -1.554533385882042928, -1.010000000000000009, 0.3857306801209408054 ) ) ;
#7127 = B_SPLINE_SURFACE_WITH_KNOTS ( 'NONE', 3, 1, ( 
 ( #1366, #4141 ),
 ( #2271, #11550 ),
 ( #9678, #1427 ),
 ( #2211, #3291 ) ),
 .UNSPECIFIED., .F., .F., .F.,
 ( 4, 4 ),
 ( 2, 2 ),
 ( 15.00000000000000000, 16.00000000000000000 ),
 ( 0.0000000000000000000, 1.000000000000000000 ),
 .UNSPECIFIED. ) ;
#7128 = VECTOR ( 'NONE', #713, 1000.000000000000000 ) ;
#7129 =( NAMED_UNIT ( * ) PLANE_ANGLE_UNIT ( ) SI_UNIT ( $, .RADIAN. ) );
#7130 = LINE ( 'NONE', #2535, #6131 ) ;
#7131 = CARTESIAN_POINT ( 'NONE',  ( -1.372023616741803620, -1.000000000000000000, 0.2861361364438658184 ) ) ;
#7132 = EDGE_CURVE ( 'NONE', #191, #11126, #8740, .T. ) ;
#7133 = CARTESIAN_POINT ( 'NONE',  ( -1.517083141812432645, -1.000000000000000000, 0.2926345721118238097 ) ) ;
#7134 =( LENGTH_UNIT ( ) NAMED_UNIT ( * ) SI_UNIT ( .MILLI., .METRE. ) );
#7135 = STYLED_ITEM ( 'NONE', ( #5689 ), #11192 ) ;
#7136 = VERTEX_POINT ( 'NONE', #11691 ) ;
#7137 = ORIENTED_EDGE ( 'NONE', *, *, #10433, .T. ) ;
#7138 = ORIENTED_EDGE ( 'NONE', *, *, #863, .T. ) ;
#7139 = CARTESIAN_POINT ( 'NONE',  ( -1.648977317585904379, -1.000000000000000000, 0.2320306424405674528 ) ) ;
#7140 = VERTEX_POINT ( 'NONE', #10676 ) ;
#7141 =( GEOMETRIC_REPRESENTATION_CONTEXT ( 3 ) GLOBAL_UNCERTAINTY_ASSIGNED_CONTEXT ( ( #11803 ) ) GLOBAL_UNIT_ASSIGNED_CONTEXT ( ( #8939, #837, #10934 ) ) REPRESENTATION_CONTEXT ( 'NONE', 'WORKASPACE' ) );
#7142 = FACE_OUTER_BOUND ( 'NONE', #5741, .T. ) ;
#7143 = B_SPLINE_CURVE_WITH_KNOTS ( 'NONE', 3,
 ( #11213, #2826, #2163, #2884 ),
 .UNSPECIFIED., .F., .F.,
 ( 4, 4 ),
 ( 2.000000000000000000, 3.000000000000000000 ),
 .UNSPECIFIED. ) ;
#7144 = DIRECTION ( 'NONE',  ( -0.0000000000000000000, 1.000000000000000000, -0.0000000000000000000 ) ) ;
#7145 = FILL_AREA_STYLE ('',( #3334 ) ) ;
#7146 = SURFACE_STYLE_USAGE ( .BOTH. , #2835 ) ;
#7147 = CARTESIAN_POINT ( 'NONE',  ( -2.185279060597537626, -1.000000000000000000, 0.1648010583142833774 ) ) ;
#7148 = COLOUR_RGB ( '',0.0000000000000000000, 0.0000000000000000000, 0.0000000000000000000 ) ;
#7149 = SURFACE_STYLE_USAGE ( .BOTH. , #1604 ) ;
#7150 = ORIENTED_EDGE ( 'NONE', *, *, #9370, .T. ) ;
#7151 = CARTESIAN_POINT ( 'NONE',  ( -2.185948496370684779, -1.000000000000000000, 0.2049670003980145483 ) ) ;
#7152 = EDGE_CURVE ( 'NONE', #7123, #6723, #475, .T. ) ;
#7153 = ORIENTED_EDGE ( 'NONE', *, *, #4410, .F. ) ;
#7154 = VECTOR ( 'NONE', #7277, 1000.000000000000114 ) ;
#7155 =( NAMED_UNIT ( * ) SI_UNIT ( $, .STERADIAN. ) SOLID_ANGLE_UNIT ( ) );
#7156 = FILL_AREA_STYLE_COLOUR ( '', #1014 ) ;
#7157 = CARTESIAN_POINT ( 'NONE',  ( -1.650301072999782459, -1.000000000000000000, 0.2357371575994287871 ) ) ;
#7158 = CARTESIAN_POINT ( 'NONE',  ( -1.615065110712629926, -1.000000000000000000, 0.4528330454595122512 ) ) ;
#7159 = FACE_OUTER_BOUND ( 'NONE', #10327, .T. ) ;
#7160 = PRESENTATION_STYLE_ASSIGNMENT (( #11061 ) ) ;
#7161 = STYLED_ITEM ( 'NONE', ( #2018 ), #5581 ) ;
#7162 = CARTESIAN_POINT ( 'NONE',  ( -1.661083662551957385, -1.010000000000000009, 0.2264468014223747216 ) ) ;
#7163 = VERTEX_POINT ( 'NONE', #1378 ) ;
#7164 = EDGE_CURVE ( 'NONE', #5134, #9010, #11624, .T. ) ;
#7165 = DIRECTION ( 'NONE',  ( -0.7071067811865474617, 0.0000000000000000000, -0.7071067811865474617 ) ) ;
#7166 = VECTOR ( 'NONE', #2299, 1000.000000000000227 ) ;
#7167 = DIRECTION ( 'NONE',  ( -0.0000000000000000000, 1.000000000000000000, -0.0000000000000000000 ) ) ;
#7168 = SURFACE_STYLE_FILL_AREA ( #11749 ) ;
#7169 = PLANE ( 'NONE',  #4684 ) ;
#7170 = LINE ( 'NONE', #5163, #4818 ) ;
#7171 =( NAMED_UNIT ( * ) PLANE_ANGLE_UNIT ( ) SI_UNIT ( $, .RADIAN. ) );
#7172 = CARTESIAN_POINT ( 'NONE',  ( -1.690976466623149266, -1.010000000000000009, 0.2477712977244908299 ) ) ;
#7173 =( NAMED_UNIT ( * ) PLANE_ANGLE_UNIT ( ) SI_UNIT ( $, .RADIAN. ) );
#7174 = VECTOR ( 'NONE', #1083, 1000.000000000000000 ) ;
#7175 = VERTEX_POINT ( 'NONE', #516 ) ;
#7176 = EDGE_CURVE ( 'NONE', #2263, #7669, #2405, .T. ) ;
#7177 = ORIENTED_EDGE ( 'NONE', *, *, #422, .F. ) ;
#7178 = ORIENTED_EDGE ( 'NONE', *, *, #2696, .T. ) ;
#7179 = ORIENTED_EDGE ( 'NONE', *, *, #2307, .T. ) ;
#7180 =( LENGTH_UNIT ( ) NAMED_UNIT ( * ) SI_UNIT ( .MILLI., .METRE. ) );
#7181 = CARTESIAN_POINT ( 'NONE',  ( -1.764408789667795130, -1.010000000000000009, 0.2212961894488408021 ) ) ;
#7182 = SURFACE_STYLE_USAGE ( .BOTH. , #6341 ) ;
#7183 =( NAMED_UNIT ( * ) PLANE_ANGLE_UNIT ( ) SI_UNIT ( $, .RADIAN. ) );
#7184 = CARTESIAN_POINT ( 'NONE',  ( -1.776683612595411299, -1.000000000000000000, 0.3586779331192915810 ) ) ;
#7185 = EDGE_LOOP ( 'NONE', ( #9727, #2086, #9409 ) ) ;
#7186 = DIRECTION ( 'NONE',  ( -0.0000000000000000000, 1.000000000000000000, -0.0000000000000000000 ) ) ;
#7187 = CARTESIAN_POINT ( 'NONE',  ( -1.777838890047726883, -1.010000000000000009, 0.2926345721118238097 ) ) ;
#7188 =( NAMED_UNIT ( * ) PLANE_ANGLE_UNIT ( ) SI_UNIT ( $, .RADIAN. ) );
#7189 = SURFACE_STYLE_FILL_AREA ( #1772 ) ;
#7190 = FILL_AREA_STYLE_COLOUR ( '', #11841 ) ;
#7191 = AXIS2_PLACEMENT_3D ( 'NONE', #987, #1961, #6659 ) ;
#7192 = ADVANCED_FACE ( 'NONE', ( #2464 ), #631, .F. ) ;
#7193 = AXIS2_PLACEMENT_3D ( 'NONE', #10706, #485, #7082 ) ;
#7194 = ORIENTED_EDGE ( 'NONE', *, *, #2808, .F. ) ;
#7195 = EDGE_CURVE ( 'NONE', #963, #7491, #9542, .T. ) ;
#7196 = VERTEX_POINT ( 'NONE', #3488 ) ;
#7197 = FILL_AREA_STYLE_COLOUR ( '', #9501 ) ;
#7198 = EDGE_LOOP ( 'NONE', ( #6858, #11468, #2905, #8465 ) ) ;
#7199 = SURFACE_STYLE_FILL_AREA ( #6299 ) ;
#7200 = SURFACE_SIDE_STYLE ('',( #6969 ) ) ;
#7201 = CARTESIAN_POINT ( 'NONE',  ( -1.374863673811987708, -1.000000000000000000, 0.2848364493105310369 ) ) ;
#7202 = CARTESIAN_POINT ( 'NONE',  ( -1.651504487012225297, -1.000000000000000000, 0.2165788065199644452 ) ) ;
#7203 = SURFACE_STYLE_FILL_AREA ( #8009 ) ;
#7204 = VECTOR ( 'NONE', #6696, 1000.000000000000000 ) ;
#7205 = ORIENTED_EDGE ( 'NONE', *, *, #255, .T. ) ;
#7206 =( LENGTH_UNIT ( ) NAMED_UNIT ( * ) SI_UNIT ( .MILLI., .METRE. ) );
#7207 = ORIENTED_EDGE ( 'NONE', *, *, #7455, .T. ) ;
#7208 = PRESENTATION_LAYER_ASSIGNMENT (  '', '', ( #5074 ) ) ;
#7209 = CARTESIAN_POINT ( 'NONE',  ( -1.490944989460548209, -1.000000000000000000, 0.4407989053344495423 ) ) ;
#7210 = CARTESIAN_POINT ( 'NONE',  ( -1.657112396310640001, -1.010000000000000009, 0.2771345996301309289 ) ) ;
#7211 = CARTESIAN_POINT ( 'NONE',  ( -1.826336474752609851, -1.010000000000000009, 0.3034652982244437913 ) ) ;
#7212 = FILL_AREA_STYLE ('',( #3538 ) ) ;
#7213 =( NAMED_UNIT ( * ) SI_UNIT ( $, .STERADIAN. ) SOLID_ANGLE_UNIT ( ) );
#7214 =( GEOMETRIC_REPRESENTATION_CONTEXT ( 3 ) GLOBAL_UNCERTAINTY_ASSIGNED_CONTEXT ( ( #1685 ) ) GLOBAL_UNIT_ASSIGNED_CONTEXT ( ( #2821, #6557, #5468 ) ) REPRESENTATION_CONTEXT ( 'NONE', 'WORKASPACE' ) );
#7215 =( NAMED_UNIT ( * ) PLANE_ANGLE_UNIT ( ) SI_UNIT ( $, .RADIAN. ) );
#7216 = CARTESIAN_POINT ( 'NONE',  ( -1.471257136214887629, -1.010000000000000009, 0.2093101858842237595 ) ) ;
#7217 = B_SPLINE_CURVE_WITH_KNOTS ( 'NONE', 3,
 ( #2871, #3214, #10297, #11142 ),
 .UNSPECIFIED., .F., .F.,
 ( 4, 4 ),
 ( 6.000000000000000000, 7.000000000000000000 ),
 .UNSPECIFIED. ) ;
#7218 = STYLED_ITEM ( 'NONE', ( #3257 ), #165 ) ;
#7219 = EDGE_CURVE ( 'NONE', #1000, #985, #6261, .T. ) ;
#7220 =( NAMED_UNIT ( * ) SI_UNIT ( $, .STERADIAN. ) SOLID_ANGLE_UNIT ( ) );
#7221 = CARTESIAN_POINT ( 'NONE',  ( -1.415274316352898021, -1.010000000000000009, 0.2093101858842237595 ) ) ;
#7222 = UNCERTAINTY_MEASURE_WITH_UNIT (LENGTH_MEASURE( 1.000000000000000082E-05 ), #6303, 'distance_accuracy_value', 'NONE');
#7223 =( LENGTH_UNIT ( ) NAMED_UNIT ( * ) SI_UNIT ( .MILLI., .METRE. ) );
#7224 =( GEOMETRIC_REPRESENTATION_CONTEXT ( 3 ) GLOBAL_UNCERTAINTY_ASSIGNED_CONTEXT ( ( #7720 ) ) GLOBAL_UNIT_ASSIGNED_CONTEXT ( ( #7134, #10817, #6290 ) ) REPRESENTATION_CONTEXT ( 'NONE', 'WORKASPACE' ) );
#7225 = VECTOR ( 'NONE', #6520, 1000.000000000000000 ) ;
#7226 = CARTESIAN_POINT ( 'NONE',  ( -1.676150405988668268, -1.010000000000000009, 0.2077216793875679424 ) ) ;
#7227 = VECTOR ( 'NONE', #2712, 1000.000000000000000 ) ;
#7228 = CARTESIAN_POINT ( 'NONE',  ( -2.185948496370684779, -1.010000000000000009, 0.2049670003980145483 ) ) ;
#7229 =( NAMED_UNIT ( * ) PLANE_ANGLE_UNIT ( ) SI_UNIT ( $, .RADIAN. ) );
#7230 = UNCERTAINTY_MEASURE_WITH_UNIT (LENGTH_MEASURE( 1.000000000000000082E-05 ), #1898, 'distance_accuracy_value', 'NONE');
#7231 = CARTESIAN_POINT ( 'NONE',  ( -1.450486210359190009, -1.000000000000000000, 0.2896982419207457804 ) ) ;
#7232 = CARTESIAN_POINT ( 'NONE',  ( -1.734852941520047764, -1.000000000000000000, 0.2173971280481934165 ) ) ;
#7233 = EDGE_CURVE ( 'NONE', #9823, #3867, #4320, .T. ) ;
#7234 = PRESENTATION_LAYER_ASSIGNMENT (  '', '', ( #7420 ) ) ;
#7235 = CARTESIAN_POINT ( 'NONE',  ( -1.737909613111919604, -1.010000000000000009, 0.2409359061334077623 ) ) ;
#7236 = PRESENTATION_LAYER_ASSIGNMENT (  '', '', ( #9347 ) ) ;
#7237 = LINE ( 'NONE', #4220, #10394 ) ;
#7238 = DIRECTION ( 'NONE',  ( -1.000000000000000000, 0.0000000000000000000, 0.0000000000000000000 ) ) ;
#7239 = FACE_OUTER_BOUND ( 'NONE', #1179, .T. ) ;
#7240 = COLOUR_RGB ( '',0.7529411764705882248, 0.7529411764705882248, 0.7529411764705882248 ) ;
#7241 = UNCERTAINTY_MEASURE_WITH_UNIT (LENGTH_MEASURE( 1.000000000000000082E-05 ), #5645, 'distance_accuracy_value', 'NONE');
#7242 = EDGE_CURVE ( 'NONE', #3127, #1375, #1626, .T. ) ;
#7243 = ORIENTED_EDGE ( 'NONE', *, *, #5031, .F. ) ;
#7244 = ORIENTED_EDGE ( 'NONE', *, *, #6718, .F. ) ;
#7245 = ORIENTED_EDGE ( 'NONE', *, *, #9669, .F. ) ;
#7246 = CARTESIAN_POINT ( 'NONE',  ( -1.671336749938581390, -1.010000000000000009, 0.4010862429206517588 ) ) ;
#7247 = VECTOR ( 'NONE', #1068, 1000.000000000000000 ) ;
#7248 = COLOUR_RGB ( '',0.0000000000000000000, 0.0000000000000000000, 0.0000000000000000000 ) ;
#7249 = FILL_AREA_STYLE_COLOUR ( '', #6784 ) ;
#7250 = PRESENTATION_STYLE_ASSIGNMENT (( #7182 ) ) ;
#7251 = CARTESIAN_POINT ( 'NONE',  ( -1.615065110712629926, -1.010000000000000009, 0.4528330454595122512 ) ) ;
#7252 = VERTEX_POINT ( 'NONE', #6142 ) ;
#7253 = CARTESIAN_POINT ( 'NONE',  ( -1.489934121689891589, -1.000000000000000000, 0.4355038836789342227 ) ) ;
#7254 = DIRECTION ( 'NONE',  ( 0.0000000000000000000, 0.0000000000000000000, 1.000000000000000000 ) ) ;
#7255 = EDGE_CURVE ( 'NONE', #1349, #6186, #7114, .T. ) ;
#7256 = CARTESIAN_POINT ( 'NONE',  ( -1.640409009816507391, -1.010000000000000009, 0.1785990602841615038 ) ) ;
#7257 = COLOUR_RGB ( '',0.0000000000000000000, 0.0000000000000000000, 0.0000000000000000000 ) ;
#7258 = ORIENTED_EDGE ( 'NONE', *, *, #8237, .T. ) ;
#7259 = VERTEX_POINT ( 'NONE', #9941 ) ;
#7260 = VERTEX_POINT ( 'NONE', #3427 ) ;
#7261 = ORIENTED_EDGE ( 'NONE', *, *, #3700, .T. ) ;
#7262 = LINE ( 'NONE', #1836, #5417 ) ;
#7263 = CARTESIAN_POINT ( 'NONE',  ( -1.614487471986630895, -1.000000000000000000, 0.1848086765887972382 ) ) ;
#7265 = EDGE_LOOP ( 'NONE', ( #5437, #5670, #3690, #7472 ) ) ;
#7264 = AXIS2_PLACEMENT_3D ( 'NONE', #8415, #862, #6364 ) ;
#7266 = PLANE ( 'NONE',  #4362 ) ;
#7267 = CARTESIAN_POINT ( 'NONE',  ( -2.222097874890202718, -1.010000000000000009, 0.4238716809816544528 ) ) ;
#7268 = EDGE_CURVE ( 'NONE', #600, #5243, #8986, .T. ) ;
#7269 = CARTESIAN_POINT ( 'NONE',  ( -1.694321957578019733, -1.000000000000000000, 0.2542697333918083613 ) ) ;
#7270 = ADVANCED_FACE ( 'NONE', ( #11687 ), #3461, .F. ) ;
#7271 = FACE_OUTER_BOUND ( 'NONE', #6703, .T. ) ;
#7272 =( GEOMETRIC_REPRESENTATION_CONTEXT ( 3 ) GLOBAL_UNCERTAINTY_ASSIGNED_CONTEXT ( ( #954 ) ) GLOBAL_UNIT_ASSIGNED_CONTEXT ( ( #597, #4113, #2310 ) ) REPRESENTATION_CONTEXT ( 'NONE', 'WORKASPACE' ) );
#7273 = ORIENTED_EDGE ( 'NONE', *, *, #4454, .T. ) ;
#7274 = AXIS2_PLACEMENT_3D ( 'NONE', #474, #536, #6093 ) ;
#7275 = ORIENTED_EDGE ( 'NONE', *, *, #8706, .F. ) ;
#7276 = EDGE_LOOP ( 'NONE', ( #2266, #11304, #9614, #7318 ) ) ;
#7277 = DIRECTION ( 'NONE',  ( -0.3409177962187247557, -0.0000000000000000000, -0.9400931103999049521 ) ) ;
#7278 = LINE ( 'NONE', #2506, #7005 ) ;
#7279 = LINE ( 'NONE', #2687, #5569 ) ;
#7280 = LINE ( 'NONE', #2688, #6324 ) ;
#7281 = VECTOR ( 'NONE', #5215, 1000.000000000000000 ) ;
#7282 = CARTESIAN_POINT ( 'NONE',  ( -2.048045250642851034, -1.010000000000000009, 0.2190251388621479445 ) ) ;
#7283 = CARTESIAN_POINT ( 'NONE',  ( -1.764408789667795130, -1.010000000000000009, 0.2398769018023066135 ) ) ;
#7284 = CARTESIAN_POINT ( 'NONE',  ( -1.552607923462264727, -1.010000000000000009, 0.4403656762897907306 ) ) ;
#7285 = CARTESIAN_POINT ( 'NONE',  ( -1.671336749938581390, -1.010000000000000009, 0.3694123861110195084 ) ) ;
#7286 = SURFACE_STYLE_USAGE ( .BOTH. , #5278 ) ;
#7287 =( GEOMETRIC_REPRESENTATION_CONTEXT ( 3 ) GLOBAL_UNCERTAINTY_ASSIGNED_CONTEXT ( ( #11570 ) ) GLOBAL_UNIT_ASSIGNED_CONTEXT ( ( #1154, #5546, #3743 ) ) REPRESENTATION_CONTEXT ( 'NONE', 'WORKASPACE' ) );
#7288 = VERTEX_POINT ( 'NONE', #1864 ) ;
#7289 = VECTOR ( 'NONE', #8964, 1000.000000000000000 ) ;
#7290 = ADVANCED_FACE ( 'NONE', ( #5637 ), #10895, .F. ) ;
#7291 = DIRECTION ( 'NONE',  ( 1.000000000000000000, -0.0000000000000000000, -0.0000000000000000000 ) ) ;
#7292 = FACE_OUTER_BOUND ( 'NONE', #7928, .T. ) ;
#7293 = CARTESIAN_POINT ( 'NONE',  ( -1.752446854383083563, -1.010000000000000009, 0.2282759907212610351 ) ) ;
#7294 = STYLED_ITEM ( 'NONE', ( #5766 ), #2697 ) ;
#7295 = PRESENTATION_LAYER_ASSIGNMENT (  '', '', ( #1320 ) ) ;
#7296 = DIRECTION ( 'NONE',  ( -0.0000000000000000000, 1.000000000000000000, -0.0000000000000000000 ) ) ;
#7297 =( LENGTH_UNIT ( ) NAMED_UNIT ( * ) SI_UNIT ( .MILLI., .METRE. ) );
#7298 = CARTESIAN_POINT ( 'NONE',  ( -1.633718027907086645, -1.010000000000000009, 0.1877450067792323374 ) ) ;
#7299 = CARTESIAN_POINT ( 'NONE',  ( -1.506854122706031252, -1.010000000000000009, 0.3950691728584412310 ) ) ;
#7300 = MECHANICAL_DESIGN_GEOMETRIC_PRESENTATION_REPRESENTATION (  '', ( #537 ), #1316 ) ;
#7301 = DIRECTION ( 'NONE',  ( 1.000000000000000000, 0.0000000000000000000, -0.0000000000000000000 ) ) ;
#7302 = VERTEX_POINT ( 'NONE', #1974 ) ;
#7303 = EDGE_CURVE ( 'NONE', #9586, #8444, #6497, .T. ) ;
#7304 = VECTOR ( 'NONE', #8103, 1000.000000000000000 ) ;
#7305 = CARTESIAN_POINT ( 'NONE',  ( -1.762483327247695852, -1.010000000000000009, 0.2165306699588776529 ) ) ;
#7306 =( NAMED_UNIT ( * ) SI_UNIT ( $, .STERADIAN. ) SOLID_ANGLE_UNIT ( ) );
#7307 = CARTESIAN_POINT ( 'NONE',  ( -2.185279047829110866, -1.000000000000000000, 0.2993571379454478820 ) ) ;
#7308 = ORIENTED_EDGE ( 'NONE', *, *, #11084, .F. ) ;
#7309 = STYLED_ITEM ( 'NONE', ( #2963 ), #10557 ) ;
#7310 = CARTESIAN_POINT ( 'NONE',  ( -1.490944989460548209, -1.010000000000000009, 0.4407989053344495423 ) ) ;
#7311 = CARTESIAN_POINT ( 'NONE',  ( -2.118335738668366997, -1.000000000000000000, 0.2317443802431300992 ) ) ;
#7312 = CARTESIAN_POINT ( 'NONE',  ( -1.760750411069702537, -1.000000000000000000, 0.3699418882765709848 ) ) ;
#7313 = LINE ( 'NONE', #2896, #5101 ) ;
#7315 = PRESENTATION_LAYER_ASSIGNMENT (  '', '', ( #1897 ) ) ;
#7314 = CARTESIAN_POINT ( 'NONE',  ( -1.434697418514818468, -1.010000000000000009, 0.2224996034612828633 ) ) ;
#7316 = VECTOR ( 'NONE', #9677, 1000.000000000000000 ) ;
#7317 = EDGE_LOOP ( 'NONE', ( #4719, #10460, #4115, #9292 ) ) ;
#7318 = ORIENTED_EDGE ( 'NONE', *, *, #3205, .T. ) ;
#7319 = B_SPLINE_CURVE_WITH_KNOTS ( 'NONE', 3,
 ( #1064, #6546, #4793, #1796 ),
 .UNSPECIFIED., .F., .F.,
 ( 4, 4 ),
 ( 10.00000000000000000, 11.00000000000000000 ),
 .UNSPECIFIED. ) ;
#7320 = ORIENTED_EDGE ( 'NONE', *, *, #9850, .F. ) ;
#7321 = LINE ( 'NONE', #5553, #11048 ) ;
#7322 = EDGE_CURVE ( 'NONE', #8768, #2060, #3375, .T. ) ;
#7323 = CARTESIAN_POINT ( 'NONE',  ( -2.159840603372099821, -1.000000000000000000, 0.2458024420967059032 ) ) ;
#7324 = PRESENTATION_STYLE_ASSIGNMENT (( #3637 ) ) ;
#7325 = PRESENTATION_STYLE_ASSIGNMENT (( #11896 ) ) ;
#7326 = DIRECTION ( 'NONE',  ( 0.0000000000000000000, 1.000000000000000000, 0.0000000000000000000 ) ) ;
#7327 = FILL_AREA_STYLE ('',( #3817 ) ) ;
#7328 = B_SPLINE_SURFACE_WITH_KNOTS ( 'NONE', 3, 1, ( 
 ( #5910, #3383 ),
 ( #1712, #7253 ),
 ( #773, #1648 ),
 ( #7310, #11821 ) ),
 .UNSPECIFIED., .F., .F., .F.,
 ( 4, 4 ),
 ( 2, 2 ),
 ( 1.000000000000000000, 2.000000000000000000 ),
 ( 0.0000000000000000000, 1.000000000000000000 ),
 .UNSPECIFIED. ) ;
#7329 =( LENGTH_UNIT ( ) NAMED_UNIT ( * ) SI_UNIT ( .MILLI., .METRE. ) );
#7330 = PRESENTATION_LAYER_ASSIGNMENT (  '', '', ( #1932 ) ) ;
#7331 = ORIENTED_EDGE ( 'NONE', *, *, #7668, .T. ) ;
#7332 = EDGE_CURVE ( 'NONE', #2012, #3891, #10424, .T. ) ;
#7333 = ORIENTED_EDGE ( 'NONE', *, *, #921, .T. ) ;
#7334 = VECTOR ( 'NONE', #7186, 1000.000000000000000 ) ;
#7335 = DIRECTION ( 'NONE',  ( 1.000000000000000000, -0.0000000000000000000, -0.0000000000000000000 ) ) ;
#7336 =( NAMED_UNIT ( * ) SI_UNIT ( $, .STERADIAN. ) SOLID_ANGLE_UNIT ( ) );
#7337 = ORIENTED_EDGE ( 'NONE', *, *, #8495, .F. ) ;
#7338 = FILL_AREA_STYLE_COLOUR ( '', #9435 ) ;
#7339 = CARTESIAN_POINT ( 'NONE',  ( -1.662912851850842921, -1.000000000000000000, 0.2685181553006110167 ) ) ;
#7340 = ORIENTED_EDGE ( 'NONE', *, *, #11141, .F. ) ;
#7341 = CARTESIAN_POINT ( 'NONE',  ( -1.826336474752609851, -1.000000000000000000, 0.4528330454595122512 ) ) ;
#7342 = STYLED_ITEM ( 'NONE', ( #8627 ), #11670 ) ;
#7343 = SURFACE_SIDE_STYLE ('',( #4657 ) ) ;
#7344 = AXIS2_PLACEMENT_3D ( 'NONE', #2945, #8561, #6623 ) ;
#7345 = UNCERTAINTY_MEASURE_WITH_UNIT (LENGTH_MEASURE( 1.000000000000000082E-05 ), #2743, 'distance_accuracy_value', 'NONE');
#7346 = PRESENTATION_STYLE_ASSIGNMENT (( #4661 ) ) ;
#7347 = ORIENTED_EDGE ( 'NONE', *, *, #2248, .F. ) ;
#7348 = EDGE_CURVE ( 'NONE', #11661, #2644, #6235, .T. ) ;
#7349 = EDGE_CURVE ( 'NONE', #3497, #5066, #3895, .T. ) ;
#7350 = CARTESIAN_POINT ( 'NONE',  ( -1.756971691070170705, -1.000000000000000000, 0.2471936589984954635 ) ) ;
#7351 = LINE ( 'NONE', #7228, #3711 ) ;
#7352 = CARTESIAN_POINT ( 'NONE',  ( -1.668135668665369442, -1.010000000000000009, 0.2474343418007252937 ) ) ;
#7353 = PRESENTATION_STYLE_ASSIGNMENT (( #5524 ) ) ;
#7354 = VECTOR ( 'NONE', #2448, 1000.000000000000000 ) ;
#7355 = SURFACE_SIDE_STYLE ('',( #1976 ) ) ;
#7356 = CARTESIAN_POINT ( 'NONE',  ( -1.749029158587541710, -1.010000000000000009, 0.2204297313595212360 ) ) ;
#7357 = SURFACE_SIDE_STYLE ('',( #6330 ) ) ;
#7358 = SURFACE_STYLE_USAGE ( .BOTH. , #1809 ) ;
#7359 = CARTESIAN_POINT ( 'NONE',  ( -1.562066757600878431, -1.000000000000000000, 0.4486933012566344248 ) ) ;
#7360 = DIRECTION ( 'NONE',  ( -0.0000000000000000000, 1.000000000000000000, -0.0000000000000000000 ) ) ;
#7361 = UNCERTAINTY_MEASURE_WITH_UNIT (LENGTH_MEASURE( 1.000000000000000082E-05 ), #1502, 'distance_accuracy_value', 'NONE');
#7362 =( GEOMETRIC_REPRESENTATION_CONTEXT ( 3 ) GLOBAL_UNCERTAINTY_ASSIGNED_CONTEXT ( ( #3112 ) ) GLOBAL_UNIT_ASSIGNED_CONTEXT ( ( #8825, #5131, #1406 ) ) REPRESENTATION_CONTEXT ( 'NONE', 'WORKASPACE' ) );
#7363 = SURFACE_STYLE_FILL_AREA ( #10065 ) ;
#7364 = CARTESIAN_POINT ( 'NONE',  ( -1.648977317585904379, -1.010000000000000009, 0.2214405991301779397 ) ) ;
#7365 =( LENGTH_UNIT ( ) NAMED_UNIT ( * ) SI_UNIT ( .MILLI., .METRE. ) );
#7366 = ORIENTED_EDGE ( 'NONE', *, *, #6107, .T. ) ;
#7367 = PRESENTATION_STYLE_ASSIGNMENT (( #6513 ) ) ;
#7368 = ORIENTED_EDGE ( 'NONE', *, *, #8256, .F. ) ;
#7369 = CARTESIAN_POINT ( 'NONE',  ( -2.287702350810252749, -1.000000000000000000, 0.2263888940592386489 ) ) ;
#7370 = PRESENTATION_STYLE_ASSIGNMENT (( #2717 ) ) ;
#7371 = SURFACE_STYLE_USAGE ( .BOTH. , #5600 ) ;
#7372 = B_SPLINE_SURFACE_WITH_KNOTS ( 'NONE', 3, 1, ( 
 ( #4474, #5719 ),
 ( #10197, #9287 ),
 ( #6698, #4936 ),
 ( #11281, #276 ) ),
 .UNSPECIFIED., .F., .F., .F.,
 ( 4, 4 ),
 ( 2, 2 ),
 ( 5.000000000000000000, 6.000000000000000000 ),
 ( 0.0000000000000000000, 1.000000000000000000 ),
 .UNSPECIFIED. ) ;
#7373 = EDGE_CURVE ( 'NONE', #2979, #7914, #619, .T. ) ;
#7374 = ORIENTED_EDGE ( 'NONE', *, *, #1590, .F. ) ;
#7375 = ORIENTED_EDGE ( 'NONE', *, *, #4809, .F. ) ;
#7376 = SURFACE_STYLE_USAGE ( .BOTH. , #3692 ) ;
#7377 = PRESENTATION_LAYER_ASSIGNMENT (  '', '', ( #11222 ) ) ;
#7378 = FILL_AREA_STYLE ('',( #9131 ) ) ;
#7379 = CARTESIAN_POINT ( 'NONE',  ( -1.475252470737069332, -1.010000000000000009, 0.3950691728584412310 ) ) ;
#7380 = CARTESIAN_POINT ( 'NONE',  ( -1.743758205212888601, -1.010000000000000009, 0.2173971280481934165 ) ) ;
#7381 = CARTESIAN_POINT ( 'NONE',  ( -1.683491231465078952, -1.000000000000000000, 0.3586779331192915810 ) ) ;
#7382 = CARTESIAN_POINT ( 'NONE',  ( -1.694321957578019733, -1.010000000000000009, 0.2584094775953279521 ) ) ;
#7383 = PLANE ( 'NONE',  #11827 ) ;
#7384 = CARTESIAN_POINT ( 'NONE',  ( -1.735021419481611371, -1.000000000000000000, 0.4434464161615654931 ) ) ;
#7385 = EDGE_CURVE ( 'NONE', #9567, #1594, #1004, .T. ) ;
#7386 = STYLED_ITEM ( 'NONE', ( #3645 ), #4790 ) ;
#7387 = SURFACE_SIDE_STYLE ('',( #4648 ) ) ;
#7388 = ORIENTED_EDGE ( 'NONE', *, *, #5611, .F. ) ;
#7389 = ORIENTED_EDGE ( 'NONE', *, *, #34, .F. ) ;
#7390 = CARTESIAN_POINT ( 'NONE',  ( -1.373323303875781054, -1.000000000000000000, 0.2914311580987393735 ) ) ;
#7391 = ORIENTED_EDGE ( 'NONE', *, *, #850, .F. ) ;
#7392 = SURFACE_SIDE_STYLE ('',( #3704 ) ) ;
#7393 = VERTEX_POINT ( 'NONE', #9385 ) ;
#7394 = COLOUR_RGB ( '',0.0000000000000000000, 0.0000000000000000000, 0.0000000000000000000 ) ;
#7395 = LINE ( 'NONE', #9036, #4990 ) ;
#7396 = CARTESIAN_POINT ( 'NONE',  ( -1.551187894927172239, -1.000000000000000000, 0.4066219473783987404 ) ) ;
#7397 = PRESENTATION_STYLE_ASSIGNMENT (( #4608 ) ) ;
#7398 = FILL_AREA_STYLE ('',( #5396 ) ) ;
#7399 = EDGE_CURVE ( 'NONE', #8230, #4315, #1129, .T. ) ;
#7400 = VECTOR ( 'NONE', #5545, 1000.000000000000000 ) ;
#7401 = CARTESIAN_POINT ( 'NONE',  ( -2.028631677068852834, -1.010000000000000009, 0.2089836405724676549 ) ) ;
#7402 = STYLED_ITEM ( 'NONE', ( #10170 ), #2761 ) ;
#7403 = LINE ( 'NONE', #10295, #8445 ) ;
#7404 = CARTESIAN_POINT ( 'NONE',  ( -1.674056465607005384, -1.010000000000000009, 0.2497448967047174728 ) ) ;
#7405 = LINE ( 'NONE', #9942, #5063 ) ;
#7406 = DIRECTION ( 'NONE',  ( -0.9676172723861879987, 0.0000000000000000000, -0.2524218971878507412 ) ) ;
#7407 = DIRECTION ( 'NONE',  ( -1.000000000000000000, -0.0000000000000000000, -0.0000000000000000000 ) ) ;
#7408 = EDGE_CURVE ( 'NONE', #10376, #2263, #11257, .T. ) ;
#7409 = LINE ( 'NONE', #2758, #7996 ) ;
#7411 = ADVANCED_FACE ( 'NONE', ( #5760 ), #2393, .F. ) ;
#7410 = FILL_AREA_STYLE ('',( #11867 ) ) ;
#7412 = CARTESIAN_POINT ( 'NONE',  ( -1.461894575197808299, -1.010000000000000009, 0.3586779331192915810 ) ) ;
#7413 = VECTOR ( 'NONE', #8762, 1000.000000000000114 ) ;
#7414 = ORIENTED_EDGE ( 'NONE', *, *, #7448, .T. ) ;
#7415 = VECTOR ( 'NONE', #3813, 1000.000000000000000 ) ;
#7416 = MECHANICAL_DESIGN_GEOMETRIC_PRESENTATION_REPRESENTATION (  '', ( #2597 ), #448 ) ;
#7417 = CARTESIAN_POINT ( 'NONE',  ( -1.553426244990493643, -1.010000000000000009, 0.2200446388759535743 ) ) ;
#7418 =( NAMED_UNIT ( * ) SI_UNIT ( $, .STERADIAN. ) SOLID_ANGLE_UNIT ( ) );
#7419 = PRESENTATION_STYLE_ASSIGNMENT (( #6400 ) ) ;
#7420 = STYLED_ITEM ( 'NONE', ( #6809 ), #9824 ) ;
#7421 = SURFACE_STYLE_FILL_AREA ( #3735 ) ;
#7422 = FACE_BOUND ( 'NONE', #5606, .T. ) ;
#7423 = EDGE_LOOP ( 'NONE', ( #9969, #5596, #4057, #1833 ) ) ;
#7424 = FILL_AREA_STYLE ('',( #5543 ) ) ;
#7425 = LINE ( 'NONE', #2774, #11836 ) ;
#7426 = SURFACE_STYLE_USAGE ( .BOTH. , #11884 ) ;
#7427 = AXIS2_PLACEMENT_3D ( 'NONE', #7216, #9933, #4427 ) ;
#7428 = SURFACE_STYLE_FILL_AREA ( #4634 ) ;
#7429 = CARTESIAN_POINT ( 'NONE',  ( -1.710375500505164847, -1.000000000000000000, 0.2525849537742599349 ) ) ;
#7430 = FACE_OUTER_BOUND ( 'NONE', #5444, .T. ) ;
#7431 = FACE_OUTER_BOUND ( 'NONE', #385, .T. ) ;
#7432 = VECTOR ( 'NONE', #2562, 1000.000000000000000 ) ;
#7433 = STYLED_ITEM ( 'NONE', ( #1009 ), #3202 ) ;
#7434 = ORIENTED_EDGE ( 'NONE', *, *, #9172, .T. ) ;
#7435 = ORIENTED_EDGE ( 'NONE', *, *, #961, .T. ) ;
#7436 = CARTESIAN_POINT ( 'NONE',  ( -2.171890396211832552, -1.000000000000000000, 0.2571828119320350159 ) ) ;
#7437 =( NAMED_UNIT ( * ) PLANE_ANGLE_UNIT ( ) SI_UNIT ( $, .RADIAN. ) );
#7438 = EDGE_CURVE ( 'NONE', #4550, #11455, #9559, .T. ) ;
#7439 = SURFACE_STYLE_FILL_AREA ( #4709 ) ;
#7440 = LINE ( 'NONE', #106, #11481 ) ;
#7441 = FACE_OUTER_BOUND ( 'NONE', #8766, .T. ) ;
#7442 = DIRECTION ( 'NONE',  ( 1.000000000000000000, 0.0000000000000000000, 0.0000000000000000000 ) ) ;
#7443 = VERTEX_POINT ( 'NONE', #10543 ) ;
#7444 =( LENGTH_UNIT ( ) NAMED_UNIT ( * ) SI_UNIT ( .MILLI., .METRE. ) );
#7445 = ORIENTED_EDGE ( 'NONE', *, *, #11811, .T. ) ;
#7446 =( GEOMETRIC_REPRESENTATION_CONTEXT ( 3 ) GLOBAL_UNCERTAINTY_ASSIGNED_CONTEXT ( ( #5415 ) ) GLOBAL_UNIT_ASSIGNED_CONTEXT ( ( #10156, #10953, #2618 ) ) REPRESENTATION_CONTEXT ( 'NONE', 'WORKASPACE' ) );
#7447 = STYLED_ITEM ( 'NONE', ( #7503 ), #7866 ) ;
#7448 = EDGE_CURVE ( 'NONE', #2708, #4838, #5216, .T. ) ;
#7449 = EDGE_LOOP ( 'NONE', ( #248, #9063, #10577, #1351 ) ) ;
#7450 = SURFACE_SIDE_STYLE ('',( #4840 ) ) ;
#7451 = FILL_AREA_STYLE_COLOUR ( '', #8035 ) ;
#7452 = MANIFOLD_SOLID_BREP ( 'Í¹Ì¨-À­Éì2', #1079 ) ;
#7453 = DIRECTION ( 'NONE',  ( -0.0000000000000000000, 1.000000000000000000, -0.0000000000000000000 ) ) ;
#7455 = EDGE_CURVE ( 'NONE', #744, #7976, #6866, .T. ) ;
#7454 = PLANE ( 'NONE',  #7427 ) ;
#7456 = CARTESIAN_POINT ( 'NONE',  ( -1.749317977950537450, -1.010000000000000009, 0.2367961619298920017 ) ) ;
#7457 = CARTESIAN_POINT ( 'NONE',  ( -2.500000000000000000, 0.9500000000000007327, 0.04999999999999926725 ) ) ;
#7458 = UNCERTAINTY_MEASURE_WITH_UNIT (LENGTH_MEASURE( 1.000000000000000082E-05 ), #7329, 'distance_accuracy_value', 'NONE');
#7459 = DIRECTION ( 'NONE',  ( -1.000000000000000000, 0.0000000000000000000, -0.0000000000000000000 ) ) ;
#7460 = ORIENTED_EDGE ( 'NONE', *, *, #8303, .F. ) ;
#7461 = ORIENTED_EDGE ( 'NONE', *, *, #7781, .F. ) ;
#7462 = CARTESIAN_POINT ( 'NONE',  ( 2.450000000000000622, -0.9500000000000007327, 0.5999999999999999778 ) ) ;
#7463 = EDGE_CURVE ( 'NONE', #9089, #10290, #5939, .T. ) ;
#7464 = VECTOR ( 'NONE', #2220, 1000.000000000000000 ) ;
#7465 = DIRECTION ( 'NONE',  ( 0.0000000000000000000, 0.0000000000000000000, -1.000000000000000000 ) ) ;
#7466 = CARTESIAN_POINT ( 'NONE',  ( 2.500000000000000000, -0.9500000000000007327, 0.5999999999999999778 ) ) ;
#7467 = CARTESIAN_POINT ( 'NONE',  ( -1.944952550194483987, -1.000000000000000000, 0.3020348427321144502 ) ) ;
#7468 = PRESENTATION_STYLE_ASSIGNMENT (( #11629 ) ) ;
#7469 = AXIS2_PLACEMENT_3D ( 'NONE', #1560, #10789, #2514 ) ;
#7470 = UNCERTAINTY_MEASURE_WITH_UNIT (LENGTH_MEASURE( 1.000000000000000082E-05 ), #779, 'distance_accuracy_value', 'NONE');
#7471 =( NAMED_UNIT ( * ) PLANE_ANGLE_UNIT ( ) SI_UNIT ( $, .RADIAN. ) );
#7472 = ORIENTED_EDGE ( 'NONE', *, *, #4056, .T. ) ;
#7473 = STYLED_ITEM ( 'NONE', ( #4199 ), #6556 ) ;
#7474 = DIRECTION ( 'NONE',  ( -1.000000000000000000, -0.0000000000000000000, -0.0000000000000000000 ) ) ;
#7475 = CARTESIAN_POINT ( 'NONE',  ( -1.484326212391473554, -1.010000000000000009, 0.4528330454595122512 ) ) ;
#7476 = ADVANCED_FACE ( 'NONE', ( #7646 ), #11318, .F. ) ;
#7477 = LINE ( 'NONE', #325, #10255 ) ;
#7478 = PRESENTATION_STYLE_ASSIGNMENT (( #8389 ) ) ;
#7479 = PRESENTATION_LAYER_ASSIGNMENT (  '', '', ( #2663 ) ) ;
#7481 = CARTESIAN_POINT ( 'NONE',  ( -2.096244447539275857, -1.010000000000000009, 0.4379297811405066243 ) ) ;
#7480 = MECHANICAL_DESIGN_GEOMETRIC_PRESENTATION_REPRESENTATION (  '', ( #726 ), #4776 ) ;
#7482 = ORIENTED_EDGE ( 'NONE', *, *, #6810, .F. ) ;
#7483 =( NAMED_UNIT ( * ) SI_UNIT ( $, .STERADIAN. ) SOLID_ANGLE_UNIT ( ) );
#7484 = SURFACE_STYLE_USAGE ( .BOTH. , #10020 ) ;
#7485 = CARTESIAN_POINT ( 'NONE',  ( -2.118335738668366997, -1.010000000000000009, 0.1949255531820396903 ) ) ;
#7486 = DIRECTION ( 'NONE',  ( 0.0000000000000000000, 0.0000000000000000000, 1.000000000000000000 ) ) ;
#7487 = FACE_OUTER_BOUND ( 'NONE', #3266, .T. ) ;
#7488 = CARTESIAN_POINT ( 'NONE',  ( -1.373780601200661033, -1.000000000000000000, 0.2885911010291963841 ) ) ;
#7489 = COLOUR_RGB ( '',0.0000000000000000000, 0.0000000000000000000, 0.0000000000000000000 ) ;
#7490 = ORIENTED_EDGE ( 'NONE', *, *, #9473, .F. ) ;
#7491 = VERTEX_POINT ( 'NONE', #10908 ) ;
#7492 = ORIENTED_EDGE ( 'NONE', *, *, #695, .F. ) ;
#7493 = CARTESIAN_POINT ( 'NONE',  ( -1.552607923462264727, -1.010000000000000009, 0.3718673506963500741 ) ) ;
#7494 = PRESENTATION_LAYER_ASSIGNMENT (  '', '', ( #10970 ) ) ;
#7495 = ORIENTED_EDGE ( 'NONE', *, *, #4397, .T. ) ;
#7496 = EDGE_CURVE ( 'NONE', #6931, #4720, #11282, .T. ) ;
#7497 = CARTESIAN_POINT ( 'NONE',  ( -2.048045250642851034, -1.010000000000000009, 0.2297360601562266069 ) ) ;
#7498 = SURFACE_STYLE_FILL_AREA ( #11291 ) ;
#7499 = B_SPLINE_CURVE_WITH_KNOTS ( 'NONE', 3,
 ( #2523, #5110, #11504, #6077 ),
 .UNSPECIFIED., .F., .F.,
 ( 4, 4 ),
 ( 5.000000000000000000, 6.000000000000000000 ),
 .UNSPECIFIED. ) ;
#7500 = CARTESIAN_POINT ( 'NONE',  ( -1.749029158587541710, -1.010000000000000009, 0.2204297313595212360 ) ) ;
#7501 = CARTESIAN_POINT ( 'NONE',  ( -1.738631661519259408, -1.000000000000000000, 0.4544215519561667915 ) ) ;
#7502 = CARTESIAN_POINT ( 'NONE',  ( -1.682167476051521282, -1.010000000000000009, 0.2594684819264291287 ) ) ;
#7503 = PRESENTATION_STYLE_ASSIGNMENT (( #2912 ) ) ;
#7504 = DIRECTION ( 'NONE',  ( 0.0000000000000000000, 0.0000000000000000000, -1.000000000000000000 ) ) ;
#7505 = VECTOR ( 'NONE', #6872, 1000.000000000000000 ) ;
#7506 =( NAMED_UNIT ( * ) SI_UNIT ( $, .STERADIAN. ) SOLID_ANGLE_UNIT ( ) );
#7507 = VECTOR ( 'NONE', #6924, 999.9999999999998863 ) ;
#7508 = FILL_AREA_STYLE ('',( #6591 ) ) ;
#7509 = CARTESIAN_POINT ( 'NONE',  ( 2.450000000000000622, 0.9500000000000007327, 0.0000000000000000000 ) ) ;
#7510 = VERTEX_POINT ( 'NONE', #6193 ) ;
#7511 = SURFACE_STYLE_USAGE ( .BOTH. , #7392 ) ;
#7512 = LINE ( 'NONE', #5802, #2559 ) ;
#7513 = ORIENTED_EDGE ( 'NONE', *, *, #8491, .T. ) ;
#7514 = COLOUR_RGB ( '',0.0000000000000000000, 0.0000000000000000000, 0.0000000000000000000 ) ;
#7515 = FILL_AREA_STYLE ('',( #3831 ) ) ;
#7516 = CARTESIAN_POINT ( 'NONE',  ( -1.657232737711758164, -1.000000000000000000, 0.2668815122435106990 ) ) ;
#7517 = CARTESIAN_POINT ( 'NONE',  ( -1.760076499222489987, -1.000000000000000000, 0.4046964849586197066 ) ) ;
#7518 = CARTESIAN_POINT ( 'NONE',  ( -2.500000000000000000, 0.9500000000000007327, 0.5999999999999999778 ) ) ;
#7520 = EDGE_CURVE ( 'NONE', #8750, #9851, #4948, .T. ) ;
#7519 = CARTESIAN_POINT ( 'NONE',  ( -1.573932419764380253, -1.010000000000000009, 0.4528330454595122512 ) ) ;
#7521 = COLOUR_RGB ( '',0.0000000000000000000, 0.0000000000000000000, 0.0000000000000000000 ) ;
#7522 = FILL_AREA_STYLE ('',( #3836 ) ) ;
#7523 = ORIENTED_EDGE ( 'NONE', *, *, #6156, .T. ) ;
#7524 = ORIENTED_EDGE ( 'NONE', *, *, #7985, .F. ) ;
#7525 =( LENGTH_UNIT ( ) NAMED_UNIT ( * ) SI_UNIT ( .MILLI., .METRE. ) );
#7526 = CARTESIAN_POINT ( 'NONE',  ( -1.678581302294096300, -1.010000000000000009, 0.2660150541541911329 ) ) ;
#7527 = CARTESIAN_POINT ( 'NONE',  ( -1.726717862795309255, -1.000000000000000000, 0.2685181553006110167 ) ) ;
#7528 = CARTESIAN_POINT ( 'NONE',  ( -1.727223296680637565, -1.000000000000000000, 0.2228846959454959809 ) ) ;
#7529 = DIRECTION ( 'NONE',  ( -0.0000000000000000000, 1.000000000000000000, -0.0000000000000000000 ) ) ;
#7530 = PRESENTATION_STYLE_ASSIGNMENT (( #7358 ) ) ;
#7531 = LINE ( 'NONE', #11148, #5942 ) ;
#7532 = EDGE_CURVE ( 'NONE', #10412, #3691, #5267, .T. ) ;
#7533 = FILL_AREA_STYLE_COLOUR ( '', #8060 ) ;
#7534 = ORIENTED_EDGE ( 'NONE', *, *, #5880, .T. ) ;
#7535 = COLOUR_RGB ( '',0.0000000000000000000, 0.0000000000000000000, 0.0000000000000000000 ) ;
#7536 = CARTESIAN_POINT ( 'NONE',  ( -1.353587314070317404, -1.010000000000000009, 0.2350632457518952168 ) ) ;
#7537 = SURFACE_SIDE_STYLE ('',( #8682 ) ) ;
#7538 = CARTESIAN_POINT ( 'NONE',  ( -2.258247266178147861, -1.000000000000000000, 0.3837057261294960497 ) ) ;
#7539 = EDGE_LOOP ( 'NONE', ( #1861, #6478, #11135, #10472 ) ) ;
#7540 = CARTESIAN_POINT ( 'NONE',  ( -1.660626365227073631, -1.010000000000000009, 0.2446424212916273877 ) ) ;
#7541 = CARTESIAN_POINT ( 'NONE',  ( -1.826336474752609851, -1.010000000000000009, 0.3586779331192915810 ) ) ;
#7542 = CARTESIAN_POINT ( 'NONE',  ( -1.519754720920412305, -1.010000000000000009, 0.2517184956855826328 ) ) ;
#7543 = SURFACE_STYLE_USAGE ( .BOTH. , #3588 ) ;
#7545 = EDGE_CURVE ( 'NONE', #4838, #1400, #3350, .T. ) ;
#7544 =( LENGTH_UNIT ( ) NAMED_UNIT ( * ) SI_UNIT ( .MILLI., .METRE. ) );
#7546 = STYLED_ITEM ( 'NONE', ( #2548 ), #5649 ) ;
#7547 = EDGE_LOOP ( 'NONE', ( #1518, #4785, #2074, #7067 ) ) ;
#7548 = VERTEX_POINT ( 'NONE', #9929 ) ;
#7549 = CARTESIAN_POINT ( 'NONE',  ( -2.500000000000000000, 0.9500000000000007327, 0.04999999999999926725 ) ) ;
#7550 = ORIENTED_EDGE ( 'NONE', *, *, #11765, .T. ) ;
#7551 = SURFACE_SIDE_STYLE ('',( #8466 ) ) ;
#7552 = CARTESIAN_POINT ( 'NONE',  ( -1.750184436039535774, -1.000000000000000000, 0.4330007825331573801 ) ) ;
#7553 = FILL_AREA_STYLE_COLOUR ( '', #10296 ) ;
#7554 = SURFACE_STYLE_FILL_AREA ( #2183 ) ;
#7555 = SURFACE_STYLE_USAGE ( .BOTH. , #3697 ) ;
#7556 =( LENGTH_UNIT ( ) NAMED_UNIT ( * ) SI_UNIT ( .MILLI., .METRE. ) );
#7557 = PRESENTATION_STYLE_ASSIGNMENT (( #11059 ) ) ;
#7558 =( NAMED_UNIT ( * ) SI_UNIT ( $, .STERADIAN. ) SOLID_ANGLE_UNIT ( ) );
#7559 = EDGE_CURVE ( 'NONE', #55, #2621, #6396, .T. ) ;
#7560 = EDGE_CURVE ( 'NONE', #10671, #6767, #11614, .T. ) ;
#7561 = PRESENTATION_STYLE_ASSIGNMENT (( #8589 ) ) ;
#7562 = VERTEX_POINT ( 'NONE', #8845 ) ;
#7563 = VECTOR ( 'NONE', #4319, 1000.000000000000000 ) ;
#7564 = ORIENTED_EDGE ( 'NONE', *, *, #6431, .F. ) ;
#7565 = B_SPLINE_SURFACE_WITH_KNOTS ( 'NONE', 3, 1, ( 
 ( #9168, #10124 ),
 ( #3727, #4744 ),
 ( #8323, #4621 ),
 ( #1872, #4677 ) ),
 .UNSPECIFIED., .F., .F., .F.,
 ( 4, 4 ),
 ( 2, 2 ),
 ( 7.000000000000000000, 8.000000000000000000 ),
 ( 0.0000000000000000000, 1.000000000000000000 ),
 .UNSPECIFIED. ) ;
#7566 = VERTEX_POINT ( 'NONE', #3539 ) ;
#7567 = CARTESIAN_POINT ( 'NONE',  ( -1.702336694901322334, -1.010000000000000009, 0.3742260421614295729 ) ) ;
#7568 = CARTESIAN_POINT ( 'NONE',  ( -1.471497819017763220, -1.000000000000000000, 0.3844309929876059129 ) ) ;
#7569 = ORIENTED_EDGE ( 'NONE', *, *, #11726, .T. ) ;
#7570 = CARTESIAN_POINT ( 'NONE',  ( -1.497154605764541513, -1.010000000000000009, 0.2093101858842237595 ) ) ;
#7571 = CARTESIAN_POINT ( 'NONE',  ( -1.610323659503530846, -1.000000000000000000, 0.2204778679199694558 ) ) ;
#7572 = COLOUR_RGB ( '',0.0000000000000000000, 0.0000000000000000000, 0.0000000000000000000 ) ;
#7573 = CARTESIAN_POINT ( 'NONE',  ( -1.694321957578019733, -1.000000000000000000, 0.2643784110970914258 ) ) ;
#7574 = B_SPLINE_CURVE_WITH_KNOTS ( 'NONE', 3,
 ( #8270, #11936, #3678, #3290 ),
 .UNSPECIFIED., .F., .F.,
 ( 4, 4 ),
 ( 5.000000000000000000, 6.000000000000000000 ),
 .UNSPECIFIED. ) ;
#7575 = CARTESIAN_POINT ( 'NONE',  ( -1.652202467139339159, -1.010000000000000009, 0.2751128640888174659 ) ) ;
#7576 = FACE_OUTER_BOUND ( 'NONE', #3031, .T. ) ;
#7577 = VERTEX_POINT ( 'NONE', #7101 ) ;
#7578 = COLOUR_RGB ( '',0.0000000000000000000, 0.0000000000000000000, 0.0000000000000000000 ) ;
#7579 = CARTESIAN_POINT ( 'NONE',  ( -1.589239846003645207, -1.000000000000000000, 0.3694123861110195084 ) ) ;
#7580 = DIRECTION ( 'NONE',  ( -0.0000000000000000000, 1.000000000000000000, -0.0000000000000000000 ) ) ;
#7581 = DIRECTION ( 'NONE',  ( -0.0000000000000000000, 1.000000000000000000, -0.0000000000000000000 ) ) ;
#7582 = EDGE_CURVE ( 'NONE', #6411, #11420, #1614, .T. ) ;
#7583 =( GEOMETRIC_REPRESENTATION_CONTEXT ( 3 ) GLOBAL_UNCERTAINTY_ASSIGNED_CONTEXT ( ( #10110 ) ) GLOBAL_UNIT_ASSIGNED_CONTEXT ( ( #9197, #6589, #10038 ) ) REPRESENTATION_CONTEXT ( 'NONE', 'WORKASPACE' ) );
#7584 = CARTESIAN_POINT ( 'NONE',  ( -1.574269375688144956, -1.000000000000000000, 0.3586779331192915810 ) ) ;
#7585 = B_SPLINE_CURVE_WITH_KNOTS ( 'NONE', 3,
 ( #670, #2609, #7263, #5320 ),
 .UNSPECIFIED., .F., .F.,
 ( 4, 4 ),
 ( 1.000000000000000000, 2.000000000000000000 ),
 .UNSPECIFIED. ) ;
#7586 = SURFACE_STYLE_USAGE ( .BOTH. , #2101 ) ;
#7587 = PRESENTATION_LAYER_ASSIGNMENT (  '', '', ( #2958 ) ) ;
#7588 = CARTESIAN_POINT ( 'NONE',  ( -1.433277389980368577, -1.010000000000000009, 0.2455088793809469261 ) ) ;
#7589 =( NAMED_UNIT ( * ) PLANE_ANGLE_UNIT ( ) SI_UNIT ( $, .RADIAN. ) );
#7590 = UNCERTAINTY_MEASURE_WITH_UNIT (LENGTH_MEASURE( 1.000000000000000082E-05 ), #1737, 'distance_accuracy_value', 'NONE');
#7591 =( NAMED_UNIT ( * ) SI_UNIT ( $, .STERADIAN. ) SOLID_ANGLE_UNIT ( ) );
#7592 = ORIENTED_EDGE ( 'NONE', *, *, #3865, .T. ) ;
#7593 = PRESENTATION_LAYER_ASSIGNMENT (  '', '', ( #629 ) ) ;
#7594 = SURFACE_STYLE_USAGE ( .BOTH. , #8504 ) ;
#7595 = CARTESIAN_POINT ( 'NONE',  ( -1.615065110712629926, -1.010000000000000009, 0.3586779331192915810 ) ) ;
#7596 = AXIS2_PLACEMENT_3D ( 'NONE', #8164, #719, #775 ) ;
#7597 = PLANE ( 'NONE',  #6413 ) ;
#7598 = ADVANCED_FACE ( 'NONE', ( #8196 ), #11932, .F. ) ;
#7599 = CARTESIAN_POINT ( 'NONE',  ( -1.538407638114548170, -1.010000000000000009, 0.4069589033021648317 ) ) ;
#7600 = CARTESIAN_POINT ( 'NONE',  ( -1.330553969870430953, -1.010000000000000009, 0.2093101858842237595 ) ) ;
#7601 = EDGE_LOOP ( 'NONE', ( #2722, #359, #2733, #10159 ) ) ;
#7602 = CARTESIAN_POINT ( 'NONE',  ( -1.433277389980368577, -1.010000000000000009, 0.2572542001433302805 ) ) ;
#7603 = CARTESIAN_POINT ( 'NONE',  ( -2.278330262756866453, -1.000000000000000000, 0.4124913175311761271 ) ) ;
#7604 = MECHANICAL_DESIGN_GEOMETRIC_PRESENTATION_REPRESENTATION (  '', ( #6047 ), #10692 ) ;
#7605 = SURFACE_STYLE_USAGE ( .BOTH. , #10615 ) ;
#7606 =( NAMED_UNIT ( * ) PLANE_ANGLE_UNIT ( ) SI_UNIT ( $, .RADIAN. ) );
#7607 = EDGE_CURVE ( 'NONE', #2961, #1958, #3216, .T. ) ;
#7608 = CARTESIAN_POINT ( 'NONE',  ( -1.374286035085346969, -1.010000000000000009, 0.2863768192460975914 ) ) ;
#7609 = UNCERTAINTY_MEASURE_WITH_UNIT (LENGTH_MEASURE( 1.000000000000000082E-05 ), #6416, 'distance_accuracy_value', 'NONE');
#7610 = VERTEX_POINT ( 'NONE', #932 ) ;
#7611 = EDGE_LOOP ( 'NONE', ( #2544, #3581, #3530, #6944 ) ) ;
#7612 = FILL_AREA_STYLE ('',( #3923 ) ) ;
#7613 =( NAMED_UNIT ( * ) SI_UNIT ( $, .STERADIAN. ) SOLID_ANGLE_UNIT ( ) );
#7614 = CARTESIAN_POINT ( 'NONE',  ( -1.709220223053170784, -1.000000000000000000, 0.3700381613974637052 ) ) ;
#7615 = ADVANCED_FACE ( 'NONE', ( #10220 ), #9155, .F. ) ;
#7616 = FILL_AREA_STYLE ('',( #7553 ) ) ;
#7617 = VECTOR ( 'NONE', #258, 1000.000000000000000 ) ;
#7618 = DIRECTION ( 'NONE',  ( -0.0000000000000000000, -0.0000000000000000000, -1.000000000000000000 ) ) ;
#7619 = FILL_AREA_STYLE_COLOUR ( '', #1102 ) ;
#7620 = PRESENTATION_STYLE_ASSIGNMENT (( #3930 ) ) ;
#7621 = SURFACE_STYLE_USAGE ( .BOTH. , #7801 ) ;
#7622 =( GEOMETRIC_REPRESENTATION_CONTEXT ( 3 ) GLOBAL_UNCERTAINTY_ASSIGNED_CONTEXT ( ( #2643 ) ) GLOBAL_UNIT_ASSIGNED_CONTEXT ( ( #11382, #11494, #2103 ) ) REPRESENTATION_CONTEXT ( 'NONE', 'WORKASPACE' ) );
#7623 = B_SPLINE_CURVE_WITH_KNOTS ( 'NONE', 3,
 ( #2822, #1871, #2705, #6558 ),
 .UNSPECIFIED., .F., .F.,
 ( 4, 4 ),
 ( 4.000000000000000000, 5.000000000000000000 ),
 .UNSPECIFIED. ) ;
#7624 = CARTESIAN_POINT ( 'NONE',  ( -1.661589096437285917, -1.000000000000000000, 0.2095027321260091724 ) ) ;
#7625 = ORIENTED_EDGE ( 'NONE', *, *, #5625, .T. ) ;
#7626 = ORIENTED_EDGE ( 'NONE', *, *, #11248, .T. ) ;
#7627 =( LENGTH_UNIT ( ) NAMED_UNIT ( * ) SI_UNIT ( .MILLI., .METRE. ) );
#7628 = VERTEX_POINT ( 'NONE', #2742 ) ;
#7629 = CARTESIAN_POINT ( 'NONE',  ( -1.330553969870430953, -1.010000000000000009, 0.2093101858842237595 ) ) ;
#7630 = AXIS2_PLACEMENT_3D ( 'NONE', #6863, #4302, #1674 ) ;
#7631 = EDGE_CURVE ( 'NONE', #10144, #7699, #6599, .T. ) ;
#7633 = ORIENTED_EDGE ( 'NONE', *, *, #6139, .F. ) ;
#7632 = VECTOR ( 'NONE', #6236, 1000.000000000000000 ) ;
#7634 = EDGE_CURVE ( 'NONE', #2417, #8492, #2805, .T. ) ;
#7635 = PRESENTATION_STYLE_ASSIGNMENT (( #11246 ) ) ;
#7636 = SURFACE_STYLE_FILL_AREA ( #6601 ) ;
#7637 = PLANE ( 'NONE',  #6660 ) ;
#7638 = EDGE_LOOP ( 'NONE', ( #11229, #2724, #2664, #3101 ) ) ;
#7639 = COLOUR_RGB ( '',0.7529411764705882248, 0.7529411764705882248, 0.7529411764705882248 ) ;
#7640 = CARTESIAN_POINT ( 'NONE',  ( -2.287702350810252749, -1.010000000000000009, 0.2263888940592386489 ) ) ;
#7641 =( LENGTH_UNIT ( ) NAMED_UNIT ( * ) SI_UNIT ( .MILLI., .METRE. ) );
#7642 = ORIENTED_EDGE ( 'NONE', *, *, #6624, .F. ) ;
#7643 = CARTESIAN_POINT ( 'NONE',  ( -1.433277389980368577, -1.010000000000000009, 0.2572542001433302805 ) ) ;
#7644 = EDGE_CURVE ( 'NONE', #10592, #191, #4607, .T. ) ;
#7645 = CARTESIAN_POINT ( 'NONE',  ( -1.749029158587541710, -1.000000000000000000, 0.2204297313595212360 ) ) ;
#7646 = FACE_OUTER_BOUND ( 'NONE', #7790, .T. ) ;
#7647 = B_SPLINE_CURVE_WITH_KNOTS ( 'NONE', 3,
 ( #7467, #11806, #3667, #9108 ),
 .UNSPECIFIED., .F., .F.,
 ( 4, 4 ),
 ( 24.00000000000000000, 25.00000000000000000 ),
 .UNSPECIFIED. ) ;
#7648 = CARTESIAN_POINT ( 'NONE',  ( -1.471329341056199835, -1.000000000000000000, 0.2200446388759535743 ) ) ;
#7649 = DIRECTION ( 'NONE',  ( -0.0000000000000000000, 1.000000000000000000, -0.0000000000000000000 ) ) ;
#7650 = CARTESIAN_POINT ( 'NONE',  ( -1.764408789667795130, -1.010000000000000009, 0.2273132595116904575 ) ) ;
#7651 = LINE ( 'NONE', #444, #8071 ) ;
#7652 = ORIENTED_EDGE ( 'NONE', *, *, #8423, .F. ) ;
#7653 = AXIS2_PLACEMENT_3D ( 'NONE', #10063, #11466, #2431 ) ;
#7654 = MECHANICAL_DESIGN_GEOMETRIC_PRESENTATION_REPRESENTATION (  '', ( #3988 ), #9772 ) ;
#7655 = CARTESIAN_POINT ( 'NONE',  ( -1.553426244990493643, -1.000000000000000000, 0.2200446388759535743 ) ) ;
#7656 = CARTESIAN_POINT ( 'NONE',  ( -2.450000000000000622, 1.000000000000000000, 0.5500000000000007105 ) ) ;
#7657 = PRESENTATION_LAYER_ASSIGNMENT (  '', '', ( #6899 ) ) ;
#7658 = CARTESIAN_POINT ( 'NONE',  ( -1.543149089323647249, -1.000000000000000000, 0.4320380513229469810 ) ) ;
#7659 =( NAMED_UNIT ( * ) SI_UNIT ( $, .STERADIAN. ) SOLID_ANGLE_UNIT ( ) );
#7660 = ORIENTED_EDGE ( 'NONE', *, *, #2917, .T. ) ;
#7661 = CARTESIAN_POINT ( 'NONE',  ( -2.450000000000000622, -1.000000000000000000, 0.5999999999999999778 ) ) ;
#7662 = SURFACE_STYLE_USAGE ( .BOTH. , #10556 ) ;
#7663 = CARTESIAN_POINT ( 'NONE',  ( -2.222097874890202718, -1.000000000000000000, 0.4238716809816544528 ) ) ;
#7664 = CARTESIAN_POINT ( 'NONE',  ( -2.450000000000000622, 1.000000000000000000, 0.5500000000000007105 ) ) ;
#7665 = CARTESIAN_POINT ( 'NONE',  ( -1.634993646760196651, -1.000000000000000000, 0.4420023193468916589 ) ) ;
#7666 = PRESENTATION_STYLE_ASSIGNMENT (( #1454 ) ) ;
#7667 = PRESENTATION_LAYER_ASSIGNMENT (  '', '', ( #7473 ) ) ;
#7668 = EDGE_CURVE ( 'NONE', #9809, #2583, #3924, .T. ) ;
#7669 = VERTEX_POINT ( 'NONE', #11963 ) ;
#7670 = ORIENTED_EDGE ( 'NONE', *, *, #5255, .T. ) ;
#7671 = DIRECTION ( 'NONE',  ( -0.7071067811865474617, 0.0000000000000000000, 0.7071067811865474617 ) ) ;
#7672 = VECTOR ( 'NONE', #3220, 1000.000000000000114 ) ;
#7673 = B_SPLINE_CURVE_WITH_KNOTS ( 'NONE', 3,
 ( #3599, #7282, #9873, #1680 ),
 .UNSPECIFIED., .F., .F.,
 ( 4, 4 ),
 ( 28.00000000000000000, 29.00000000000000000 ),
 .UNSPECIFIED. ) ;
#7674 = LINE ( 'NONE', #7497, #2161 ) ;
#7675 = DIRECTION ( 'NONE',  ( -0.3416038306815484260, 0.0000000000000000000, 0.9398440417769812205 ) ) ;
#7676 = PRESENTATION_STYLE_ASSIGNMENT (( #8756 ) ) ;
#7677 = CARTESIAN_POINT ( 'NONE',  ( -2.188626226694204480, -1.000000000000000000, 0.4439546775603734341 ) ) ;
#7678 = PRESENTATION_LAYER_ASSIGNMENT (  '', '', ( #11717 ) ) ;
#7679 = CARTESIAN_POINT ( 'NONE',  ( -1.702336694901322334, -1.000000000000000000, 0.4378625751440138325 ) ) ;
#7680 = CARTESIAN_POINT ( 'NONE',  ( -1.730568787635512029, -1.000000000000000000, 0.2192263173470791471 ) ) ;
#7681 =( GEOMETRIC_REPRESENTATION_CONTEXT ( 3 ) GLOBAL_UNCERTAINTY_ASSIGNED_CONTEXT ( ( #2527 ) ) GLOBAL_UNIT_ASSIGNED_CONTEXT ( ( #7297, #11030, #10979 ) ) REPRESENTATION_CONTEXT ( 'NONE', 'WORKASPACE' ) );
#7683 =( GEOMETRIC_REPRESENTATION_CONTEXT ( 3 ) GLOBAL_UNCERTAINTY_ASSIGNED_CONTEXT ( ( #8105 ) ) GLOBAL_UNIT_ASSIGNED_CONTEXT ( ( #1452, #7606, #7725 ) ) REPRESENTATION_CONTEXT ( 'NONE', 'WORKASPACE' ) );
#7682 = SURFACE_SIDE_STYLE ('',( #1341 ) ) ;
#7684 = DIRECTION ( 'NONE',  ( -0.0000000000000000000, 1.000000000000000000, -0.0000000000000000000 ) ) ;
#7685 = EDGE_CURVE ( 'NONE', #3045, #4349, #11127, .T. ) ;
#7686 = VERTEX_POINT ( 'NONE', #8484 ) ;
#7687 = ORIENTED_EDGE ( 'NONE', *, *, #3004, .F. ) ;
#7688 = ORIENTED_EDGE ( 'NONE', *, *, #11854, .F. ) ;
#7689 = VERTEX_POINT ( 'NONE', #3883 ) ;
#7690 = LINE ( 'NONE', #7567, #10236 ) ;
#7691 = CARTESIAN_POINT ( 'NONE',  ( -1.497323083726747273, -1.010000000000000009, 0.4528330454595122512 ) ) ;
#7692 = VECTOR ( 'NONE', #4563, 1000.000000000000000 ) ;
#7693 = VERTEX_POINT ( 'NONE', #7570 ) ;
#7694 =( LENGTH_UNIT ( ) NAMED_UNIT ( * ) SI_UNIT ( .MILLI., .METRE. ) );
#7695 = B_SPLINE_SURFACE_WITH_KNOTS ( 'NONE', 3, 1, ( 
 ( #4241, #1660 ),
 ( #9795, #1533 ),
 ( #10581, #4404 ),
 ( #5247, #8893 ) ),
 .UNSPECIFIED., .F., .F., .F.,
 ( 4, 4 ),
 ( 2, 2 ),
 ( 13.00000000000000000, 14.00000000000000000 ),
 ( 0.0000000000000000000, 1.000000000000000000 ),
 .UNSPECIFIED. ) ;
#7696 = DIRECTION ( 'NONE',  ( 0.0000000000000000000, 0.0000000000000000000, -1.000000000000000000 ) ) ;
#7697 = EDGE_CURVE ( 'NONE', #11603, #7140, #2689, .T. ) ;
#7698 = ORIENTED_EDGE ( 'NONE', *, *, #668, .T. ) ;
#7699 = VERTEX_POINT ( 'NONE', #5925 ) ;
#7700 =( NAMED_UNIT ( * ) PLANE_ANGLE_UNIT ( ) SI_UNIT ( $, .RADIAN. ) );
#7701 = EDGE_LOOP ( 'NONE', ( #7977, #11364, #1260, #8120 ) ) ;
#7702 = VECTOR ( 'NONE', #5265, 1000.000000000000227 ) ;
#7703 = FILL_AREA_STYLE_COLOUR ( '', #11284 ) ;
#7704 = CARTESIAN_POINT ( 'NONE',  ( -2.096244447539275857, -1.010000000000000009, 0.4379297811405066243 ) ) ;
#7705 = FILL_AREA_STYLE ('',( #10542 ) ) ;
#7706 = CARTESIAN_POINT ( 'NONE',  ( -1.543149089323647249, -1.010000000000000009, 0.3806763412682989123 ) ) ;
#7707 =( NAMED_UNIT ( * ) SI_UNIT ( $, .STERADIAN. ) SOLID_ANGLE_UNIT ( ) );
#7708 = DIRECTION ( 'NONE',  ( 1.000000000000000000, 0.0000000000000000000, -0.0000000000000000000 ) ) ;
#7709 = MECHANICAL_DESIGN_GEOMETRIC_PRESENTATION_REPRESENTATION (  '', ( #1547 ), #6744 ) ;
#7710 = SURFACE_STYLE_USAGE ( .BOTH. , #10060 ) ;
#7711 =( NAMED_UNIT ( * ) SI_UNIT ( $, .STERADIAN. ) SOLID_ANGLE_UNIT ( ) );
#7712 = LINE ( 'NONE', #8674, #2601 ) ;
#7713 = EDGE_CURVE ( 'NONE', #6539, #4131, #1783, .T. ) ;
#7714 = ADVANCED_FACE ( 'NONE', ( #11413 ), #552, .F. ) ;
#7715 = UNCERTAINTY_MEASURE_WITH_UNIT (LENGTH_MEASURE( 1.000000000000000082E-05 ), #5687, 'distance_accuracy_value', 'NONE');
#7716 = CARTESIAN_POINT ( 'NONE',  ( -1.506854122706031252, -1.000000000000000000, 0.3950691728584412310 ) ) ;
#7717 = ORIENTED_EDGE ( 'NONE', *, *, #406, .F. ) ;
#7718 = COLOUR_RGB ( '',0.0000000000000000000, 0.0000000000000000000, 0.0000000000000000000 ) ;
#7719 = CARTESIAN_POINT ( 'NONE',  ( -1.648977317585904379, -1.000000000000000000, 0.2276020788743692014 ) ) ;
#7720 = UNCERTAINTY_MEASURE_WITH_UNIT (LENGTH_MEASURE( 1.000000000000000082E-05 ), #7134, 'distance_accuracy_value', 'NONE');
#7721 = LINE ( 'NONE', #10313, #7049 ) ;
#7722 =( LENGTH_UNIT ( ) NAMED_UNIT ( * ) SI_UNIT ( .MILLI., .METRE. ) );
#7723 = CARTESIAN_POINT ( 'NONE',  ( -1.565580726517312060, -1.000000000000000000, 0.3034652982244437913 ) ) ;
#7724 = SURFACE_STYLE_USAGE ( .BOTH. , #8511 ) ;
#7725 =( NAMED_UNIT ( * ) SI_UNIT ( $, .STERADIAN. ) SOLID_ANGLE_UNIT ( ) );
#7726 = CARTESIAN_POINT ( 'NONE',  ( -1.751171235529970227, -1.000000000000000000, 0.2760274587385814771 ) ) ;
#7727 = COLOUR_RGB ( '',0.0000000000000000000, 0.0000000000000000000, 0.0000000000000000000 ) ;
#7728 = UNCERTAINTY_MEASURE_WITH_UNIT (LENGTH_MEASURE( 1.000000000000000082E-05 ), #11796, 'distance_accuracy_value', 'NONE');
#7729 = B_SPLINE_CURVE_WITH_KNOTS ( 'NONE', 3,
 ( #6685, #2157, #5825, #6805 ),
 .UNSPECIFIED., .F., .F.,
 ( 4, 4 ),
 ( 2.000000000000000000, 3.000000000000000000 ),
 .UNSPECIFIED. ) ;
#7730 = ORIENTED_EDGE ( 'NONE', *, *, #5692, .T. ) ;
#7731 = ORIENTED_EDGE ( 'NONE', *, *, #4797, .T. ) ;
#7732 =( LENGTH_UNIT ( ) NAMED_UNIT ( * ) SI_UNIT ( .MILLI., .METRE. ) );
#7733 = PLANE ( 'NONE',  #1731 ) ;
#7734 = SURFACE_STYLE_FILL_AREA ( #402 ) ;
#7735 = CARTESIAN_POINT ( 'NONE',  ( -2.177245856858871953, -1.000000000000000000, 0.4519878781069318618 ) ) ;
#7736 = FACE_OUTER_BOUND ( 'NONE', #9836, .T. ) ;
#7737 = CARTESIAN_POINT ( 'NONE',  ( -1.642839906121935645, -1.000000000000000000, 0.2765569609041355070 ) ) ;
#7738 = EDGE_CURVE ( 'NONE', #1998, #8230, #5805, .T. ) ;
#7739 = FILL_AREA_STYLE_COLOUR ( '', #1025 ) ;
#7740 = LINE ( 'NONE', #4952, #10703 ) ;
#7741 = DIRECTION ( 'NONE',  ( -1.000000000000000000, 0.0000000000000000000, -0.0000000000000000000 ) ) ;
#7742 = ORIENTED_EDGE ( 'NONE', *, *, #3688, .T. ) ;
#7743 = ORIENTED_EDGE ( 'NONE', *, *, #10946, .T. ) ;
#7744 = ORIENTED_EDGE ( 'NONE', *, *, #2307, .F. ) ;
#7745 = CARTESIAN_POINT ( 'NONE',  ( -2.212056376600842977, -1.000000000000000000, 0.4232022515930410345 ) ) ;
#7746 = VECTOR ( 'NONE', #2236, 1000.000000000000114 ) ;
#7747 = ORIENTED_EDGE ( 'NONE', *, *, #11914, .T. ) ;
#7748 = CARTESIAN_POINT ( 'NONE',  ( -1.944952550194483987, -1.010000000000000009, 0.3020348427321144502 ) ) ;
#7749 = PRESENTATION_STYLE_ASSIGNMENT (( #5072 ) ) ;
#7750 = EDGE_LOOP ( 'NONE', ( #1890, #8946, #4136, #8634, #7717, #6719, #6304 ) ) ;
#7751 = CARTESIAN_POINT ( 'NONE',  ( -1.751315645211307448, -1.010000000000000009, 0.2224514669008346157 ) ) ;
#7752 = CARTESIAN_POINT ( 'NONE',  ( -1.588686275558511163, -1.000000000000000000, 0.4420023193468916589 ) ) ;
#7753 = ADVANCED_FACE ( 'NONE', ( #4962 ), #4123, .F. ) ;
#7754 = CARTESIAN_POINT ( 'NONE',  ( -1.750184436039535774, -1.000000000000000000, 0.4330007825331573801 ) ) ;
#7755 =( NAMED_UNIT ( * ) SI_UNIT ( $, .STERADIAN. ) SOLID_ANGLE_UNIT ( ) );
#7756 =( GEOMETRIC_REPRESENTATION_CONTEXT ( 3 ) GLOBAL_UNCERTAINTY_ASSIGNED_CONTEXT ( ( #5032 ) ) GLOBAL_UNIT_ASSIGNED_CONTEXT ( ( #5652, #6690, #5591 ) ) REPRESENTATION_CONTEXT ( 'NONE', 'WORKASPACE' ) );
#7757 = ADVANCED_FACE ( 'NONE', ( #10531, #8653 ), #1411, .T. ) ;
#7758 = SURFACE_STYLE_FILL_AREA ( #4069 ) ;
#7759 = ORIENTED_EDGE ( 'NONE', *, *, #6763, .T. ) ;
#7760 = FILL_AREA_STYLE_COLOUR ( '', #2467 ) ;
#7761 = EDGE_LOOP ( 'NONE', ( #8461, #302, #5916, #9672 ) ) ;
#7762 = CARTESIAN_POINT ( 'NONE',  ( -1.491233808823225981, -1.010000000000000009, 0.4407989053344494867 ) ) ;
#7763 = ORIENTED_EDGE ( 'NONE', *, *, #9309, .F. ) ;
#7764 =( GEOMETRIC_REPRESENTATION_CONTEXT ( 3 ) GLOBAL_UNCERTAINTY_ASSIGNED_CONTEXT ( ( #4925 ) ) GLOBAL_UNIT_ASSIGNED_CONTEXT ( ( #7206, #9202, #5564 ) ) REPRESENTATION_CONTEXT ( 'NONE', 'WORKASPACE' ) );
#7765 = CARTESIAN_POINT ( 'NONE',  ( -1.632851569818088766, -1.000000000000000000, 0.3694123861110195084 ) ) ;
#7766 = B_SPLINE_SURFACE_WITH_KNOTS ( 'NONE', 3, 1, ( 
 ( #6814, #10852 ),
 ( #5950, #8860 ),
 ( #575, #1377 ),
 ( #6145, #9631 ) ),
 .UNSPECIFIED., .F., .F., .F.,
 ( 4, 4 ),
 ( 2, 2 ),
 ( 28.00000000000000000, 29.00000000000000000 ),
 ( 0.0000000000000000000, 1.000000000000000000 ),
 .UNSPECIFIED. ) ;
#7767 = ADVANCED_FACE ( 'NONE', ( #1479 ), #6300, .F. ) ;
#7768 = SURFACE_STYLE_FILL_AREA ( #8668 ) ;
#7769 = CARTESIAN_POINT ( 'NONE',  ( -2.330546074290889447, -1.000000000000000000, 0.3442091304396043827 ) ) ;
#7770 = MECHANICAL_DESIGN_GEOMETRIC_PRESENTATION_REPRESENTATION (  '', ( #6225 ), #11607 ) ;
#7771 = CARTESIAN_POINT ( 'NONE',  ( -1.710375500505164847, -1.000000000000000000, 0.2525849537742598794 ) ) ;
#7772 = FILL_AREA_STYLE_COLOUR ( '', #8259 ) ;
#7773 = CARTESIAN_POINT ( 'NONE',  ( -2.153815694183486507, -1.010000000000000009, 0.4687237093875725180 ) ) ;
#7774 = PLANE ( 'NONE',  #2998 ) ;
#7775 = AXIS2_PLACEMENT_3D ( 'NONE', #4640, #11775, #3633 ) ;
#7776 = VECTOR ( 'NONE', #8717, 1000.000000000000000 ) ;
#7777 = PRESENTATION_STYLE_ASSIGNMENT (( #6807 ) ) ;
#7778 = EDGE_LOOP ( 'NONE', ( #7205, #643, #6154, #8156 ) ) ;
#7779 =( LENGTH_UNIT ( ) NAMED_UNIT ( * ) SI_UNIT ( .MILLI., .METRE. ) );
#7780 = CARTESIAN_POINT ( 'NONE',  ( -1.735791604449712811, -1.010000000000000009, 0.2685181553006110167 ) ) ;
#7781 = EDGE_CURVE ( 'NONE', #4720, #4388, #5323, .T. ) ;
#7782 = PRESENTATION_LAYER_ASSIGNMENT (  '', '', ( #4491 ) ) ;
#7783 = CARTESIAN_POINT ( 'NONE',  ( -1.374286035085346969, -1.000000000000000000, 0.2863768192460975914 ) ) ;
#7784 = EDGE_CURVE ( 'NONE', #3507, #2824, #6665, .T. ) ;
#7785 = COLOUR_RGB ( '',0.0000000000000000000, 0.0000000000000000000, 0.0000000000000000000 ) ;
#7786 = FILL_AREA_STYLE_COLOUR ( '', #3616 ) ;
#7787 =( NAMED_UNIT ( * ) SI_UNIT ( $, .STERADIAN. ) SOLID_ANGLE_UNIT ( ) );
#7788 = MECHANICAL_DESIGN_GEOMETRIC_PRESENTATION_REPRESENTATION (  '', ( #1624 ), #5070 ) ;
#7789 = MECHANICAL_DESIGN_GEOMETRIC_PRESENTATION_REPRESENTATION (  '', ( #10870 ), #8741 ) ;
#7790 = EDGE_LOOP ( 'NONE', ( #11774, #9704, #9731, #9241 ) ) ;
#7791 = ORIENTED_EDGE ( 'NONE', *, *, #9257, .T. ) ;
#7792 = CARTESIAN_POINT ( 'NONE',  ( -1.965704969777923639, -1.010000000000000009, 0.2109919351231607232 ) ) ;
#7793 = B_SPLINE_SURFACE_WITH_KNOTS ( 'NONE', 3, 1, ( 
 ( #10131, #10017 ),
 ( #1764, #5420 ),
 ( #7364, #3734 ),
 ( #10247, #7719 ) ),
 .UNSPECIFIED., .F., .F., .F.,
 ( 4, 4 ),
 ( 2, 2 ),
 ( 17.00000000000000000, 18.00000000000000000 ),
 ( 0.0000000000000000000, 1.000000000000000000 ),
 .UNSPECIFIED. ) ;
#7794 = LINE ( 'NONE', #2420, #10643 ) ;
#7795 = FILL_AREA_STYLE_COLOUR ( '', #2488 ) ;
#7796 = STYLED_ITEM ( 'NONE', ( #9768 ), #9106 ) ;
#7797 = STYLED_ITEM ( 'NONE', ( #3321 ), #2827 ) ;
#7798 = FILL_AREA_STYLE_COLOUR ( '', #3237 ) ;
#7799 =( NAMED_UNIT ( * ) SI_UNIT ( $, .STERADIAN. ) SOLID_ANGLE_UNIT ( ) );
#7800 = LINE ( 'NONE', #2122, #1638 ) ;
#7801 = SURFACE_SIDE_STYLE ('',( #5849 ) ) ;
#7802 = PRESENTATION_LAYER_ASSIGNMENT (  '', '', ( #1050 ) ) ;
#7803 = FILL_AREA_STYLE_COLOUR ( '', #10952 ) ;
#7804 = PRESENTATION_STYLE_ASSIGNMENT (( #3137 ) ) ;
#7805 =( NAMED_UNIT ( * ) PLANE_ANGLE_UNIT ( ) SI_UNIT ( $, .RADIAN. ) );
#7806 = ORIENTED_EDGE ( 'NONE', *, *, #11423, .F. ) ;
#7807 = ORIENTED_EDGE ( 'NONE', *, *, #11527, .F. ) ;
#7808 = CARTESIAN_POINT ( 'NONE',  ( -1.492774178759433967, -1.010000000000000009, 0.4342041965455999963 ) ) ;
#7809 =( GEOMETRIC_REPRESENTATION_CONTEXT ( 3 ) GLOBAL_UNCERTAINTY_ASSIGNED_CONTEXT ( ( #10259 ) ) GLOBAL_UNIT_ASSIGNED_CONTEXT ( ( #2107, #9462, #5712 ) ) REPRESENTATION_CONTEXT ( 'NONE', 'WORKASPACE' ) );
#7810 = EDGE_CURVE ( 'NONE', #5672, #5343, #10766, .T. ) ;
#7811 =( GEOMETRIC_REPRESENTATION_CONTEXT ( 3 ) GLOBAL_UNCERTAINTY_ASSIGNED_CONTEXT ( ( #1212 ) ) GLOBAL_UNIT_ASSIGNED_CONTEXT ( ( #1936, #5425, #10021 ) ) REPRESENTATION_CONTEXT ( 'NONE', 'WORKASPACE' ) );
#7812 = ORIENTED_EDGE ( 'NONE', *, *, #4663, .F. ) ;
#7813 = FILL_AREA_STYLE ('',( #1288 ) ) ;
#7814 = CARTESIAN_POINT ( 'NONE',  ( -2.171890396211832552, -1.000000000000000000, 0.2571828119320350159 ) ) ;
#7815 = ORIENTED_EDGE ( 'NONE', *, *, #8788, .T. ) ;
#7816 = DIRECTION ( 'NONE',  ( -0.0000000000000000000, 1.000000000000000000, -0.0000000000000000000 ) ) ;
#7817 = AXIS2_PLACEMENT_3D ( 'NONE', #6408, #10142, #11165 ) ;
#7818 = LINE ( 'NONE', #11476, #7776 ) ;
#7819 = CARTESIAN_POINT ( 'NONE',  ( -1.621635751221256250, -1.010000000000000009, 0.1972279091980717602 ) ) ;
#7820 = FILL_AREA_STYLE_COLOUR ( '', #682 ) ;
#7821 = VERTEX_POINT ( 'NONE', #9858 ) ;
#7822 = LINE ( 'NONE', #2987, #7672 ) ;
#7823 = ORIENTED_EDGE ( 'NONE', *, *, #7040, .F. ) ;
#7824 = SURFACE_STYLE_FILL_AREA ( #6859 ) ;
#7825 = ADVANCED_FACE ( 'NONE', ( #4245, #4357 ), #1598, .F. ) ;
#7826 = ORIENTED_EDGE ( 'NONE', *, *, #8491, .F. ) ;
#7827 = CARTESIAN_POINT ( 'NONE',  ( -1.750834279606522825, -1.000000000000000000, 0.3778362841987565335 ) ) ;
#7828 = CARTESIAN_POINT ( 'NONE',  ( -2.475000000000000089, -0.9500000000000007327, 0.02499999999999963363 ) ) ;
#7829 = PLANE ( 'NONE',  #6117 ) ;
#7830 = DIRECTION ( 'NONE',  ( -1.000000000000000000, 0.0000000000000000000, -0.0000000000000000000 ) ) ;
#7831 = FILL_AREA_STYLE_COLOUR ( '', #8771 ) ;
#7832 = CARTESIAN_POINT ( 'NONE',  ( -1.678581302294096300, -1.010000000000000009, 0.2660150541541911329 ) ) ;
#7833 = CARTESIAN_POINT ( 'NONE',  ( -1.735791604449712811, -1.000000000000000000, 0.2685181553006110167 ) ) ;
#7834 = CARTESIAN_POINT ( 'NONE',  ( -1.764408789667795130, -1.000000000000000000, 0.2273132595116904575 ) ) ;
#7835 = UNCERTAINTY_MEASURE_WITH_UNIT (LENGTH_MEASURE( 1.000000000000000082E-05 ), #4078, 'distance_accuracy_value', 'NONE');
#7836 = CARTESIAN_POINT ( 'NONE',  ( -1.682167476051521282, -1.000000000000000000, 0.2594684819264291287 ) ) ;
#7837 = EDGE_LOOP ( 'NONE', ( #4284, #9705, #10759, #10449 ) ) ;
#7838 = FILL_AREA_STYLE ('',( #11558 ) ) ;
#7839 = PRODUCT_RELATED_PRODUCT_CATEGORY ( 'part', '', ( #1744 ) ) ;
#7840 = CARTESIAN_POINT ( 'NONE',  ( -1.780510469155388575, -1.000000000000000000, 0.2517184956855826328 ) ) ;
#7841 = MECHANICAL_DESIGN_GEOMETRIC_PRESENTATION_REPRESENTATION (  '', ( #7447 ), #10537 ) ;
#7842 = UNCERTAINTY_MEASURE_WITH_UNIT (LENGTH_MEASURE( 1.000000000000000082E-05 ), #3478, 'distance_accuracy_value', 'NONE');
#7843 = CARTESIAN_POINT ( 'NONE',  ( -1.565580726517312060, -1.010000000000000009, 0.2093101858842237595 ) ) ;
#7844 = FILL_AREA_STYLE_COLOUR ( '', #8307 ) ;
#7845 = CARTESIAN_POINT ( 'NONE',  ( -1.780510469155388575, -1.010000000000000009, 0.2625010852377568926 ) ) ;
#7846 = PLANE ( 'NONE',  #42 ) ;
#7847 = SURFACE_STYLE_USAGE ( .BOTH. , #9465 ) ;
#7848 = STYLED_ITEM ( 'NONE', ( #3614 ), #3999 ) ;
#7849 = UNCERTAINTY_MEASURE_WITH_UNIT (LENGTH_MEASURE( 1.000000000000000082E-05 ), #1728, 'distance_accuracy_value', 'NONE');
#7850 = EDGE_CURVE ( 'NONE', #5452, #1196, #7440, .T. ) ;
#7851 = ORIENTED_EDGE ( 'NONE', *, *, #3016, .T. ) ;
#7852 = ORIENTED_EDGE ( 'NONE', *, *, #10717, .T. ) ;
#7853 = ORIENTED_EDGE ( 'NONE', *, *, #2757, .T. ) ;
#7854 = CARTESIAN_POINT ( 'NONE',  ( -1.826336474752609851, -1.000000000000000000, 0.4528330454595122512 ) ) ;
#7855 = CARTESIAN_POINT ( 'NONE',  ( -1.750834279606522825, -1.010000000000000009, 0.3778362841987565335 ) ) ;
#7856 = PLANE ( 'NONE',  #4029 ) ;
#7857 =( GEOMETRIC_REPRESENTATION_CONTEXT ( 3 ) GLOBAL_UNCERTAINTY_ASSIGNED_CONTEXT ( ( #8324 ) ) GLOBAL_UNIT_ASSIGNED_CONTEXT ( ( #6750, #7899, #6990 ) ) REPRESENTATION_CONTEXT ( 'NONE', 'WORKASPACE' ) );
#7858 = DIRECTION ( 'NONE',  ( -0.0000000000000000000, -0.0000000000000000000, 1.000000000000000000 ) ) ;
#7859 =( LENGTH_UNIT ( ) NAMED_UNIT ( * ) SI_UNIT ( .MILLI., .METRE. ) );
#7860 = DIRECTION ( 'NONE',  ( -0.0000000000000000000, 1.000000000000000000, -0.0000000000000000000 ) ) ;
#7861 = CARTESIAN_POINT ( 'NONE',  ( -1.743084293365680049, -1.000000000000000000, 0.2077216793875679424 ) ) ;
#7862 = VECTOR ( 'NONE', #10233, 1000.000000000000000 ) ;
#7863 = CARTESIAN_POINT ( 'NONE',  ( -1.637665225868179197, -1.000000000000000000, 0.4010862429206517588 ) ) ;
#7864 =( GEOMETRIC_REPRESENTATION_CONTEXT ( 3 ) GLOBAL_UNCERTAINTY_ASSIGNED_CONTEXT ( ( #3496 ) ) GLOBAL_UNIT_ASSIGNED_CONTEXT ( ( #762, #3370, #10800 ) ) REPRESENTATION_CONTEXT ( 'NONE', 'WORKASPACE' ) );
#7865 = FACE_OUTER_BOUND ( 'NONE', #1663, .T. ) ;
#7866 = ADVANCED_FACE ( 'NONE', ( #3756 ), #8110, .F. ) ;
#7867 = ORIENTED_EDGE ( 'NONE', *, *, #3700, .F. ) ;
#7868 = EDGE_LOOP ( 'NONE', ( #4403, #4363, #2695, #3647 ) ) ;
#7869 = EDGE_CURVE ( 'NONE', #8782, #963, #10992, .T. ) ;
#7870 = VERTEX_POINT ( 'NONE', #4530 ) ;
#7871 = B_SPLINE_SURFACE_WITH_KNOTS ( 'NONE', 3, 1, ( 
 ( #7886, #3286 ),
 ( #7043, #9031 ),
 ( #8783, #743 ),
 ( #4298, #6976 ) ),
 .UNSPECIFIED., .F., .F., .F.,
 ( 4, 4 ),
 ( 2, 2 ),
 ( 3.000000000000000000, 4.000000000000000000 ),
 ( 0.0000000000000000000, 1.000000000000000000 ),
 .UNSPECIFIED. ) ;
#7872 = ORIENTED_EDGE ( 'NONE', *, *, #103, .T. ) ;
#7873 = PRESENTATION_LAYER_ASSIGNMENT (  '', '', ( #8632 ) ) ;
#7874 = CARTESIAN_POINT ( 'NONE',  ( -1.814181993226108291, -1.010000000000000009, 0.3694123861110195084 ) ) ;
#7875 = ORIENTED_EDGE ( 'NONE', *, *, #7644, .F. ) ;
#7876 = DIRECTION ( 'NONE',  ( -0.0000000000000000000, 1.000000000000000000, -0.0000000000000000000 ) ) ;
#7878 = CARTESIAN_POINT ( 'NONE',  ( -1.517083141812432645, -1.010000000000000009, 0.2926345721118238097 ) ) ;
#7877 =( GEOMETRIC_REPRESENTATION_CONTEXT ( 3 ) GLOBAL_UNCERTAINTY_ASSIGNED_CONTEXT ( ( #10981 ) ) GLOBAL_UNIT_ASSIGNED_CONTEXT ( ( #11380, #4857, #5943 ) ) REPRESENTATION_CONTEXT ( 'NONE', 'WORKASPACE' ) );
#7879 =( LENGTH_UNIT ( ) NAMED_UNIT ( * ) SI_UNIT ( .MILLI., .METRE. ) );
#7880 = VECTOR ( 'NONE', #5054, 1000.000000000000000 ) ;
#7881 = LINE ( 'NONE', #11785, #11108 ) ;
#7882 = B_SPLINE_CURVE_WITH_KNOTS ( 'NONE', 3,
 ( #1302, #5988, #4975, #3102 ),
 .UNSPECIFIED., .F., .F.,
 ( 4, 4 ),
 ( 1.000000000000000000, 2.000000000000000000 ),
 .UNSPECIFIED. ) ;
#7883 = ORIENTED_EDGE ( 'NONE', *, *, #6810, .T. ) ;
#7884 = PLANE ( 'NONE',  #11325 ) ;
#7885 = ORIENTED_EDGE ( 'NONE', *, *, #4304, .T. ) ;
#7886 = CARTESIAN_POINT ( 'NONE',  ( -1.443337931124564877, -1.010000000000000009, 0.2298644972179162416 ) ) ;
#7887 =( GEOMETRIC_REPRESENTATION_CONTEXT ( 3 ) GLOBAL_UNCERTAINTY_ASSIGNED_CONTEXT ( ( #5045 ) ) GLOBAL_UNIT_ASSIGNED_CONTEXT ( ( #8960, #9666, #10534 ) ) REPRESENTATION_CONTEXT ( 'NONE', 'WORKASPACE' ) );
#7888 = ORIENTED_EDGE ( 'NONE', *, *, #8147, .F. ) ;
#7889 = CARTESIAN_POINT ( 'NONE',  ( -2.248205767888787232, -1.000000000000000000, 0.2551745429188400083 ) ) ;
#7890 = MECHANICAL_DESIGN_GEOMETRIC_PRESENTATION_REPRESENTATION (  '', ( #5562 ), #942 ) ;
#7891 = CARTESIAN_POINT ( 'NONE',  ( 2.500000000000000000, 1.000000000000000000, 0.04999999999999926725 ) ) ;
#7892 = FACE_OUTER_BOUND ( 'NONE', #5902, .T. ) ;
#7893 = SURFACE_SIDE_STYLE ('',( #5271 ) ) ;
#7894 = EDGE_CURVE ( 'NONE', #11437, #38, #1039, .T. ) ;
#7895 = PRESENTATION_LAYER_ASSIGNMENT (  '', '', ( #10188 ) ) ;
#7896 = DIRECTION ( 'NONE',  ( -0.0000000000000000000, 1.000000000000000000, -0.0000000000000000000 ) ) ;
#7897 = CARTESIAN_POINT ( 'NONE',  ( -1.661083662551957385, -1.010000000000000009, 0.2203815947990767632 ) ) ;
#7898 = VECTOR ( 'NONE', #10810, 1000.000000000000114 ) ;
#7899 =( NAMED_UNIT ( * ) PLANE_ANGLE_UNIT ( ) SI_UNIT ( $, .RADIAN. ) );
#7900 = ORIENTED_EDGE ( 'NONE', *, *, #364, .F. ) ;
#7901 = CARTESIAN_POINT ( 'NONE',  ( -1.752446854383083563, -1.000000000000000000, 0.2282759907212610351 ) ) ;
#7902 = LINE ( 'NONE', #449, #8338 ) ;
#7903 =( NAMED_UNIT ( * ) SI_UNIT ( $, .STERADIAN. ) SOLID_ANGLE_UNIT ( ) );
#7904 = CARTESIAN_POINT ( 'NONE',  ( -2.500000000000000000, 1.000000000000000000, 0.5999999999999999778 ) ) ;
#7905 = MECHANICAL_DESIGN_GEOMETRIC_PRESENTATION_REPRESENTATION (  '', ( #6363 ), #6942 ) ;
#7906 = B_SPLINE_CURVE_WITH_KNOTS ( 'NONE', 3,
 ( #3386, #4234, #1651, #11708 ),
 .UNSPECIFIED., .F., .F.,
 ( 4, 4 ),
 ( 4.000000000000000000, 5.000000000000000000 ),
 .UNSPECIFIED. ) ;
#7907 = CARTESIAN_POINT ( 'NONE',  ( -1.470294405005320826, -1.000000000000000000, 0.3034652982244438468 ) ) ;
#7908 = ADVANCED_FACE ( 'NONE', ( #6473 ), #7266, .F. ) ;
#7909 = CARTESIAN_POINT ( 'NONE',  ( -1.492774178759433967, -1.010000000000000009, 0.4342041965456001074 ) ) ;
#7910 = CARTESIAN_POINT ( 'NONE',  ( -1.551187894927172239, -1.000000000000000000, 0.4066219473783987404 ) ) ;
#7911 = CARTESIAN_POINT ( 'NONE',  ( -1.688762184840049585, -1.010000000000000009, 0.2448349675340551201 ) ) ;
#7912 = COLOUR_RGB ( '',0.0000000000000000000, 0.0000000000000000000, 0.0000000000000000000 ) ;
#7913 = ORIENTED_EDGE ( 'NONE', *, *, #11800, .F. ) ;
#7914 = VERTEX_POINT ( 'NONE', #4106 ) ;
#7915 = ORIENTED_EDGE ( 'NONE', *, *, #47, .F. ) ;
#7916 = CARTESIAN_POINT ( 'NONE',  ( -2.248875222814574748, -1.000000000000000000, 0.2103225121187592972 ) ) ;
#7917 = LINE ( 'NONE', #8814, #6986 ) ;
#7918 = FILL_AREA_STYLE_COLOUR ( '', #9232 ) ;
#7919 = DIRECTION ( 'NONE',  ( 0.9345104387438679661, 0.0000000000000000000, -0.3559357243643063162 ) ) ;
#7920 = CARTESIAN_POINT ( 'NONE',  ( -1.629650488544555076, -1.010000000000000009, 0.2765569609041355070 ) ) ;
#7921 = DIRECTION ( 'NONE',  ( -0.5048830486499165104, 0.0000000000000000000, 0.8631877589412201290 ) ) ;
#7922 = DIRECTION ( 'NONE',  ( -0.0000000000000000000, -0.0000000000000000000, -1.000000000000000000 ) ) ;
#7923 = EDGE_CURVE ( 'NONE', #8313, #10845, #11293, .T. ) ;
#7924 = MECHANICAL_DESIGN_GEOMETRIC_PRESENTATION_REPRESENTATION (  '', ( #8497 ), #10034 ) ;
#7925 = SURFACE_SIDE_STYLE ('',( #6098 ) ) ;
#7926 = CARTESIAN_POINT ( 'NONE',  ( -1.944952550194483987, -1.010000000000000009, 0.3020348427321144502 ) ) ;
#7927 = CARTESIAN_POINT ( 'NONE',  ( -1.519754720920412083, -1.000000000000000000, 0.3586779331192915810 ) ) ;
#7928 = EDGE_LOOP ( 'NONE', ( #3631, #9500, #7625, #9457 ) ) ;
#7929 = ORIENTED_EDGE ( 'NONE', *, *, #7496, .F. ) ;
#7930 = DIRECTION ( 'NONE',  ( -0.0000000000000000000, 0.0000000000000000000, 1.000000000000000000 ) ) ;
#7931 = ORIENTED_EDGE ( 'NONE', *, *, #8495, .T. ) ;
#7932 = CARTESIAN_POINT ( 'NONE',  ( -2.118335738668366997, -1.010000000000000009, 0.1949255531820396903 ) ) ;
#7933 = FILL_AREA_STYLE_COLOUR ( '', #3909 ) ;
#7934 = ORIENTED_EDGE ( 'NONE', *, *, #6600, .F. ) ;
#7935 = COLOUR_RGB ( '',0.0000000000000000000, 0.0000000000000000000, 0.0000000000000000000 ) ;
#7936 =( NAMED_UNIT ( * ) PLANE_ANGLE_UNIT ( ) SI_UNIT ( $, .RADIAN. ) );
#7937 = CARTESIAN_POINT ( 'NONE',  ( -2.269627648781906260, -1.000000000000000000, 0.2156779727657986145 ) ) ;
#7938 = LINE ( 'NONE', #11664, #7991 ) ;
#7939 = EDGE_CURVE ( 'NONE', #1215, #8162, #8471, .T. ) ;
#7940 = DIRECTION ( 'NONE',  ( -0.0000000000000000000, 1.000000000000000000, -0.0000000000000000000 ) ) ;
#7941 = ADVANCED_FACE ( 'NONE', ( #7736 ), #9067, .T. ) ;
#7942 = SURFACE_STYLE_FILL_AREA ( #1540 ) ;
#7943 = CARTESIAN_POINT ( 'NONE',  ( -1.989804555457388435, -1.000000000000000000, 0.4285577122400814898 ) ) ;
#7944 = COLOUR_RGB ( '',0.0000000000000000000, 0.0000000000000000000, 0.0000000000000000000 ) ;
#7945 = ORIENTED_EDGE ( 'NONE', *, *, #5211, .F. ) ;
#7946 = SURFACE_STYLE_FILL_AREA ( #10775 ) ;
#7947 = ORIENTED_EDGE ( 'NONE', *, *, #11789, .T. ) ;
#7948 = EDGE_LOOP ( 'NONE', ( #2490, #10244, #11277, #8709 ) ) ;
#7949 = SURFACE_SIDE_STYLE ('',( #4421 ) ) ;
#7950 = PRESENTATION_STYLE_ASSIGNMENT (( #1364 ) ) ;
#7951 = PLANE ( 'NONE',  #9821 ) ;
#7952 = CARTESIAN_POINT ( 'NONE',  ( -1.561513187155105120, -1.000000000000000000, 0.4331451922144963773 ) ) ;
#7953 = CARTESIAN_POINT ( 'NONE',  ( -1.471257136214887629, -1.010000000000000009, 0.2093101858842237872 ) ) ;
#7954 = VECTOR ( 'NONE', #6510, 1000.000000000000000 ) ;
#7955 =( NAMED_UNIT ( * ) SI_UNIT ( $, .STERADIAN. ) SOLID_ANGLE_UNIT ( ) );
#7956 = CARTESIAN_POINT ( 'NONE',  ( -1.776683612595411299, -1.010000000000000009, 0.3694123861110195084 ) ) ;
#7957 = LINE ( 'NONE', #5154, #11332 ) ;
#7958 = CARTESIAN_POINT ( 'NONE',  ( -1.676463293631890394, -1.010000000000000009, 0.2388660340316498820 ) ) ;
#7959 = UNCERTAINTY_MEASURE_WITH_UNIT (LENGTH_MEASURE( 1.000000000000000082E-05 ), #5198, 'distance_accuracy_value', 'NONE');
#7960 =( NAMED_UNIT ( * ) SI_UNIT ( $, .STERADIAN. ) SOLID_ANGLE_UNIT ( ) );
#7961 = EDGE_LOOP ( 'NONE', ( #11093, #3098, #7495, #11557 ) ) ;
#7962 =( GEOMETRIC_REPRESENTATION_CONTEXT ( 3 ) GLOBAL_UNCERTAINTY_ASSIGNED_CONTEXT ( ( #4804 ) ) GLOBAL_UNIT_ASSIGNED_CONTEXT ( ( #9177, #896, #6453 ) ) REPRESENTATION_CONTEXT ( 'NONE', 'WORKASPACE' ) );
#7963 = CARTESIAN_POINT ( 'NONE',  ( -1.728402642412857793, -1.010000000000000009, 0.3570894266226369851 ) ) ;
#7964 = ADVANCED_FACE ( 'NONE', ( #10391 ), #2303, .F. ) ;
#7965 = PRESENTATION_STYLE_ASSIGNMENT (( #4261 ) ) ;
#7966 = DIRECTION ( 'NONE',  ( -0.0000000000000000000, 1.000000000000000000, -0.0000000000000000000 ) ) ;
#7967 = UNCERTAINTY_MEASURE_WITH_UNIT (LENGTH_MEASURE( 1.000000000000000082E-05 ), #318, 'distance_accuracy_value', 'NONE');
#7968 = CARTESIAN_POINT ( 'NONE',  ( -1.551187894927172239, -1.010000000000000009, 0.4066219473783987404 ) ) ;
#7969 = COLOUR_RGB ( '',0.0000000000000000000, 0.0000000000000000000, 0.0000000000000000000 ) ;
#7970 = CARTESIAN_POINT ( 'NONE',  ( -1.686764517579279365, -1.010000000000000009, 0.2727541726243808973 ) ) ;
#7971 = CARTESIAN_POINT ( 'NONE',  ( -1.928216719712432914, -1.010000000000000009, 0.2391081354408662596 ) ) ;
#7972 = CARTESIAN_POINT ( 'NONE',  ( -1.661083662551957385, -1.000000000000000000, 0.2264468014223747216 ) ) ;
#7973 = CARTESIAN_POINT ( 'NONE',  ( -2.330546074290889447, -1.010000000000000009, 0.2886461783460879671 ) ) ;
#7974 = UNCERTAINTY_MEASURE_WITH_UNIT (LENGTH_MEASURE( 1.000000000000000082E-05 ), #5275, 'distance_accuracy_value', 'NONE');
#7975 = PRESENTATION_LAYER_ASSIGNMENT (  '', '', ( #8177 ) ) ;
#7976 = VERTEX_POINT ( 'NONE', #655 ) ;
#7977 = ORIENTED_EDGE ( 'NONE', *, *, #5121, .T. ) ;
#7978 = ORIENTED_EDGE ( 'NONE', *, *, #267, .T. ) ;
#7979 = EDGE_CURVE ( 'NONE', #482, #5980, #6951, .T. ) ;
#7980 = STYLED_ITEM ( 'NONE', ( #4587 ), #4996 ) ;
#7981 = DIRECTION ( 'NONE',  ( 0.0000000000000000000, 0.0000000000000000000, 1.000000000000000000 ) ) ;
#7982 = FACE_OUTER_BOUND ( 'NONE', #3408, .T. ) ;
#7983 = DIRECTION ( 'NONE',  ( 1.000000000000000000, -0.0000000000000000000, -0.0000000000000000000 ) ) ;
#7984 = CARTESIAN_POINT ( 'NONE',  ( -1.372504982347548141, -1.000000000000000000, 0.2883022816665182786 ) ) ;
#7985 = EDGE_CURVE ( 'NONE', #9115, #4387, #5306, .T. ) ;
#7986 =( GEOMETRIC_REPRESENTATION_CONTEXT ( 3 ) GLOBAL_UNCERTAINTY_ASSIGNED_CONTEXT ( ( #5632 ) ) GLOBAL_UNIT_ASSIGNED_CONTEXT ( ( #6288, #7188, #6220 ) ) REPRESENTATION_CONTEXT ( 'NONE', 'WORKASPACE' ) );
#7987 = DIRECTION ( 'NONE',  ( -0.0000000000000000000, -0.0000000000000000000, 1.000000000000000000 ) ) ;
#7988 = SURFACE_STYLE_USAGE ( .BOTH. , #10880 ) ;
#7989 = CARTESIAN_POINT ( 'NONE',  ( -1.517083141812432645, -1.010000000000000009, 0.2926345721118238097 ) ) ;
#7990 =( NAMED_UNIT ( * ) SI_UNIT ( $, .STERADIAN. ) SOLID_ANGLE_UNIT ( ) );
#7991 = VECTOR ( 'NONE', #7144, 1000.000000000000000 ) ;
#7992 = VERTEX_POINT ( 'NONE', #7187 ) ;
#7993 = ORIENTED_EDGE ( 'NONE', *, *, #990, .T. ) ;
#7994 = FACE_OUTER_BOUND ( 'NONE', #7027, .T. ) ;
#7995 = ADVANCED_FACE ( 'NONE', ( #3384 ), #4395, .F. ) ;
#7996 = VECTOR ( 'NONE', #7296, 1000.000000000000000 ) ;
#7997 = CARTESIAN_POINT ( 'NONE',  ( -1.814181993226108291, -1.010000000000000009, 0.2200446388759535743 ) ) ;
#7998 = CARTESIAN_POINT ( 'NONE',  ( -1.471257136214887629, -1.010000000000000009, 0.2093101858842237595 ) ) ;
#7999 = ORIENTED_EDGE ( 'NONE', *, *, #3342, .T. ) ;
#8000 = MECHANICAL_DESIGN_GEOMETRIC_PRESENTATION_REPRESENTATION (  '', ( #4882 ), #642 ) ;
#8001 = CARTESIAN_POINT ( 'NONE',  ( -1.749029158587541710, -1.010000000000000009, 0.2204297313595212360 ) ) ;
#8002 = CARTESIAN_POINT ( 'NONE',  ( -1.471497819017762998, -1.010000000000000009, 0.3844309929876059684 ) ) ;
#8003 = B_SPLINE_SURFACE_WITH_KNOTS ( 'NONE', 3, 1, ( 
 ( #4487, #8485 ),
 ( #8306, #5627 ),
 ( #3884, #2926 ),
 ( #1856, #7571 ) ),
 .UNSPECIFIED., .F., .F., .F.,
 ( 4, 4 ),
 ( 2, 2 ),
 ( 12.00000000000000000, 13.00000000000000000 ),
 ( 0.0000000000000000000, 1.000000000000000000 ),
 .UNSPECIFIED. ) ;
#8004 = LINE ( 'NONE', #11666, #10864 ) ;
#8005 = PRESENTATION_STYLE_ASSIGNMENT (( #493 ) ) ;
#8006 = VECTOR ( 'NONE', #11525, 1000.000000000000000 ) ;
#8007 = STYLED_ITEM ( 'NONE', ( #4628 ), #187 ) ;
#8008 = B_SPLINE_CURVE_WITH_KNOTS ( 'NONE', 3,
 ( #2406, #11805, #11626, #3552 ),
 .UNSPECIFIED., .F., .F.,
 ( 4, 4 ),
 ( 23.00000000000000000, 24.00000000000000000 ),
 .UNSPECIFIED. ) ;
#8009 = FILL_AREA_STYLE ('',( #10653 ) ) ;
#8010 = MECHANICAL_DESIGN_GEOMETRIC_PRESENTATION_REPRESENTATION (  '', ( #10298 ), #3561 ) ;
#8011 = SURFACE_STYLE_USAGE ( .BOTH. , #8837 ) ;
#8012 = ORIENTED_EDGE ( 'NONE', *, *, #9433, .F. ) ;
#8013 = CARTESIAN_POINT ( 'NONE',  ( -1.610323659503531069, -1.010000000000000009, 0.2204778679199694558 ) ) ;
#8014 = EDGE_CURVE ( 'NONE', #3253, #9064, #9783, .T. ) ;
#8015 = ORIENTED_EDGE ( 'NONE', *, *, #3277, .F. ) ;
#8016 = MECHANICAL_DESIGN_GEOMETRIC_PRESENTATION_REPRESENTATION (  '', ( #2982 ), #11447 ) ;
#8017 = STYLED_ITEM ( 'NONE', ( #6575 ), #3058 ) ;
#8018 = CARTESIAN_POINT ( 'NONE',  ( -1.561248436072007140, -1.010000000000000009, 0.3792322444529834247 ) ) ;
#8019 =( NAMED_UNIT ( * ) PLANE_ANGLE_UNIT ( ) SI_UNIT ( $, .RADIAN. ) );
#8020 = DIRECTION ( 'NONE',  ( -0.0000000000000000000, 1.000000000000000000, -0.0000000000000000000 ) ) ;
#8021 = CARTESIAN_POINT ( 'NONE',  ( -1.743445317569346065, -1.010000000000000009, 0.2780973308403431599 ) ) ;
#8022 = CARTESIAN_POINT ( 'NONE',  ( 2.450000000000001066, 0.9750000000000006439, 0.5750000000000000666 ) ) ;
#8023 = SURFACE_SIDE_STYLE ('',( #2392 ) ) ;
#8024 = DIRECTION ( 'NONE',  ( 0.0000000000000000000, -0.0000000000000000000, -1.000000000000000000 ) ) ;
#8025 = VECTOR ( 'NONE', #1199, 1000.000000000000000 ) ;
#8026 = COLOUR_RGB ( '',0.0000000000000000000, 0.0000000000000000000, 0.0000000000000000000 ) ;
#8027 =( GEOMETRIC_REPRESENTATION_CONTEXT ( 3 ) GLOBAL_UNCERTAINTY_ASSIGNED_CONTEXT ( ( #4097 ) ) GLOBAL_UNIT_ASSIGNED_CONTEXT ( ( #916, #9299, #6471 ) ) REPRESENTATION_CONTEXT ( 'NONE', 'WORKASPACE' ) );
#8028 = EDGE_CURVE ( 'NONE', #4365, #3499, #8816, .T. ) ;
#8029 = CARTESIAN_POINT ( 'NONE',  ( -1.640409009816507391, -1.010000000000000009, 0.1890928304736576582 ) ) ;
#8030 = FILL_AREA_STYLE_COLOUR ( '', #1593 ) ;
#8031 = B_SPLINE_CURVE_WITH_KNOTS ( 'NONE', 3,
 ( #3694, #7614, #3812, #1947 ),
 .UNSPECIFIED., .F., .F.,
 ( 4, 4 ),
 ( 12.00000000000000000, 13.00000000000000000 ),
 .UNSPECIFIED. ) ;
#8032 = CARTESIAN_POINT ( 'NONE',  ( -1.671336749938581168, -1.000000000000000000, 0.4420023193468916589 ) ) ;
#8033 = STYLED_ITEM ( 'NONE', ( #9820 ), #3458 ) ;
#8034 =( NAMED_UNIT ( * ) SI_UNIT ( $, .STERADIAN. ) SOLID_ANGLE_UNIT ( ) );
#8035 = COLOUR_RGB ( '',0.0000000000000000000, 0.0000000000000000000, 0.0000000000000000000 ) ;
#8036 =( LENGTH_UNIT ( ) NAMED_UNIT ( * ) SI_UNIT ( .MILLI., .METRE. ) );
#8037 = DIRECTION ( 'NONE',  ( 0.0000000000000000000, 0.0000000000000000000, 1.000000000000000000 ) ) ;
#8038 = CARTESIAN_POINT ( 'NONE',  ( -1.676463293631890394, -1.000000000000000000, 0.2388660340316498820 ) ) ;
#8039 = CARTESIAN_POINT ( 'NONE',  ( -2.302429880357397707, -1.010000000000000009, 0.2424553015372124531 ) ) ;
#8040 = PRESENTATION_LAYER_ASSIGNMENT (  '', '', ( #6871 ) ) ;
#8041 = ORIENTED_EDGE ( 'NONE', *, *, #5706, .T. ) ;
#8042 = EDGE_LOOP ( 'NONE', ( #3807, #10999, #2772, #11079 ) ) ;
#8043 = ORIENTED_EDGE ( 'NONE', *, *, #6480, .F. ) ;
#8044 = CARTESIAN_POINT ( 'NONE',  ( -2.320504576001850783, -1.010000000000000009, 0.2625382725790780802 ) ) ;
#8045 = CARTESIAN_POINT ( 'NONE',  ( -1.744672799862331480, -1.010000000000000009, 0.3712415754099058773 ) ) ;
#8046 = CARTESIAN_POINT ( 'NONE',  ( -1.965704969777923639, -1.000000000000000000, 0.2109919351231607232 ) ) ;
#8047 = SURFACE_SIDE_STYLE ('',( #7073 ) ) ;
#8048 = DIRECTION ( 'NONE',  ( -0.0000000000000000000, 1.000000000000000000, -0.0000000000000000000 ) ) ;
#8049 = LINE ( 'NONE', #717, #7334 ) ;
#8050 =( NAMED_UNIT ( * ) SI_UNIT ( $, .STERADIAN. ) SOLID_ANGLE_UNIT ( ) );
#8051 = CARTESIAN_POINT ( 'NONE',  ( -1.989135132452668042, -1.010000000000000009, 0.2089836405724676549 ) ) ;
#8052 = CARTESIAN_POINT ( 'NONE',  ( -1.746766740243994809, -1.010000000000000009, 0.2184079958188501203 ) ) ;
#8053 = AXIS2_PLACEMENT_3D ( 'NONE', #10813, #6023, #6161 ) ;
#8054 = CARTESIAN_POINT ( 'NONE',  ( -1.702336694901322556, -1.000000000000000000, 0.3742260421614295729 ) ) ;
#8055 = EDGE_CURVE ( 'NONE', #11828, #6767, #11705, .T. ) ;
#8056 = SURFACE_STYLE_USAGE ( .BOTH. , #9965 ) ;
#8057 = ORIENTED_EDGE ( 'NONE', *, *, #5255, .F. ) ;
#8058 = VERTEX_POINT ( 'NONE', #2483 ) ;
#8059 = CARTESIAN_POINT ( 'NONE',  ( -1.485000124238365027, -1.010000000000000009, 0.2926345721118238097 ) ) ;
#8060 = COLOUR_RGB ( '',0.0000000000000000000, 0.0000000000000000000, 0.0000000000000000000 ) ;
#8061 = CARTESIAN_POINT ( 'NONE',  ( -1.615065110712629926, -1.010000000000000009, 0.4528330454595122512 ) ) ;
#8062 = ORIENTED_EDGE ( 'NONE', *, *, #6926, .T. ) ;
#8063 = CARTESIAN_POINT ( 'NONE',  ( -1.715646453880138367, -1.010000000000000009, 0.4544215519561667915 ) ) ;
#8064 =( NAMED_UNIT ( * ) PLANE_ANGLE_UNIT ( ) SI_UNIT ( $, .RADIAN. ) );
#8065 = STYLED_ITEM ( 'NONE', ( #4978 ), #7452 ) ;
#8066 = DIRECTION ( 'NONE',  ( -0.0000000000000000000, 0.0000000000000000000, 1.000000000000000000 ) ) ;
#8067 = CARTESIAN_POINT ( 'NONE',  ( -2.450000000000000622, 0.0000000000000000000, 0.5999999999999999778 ) ) ;
#8068 = CARTESIAN_POINT ( 'NONE',  ( -1.624307330328914389, -1.000000000000000000, 0.1908738832120951412 ) ) ;
#8069 = B_SPLINE_CURVE_WITH_KNOTS ( 'NONE', 3,
 ( #7256, #1715, #5184, #6163 ),
 .UNSPECIFIED., .F., .F.,
 ( 4, 4 ),
 ( 2.000000000000000000, 3.000000000000000000 ),
 .UNSPECIFIED. ) ;
#8070 = ADVANCED_FACE ( 'NONE', ( #3509 ), #8290, .F. ) ;
#8071 = VECTOR ( 'NONE', #4208, 1000.000000000000000 ) ;
#8072 = ORIENTED_EDGE ( 'NONE', *, *, #10477, .F. ) ;
#8073 = EDGE_LOOP ( 'NONE', ( #9373, #7670, #6577, #3324, #10901, #11393, #8452, #10329, #11945, #3562, #3620, #5492, #7730, #10146 ) ) ;
#8074 =( LENGTH_UNIT ( ) NAMED_UNIT ( * ) SI_UNIT ( .MILLI., .METRE. ) );
#8075 =( LENGTH_UNIT ( ) NAMED_UNIT ( * ) SI_UNIT ( .MILLI., .METRE. ) );
#8076 = MECHANICAL_DESIGN_GEOMETRIC_PRESENTATION_REPRESENTATION (  '', ( #5753 ), #10756 ) ;
#8077 = VECTOR ( 'NONE', #2087, 1000.000000000000000 ) ;
#8078 = CARTESIAN_POINT ( 'NONE',  ( -1.722168957827996172, -1.000000000000000000, 0.2430539147956138624 ) ) ;
#8079 = CARTESIAN_POINT ( 'NONE',  ( -2.185948483602257575, -1.010000000000000009, 0.3736642278398156769 ) ) ;
#8080 = DIRECTION ( 'NONE',  ( 0.3315284183576469590, -0.0000000000000000000, 0.9434452330799477648 ) ) ;
#8081 = MECHANICAL_DESIGN_GEOMETRIC_PRESENTATION_REPRESENTATION (  '', ( #5735 ), #2095 ) ;
#8082 = PLANE ( 'NONE',  #6061 ) ;
#8083 = EDGE_CURVE ( 'NONE', #10281, #4009, #11549, .T. ) ;
#8084 = LINE ( 'NONE', #4202, #4126 ) ;
#8085 =( NAMED_UNIT ( * ) SI_UNIT ( $, .STERADIAN. ) SOLID_ANGLE_UNIT ( ) );
#8086 = CARTESIAN_POINT ( 'NONE',  ( -1.372023616741803620, -1.000000000000000000, 0.2861361364438658184 ) ) ;
#8087 = PRESENTATION_LAYER_ASSIGNMENT (  '', '', ( #328 ) ) ;
#8088 = UNCERTAINTY_MEASURE_WITH_UNIT (LENGTH_MEASURE( 1.000000000000000082E-05 ), #9265, 'distance_accuracy_value', 'NONE');
#8089 = LINE ( 'NONE', #11746, #2269 ) ;
#8090 = ORIENTED_EDGE ( 'NONE', *, *, #10897, .T. ) ;
#8091 = SURFACE_STYLE_USAGE ( .BOTH. , #9882 ) ;
#8092 = CARTESIAN_POINT ( 'NONE',  ( -2.450000000000000622, 0.9500000000000007327, 0.0000000000000000000 ) ) ;
#8093 = FILL_AREA_STYLE_COLOUR ( '', #8820 ) ;
#8094 = UNCERTAINTY_MEASURE_WITH_UNIT (LENGTH_MEASURE( 1.000000000000000082E-05 ), #10725, 'distance_accuracy_value', 'NONE');
#8095 = CARTESIAN_POINT ( 'NONE',  ( -2.500000000000000000, -0.9500000000000007327, 0.5500000000000007105 ) ) ;
#8096 = DIRECTION ( 'NONE',  ( -0.3416038306815484260, 0.0000000000000000000, 0.9398440417769812205 ) ) ;
#8097 = CARTESIAN_POINT ( 'NONE',  ( -1.686764517579279365, -1.010000000000000009, 0.2727541726243808973 ) ) ;
#8098 = EDGE_CURVE ( 'NONE', #3868, #1082, #5424, .T. ) ;
#8099 = SURFACE_STYLE_FILL_AREA ( #6939 ) ;
#8100 = PRESENTATION_LAYER_ASSIGNMENT (  '', '', ( #10192 ) ) ;
#8102 = ADVANCED_FACE ( 'NONE', ( #10138 ), #10072, .F. ) ;
#8101 = CARTESIAN_POINT ( 'NONE',  ( 2.450000000000001066, -1.000000000000000000, 0.5500000000000007105 ) ) ;
#8103 = DIRECTION ( 'NONE',  ( -0.0000000000000000000, 1.000000000000000000, -0.0000000000000000000 ) ) ;
#8104 = SURFACE_STYLE_FILL_AREA ( #6208 ) ;
#8105 = UNCERTAINTY_MEASURE_WITH_UNIT (LENGTH_MEASURE( 1.000000000000000082E-05 ), #1452, 'distance_accuracy_value', 'NONE');
#8106 = VERTEX_POINT ( 'NONE', #3798 ) ;
#8107 = EDGE_LOOP ( 'NONE', ( #3881, #2312, #3731, #3632 ) ) ;
#8108 = ORIENTED_EDGE ( 'NONE', *, *, #1662, .T. ) ;
#8109 = CARTESIAN_POINT ( 'NONE',  ( -1.676198542549437009, -1.010000000000000009, 0.2676998337717396703 ) ) ;
#8110 = B_SPLINE_SURFACE_WITH_KNOTS ( 'NONE', 3, 1, ( 
 ( #3816, #3584 ),
 ( #856, #9300 ),
 ( #4710, #1951 ),
 ( #7382, #5613 ) ),
 .UNSPECIFIED., .F., .F., .F.,
 ( 4, 4 ),
 ( 2, 2 ),
 ( 6.000000000000000000, 7.000000000000000000 ),
 ( 0.0000000000000000000, 1.000000000000000000 ),
 .UNSPECIFIED. ) ;
#8111 = PRESENTATION_LAYER_ASSIGNMENT (  '', '', ( #10396 ) ) ;
#8112 = SURFACE_STYLE_FILL_AREA ( #3503 ) ;
#8113 = PLANE ( 'NONE',  #5474 ) ;
#8114 = SURFACE_SIDE_STYLE ('',( #4392 ) ) ;
#8115 = DIRECTION ( 'NONE',  ( 1.000000000000000000, 0.0000000000000000000, 0.0000000000000000000 ) ) ;
#8116 = CARTESIAN_POINT ( 'NONE',  ( -1.434697418514818468, -1.000000000000000000, 0.2224996034612828633 ) ) ;
#8117 = CARTESIAN_POINT ( 'NONE',  ( -1.676150405988668268, -1.010000000000000009, 0.2077216793875679424 ) ) ;
#8118 = PRESENTATION_STYLE_ASSIGNMENT (( #5370 ) ) ;
#8119 = COLOUR_RGB ( '',0.0000000000000000000, 0.0000000000000000000, 0.0000000000000000000 ) ;
#8120 = ORIENTED_EDGE ( 'NONE', *, *, #6281, .T. ) ;
#8121 = EDGE_LOOP ( 'NONE', ( #9794, #8171, #1640, #6017 ) ) ;
#8122 = EDGE_LOOP ( 'NONE', ( #6962, #526, #7867, #10804 ) ) ;
#8123 = CARTESIAN_POINT ( 'NONE',  ( -1.722168957827996172, -1.010000000000000009, 0.2093101858842237595 ) ) ;
#8124 = EDGE_CURVE ( 'NONE', #11573, #8750, #8268, .T. ) ;
#8125 = SURFACE_SIDE_STYLE ('',( #2610 ) ) ;
#8126 = MECHANICAL_DESIGN_GEOMETRIC_PRESENTATION_REPRESENTATION (  '', ( #6370 ), #5773 ) ;
#8127 = SURFACE_STYLE_FILL_AREA ( #9912 ) ;
#8128 = PRESENTATION_STYLE_ASSIGNMENT (( #6233 ) ) ;
#8129 = CARTESIAN_POINT ( 'NONE',  ( -1.690976466623149266, -1.000000000000000000, 0.2477712977244908299 ) ) ;
#8130 =( LENGTH_UNIT ( ) NAMED_UNIT ( * ) SI_UNIT ( .MILLI., .METRE. ) );
#8131 = PRESENTATION_LAYER_ASSIGNMENT (  '', '', ( #2709 ) ) ;
#8132 = ORIENTED_EDGE ( 'NONE', *, *, #7087, .T. ) ;
#8133 = VERTEX_POINT ( 'NONE', #6516 ) ;
#8134 = COLOUR_RGB ( '',0.0000000000000000000, 0.0000000000000000000, 0.0000000000000000000 ) ;
#8135 = ADVANCED_FACE ( 'NONE', ( #9284 ), #5485, .F. ) ;
#8136 = CARTESIAN_POINT ( 'NONE',  ( -2.299082695108411567, -1.010000000000000009, 0.3917388851789893045 ) ) ;
#8137 = CARTESIAN_POINT ( 'NONE',  ( -2.195989981891296683, -1.010000000000000009, 0.3796891242603235295 ) ) ;
#8138 = CARTESIAN_POINT ( 'NONE',  ( -2.038673200895065207, -1.010000000000000009, 0.2504884797393431839 ) ) ;
#8139 = APPLICATION_CONTEXT ( 'automotive_design' ) ;
#8140 = CARTESIAN_POINT ( 'NONE',  ( -1.648977317585904379, -1.010000000000000009, 0.2276020788743692014 ) ) ;
#8142 = ADVANCED_FACE ( 'NONE', ( #1990 ), #8791, .F. ) ;
#8141 = CARTESIAN_POINT ( 'NONE',  ( -1.756971691070170705, -1.010000000000000009, 0.2471936589984954635 ) ) ;
#8143 =( NAMED_UNIT ( * ) PLANE_ANGLE_UNIT ( ) SI_UNIT ( $, .RADIAN. ) );
#8144 = SURFACE_SIDE_STYLE ('',( #4429 ) ) ;
#8145 = SURFACE_STYLE_FILL_AREA ( #4430 ) ;
#8146 = DIRECTION ( 'NONE',  ( 0.5773502691896275074, -0.5773502691896224004, -0.5773502691896275074 ) ) ;
#8147 = EDGE_CURVE ( 'NONE', #5841, #11171, #6083, .T. ) ;
#8148 = MECHANICAL_DESIGN_GEOMETRIC_PRESENTATION_REPRESENTATION (  '', ( #6584 ), #7962 ) ;
#8149 = CARTESIAN_POINT ( 'NONE',  ( -1.450028913034306477, -1.010000000000000009, 0.2233179249895118901 ) ) ;
#8150 = SURFACE_STYLE_USAGE ( .BOTH. , #1688 ) ;
#8151 = CARTESIAN_POINT ( 'NONE',  ( -2.038673200895065207, -1.010000000000000009, 0.2504884797393431839 ) ) ;
#8152 = CARTESIAN_POINT ( 'NONE',  ( -1.533184821299701905, -1.010000000000000009, 0.3586779331192915810 ) ) ;
#8153 = PRESENTATION_STYLE_ASSIGNMENT (( #8215 ) ) ;
#8154 = ORIENTED_EDGE ( 'NONE', *, *, #4414, .F. ) ;
#8155 = ORIENTED_EDGE ( 'NONE', *, *, #2582, .F. ) ;
#8156 = ORIENTED_EDGE ( 'NONE', *, *, #9447, .T. ) ;
#8157 = SURFACE_STYLE_FILL_AREA ( #895 ) ;
#8158 = EDGE_CURVE ( 'NONE', #5493, #544, #10599, .T. ) ;
#8159 = ADVANCED_FACE ( 'NONE', ( #3105 ), #2274, .F. ) ;
#8160 = SURFACE_SIDE_STYLE ('',( #8877 ) ) ;
#8161 = FACE_BOUND ( 'NONE', #8558, .T. ) ;
#8162 = VERTEX_POINT ( 'NONE', #1496 ) ;
#8163 = CARTESIAN_POINT ( 'NONE',  ( -1.609601611095552443, -1.000000000000000000, 0.2235586077923840675 ) ) ;
#8164 = CARTESIAN_POINT ( 'NONE',  ( -1.514941064870001020, -1.010000000000000009, 0.2200446388759535743 ) ) ;
#8165 = LINE ( 'NONE', #3263, #2766 ) ;
#8166 = PLANE ( 'NONE',  #148 ) ;
#8167 = SURFACE_SIDE_STYLE ('',( #4399 ) ) ;
#8168 = PLANE ( 'NONE',  #4512 ) ;
#8169 = PRESENTATION_LAYER_ASSIGNMENT (  '', '', ( #8350 ) ) ;
#8170 = PRESENTATION_LAYER_ASSIGNMENT (  '', '', ( #3129 ) ) ;
#8171 = ORIENTED_EDGE ( 'NONE', *, *, #10342, .F. ) ;
#8172 = STYLED_ITEM ( 'NONE', ( #124 ), #8383 ) ;
#8173 = ORIENTED_EDGE ( 'NONE', *, *, #4374, .T. ) ;
#8174 = B_SPLINE_SURFACE_WITH_KNOTS ( 'NONE', 3, 1, ( 
 ( #7958, #8427 ),
 ( #2746, #8367 ),
 ( #1858, #9260 ),
 ( #5, #1794 ) ),
 .UNSPECIFIED., .F., .F., .F.,
 ( 4, 4 ),
 ( 2, 2 ),
 ( 3.000000000000000000, 4.000000000000000000 ),
 ( 0.0000000000000000000, 1.000000000000000000 ),
 .UNSPECIFIED. ) ;
#8175 = ORIENTED_EDGE ( 'NONE', *, *, #10998, .T. ) ;
#8176 =( LENGTH_UNIT ( ) NAMED_UNIT ( * ) SI_UNIT ( .MILLI., .METRE. ) );
#8177 = STYLED_ITEM ( 'NONE', ( #1279 ), #8711 ) ;
#8178 = ORIENTED_EDGE ( 'NONE', *, *, #11423, .T. ) ;
#8179 = FACE_OUTER_BOUND ( 'NONE', #11384, .T. ) ;
#8180 = LINE ( 'NONE', #10713, #10282 ) ;
#8181 = DIRECTION ( 'NONE',  ( -0.0000000000000000000, 1.000000000000000000, -0.0000000000000000000 ) ) ;
#8183 = STYLED_ITEM ( 'NONE', ( #5976 ), #656 ) ;
#8182 =( GEOMETRIC_REPRESENTATION_CONTEXT ( 3 ) GLOBAL_UNCERTAINTY_ASSIGNED_CONTEXT ( ( #322 ) ) GLOBAL_UNIT_ASSIGNED_CONTEXT ( ( #11576, #8753, #1580 ) ) REPRESENTATION_CONTEXT ( 'NONE', 'WORKASPACE' ) );
#8184 = VECTOR ( 'NONE', #11795, 1000.000000000000114 ) ;
#8185 = CARTESIAN_POINT ( 'NONE',  ( -1.678581302294096300, -1.000000000000000000, 0.2660150541541911329 ) ) ;
#8186 = EDGE_CURVE ( 'NONE', #4073, #6457, #11488, .T. ) ;
#8187 = VECTOR ( 'NONE', #8803, 1000.000000000000000 ) ;
#8188 = ORIENTED_EDGE ( 'NONE', *, *, #6588, .T. ) ;
#8189 = EDGE_LOOP ( 'NONE', ( #10750, #11890, #8891, #9865 ) ) ;
#8190 = FILL_AREA_STYLE ('',( #10094 ) ) ;
#8191 = ORIENTED_EDGE ( 'NONE', *, *, #1701, .T. ) ;
#8192 = STYLED_ITEM ( 'NONE', ( #7620 ), #1003 ) ;
#8193 = CARTESIAN_POINT ( 'NONE',  ( -1.826336474752609851, -1.000000000000000000, 0.3034652982244437913 ) ) ;
#8194 = LINE ( 'NONE', #7211, #1342 ) ;
#8195 = CARTESIAN_POINT ( 'NONE',  ( -1.642839906121935645, -1.000000000000000000, 0.2765569609041355070 ) ) ;
#8196 = FACE_OUTER_BOUND ( 'NONE', #11790, .T. ) ;
#8197 = STYLED_ITEM ( 'NONE', ( #664 ), #2955 ) ;
#8198 = FILL_AREA_STYLE_COLOUR ( '', #6616 ) ;
#8199 =( NAMED_UNIT ( * ) SI_UNIT ( $, .STERADIAN. ) SOLID_ANGLE_UNIT ( ) );
#8200 = STYLED_ITEM ( 'NONE', ( #4945 ), #141 ) ;
#8201 = PRESENTATION_LAYER_ASSIGNMENT (  '', '', ( #6049 ) ) ;
#8203 = EDGE_CURVE ( 'NONE', #4297, #8768, #4256, .T. ) ;
#8202 = CARTESIAN_POINT ( 'NONE',  ( -2.450000000000000622, -1.000000000000000000, 0.5999999999999999778 ) ) ;
#8204 = UNCERTAINTY_MEASURE_WITH_UNIT (LENGTH_MEASURE( 1.000000000000000082E-05 ), #6219, 'distance_accuracy_value', 'NONE');
#8205 = CARTESIAN_POINT ( 'NONE',  ( -1.589167641162975375, -1.010000000000000009, 0.3586779331192915810 ) ) ;
#8206 = COLOUR_RGB ( '',0.0000000000000000000, 0.0000000000000000000, 0.0000000000000000000 ) ;
#8207 = STYLED_ITEM ( 'NONE', ( #11129 ), #1746 ) ;
#8208 = UNCERTAINTY_MEASURE_WITH_UNIT (LENGTH_MEASURE( 1.000000000000000082E-05 ), #454, 'distance_accuracy_value', 'NONE');
#8209 =( NAMED_UNIT ( * ) PLANE_ANGLE_UNIT ( ) SI_UNIT ( $, .RADIAN. ) );
#8210 = CARTESIAN_POINT ( 'NONE',  ( -1.590515464856758321, -1.000000000000000000, 0.2765569609041355070 ) ) ;
#8211 = CARTESIAN_POINT ( 'NONE',  ( -2.048045250642851034, -1.010000000000000009, 0.2297360601562266069 ) ) ;
#8212 = STYLED_ITEM ( 'NONE', ( #5030 ), #3389 ) ;
#8213 = CARTESIAN_POINT ( 'NONE',  ( -1.517083141812432645, -1.000000000000000000, 0.3034652982244437913 ) ) ;
#8214 = CARTESIAN_POINT ( 'NONE',  ( -1.632851569818088766, -1.010000000000000009, 0.3694123861110195084 ) ) ;
#8216 = EDGE_CURVE ( 'NONE', #3533, #6105, #8254, .T. ) ;
#8215 = SURFACE_STYLE_USAGE ( .BOTH. , #11757 ) ;
#8217 = UNCERTAINTY_MEASURE_WITH_UNIT (LENGTH_MEASURE( 1.000000000000000082E-05 ), #9599, 'distance_accuracy_value', 'NONE');
#8218 = ORIENTED_EDGE ( 'NONE', *, *, #3016, .F. ) ;
#8219 = CARTESIAN_POINT ( 'NONE',  ( -1.551187894927172239, -1.010000000000000009, 0.3948766266160141369 ) ) ;
#8220 = STYLED_ITEM ( 'NONE', ( #4368 ), #7598 ) ;
#8221 = DIRECTION ( 'NONE',  ( 0.0000000000000000000, -0.0000000000000000000, 1.000000000000000000 ) ) ;
#8222 =( NAMED_UNIT ( * ) SI_UNIT ( $, .STERADIAN. ) SOLID_ANGLE_UNIT ( ) );
#8223 = LINE ( 'NONE', #2653, #8255 ) ;
#8224 = ORIENTED_EDGE ( 'NONE', *, *, #3158, .T. ) ;
#8225 = DIRECTION ( 'NONE',  ( 1.000000000000000000, -0.0000000000000000000, -0.0000000000000000000 ) ) ;
#8227 = EDGE_CURVE ( 'NONE', #2621, #9923, #7673, .T. ) ;
#8226 = CARTESIAN_POINT ( 'NONE',  ( -2.214734132461216642, -1.010000000000000009, 0.1648010583142833774 ) ) ;
#8228 = UNCERTAINTY_MEASURE_WITH_UNIT (LENGTH_MEASURE( 1.000000000000000082E-05 ), #2848, 'distance_accuracy_value', 'NONE');
#8229 = PRESENTATION_LAYER_ASSIGNMENT (  '', '', ( #2819 ) ) ;
#8230 = VERTEX_POINT ( 'NONE', #10252 ) ;
#8231 = ORIENTED_EDGE ( 'NONE', *, *, #6182, .T. ) ;
#8232 = SURFACE_STYLE_FILL_AREA ( #4466 ) ;
#8233 = FILL_AREA_STYLE ('',( #4528 ) ) ;
#8234 =( NAMED_UNIT ( * ) SI_UNIT ( $, .STERADIAN. ) SOLID_ANGLE_UNIT ( ) );
#8235 = PRESENTATION_STYLE_ASSIGNMENT (( #1781 ) ) ;
#8236 = DIRECTION ( 'NONE',  ( 0.8840949502478810951, 0.0000000000000000000, 0.4673073067545558401 ) ) ;
#8237 = EDGE_CURVE ( 'NONE', #1720, #463, #7103, .T. ) ;
#8238 = EDGE_CURVE ( 'NONE', #7163, #10191, #10909, .T. ) ;
#8239 = DIRECTION ( 'NONE',  ( 0.0000000000000000000, 1.000000000000000000, 0.0000000000000000000 ) ) ;
#8240 = ORIENTED_EDGE ( 'NONE', *, *, #7373, .F. ) ;
#8241 = AXIS2_PLACEMENT_3D ( 'NONE', #6800, #5657, #5096 ) ;
#8242 = ORIENTED_EDGE ( 'NONE', *, *, #2283, .T. ) ;
#8243 =( LENGTH_UNIT ( ) NAMED_UNIT ( * ) SI_UNIT ( .MILLI., .METRE. ) );
#8244 = STYLED_ITEM ( 'NONE', ( #314 ), #7411 ) ;
#8245 = PRESENTATION_STYLE_ASSIGNMENT (( #1738 ) ) ;
#8246 = ORIENTED_EDGE ( 'NONE', *, *, #9782, .F. ) ;
#8247 = CARTESIAN_POINT ( 'NONE',  ( -1.629650488544555076, -1.010000000000000009, 0.2765569609041355070 ) ) ;
#8248 = LINE ( 'NONE', #1, #10088 ) ;
#8249 = PRESENTATION_STYLE_ASSIGNMENT (( #1857 ) ) ;
#8250 = MECHANICAL_DESIGN_GEOMETRIC_PRESENTATION_REPRESENTATION (  '', ( #7473 ), #5347 ) ;
#8251 = CARTESIAN_POINT ( 'NONE',  ( -1.734684463558163747, -1.000000000000000000, 0.2780973308403431599 ) ) ;
#8252 = FACE_OUTER_BOUND ( 'NONE', #666, .T. ) ;
#8253 = ORIENTED_EDGE ( 'NONE', *, *, #1104, .T. ) ;
#8254 = B_SPLINE_CURVE_WITH_KNOTS ( 'NONE', 3,
 ( #10782, #11615, #3475, #8908 ),
 .UNSPECIFIED., .F., .F.,
 ( 4, 4 ),
 ( 22.00000000000000000, 23.00000000000000000 ),
 .UNSPECIFIED. ) ;
#8255 = VECTOR ( 'NONE', #11937, 1000.000000000000000 ) ;
#8256 = EDGE_CURVE ( 'NONE', #4209, #4731, #10965, .T. ) ;
#8257 = FACE_OUTER_BOUND ( 'NONE', #8121, .T. ) ;
#8258 = CARTESIAN_POINT ( 'NONE',  ( -1.510705047546230473, -1.010000000000000009, 0.3844309929876059684 ) ) ;
#8259 = COLOUR_RGB ( '',0.0000000000000000000, 0.0000000000000000000, 0.0000000000000000000 ) ;
#8260 = CARTESIAN_POINT ( 'NONE',  ( -1.553426244990493643, -1.000000000000000000, 0.2926345721118238097 ) ) ;
#8261 = CARTESIAN_POINT ( 'NONE',  ( -1.433277389980368577, -1.010000000000000009, 0.2572542001433302805 ) ) ;
#8262 = CARTESIAN_POINT ( 'NONE',  ( -2.330546074290889447, -1.000000000000000000, 0.2886461783460879671 ) ) ;
#8263 = B_SPLINE_SURFACE_WITH_KNOTS ( 'NONE', 3, 1, ( 
 ( #3990, #9595 ),
 ( #1340, #2125 ),
 ( #6898, #7680 ),
 ( #4051, #3264 ) ),
 .UNSPECIFIED., .F., .F., .F.,
 ( 4, 4 ),
 ( 2, 2 ),
 ( 4.000000000000000000, 5.000000000000000000 ),
 ( 0.0000000000000000000, 1.000000000000000000 ),
 .UNSPECIFIED. ) ;
#8264 = CARTESIAN_POINT ( 'NONE',  ( -1.826336474752609851, -1.010000000000000009, 0.3034652982244437913 ) ) ;
#8265 = MECHANICAL_DESIGN_GEOMETRIC_PRESENTATION_REPRESENTATION (  '', ( #8457 ), #11520 ) ;
#8266 =( NAMED_UNIT ( * ) SI_UNIT ( $, .STERADIAN. ) SOLID_ANGLE_UNIT ( ) );
#8267 = EDGE_LOOP ( 'NONE', ( #6655, #9602, #6687, #7179, #2591, #1711, #2603, #4448, #7261, #11372, #9543, #3440, #5796, #5358, #3890, #11360, #4178, #5863, #4891, #4576, #7978 ) ) ;
#8268 = B_SPLINE_CURVE_WITH_KNOTS ( 'NONE', 3,
 ( #6460, #30, #2831, #11822 ),
 .UNSPECIFIED., .F., .F.,
 ( 4, 4 ),
 ( 2.000000000000000000, 3.000000000000000000 ),
 .UNSPECIFIED. ) ;
#8269 = SURFACE_STYLE_USAGE ( .BOTH. , #1705 ) ;
#8270 = CARTESIAN_POINT ( 'NONE',  ( -1.589167641162975375, -1.010000000000000009, 0.3586779331192915810 ) ) ;
#8271 = EDGE_CURVE ( 'NONE', #2252, #5084, #2690, .T. ) ;
#8272 = ORIENTED_EDGE ( 'NONE', *, *, #285, .T. ) ;
#8273 = LINE ( 'NONE', #2051, #9084 ) ;
#8274 = CARTESIAN_POINT ( 'NONE',  ( -2.153815694183486507, -1.010000000000000009, 0.4687237093875725180 ) ) ;
#8275 =( NAMED_UNIT ( * ) SI_UNIT ( $, .STERADIAN. ) SOLID_ANGLE_UNIT ( ) );
#8276 = FILL_AREA_STYLE_COLOUR ( '', #10173 ) ;
#8278 = MECHANICAL_DESIGN_GEOMETRIC_PRESENTATION_REPRESENTATION (  '', ( #5170 ), #7864 ) ;
#8277 = FILL_AREA_STYLE_COLOUR ( '', #10496 ) ;
#8279 = MECHANICAL_DESIGN_GEOMETRIC_PRESENTATION_REPRESENTATION (  '', ( #1739 ), #1149 ) ;
#8280 = ORIENTED_EDGE ( 'NONE', *, *, #10779, .F. ) ;
#8281 = ORIENTED_EDGE ( 'NONE', *, *, #7634, .T. ) ;
#8282 = ORIENTED_EDGE ( 'NONE', *, *, #8124, .F. ) ;
#8283 = ORIENTED_EDGE ( 'NONE', *, *, #7399, .F. ) ;
#8284 = FILL_AREA_STYLE ('',( #102 ) ) ;
#8285 =( LENGTH_UNIT ( ) NAMED_UNIT ( * ) SI_UNIT ( .MILLI., .METRE. ) );
#8286 = ADVANCED_FACE ( 'NONE', ( #10729 ), #5209, .F. ) ;
#8287 = LINE ( 'NONE', #11056, #7415 ) ;
#8288 =( LENGTH_UNIT ( ) NAMED_UNIT ( * ) SI_UNIT ( .MILLI., .METRE. ) );
#8289 =( NAMED_UNIT ( * ) PLANE_ANGLE_UNIT ( ) SI_UNIT ( $, .RADIAN. ) );
#8290 = B_SPLINE_SURFACE_WITH_KNOTS ( 'NONE', 3, 1, ( 
 ( #4172, #9073 ),
 ( #1881, #7369 ),
 ( #1768, #3739 ),
 ( #5365, #9234 ) ),
 .UNSPECIFIED., .F., .F., .F.,
 ( 4, 4 ),
 ( 2, 2 ),
 ( 8.000000000000000000, 9.000000000000000000 ),
 ( 0.0000000000000000000, 1.000000000000000000 ),
 .UNSPECIFIED. ) ;
#8291 = DIRECTION ( 'NONE',  ( -0.0000000000000000000, 1.000000000000000000, -0.0000000000000000000 ) ) ;
#8292 = LINE ( 'NONE', #1956, #1055 ) ;
#8293 = SURFACE_STYLE_FILL_AREA ( #4597 ) ;
#8294 = ORIENTED_EDGE ( 'NONE', *, *, #7644, .T. ) ;
#8295 = PLANE ( 'NONE',  #3904 ) ;
#8296 = B_SPLINE_CURVE_WITH_KNOTS ( 'NONE', 3,
 ( #5779, #9633, #7783, #4868 ),
 .UNSPECIFIED., .F., .F.,
 ( 4, 4 ),
 ( 3.000000000000000000, 4.000000000000000000 ),
 .UNSPECIFIED. ) ;
#8297 = ORIENTED_EDGE ( 'NONE', *, *, #1914, .T. ) ;
#8298 = STYLED_ITEM ( 'NONE', ( #11704 ), #11560 ) ;
#8299 = SURFACE_SIDE_STYLE ('',( #2684 ) ) ;
#8300 =( LENGTH_UNIT ( ) NAMED_UNIT ( * ) SI_UNIT ( .MILLI., .METRE. ) );
#8301 = EDGE_CURVE ( 'NONE', #8694, #6508, #2773, .T. ) ;
#8302 = ORIENTED_EDGE ( 'NONE', *, *, #352, .T. ) ;
#8303 = EDGE_CURVE ( 'NONE', #2416, #8106, #5067, .T. ) ;
#8304 = CARTESIAN_POINT ( 'NONE',  ( -1.443337931124564877, -1.010000000000000009, 0.2298644972179162416 ) ) ;
#8305 = CARTESIAN_POINT ( 'NONE',  ( -1.588204909952766641, -1.000000000000000000, 0.4528330454595122512 ) ) ;
#8306 = CARTESIAN_POINT ( 'NONE',  ( -1.609601611095552443, -1.010000000000000009, 0.2235586077923840675 ) ) ;
#8307 = COLOUR_RGB ( '',0.0000000000000000000, 0.0000000000000000000, 0.0000000000000000000 ) ;
#8308 = B_SPLINE_CURVE_WITH_KNOTS ( 'NONE', 3,
 ( #2868, #2931, #8373, #10231 ),
 .UNSPECIFIED., .F., .F.,
 ( 4, 4 ),
 ( 4.000000000000000000, 5.000000000000000000 ),
 .UNSPECIFIED. ) ;
#8309 = CARTESIAN_POINT ( 'NONE',  ( -1.747224037568877897, -1.010000000000000009, 0.2388178974712016345 ) ) ;
#8310 = VECTOR ( 'NONE', #6689, 1000.000000000000000 ) ;
#8311 = UNCERTAINTY_MEASURE_WITH_UNIT (LENGTH_MEASURE( 1.000000000000000082E-05 ), #3623, 'distance_accuracy_value', 'NONE');
#8312 =( NAMED_UNIT ( * ) PLANE_ANGLE_UNIT ( ) SI_UNIT ( $, .RADIAN. ) );
#8313 = VERTEX_POINT ( 'NONE', #751 ) ;
#8314 = PRESENTATION_STYLE_ASSIGNMENT (( #2577 ) ) ;
#8315 = PRESENTATION_LAYER_ASSIGNMENT (  '', '', ( #6774 ) ) ;
#8316 = SURFACE_SIDE_STYLE ('',( #4377 ) ) ;
#8317 = CARTESIAN_POINT ( 'NONE',  ( -1.735791604449712811, -1.000000000000000000, 0.2685181553006110167 ) ) ;
#8318 =( NAMED_UNIT ( * ) SI_UNIT ( $, .STERADIAN. ) SOLID_ANGLE_UNIT ( ) );
#8319 = CARTESIAN_POINT ( 'NONE',  ( -1.709075813371508490, -1.010000000000000009, 0.4416172268626791797 ) ) ;
#8320 = PLANE ( 'NONE',  #2475 ) ;
#8321 = CARTESIAN_POINT ( 'NONE',  ( -1.628326733130676773, -1.010000000000000009, 0.1877450067792323374 ) ) ;
#8322 = B_SPLINE_CURVE_WITH_KNOTS ( 'NONE', 3,
 ( #10635, #5060, #3198, #3082 ),
 .UNSPECIFIED., .F., .F.,
 ( 4, 4 ),
 ( 9.000000000000000000, 10.00000000000000000 ),
 .UNSPECIFIED. ) ;
#8323 = CARTESIAN_POINT ( 'NONE',  ( -1.709075813371508490, -1.010000000000000009, 0.4416172268626791797 ) ) ;
#8324 = UNCERTAINTY_MEASURE_WITH_UNIT (LENGTH_MEASURE( 1.000000000000000082E-05 ), #6750, 'distance_accuracy_value', 'NONE');
#8325 = PRESENTATION_STYLE_ASSIGNMENT (( #3730 ) ) ;
#8326 = ORIENTED_EDGE ( 'NONE', *, *, #7496, .T. ) ;
#8327 = EDGE_CURVE ( 'NONE', #645, #6535, #9990, .T. ) ;
#8328 =( GEOMETRIC_REPRESENTATION_CONTEXT ( 3 ) GLOBAL_UNCERTAINTY_ASSIGNED_CONTEXT ( ( #6618 ) ) GLOBAL_UNIT_ASSIGNED_CONTEXT ( ( #5960, #9838, #11577 ) ) REPRESENTATION_CONTEXT ( 'NONE', 'WORKASPACE' ) );
#8329 = SURFACE_STYLE_FILL_AREA ( #24 ) ;
#8330 = B_SPLINE_CURVE_WITH_KNOTS ( 'NONE', 3,
 ( #4803, #8501, #202, #9511 ),
 .UNSPECIFIED., .F., .F.,
 ( 4, 4 ),
 ( 4.000000000000000000, 5.000000000000000000 ),
 .UNSPECIFIED. ) ;
#8331 = VERTEX_POINT ( 'NONE', #9096 ) ;
#8332 = FACE_OUTER_BOUND ( 'NONE', #3341, .T. ) ;
#8333 = CARTESIAN_POINT ( 'NONE',  ( -2.135071556382313496, -1.000000000000000000, 0.2765964110432108103 ) ) ;
#8334 = ORIENTED_EDGE ( 'NONE', *, *, #6878, .F. ) ;
#8335 = CARTESIAN_POINT ( 'NONE',  ( -1.443602682207659527, -1.000000000000000000, 0.2837774449794280285 ) ) ;
#8336 = FACE_OUTER_BOUND ( 'NONE', #8810, .T. ) ;
#8337 = FACE_OUTER_BOUND ( 'NONE', #7008, .T. ) ;
#8338 = VECTOR ( 'NONE', #3178, 1000.000000000000000 ) ;
#8339 = FILL_AREA_STYLE ('',( #8399 ) ) ;
#8340 = ADVANCED_FACE ( 'NONE', ( #802 ), #8003, .F. ) ;
#8341 = ORIENTED_EDGE ( 'NONE', *, *, #5623, .F. ) ;
#8342 = VERTEX_POINT ( 'NONE', #7341 ) ;
#8343 = ORIENTED_EDGE ( 'NONE', *, *, #5912, .F. ) ;
#8344 = FILL_AREA_STYLE ('',( #11891 ) ) ;
#8345 = DIRECTION ( 'NONE',  ( -0.3559357243643085367, -0.0000000000000000000, 0.9345104387438670779 ) ) ;
#8346 = FACE_OUTER_BOUND ( 'NONE', #2803, .T. ) ;
#8347 = EDGE_CURVE ( 'NONE', #5714, #5494, #5691, .T. ) ;
#8348 = DIRECTION ( 'NONE',  ( -1.000000000000000000, 0.0000000000000000000, -0.0000000000000000000 ) ) ;
#8349 = CARTESIAN_POINT ( 'NONE',  ( -1.922526528410432700, -1.010000000000000009, 0.3570957211880376736 ) ) ;
#8350 = STYLED_ITEM ( 'NONE', ( #4603 ), #10280 ) ;
#8351 = SURFACE_STYLE_USAGE ( .BOTH. , #1105 ) ;
#8352 = PLANE ( 'NONE',  #651 ) ;
#8353 = STYLED_ITEM ( 'NONE', ( #9308 ), #4825 ) ;
#8354 =( LENGTH_UNIT ( ) NAMED_UNIT ( * ) SI_UNIT ( .MILLI., .METRE. ) );
#8355 = EDGE_CURVE ( 'NONE', #4873, #8824, #8248, .T. ) ;
#8356 = ORIENTED_EDGE ( 'NONE', *, *, #7532, .T. ) ;
#8357 = SURFACE_STYLE_USAGE ( .BOTH. , #1848 ) ;
#8358 = COLOUR_RGB ( '',0.0000000000000000000, 0.0000000000000000000, 0.0000000000000000000 ) ;
#8359 = ORIENTED_EDGE ( 'NONE', *, *, #8602, .T. ) ;
#8360 = SURFACE_STYLE_USAGE ( .BOTH. , #8299 ) ;
#8361 = CARTESIAN_POINT ( 'NONE',  ( -1.538407638114548170, -1.000000000000000000, 0.4069589033021648317 ) ) ;
#8362 = ORIENTED_EDGE ( 'NONE', *, *, #3606, .T. ) ;
#8363 = PRESENTATION_LAYER_ASSIGNMENT (  '', '', ( #1620 ) ) ;
#8364 =( LENGTH_UNIT ( ) NAMED_UNIT ( * ) SI_UNIT ( .MILLI., .METRE. ) );
#8365 = SURFACE_STYLE_USAGE ( .BOTH. , #6316 ) ;
#8366 = PRESENTATION_LAYER_ASSIGNMENT (  '', '', ( #1624 ) ) ;
#8367 = CARTESIAN_POINT ( 'NONE',  ( -1.670253677327254715, -1.000000000000000000, 0.2365554791276577307 ) ) ;
#8368 = EDGE_CURVE ( 'NONE', #218, #2013, #8836, .T. ) ;
#8369 = STYLED_ITEM ( 'NONE', ( #6386 ), #524 ) ;
#8370 = CARTESIAN_POINT ( 'NONE',  ( -1.491233808823226203, -1.010000000000000009, 0.4407989053344495423 ) ) ;
#8371 = ORIENTED_EDGE ( 'NONE', *, *, #216, .T. ) ;
#8372 = ORIENTED_EDGE ( 'NONE', *, *, #9278, .F. ) ;
#8373 = CARTESIAN_POINT ( 'NONE',  ( -1.538407638114548170, -1.000000000000000000, 0.3923735254702371833 ) ) ;
#8374 = COLOUR_RGB ( '',0.0000000000000000000, 0.0000000000000000000, 0.0000000000000000000 ) ;
#8375 =( GEOMETRIC_REPRESENTATION_CONTEXT ( 3 ) GLOBAL_UNCERTAINTY_ASSIGNED_CONTEXT ( ( #3729 ) ) GLOBAL_UNIT_ASSIGNED_CONTEXT ( ( #6099, #3083, #5126 ) ) REPRESENTATION_CONTEXT ( 'NONE', 'WORKASPACE' ) );
#8376 = STYLED_ITEM ( 'NONE', ( #8878 ), #150 ) ;
#8377 = PRESENTATION_LAYER_ASSIGNMENT (  '', '', ( #4882 ) ) ;
#8378 = FILL_AREA_STYLE ('',( #1867 ) ) ;
#8379 = SURFACE_SIDE_STYLE ('',( #6327 ) ) ;
#8380 = CARTESIAN_POINT ( 'NONE',  ( -1.671336749938581390, -1.010000000000000009, 0.4118688324728259631 ) ) ;
#8381 = DIRECTION ( 'NONE',  ( -0.0000000000000000000, 1.000000000000000000, -0.0000000000000000000 ) ) ;
#8382 = CARTESIAN_POINT ( 'NONE',  ( -1.676150405988668268, -1.010000000000000009, 0.2077216793875679424 ) ) ;
#8383 = ADVANCED_FACE ( 'NONE', ( #3710 ), #2023, .T. ) ;
#8384 = CARTESIAN_POINT ( 'NONE',  ( -1.553426244990493643, -1.010000000000000009, 0.2200446388759535743 ) ) ;
#8385 = VERTEX_POINT ( 'NONE', #3656 ) ;
#8386 = VECTOR ( 'NONE', #5037, 1000.000000000000000 ) ;
#8387 = LINE ( 'NONE', #5710, #4438 ) ;
#8388 = FACE_OUTER_BOUND ( 'NONE', #10250, .T. ) ;
#8389 = SURFACE_STYLE_USAGE ( .BOTH. , #5536 ) ;
#8390 = STYLED_ITEM ( 'NONE', ( #5158 ), #9825 ) ;
#8391 = SURFACE_STYLE_FILL_AREA ( #9280 ) ;
#8392 = FACE_BOUND ( 'NONE', #10264, .T. ) ;
#8393 = EDGE_LOOP ( 'NONE', ( #3651, #5373, #309 ) ) ;
#8394 = CARTESIAN_POINT ( 'NONE',  ( -1.694394162418690009, -1.000000000000000000, 0.2238474271550627837 ) ) ;
#8395 =( NAMED_UNIT ( * ) PLANE_ANGLE_UNIT ( ) SI_UNIT ( $, .RADIAN. ) );
#8396 = FILL_AREA_STYLE_COLOUR ( '', #1652 ) ;
#8397 = CARTESIAN_POINT ( 'NONE',  ( -1.757838149159489438, -1.010000000000000009, 0.2603830765755508203 ) ) ;
#8398 =( NAMED_UNIT ( * ) SI_UNIT ( $, .STERADIAN. ) SOLID_ANGLE_UNIT ( ) );
#8399 = FILL_AREA_STYLE_COLOUR ( '', #4911 ) ;
#8400 = PRESENTATION_LAYER_ASSIGNMENT (  '', '', ( #4724 ) ) ;
#8401 =( GEOMETRIC_REPRESENTATION_CONTEXT ( 3 ) GLOBAL_UNCERTAINTY_ASSIGNED_CONTEXT ( ( #10126 ) ) GLOBAL_UNIT_ASSIGNED_CONTEXT ( ( #7108, #3481, #2573 ) ) REPRESENTATION_CONTEXT ( 'NONE', 'WORKASPACE' ) );
#8402 = ORIENTED_EDGE ( 'NONE', *, *, #8774, .T. ) ;
#8403 = ORIENTED_EDGE ( 'NONE', *, *, #5517, .F. ) ;
#8404 =( NAMED_UNIT ( * ) PLANE_ANGLE_UNIT ( ) SI_UNIT ( $, .RADIAN. ) );
#8405 = ORIENTED_EDGE ( 'NONE', *, *, #6493, .F. ) ;
#8406 =( NAMED_UNIT ( * ) PLANE_ANGLE_UNIT ( ) SI_UNIT ( $, .RADIAN. ) );
#8407 = LINE ( 'NONE', #104, #3560 ) ;
#8408 = LINE ( 'NONE', #8195, #1120 ) ;
#8409 = PLANE ( 'NONE',  #6176 ) ;
#8410 = SURFACE_STYLE_USAGE ( .BOTH. , #2007 ) ;
#8411 = ADVANCED_FACE ( 'NONE', ( #6432 ), #1642, .F. ) ;
#8412 =( NAMED_UNIT ( * ) PLANE_ANGLE_UNIT ( ) SI_UNIT ( $, .RADIAN. ) );
#8413 =( GEOMETRIC_REPRESENTATION_CONTEXT ( 3 ) GLOBAL_UNCERTAINTY_ASSIGNED_CONTEXT ( ( #1559 ) ) GLOBAL_UNIT_ASSIGNED_CONTEXT ( ( #6542, #11913, #3832 ) ) REPRESENTATION_CONTEXT ( 'NONE', 'WORKASPACE' ) );
#8414 = DIRECTION ( 'NONE',  ( -0.0000000000000000000, -0.0000000000000000000, 1.000000000000000000 ) ) ;
#8415 = CARTESIAN_POINT ( 'NONE',  ( -1.484326212391473554, -1.010000000000000009, 0.4528330454595122512 ) ) ;
#8416 = EDGE_LOOP ( 'NONE', ( #8428, #10762, #10278, #4602 ) ) ;
#8417 = ORIENTED_EDGE ( 'NONE', *, *, #5496, .T. ) ;
#8418 = ORIENTED_EDGE ( 'NONE', *, *, #2633, .T. ) ;
#8419 = DIRECTION ( 'NONE',  ( -0.0000000000000000000, 1.000000000000000000, -0.0000000000000000000 ) ) ;
#8420 = SURFACE_STYLE_USAGE ( .BOTH. , #4723 ) ;
#8421 = ORIENTED_EDGE ( 'NONE', *, *, #8368, .F. ) ;
#8422 =( NAMED_UNIT ( * ) PLANE_ANGLE_UNIT ( ) SI_UNIT ( $, .RADIAN. ) );
#8423 = EDGE_CURVE ( 'NONE', #1910, #6539, #7818, .T. ) ;
#8424 = CARTESIAN_POINT ( 'NONE',  ( -1.750184436039535774, -1.000000000000000000, 0.4330007825331573801 ) ) ;
#8425 = CARTESIAN_POINT ( 'NONE',  ( -1.752687537185633859, -1.010000000000000009, 0.3613735805074955731 ) ) ;
#8426 = VECTOR ( 'NONE', #9422, 1000.000000000000000 ) ;
#8427 = CARTESIAN_POINT ( 'NONE',  ( -1.676463293631890394, -1.000000000000000000, 0.2388660340316498820 ) ) ;
#8428 = ORIENTED_EDGE ( 'NONE', *, *, #6544, .T. ) ;
#8429 = ORIENTED_EDGE ( 'NONE', *, *, #7560, .T. ) ;
#8430 = PLANE ( 'NONE',  #8981 ) ;
#8431 = CARTESIAN_POINT ( 'NONE',  ( -1.756995759350713726, -1.000000000000000000, 0.3844791295480523563 ) ) ;
#8432 = SURFACE_STYLE_USAGE ( .BOTH. , #10116 ) ;
#8433 = B_SPLINE_SURFACE_WITH_KNOTS ( 'NONE', 3, 1, ( 
 ( #8911, #11916 ),
 ( #6377, #3658 ),
 ( #8309, #63 ),
 ( #7456, #1792 ) ),
 .UNSPECIFIED., .F., .F., .F.,
 ( 4, 4 ),
 ( 2, 2 ),
 ( 0.0000000000000000000, 1.000000000000000000 ),
 ( 0.0000000000000000000, 1.000000000000000000 ),
 .UNSPECIFIED. ) ;
#8435 = ADVANCED_FACE ( 'NONE', ( #10533 ), #3215, .T. ) ;
#8434 = LINE ( 'NONE', #6912, #11245 ) ;
#8436 = VECTOR ( 'NONE', #7966, 1000.000000000000000 ) ;
#8437 = CARTESIAN_POINT ( 'NONE',  ( -1.989135132452668042, -1.010000000000000009, 0.2089836405724676272 ) ) ;
#8438 = PRESENTATION_STYLE_ASSIGNMENT (( #199 ) ) ;
#8439 = SURFACE_STYLE_FILL_AREA ( #7410 ) ;
#8440 = CARTESIAN_POINT ( 'NONE',  ( -1.573932419764380253, -1.000000000000000000, 0.4528330454595122512 ) ) ;
#8441 = AXIS2_PLACEMENT_3D ( 'NONE', #4030, #4259, #7111 ) ;
#8442 = UNCERTAINTY_MEASURE_WITH_UNIT (LENGTH_MEASURE( 1.000000000000000082E-05 ), #9281, 'distance_accuracy_value', 'NONE');
#8443 = CARTESIAN_POINT ( 'NONE',  ( -1.459559952013590900, -1.000000000000000000, 0.2926345721118238652 ) ) ;
#8444 = VERTEX_POINT ( 'NONE', #9611 ) ;
#8445 = VECTOR ( 'NONE', #2032, 1000.000000000000000 ) ;
#8446 =( NAMED_UNIT ( * ) PLANE_ANGLE_UNIT ( ) SI_UNIT ( $, .RADIAN. ) );
#8447 = CARTESIAN_POINT ( 'NONE',  ( -1.551187894927172239, -1.000000000000000000, 0.3948766266160141369 ) ) ;
#8448 = COLOUR_RGB ( '',0.0000000000000000000, 0.0000000000000000000, 0.0000000000000000000 ) ;
#8449 = ORIENTED_EDGE ( 'NONE', *, *, #4276, .T. ) ;
#8450 = FILL_AREA_STYLE ('',( #3179 ) ) ;
#8451 = LINE ( 'NONE', #2888, #4589 ) ;
#8452 = ORIENTED_EDGE ( 'NONE', *, *, #4937, .T. ) ;
#8453 = CARTESIAN_POINT ( 'NONE',  ( -2.248205767888787232, -1.010000000000000009, 0.2551745429188400083 ) ) ;
#8454 = CARTESIAN_POINT ( 'NONE',  ( -1.553426244990493643, -1.010000000000000009, 0.2625010852377568926 ) ) ;
#8455 = PRESENTATION_STYLE_ASSIGNMENT (( #7371 ) ) ;
#8456 = SURFACE_STYLE_FILL_AREA ( #1939 ) ;
#8457 = STYLED_ITEM ( 'NONE', ( #10047 ), #6675 ) ;
#8458 = UNCERTAINTY_MEASURE_WITH_UNIT (LENGTH_MEASURE( 1.000000000000000082E-05 ), #4881, 'distance_accuracy_value', 'NONE');
#8459 =( GEOMETRIC_REPRESENTATION_CONTEXT ( 3 ) GLOBAL_UNCERTAINTY_ASSIGNED_CONTEXT ( ( #5294 ) ) GLOBAL_UNIT_ASSIGNED_CONTEXT ( ( #3248, #9579, #6818 ) ) REPRESENTATION_CONTEXT ( 'NONE', 'WORKASPACE' ) );
#8460 = ORIENTED_EDGE ( 'NONE', *, *, #6824, .T. ) ;
#8461 = ORIENTED_EDGE ( 'NONE', *, *, #9849, .T. ) ;
#8462 = ORIENTED_EDGE ( 'NONE', *, *, #4120, .F. ) ;
#8463 = B_SPLINE_SURFACE_WITH_KNOTS ( 'NONE', 3, 1, ( 
 ( #6479, #8477 ),
 ( #3825, #7745 ),
 ( #11240, #9544 ),
 ( #1285, #9485 ) ),
 .UNSPECIFIED., .F., .F., .F.,
 ( 4, 4 ),
 ( 2, 2 ),
 ( 4.000000000000000000, 5.000000000000000000 ),
 ( 0.0000000000000000000, 1.000000000000000000 ),
 .UNSPECIFIED. ) ;
#8464 =( GEOMETRIC_REPRESENTATION_CONTEXT ( 3 ) GLOBAL_UNCERTAINTY_ASSIGNED_CONTEXT ( ( #5286 ) ) GLOBAL_UNIT_ASSIGNED_CONTEXT ( ( #8285, #7437, #9417 ) ) REPRESENTATION_CONTEXT ( 'NONE', 'WORKASPACE' ) );
#8465 = ORIENTED_EDGE ( 'NONE', *, *, #4521, .T. ) ;
#8466 = SURFACE_STYLE_FILL_AREA ( #3811 ) ;
#8467 = CARTESIAN_POINT ( 'NONE',  ( -1.750184436039535774, -1.010000000000000009, 0.4330007825331573801 ) ) ;
#8468 = PLANE ( 'NONE',  #5305 ) ;
#8469 =( NAMED_UNIT ( * ) SI_UNIT ( $, .STERADIAN. ) SOLID_ANGLE_UNIT ( ) );
#8470 = LINE ( 'NONE', #7502, #5004 ) ;
#8471 = LINE ( 'NONE', #10336, #10545 ) ;
#8472 = PRESENTATION_LAYER_ASSIGNMENT (  '', '', ( #5161 ) ) ;
#8473 = SURFACE_STYLE_FILL_AREA ( #5504 ) ;
#8474 = COLOUR_RGB ( '',0.0000000000000000000, 0.0000000000000000000, 0.0000000000000000000 ) ;
#8475 =( LENGTH_UNIT ( ) NAMED_UNIT ( * ) SI_UNIT ( .MILLI., .METRE. ) );
#8476 = ORIENTED_EDGE ( 'NONE', *, *, #382, .F. ) ;
#8477 = CARTESIAN_POINT ( 'NONE',  ( -2.206700915953803577, -1.000000000000000000, 0.4225328158202146800 ) ) ;
#8478 = ADVANCED_FACE ( 'NONE', ( #6914 ), #9665, .F. ) ;
#8479 = ORIENTED_EDGE ( 'NONE', *, *, #8098, .T. ) ;
#8480 = FILL_AREA_STYLE ('',( #1172 ) ) ;
#8481 = PLANE ( 'NONE',  #10270 ) ;
#8482 = VERTEX_POINT ( 'NONE', #10828 ) ;
#8483 = LINE ( 'NONE', #3091, #3071 ) ;
#8484 = CARTESIAN_POINT ( 'NONE',  ( -2.135071556382313496, -1.010000000000000009, 0.2765964110432108103 ) ) ;
#8485 = CARTESIAN_POINT ( 'NONE',  ( -1.608879562688215970, -1.000000000000000000, 0.2259172992568243832 ) ) ;
#8486 =( NAMED_UNIT ( * ) PLANE_ANGLE_UNIT ( ) SI_UNIT ( $, .RADIAN. ) );
#8487 = EDGE_LOOP ( 'NONE', ( #11763, #4767, #9656, #2371 ) ) ;
#8488 = CARTESIAN_POINT ( 'NONE',  ( -1.517083141812432645, -1.000000000000000000, 0.3034652982244437913 ) ) ;
#8489 = VERTEX_POINT ( 'NONE', #2554 ) ;
#8490 = DIRECTION ( 'NONE',  ( -0.0000000000000000000, 1.000000000000000000, -0.0000000000000000000 ) ) ;
#8491 = EDGE_CURVE ( 'NONE', #9612, #7443, #9845, .T. ) ;
#8492 = VERTEX_POINT ( 'NONE', #5382 ) ;
#8493 = CARTESIAN_POINT ( 'NONE',  ( -1.553426244990493643, -1.000000000000000000, 0.2517184956855826328 ) ) ;
#8494 = CARTESIAN_POINT ( 'NONE',  ( -1.420497133166460424, -1.010000000000000009, 0.2575911560664566058 ) ) ;
#8495 = EDGE_CURVE ( 'NONE', #11594, #3499, #1211, .T. ) ;
#8496 = PLANE ( 'NONE',  #2196 ) ;
#8497 = STYLED_ITEM ( 'NONE', ( #8509 ), #11612 ) ;
#8498 = CARTESIAN_POINT ( 'NONE',  ( -1.574269375688144956, -1.010000000000000009, 0.3586779331192915810 ) ) ;
#8499 = FACE_OUTER_BOUND ( 'NONE', #4780, .T. ) ;
#8500 = CARTESIAN_POINT ( 'NONE',  ( -1.760750411069702537, -1.000000000000000000, 0.3699418882765709848 ) ) ;
#8501 = CARTESIAN_POINT ( 'NONE',  ( -1.688762184840049585, -1.010000000000000009, 0.2448349675340551201 ) ) ;
#8502 = ORIENTED_EDGE ( 'NONE', *, *, #1146, .F. ) ;
#8503 = EDGE_CURVE ( 'NONE', #112, #8133, #4411, .T. ) ;
#8504 = SURFACE_SIDE_STYLE ('',( #4863 ) ) ;
#8505 = CARTESIAN_POINT ( 'NONE',  ( -1.757838149159489216, -1.010000000000000009, 0.2603830765755508203 ) ) ;
#8506 = CARTESIAN_POINT ( 'NONE',  ( -2.118335738668366997, -1.010000000000000009, 0.2317443802431300992 ) ) ;
#8507 = SURFACE_STYLE_FILL_AREA ( #3910 ) ;
#8508 = ORIENTED_EDGE ( 'NONE', *, *, #9892, .T. ) ;
#8509 = PRESENTATION_STYLE_ASSIGNMENT (( #6567 ) ) ;
#8510 = FACE_OUTER_BOUND ( 'NONE', #5918, .T. ) ;
#8511 = SURFACE_SIDE_STYLE ('',( #3916 ) ) ;
#8512 = PRESENTATION_STYLE_ASSIGNMENT (( #3917 ) ) ;
#8513 = COLOUR_RGB ( '',0.0000000000000000000, 0.0000000000000000000, 0.0000000000000000000 ) ;
#8514 = EDGE_CURVE ( 'NONE', #6783, #9823, #11783, .T. ) ;
#8515 = ORIENTED_EDGE ( 'NONE', *, *, #1187, .F. ) ;
#8516 = PRESENTATION_STYLE_ASSIGNMENT (( #4702 ) ) ;
#8517 = CARTESIAN_POINT ( 'NONE',  ( -1.722481845471217854, -1.010000000000000009, 0.2197076829521849295 ) ) ;
#8518 = DIRECTION ( 'NONE',  ( -0.0000000000000000000, 0.0000000000000000000, 1.000000000000000000 ) ) ;
#8519 = SURFACE_SIDE_STYLE ('',( #1099 ) ) ;
#8520 =( NAMED_UNIT ( * ) SI_UNIT ( $, .STERADIAN. ) SOLID_ANGLE_UNIT ( ) );
#8521 = SURFACE_STYLE_USAGE ( .BOTH. , #3929 ) ;
#8522 = B_SPLINE_CURVE_WITH_KNOTS ( 'NONE', 3,
 ( #9105, #4499, #3608, #10587 ),
 .UNSPECIFIED., .F., .F.,
 ( 4, 4 ),
 ( 3.000000000000000000, 4.000000000000000000 ),
 .UNSPECIFIED. ) ;
#8523 = PRESENTATION_STYLE_ASSIGNMENT (( #1394 ) ) ;
#8524 = LINE ( 'NONE', #3698, #9725 ) ;
#8525 = CARTESIAN_POINT ( 'NONE',  ( -1.660626365227073631, -1.000000000000000000, 0.2446424212916273877 ) ) ;
#8526 = ORIENTED_EDGE ( 'NONE', *, *, #3262, .T. ) ;
#8527 = VECTOR ( 'NONE', #4988, 1000.000000000000000 ) ;
#8528 = ORIENTED_EDGE ( 'NONE', *, *, #10186, .F. ) ;
#8529 = EDGE_CURVE ( 'NONE', #4839, #11544, #4420, .T. ) ;
#8530 = DIRECTION ( 'NONE',  ( 0.0000000000000000000, -1.000000000000000000, 0.0000000000000000000 ) ) ;
#8531 = EDGE_LOOP ( 'NONE', ( #1229, #11099, #8591, #1345 ) ) ;
#8532 = COLOUR_RGB ( '',0.7529411764705882248, 0.7529411764705882248, 0.7529411764705882248 ) ;
#8533 = VERTEX_POINT ( 'NONE', #606 ) ;
#8534 = CARTESIAN_POINT ( 'NONE',  ( -1.993151747090587511, -1.010000000000000009, 0.2498190567349448388 ) ) ;
#8535 = CARTESIAN_POINT ( 'NONE',  ( -2.096913870543995806, -1.000000000000000000, 0.4780957742979444203 ) ) ;
#8536 = ORIENTED_EDGE ( 'NONE', *, *, #10213, .T. ) ;
#8537 = CARTESIAN_POINT ( 'NONE',  ( -2.024615087967786220, -1.000000000000000000, 0.2879767681101150778 ) ) ;
#8538 = ORIENTED_EDGE ( 'NONE', *, *, #9369, .T. ) ;
#8539 = ORIENTED_EDGE ( 'NONE', *, *, #4886, .F. ) ;
#8540 =( GEOMETRIC_REPRESENTATION_CONTEXT ( 3 ) GLOBAL_UNCERTAINTY_ASSIGNED_CONTEXT ( ( #7345 ) ) GLOBAL_UNIT_ASSIGNED_CONTEXT ( ( #2743, #994, #11191 ) ) REPRESENTATION_CONTEXT ( 'NONE', 'WORKASPACE' ) );
#8541 = DIRECTION ( 'NONE',  ( -0.0000000000000000000, 0.0000000000000000000, 1.000000000000000000 ) ) ;
#8542 = B_SPLINE_CURVE_WITH_KNOTS ( 'NONE', 3,
 ( #3065, #3117, #3008, #389 ),
 .UNSPECIFIED., .F., .F.,
 ( 4, 4 ),
 ( 3.000000000000000000, 4.000000000000000000 ),
 .UNSPECIFIED. ) ;
#8543 = DIRECTION ( 'NONE',  ( -0.0000000000000000000, 1.000000000000000000, -0.0000000000000000000 ) ) ;
#8544 = CARTESIAN_POINT ( 'NONE',  ( -1.490415487294993957, -1.010000000000000009, 0.4376700289015867384 ) ) ;
#8545 = CARTESIAN_POINT ( 'NONE',  ( -1.722168957827996172, -1.010000000000000009, 0.2366036156881059782 ) ) ;
#8546 =( NAMED_UNIT ( * ) SI_UNIT ( $, .STERADIAN. ) SOLID_ANGLE_UNIT ( ) );
#8547 = CARTESIAN_POINT ( 'NONE',  ( -1.552607923462264727, -1.010000000000000009, 0.3718673506963500741 ) ) ;
#8548 = EDGE_CURVE ( 'NONE', #8722, #4821, #4473, .T. ) ;
#8549 = CARTESIAN_POINT ( 'NONE',  ( -1.619063453769355787, -1.010000000000000009, 0.1830155897100851359 ) ) ;
#8550 = VECTOR ( 'NONE', #2034, 1000.000000000000000 ) ;
#8551 = CARTESIAN_POINT ( 'NONE',  ( -2.288371761046226194, -1.010000000000000009, 0.3535812312617385156 ) ) ;
#8552 =( GEOMETRIC_REPRESENTATION_CONTEXT ( 3 ) GLOBAL_UNCERTAINTY_ASSIGNED_CONTEXT ( ( #64 ) ) GLOBAL_UNIT_ASSIGNED_CONTEXT ( ( #8364, #183, #10350 ) ) REPRESENTATION_CONTEXT ( 'NONE', 'WORKASPACE' ) );
#8553 = SURFACE_STYLE_USAGE ( .BOTH. , #1257 ) ;
#8554 = B_SPLINE_SURFACE_WITH_KNOTS ( 'NONE', 3, 1, ( 
 ( #11546, #3346 ),
 ( #4301, #7095 ),
 ( #4196, #10723 ),
 ( #499, #7889 ) ),
 .UNSPECIFIED., .F., .F., .F.,
 ( 4, 4 ),
 ( 2, 2 ),
 ( 16.00000000000000000, 17.00000000000000000 ),
 ( 0.0000000000000000000, 1.000000000000000000 ),
 .UNSPECIFIED. ) ;
#8555 = SURFACE_STYLE_USAGE ( .BOTH. , #5884 ) ;
#8556 = UNCERTAINTY_MEASURE_WITH_UNIT (LENGTH_MEASURE( 1.000000000000000082E-05 ), #3132, 'distance_accuracy_value', 'NONE');
#8557 =( NAMED_UNIT ( * ) SI_UNIT ( $, .STERADIAN. ) SOLID_ANGLE_UNIT ( ) );
#8558 = EDGE_LOOP ( 'NONE', ( #8043, #3268, #2017, #5756, #5359, #8502 ) ) ;
#8559 =( GEOMETRIC_REPRESENTATION_CONTEXT ( 3 ) GLOBAL_UNCERTAINTY_ASSIGNED_CONTEXT ( ( #8311 ) ) GLOBAL_UNIT_ASSIGNED_CONTEXT ( ( #3623, #4691, #8275 ) ) REPRESENTATION_CONTEXT ( 'NONE', 'WORKASPACE' ) );
#8560 = CARTESIAN_POINT ( 'NONE',  ( -1.682167476051521282, -1.010000000000000009, 0.2621641293139920781 ) ) ;
#8561 = DIRECTION ( 'NONE',  ( 0.9369753459544852836, 0.0000000000000000000, 0.3493954794691433996 ) ) ;
#8562 = COLOUR_RGB ( '',0.0000000000000000000, 0.0000000000000000000, 0.0000000000000000000 ) ;
#8563 = LINE ( 'NONE', #11333, #5487 ) ;
#8564 = ORIENTED_EDGE ( 'NONE', *, *, #7939, .F. ) ;
#8565 =( LENGTH_UNIT ( ) NAMED_UNIT ( * ) SI_UNIT ( .MILLI., .METRE. ) );
#8566 = CARTESIAN_POINT ( 'NONE',  ( -2.500000000000000000, -1.000000000000000000, 0.5999999999999999778 ) ) ;
#8567 = EDGE_CURVE ( 'NONE', #7686, #6306, #3524, .T. ) ;
#8568 = COLOUR_RGB ( '',0.0000000000000000000, 0.0000000000000000000, 0.0000000000000000000 ) ;
#8569 = PRESENTATION_STYLE_ASSIGNMENT (( #3975 ) ) ;
#8570 = SURFACE_STYLE_FILL_AREA ( #6940 ) ;
#8571 = PLANE ( 'NONE',  #2675 ) ;
#8572 = SURFACE_STYLE_FILL_AREA ( #6014 ) ;
#8573 = UNCERTAINTY_MEASURE_WITH_UNIT (LENGTH_MEASURE( 1.000000000000000082E-05 ), #9520, 'distance_accuracy_value', 'NONE');
#8574 = ORIENTED_EDGE ( 'NONE', *, *, #7025, .T. ) ;
#8575 = VERTEX_POINT ( 'NONE', #11599 ) ;
#8576 =( LENGTH_UNIT ( ) NAMED_UNIT ( * ) SI_UNIT ( .MILLI., .METRE. ) );
#8577 = COLOUR_RGB ( '',0.0000000000000000000, 0.0000000000000000000, 0.0000000000000000000 ) ;
#8578 = CARTESIAN_POINT ( 'NONE',  ( -1.944952550194483987, -1.010000000000000009, 0.3020348427321144502 ) ) ;
#8579 = VECTOR ( 'NONE', #9817, 1000.000000000000000 ) ;
#8580 =( LENGTH_UNIT ( ) NAMED_UNIT ( * ) SI_UNIT ( .MILLI., .METRE. ) );
#8581 = SURFACE_SIDE_STYLE ('',( #10515 ) ) ;
#8582 = CARTESIAN_POINT ( 'NONE',  ( -2.450000000000000622, 1.000000000000000000, 0.5500000000000007105 ) ) ;
#8583 = EDGE_CURVE ( 'NONE', #1971, #6808, #1122, .T. ) ;
#8584 = DIRECTION ( 'NONE',  ( 0.0000000000000000000, -1.000000000000000000, 0.0000000000000000000 ) ) ;
#8585 = FACE_OUTER_BOUND ( 'NONE', #115, .T. ) ;
#8586 = STYLED_ITEM ( 'NONE', ( #33 ), #9687 ) ;
#8587 = CARTESIAN_POINT ( 'NONE',  ( -1.642839906121935645, -1.010000000000000009, 0.2765569609041355070 ) ) ;
#8588 =( GEOMETRIC_REPRESENTATION_CONTEXT ( 3 ) GLOBAL_UNCERTAINTY_ASSIGNED_CONTEXT ( ( #7003 ) ) GLOBAL_UNIT_ASSIGNED_CONTEXT ( ( #3495, #7173, #5586 ) ) REPRESENTATION_CONTEXT ( 'NONE', 'WORKASPACE' ) );
#8589 = SURFACE_STYLE_USAGE ( .BOTH. , #10273 ) ;
#8590 = ORIENTED_EDGE ( 'NONE', *, *, #9982, .F. ) ;
#8591 = ORIENTED_EDGE ( 'NONE', *, *, #5827, .T. ) ;
#8592 = ORIENTED_EDGE ( 'NONE', *, *, #8813, .F. ) ;
#8593 = FACE_OUTER_BOUND ( 'NONE', #10562, .T. ) ;
#8594 = VERTEX_POINT ( 'NONE', #10896 ) ;
#8595 = CARTESIAN_POINT ( 'NONE',  ( -1.608879562688215970, -1.010000000000000009, 0.2259172992568243832 ) ) ;
#8596 = LINE ( 'NONE', #8651, #1214 ) ;
#8597 = ORIENTED_EDGE ( 'NONE', *, *, #3758, .F. ) ;
#8598 = CARTESIAN_POINT ( 'NONE',  ( -1.780510469155388575, -1.010000000000000009, 0.2625010852377568926 ) ) ;
#8599 = VECTOR ( 'NONE', #6725, 1000.000000000000000 ) ;
#8600 = ADVANCED_FACE ( 'NONE', ( #11724 ), #10715, .T. ) ;
#8601 = SURFACE_STYLE_FILL_AREA ( #1355 ) ;
#8602 = EDGE_CURVE ( 'NONE', #7610, #2252, #8004, .T. ) ;
#8603 = CARTESIAN_POINT ( 'NONE',  ( -2.222097874890202718, -1.000000000000000000, 0.4238716809816544528 ) ) ;
#8604 = PRESENTATION_STYLE_ASSIGNMENT (( #9494 ) ) ;
#8605 = ORIENTED_EDGE ( 'NONE', *, *, #9524, .T. ) ;
#8606 = COLOUR_RGB ( '',0.0000000000000000000, 0.0000000000000000000, 0.0000000000000000000 ) ;
#8607 = CARTESIAN_POINT ( 'NONE',  ( -2.200006596529216818, -1.000000000000000000, 0.2571828119320350159 ) ) ;
#8608 = ORIENTED_EDGE ( 'NONE', *, *, #10547, .F. ) ;
#8609 = CARTESIAN_POINT ( 'NONE',  ( -2.330546074290889447, -1.000000000000000000, 0.3154235071181409888 ) ) ;
#8610 = CARTESIAN_POINT ( 'NONE',  ( -1.709268359613615340, -1.010000000000000009, 0.3589186159215232985 ) ) ;
#8611 = CARTESIAN_POINT ( 'NONE',  ( -2.173229267757805339, -1.010000000000000009, 0.4111524523690952559 ) ) ;
#8612 = CARTESIAN_POINT ( 'NONE',  ( -1.928216719712432914, -1.010000000000000009, 0.2391081354408662596 ) ) ;
#8613 = VECTOR ( 'NONE', #11062, 1000.000000000000000 ) ;
#8614 = COLOUR_RGB ( '',0.0000000000000000000, 0.0000000000000000000, 0.0000000000000000000 ) ;
#8615 = FACE_OUTER_BOUND ( 'NONE', #5685, .T. ) ;
#8616 = CARTESIAN_POINT ( 'NONE',  ( -2.288371761046226194, -1.010000000000000009, 0.3167624042006468299 ) ) ;
#8617 = PRESENTATION_STYLE_ASSIGNMENT (( #7710 ) ) ;
#8618 = CARTESIAN_POINT ( 'NONE',  ( -1.682167476051521282, -1.000000000000000000, 0.2594684819264291287 ) ) ;
#8619 =( LENGTH_UNIT ( ) NAMED_UNIT ( * ) SI_UNIT ( .MILLI., .METRE. ) );
#8620 = MECHANICAL_DESIGN_GEOMETRIC_PRESENTATION_REPRESENTATION (  '', ( #9961 ), #10552 ) ;
#8621 = EDGE_CURVE ( 'NONE', #10954, #10592, #9022, .T. ) ;
#8622 = SURFACE_STYLE_FILL_AREA ( #87 ) ;
#8623 = VECTOR ( 'NONE', #11551, 1000.000000000000000 ) ;
#8624 = ORIENTED_EDGE ( 'NONE', *, *, #3547, .F. ) ;
#8625 = CARTESIAN_POINT ( 'NONE',  ( -1.671336749938581168, -1.000000000000000000, 0.4010862429206517588 ) ) ;
#8626 = CARTESIAN_POINT ( 'NONE',  ( -2.118335738668366997, -1.000000000000000000, 0.2317443802431300992 ) ) ;
#8627 = PRESENTATION_STYLE_ASSIGNMENT (( #1267 ) ) ;
#8628 = CARTESIAN_POINT ( 'NONE',  ( -1.491233808823225981, -1.000000000000000000, 0.4407989053344494867 ) ) ;
#8629 = PRESENTATION_LAYER_ASSIGNMENT (  '', '', ( #11505 ) ) ;
#8630 = CARTESIAN_POINT ( 'NONE',  ( -2.299082695108411567, -1.000000000000000000, 0.3917388851789893045 ) ) ;
#8631 = CARTESIAN_POINT ( 'NONE',  ( -1.752446854383083563, -1.010000000000000009, 0.2282759907212610351 ) ) ;
#8632 = STYLED_ITEM ( 'NONE', ( #502 ), #6522 ) ;
#8633 = ORIENTED_EDGE ( 'NONE', *, *, #11829, .T. ) ;
#8634 = ORIENTED_EDGE ( 'NONE', *, *, #6713, .F. ) ;
#8635 = SURFACE_STYLE_USAGE ( .BOTH. , #9471 ) ;
#8636 = EDGE_CURVE ( 'NONE', #5858, #2294, #2792, .T. ) ;
#8637 = MECHANICAL_DESIGN_GEOMETRIC_PRESENTATION_REPRESENTATION (  '', ( #11514 ), #10758 ) ;
#8638 = CARTESIAN_POINT ( 'NONE',  ( -1.724527649292435960, -1.010000000000000009, 0.4434464161615654931 ) ) ;
#8639 = CARTESIAN_POINT ( 'NONE',  ( -1.814181993226108291, -1.010000000000000009, 0.4528330454595122512 ) ) ;
#8640 = DIRECTION ( 'NONE',  ( -0.3559357243698757500, -0.0000000000000000000, -0.9345104387417466629 ) ) ;
#8641 =( LENGTH_UNIT ( ) NAMED_UNIT ( * ) SI_UNIT ( .MILLI., .METRE. ) );
#8642 = LINE ( 'NONE', #3026, #4139 ) ;
#8643 = STYLED_ITEM ( 'NONE', ( #6180 ), #1862 ) ;
#8644 = CARTESIAN_POINT ( 'NONE',  ( -1.702336694901322556, -1.000000000000000000, 0.3742260421614295729 ) ) ;
#8645 = ORIENTED_EDGE ( 'NONE', *, *, #6198, .F. ) ;
#8646 = ORIENTED_EDGE ( 'NONE', *, *, #6797, .T. ) ;
#8647 = ORIENTED_EDGE ( 'NONE', *, *, #4222, .F. ) ;
#8648 = FACE_OUTER_BOUND ( 'NONE', #10414, .T. ) ;
#8649 = ADVANCED_FACE ( 'NONE', ( #1041 ), #6418, .F. ) ;
#8650 = EDGE_LOOP ( 'NONE', ( #398, #9430, #1331, #4163 ) ) ;
#8651 = CARTESIAN_POINT ( 'NONE',  ( -1.668135668665369442, -1.010000000000000009, 0.2780973308403431599 ) ) ;
#8652 = ORIENTED_EDGE ( 'NONE', *, *, #9142, .F. ) ;
#8653 = FACE_BOUND ( 'NONE', #7750, .T. ) ;
#8654 = B_SPLINE_SURFACE_WITH_KNOTS ( 'NONE', 3, 1, ( 
 ( #4588, #1162 ),
 ( #343, #3130 ),
 ( #9416, #3076 ),
 ( #8517, #3984 ) ),
 .UNSPECIFIED., .F., .F., .F.,
 ( 4, 4 ),
 ( 2, 2 ),
 ( 6.000000000000000000, 7.000000000000000000 ),
 ( 0.0000000000000000000, 1.000000000000000000 ),
 .UNSPECIFIED. ) ;
#8655 = PRESENTATION_LAYER_ASSIGNMENT (  '', '', ( #5562 ) ) ;
#8656 = CARTESIAN_POINT ( 'NONE',  ( -1.777838890047726883, -1.010000000000000009, 0.2926345721118238097 ) ) ;
#8657 = ORIENTED_EDGE ( 'NONE', *, *, #10983, .T. ) ;
#8658 = PLANE ( 'NONE',  #1126 ) ;
#8659 = ORIENTED_EDGE ( 'NONE', *, *, #8124, .T. ) ;
#8660 =( NAMED_UNIT ( * ) SI_UNIT ( $, .STERADIAN. ) SOLID_ANGLE_UNIT ( ) );
#8661 = ADVANCED_FACE ( 'NONE', ( #108 ), #647, .F. ) ;
#8662 = ORIENTED_EDGE ( 'NONE', *, *, #8971, .T. ) ;
#8663 = VECTOR ( 'NONE', #11548, 1000.000000000000114 ) ;
#8664 = EDGE_CURVE ( 'NONE', #7699, #4252, #2914, .T. ) ;
#8665 = DIRECTION ( 'NONE',  ( -0.0000000000000000000, 1.000000000000000000, -0.0000000000000000000 ) ) ;
#8666 = DIRECTION ( 'NONE',  ( -0.0000000000000000000, -0.0000000000000000000, 1.000000000000000000 ) ) ;
#8667 = FILL_AREA_STYLE ('',( #1367 ) ) ;
#8668 = FILL_AREA_STYLE ('',( #2214 ) ) ;
#8669 = CARTESIAN_POINT ( 'NONE',  ( -1.662407417965836354, -1.000000000000000000, 0.2780973308403431599 ) ) ;
#8670 = CARTESIAN_POINT ( 'NONE',  ( -1.589167641162975375, -1.000000000000000000, 0.3586779331192915810 ) ) ;
#8671 = LINE ( 'NONE', #379, #2011 ) ;
#8672 = VECTOR ( 'NONE', #9663, 1000.000000000000000 ) ;
#8673 = CARTESIAN_POINT ( 'NONE',  ( -2.288371761046226194, -1.000000000000000000, 0.3167624042006468299 ) ) ;
#8674 = CARTESIAN_POINT ( 'NONE',  ( -1.401844215972966268, -1.010000000000000009, 0.2093101858842237595 ) ) ;
#8675 = UNCERTAINTY_MEASURE_WITH_UNIT (LENGTH_MEASURE( 1.000000000000000082E-05 ), #8074, 'distance_accuracy_value', 'NONE');
#8676 = CARTESIAN_POINT ( 'NONE',  ( -1.727223296680637565, -1.010000000000000009, 0.2228846959454959809 ) ) ;
#8677 = ORIENTED_EDGE ( 'NONE', *, *, #6875, .F. ) ;
#8678 = LINE ( 'NONE', #5035, #2219 ) ;
#8679 = PRESENTATION_LAYER_ASSIGNMENT (  '', '', ( #6370 ) ) ;
#8680 =( LENGTH_UNIT ( ) NAMED_UNIT ( * ) SI_UNIT ( .MILLI., .METRE. ) );
#8681 = UNCERTAINTY_MEASURE_WITH_UNIT (LENGTH_MEASURE( 1.000000000000000082E-05 ), #2611, 'distance_accuracy_value', 'NONE');
#8682 = SURFACE_STYLE_FILL_AREA ( #8450 ) ;
#8683 = LINE ( 'NONE', #5654, #3040 ) ;
#8684 = CARTESIAN_POINT ( 'NONE',  ( -1.671336749938581390, -1.010000000000000009, 0.4420023193468916589 ) ) ;
#8685 = DIRECTION ( 'NONE',  ( -0.3559357243643063162, -0.0000000000000000000, -0.9345104387438678550 ) ) ;
#8686 = LINE ( 'NONE', #158, #3549 ) ;
#8687 = PRESENTATION_STYLE_ASSIGNMENT (( #7724 ) ) ;
#8688 = FILL_AREA_STYLE_COLOUR ( '', #7109 ) ;
#8689 = ADVANCED_FACE ( 'NONE', ( #7441 ), #3659, .F. ) ;
#8690 = VECTOR ( 'NONE', #6326, 1000.000000000000000 ) ;
#8691 = UNCERTAINTY_MEASURE_WITH_UNIT (LENGTH_MEASURE( 1.000000000000000082E-05 ), #6573, 'distance_accuracy_value', 'NONE');
#8692 =( GEOMETRIC_REPRESENTATION_CONTEXT ( 3 ) GLOBAL_UNCERTAINTY_ASSIGNED_CONTEXT ( ( #8675 ) ) GLOBAL_UNIT_ASSIGNED_CONTEXT ( ( #8074, #6054, #1490 ) ) REPRESENTATION_CONTEXT ( 'NONE', 'WORKASPACE' ) );
#8693 = ORIENTED_EDGE ( 'NONE', *, *, #4718, .T. ) ;
#8694 = VERTEX_POINT ( 'NONE', #11462 ) ;
#8695 = ORIENTED_EDGE ( 'NONE', *, *, #3877, .T. ) ;
#8696 = LINE ( 'NONE', #9710, #11346 ) ;
#8697 = FACE_OUTER_BOUND ( 'NONE', #7948, .T. ) ;
#8698 = FACE_OUTER_BOUND ( 'NONE', #8073, .T. ) ;
#8699 = PRESENTATION_STYLE_ASSIGNMENT (( #6832 ) ) ;
#8700 = FILL_AREA_STYLE ('',( #7619 ) ) ;
#8701 = CARTESIAN_POINT ( 'NONE',  ( -1.709075813371508490, -1.000000000000000000, 0.4416172268626791797 ) ) ;
#8702 = CARTESIAN_POINT ( 'NONE',  ( -1.702336694901322556, -1.000000000000000000, 0.3625769945199377453 ) ) ;
#8703 = PRESENTATION_LAYER_ASSIGNMENT (  '', '', ( #387 ) ) ;
#8704 = FILL_AREA_STYLE ('',( #7803 ) ) ;
#8705 = CARTESIAN_POINT ( 'NONE',  ( -2.450000000000000622, -1.000000000000000000, 0.04999999999999926725 ) ) ;
#8706 = EDGE_CURVE ( 'NONE', #6050, #11573, #10919, .T. ) ;
#8707 = CARTESIAN_POINT ( 'NONE',  ( -1.608807357847545916, -1.010000000000000009, 0.1991533716184925029 ) ) ;
#8708 = DIRECTION ( 'NONE',  ( 1.000000000000000000, -0.0000000000000000000, -0.0000000000000000000 ) ) ;
#8709 = ORIENTED_EDGE ( 'NONE', *, *, #2054, .T. ) ;
#8710 = ORIENTED_EDGE ( 'NONE', *, *, #1417, .T. ) ;
#8711 = ADVANCED_FACE ( 'NONE', ( #6650 ), #3932, .T. ) ;
#8712 = VERTEX_POINT ( 'NONE', #9534 ) ;
#8713 = VECTOR ( 'NONE', #5052, 1000.000000000000000 ) ;
#8714 = ORIENTED_EDGE ( 'NONE', *, *, #11707, .F. ) ;
#8715 = PLANE ( 'NONE',  #3879 ) ;
#8716 = EDGE_LOOP ( 'NONE', ( #5608, #9190, #5620, #998 ) ) ;
#8717 = DIRECTION ( 'NONE',  ( -0.0000000000000000000, 1.000000000000000000, -0.0000000000000000000 ) ) ;
#8718 = CARTESIAN_POINT ( 'NONE',  ( -1.621635751221256250, -1.000000000000000000, 0.1972279091980717602 ) ) ;
#8719 = ADVANCED_FACE ( 'NONE', ( #4950 ), #3136, .F. ) ;
#8720 = MECHANICAL_DESIGN_GEOMETRIC_PRESENTATION_REPRESENTATION (  '', ( #1207 ), #7756 ) ;
#8721 = DIRECTION ( 'NONE',  ( -0.0000000000000000000, 1.000000000000000000, -0.0000000000000000000 ) ) ;
#8722 = VERTEX_POINT ( 'NONE', #9844 ) ;
#8723 = EDGE_CURVE ( 'NONE', #5047, #1670, #2362, .T. ) ;
#8724 = CARTESIAN_POINT ( 'NONE',  ( -1.679592170064752921, -1.000000000000000000, 0.2532107290613451744 ) ) ;
#8725 = ORIENTED_EDGE ( 'NONE', *, *, #8548, .T. ) ;
#8726 = VERTEX_POINT ( 'NONE', #10755 ) ;
#8727 = LINE ( 'NONE', #11485, #478 ) ;
#8728 =( GEOMETRIC_REPRESENTATION_CONTEXT ( 3 ) GLOBAL_UNCERTAINTY_ASSIGNED_CONTEXT ( ( #10618 ) ) GLOBAL_UNIT_ASSIGNED_CONTEXT ( ( #7641, #4910, #6605 ) ) REPRESENTATION_CONTEXT ( 'NONE', 'WORKASPACE' ) );
#8729 = SURFACE_STYLE_USAGE ( .BOTH. , #5148 ) ;
#8730 = PRESENTATION_STYLE_ASSIGNMENT (( #1368 ) ) ;
#8731 =( NAMED_UNIT ( * ) PLANE_ANGLE_UNIT ( ) SI_UNIT ( $, .RADIAN. ) );
#8732 = EDGE_CURVE ( 'NONE', #2586, #3323, #6953, .T. ) ;
#8733 = PRESENTATION_LAYER_ASSIGNMENT (  '', '', ( #1607 ) ) ;
#8734 = CARTESIAN_POINT ( 'NONE',  ( -2.096244447539275857, -1.010000000000000009, 0.4379297811405066243 ) ) ;
#8735 = AXIS2_PLACEMENT_3D ( 'NONE', #1095, #1216, #1945 ) ;
#8736 = CARTESIAN_POINT ( 'NONE',  ( -1.678581302294096300, -1.000000000000000000, 0.2660150541541911329 ) ) ;
#8737 = AXIS2_PLACEMENT_3D ( 'NONE', #8067, #4292, #9914 ) ;
#8738 = B_SPLINE_CURVE_WITH_KNOTS ( 'NONE', 3,
 ( #9092, #686, #8974, #6485 ),
 .UNSPECIFIED., .F., .F.,
 ( 4, 4 ),
 ( 3.000000000000000000, 4.000000000000000000 ),
 .UNSPECIFIED. ) ;
#8739 = FILL_AREA_STYLE_COLOUR ( '', #9918 ) ;
#8740 = LINE ( 'NONE', #9632, #2838 ) ;
#8741 =( GEOMETRIC_REPRESENTATION_CONTEXT ( 3 ) GLOBAL_UNCERTAINTY_ASSIGNED_CONTEXT ( ( #5784 ) ) GLOBAL_UNIT_ASSIGNED_CONTEXT ( ( #11838, #790, #3401 ) ) REPRESENTATION_CONTEXT ( 'NONE', 'WORKASPACE' ) );
#8742 = VECTOR ( 'NONE', #6568, 1000.000000000000000 ) ;
#8743 =( NAMED_UNIT ( * ) PLANE_ANGLE_UNIT ( ) SI_UNIT ( $, .RADIAN. ) );
#8744 = EDGE_CURVE ( 'NONE', #2583, #6539, #7906, .T. ) ;
#8745 = CARTESIAN_POINT ( 'NONE',  ( -1.471329341056199835, -1.010000000000000009, 0.2200446388759535743 ) ) ;
#8746 = ADVANCED_FACE ( 'NONE', ( #10879 ), #11768, .F. ) ;
#8747 = CARTESIAN_POINT ( 'NONE',  ( -2.048045250642851034, -1.000000000000000000, 0.2297360601562266069 ) ) ;
#8748 = CARTESIAN_POINT ( 'NONE',  ( -1.676150405988668268, -1.010000000000000009, 0.2077216793875679424 ) ) ;
#8749 =( GEOMETRIC_REPRESENTATION_CONTEXT ( 3 ) GLOBAL_UNCERTAINTY_ASSIGNED_CONTEXT ( ( #8228 ) ) GLOBAL_UNIT_ASSIGNED_CONTEXT ( ( #2848, #4711, #9366 ) ) REPRESENTATION_CONTEXT ( 'NONE', 'WORKASPACE' ) );
#8750 = VERTEX_POINT ( 'NONE', #3511 ) ;
#8751 = B_SPLINE_CURVE_WITH_KNOTS ( 'NONE', 3,
 ( #4519, #2540, #8226, #9903 ),
 .UNSPECIFIED., .F., .F.,
 ( 4, 4 ),
 ( 9.000000000000000000, 10.00000000000000000 ),
 .UNSPECIFIED. ) ;
#8752 = EDGE_LOOP ( 'NONE', ( #11759, #4514, #11813, #1066 ) ) ;
#8753 =( NAMED_UNIT ( * ) PLANE_ANGLE_UNIT ( ) SI_UNIT ( $, .RADIAN. ) );
#8754 = LINE ( 'NONE', #4570, #7954 ) ;
#8755 = MECHANICAL_DESIGN_GEOMETRIC_PRESENTATION_REPRESENTATION (  '', ( #2398 ), #11438 ) ;
#8756 = SURFACE_STYLE_USAGE ( .BOTH. , #470 ) ;
#8757 = VECTOR ( 'NONE', #6488, 1000.000000000000000 ) ;
#8758 = PLANE ( 'NONE',  #7596 ) ;
#8759 = STYLED_ITEM ( 'NONE', ( #7676 ), #119 ) ;
#8760 = VECTOR ( 'NONE', #5040, 1000.000000000000000 ) ;
#8761 = FILL_AREA_STYLE_COLOUR ( '', #3233 ) ;
#8762 = DIRECTION ( 'NONE',  ( -0.7071067811865474617, -0.7071067811865474617, 0.0000000000000000000 ) ) ;
#8763 = CARTESIAN_POINT ( 'NONE',  ( -1.814181993226108291, -1.000000000000000000, 0.2517184956855826328 ) ) ;
#8764 = DIRECTION ( 'NONE',  ( 0.0000000000000000000, 0.0000000000000000000, 1.000000000000000000 ) ) ;
#8765 = COLOUR_RGB ( '',0.0000000000000000000, 0.0000000000000000000, 0.0000000000000000000 ) ;
#8766 = EDGE_LOOP ( 'NONE', ( #5201, #4450, #1387, #1814 ) ) ;
#8767 = VERTEX_POINT ( 'NONE', #6096 ) ;
#8768 = VERTEX_POINT ( 'NONE', #594 ) ;
#8769 = CARTESIAN_POINT ( 'NONE',  ( -1.814181993226108291, -1.010000000000000009, 0.2517184956855826328 ) ) ;
#8770 = VECTOR ( 'NONE', #898, 1000.000000000000000 ) ;
#8771 = COLOUR_RGB ( '',0.0000000000000000000, 0.0000000000000000000, 0.0000000000000000000 ) ;
#8772 = ORIENTED_EDGE ( 'NONE', *, *, #1451, .F. ) ;
#8773 =( NAMED_UNIT ( * ) PLANE_ANGLE_UNIT ( ) SI_UNIT ( $, .RADIAN. ) );
#8774 = EDGE_CURVE ( 'NONE', #1196, #8824, #829, .T. ) ;
#8775 = VERTEX_POINT ( 'NONE', #4280 ) ;
#8776 = CARTESIAN_POINT ( 'NONE',  ( -1.621635751221256250, -1.010000000000000009, 0.1972279091980717602 ) ) ;
#8777 = VECTOR ( 'NONE', #8858, 1000.000000000000114 ) ;
#8778 = COLOUR_RGB ( '',0.0000000000000000000, 0.0000000000000000000, 0.0000000000000000000 ) ;
#8779 = CARTESIAN_POINT ( 'NONE',  ( -1.689195413884707841, -1.000000000000000000, 0.2090695030813516098 ) ) ;
#8780 = VERTEX_POINT ( 'NONE', #4460 ) ;
#8781 =( NAMED_UNIT ( * ) SI_UNIT ( $, .STERADIAN. ) SOLID_ANGLE_UNIT ( ) );
#8782 = VERTEX_POINT ( 'NONE', #2596 ) ;
#8783 = CARTESIAN_POINT ( 'NONE',  ( -1.433277389980368577, -1.010000000000000009, 0.2455088793809469261 ) ) ;
#8784 = VERTEX_POINT ( 'NONE', #9962 ) ;
#8785 = MECHANICAL_DESIGN_GEOMETRIC_PRESENTATION_REPRESENTATION (  '', ( #8988 ), #9548 ) ;
#8786 = PRESENTATION_STYLE_ASSIGNMENT (( #8841 ) ) ;
#8787 = PRESENTATION_STYLE_ASSIGNMENT (( #1549 ) ) ;
#8788 = EDGE_CURVE ( 'NONE', #7992, #5174, #8165, .T. ) ;
#8789 = CARTESIAN_POINT ( 'NONE',  ( -1.760076499222489987, -1.000000000000000000, 0.4046964849586197066 ) ) ;
#8790 = CARTESIAN_POINT ( 'NONE',  ( -1.552607923462264727, -1.010000000000000009, 0.3718673506963500741 ) ) ;
#8791 = PLANE ( 'NONE',  #4555 ) ;
#8792 = SURFACE_STYLE_USAGE ( .BOTH. , #7893 ) ;
#8793 = CARTESIAN_POINT ( 'NONE',  ( -1.715646453880138367, -1.000000000000000000, 0.4544215519561667915 ) ) ;
#8794 =( GEOMETRIC_REPRESENTATION_CONTEXT ( 3 ) GLOBAL_UNCERTAINTY_ASSIGNED_CONTEXT ( ( #7959 ) ) GLOBAL_UNIT_ASSIGNED_CONTEXT ( ( #5198, #8064, #10712 ) ) REPRESENTATION_CONTEXT ( 'NONE', 'WORKASPACE' ) );
#8795 = UNCERTAINTY_MEASURE_WITH_UNIT (LENGTH_MEASURE( 1.000000000000000082E-05 ), #2886, 'distance_accuracy_value', 'NONE');
#8796 = CARTESIAN_POINT ( 'NONE',  ( -1.401844215972966268, -1.010000000000000009, 0.2093101858842237595 ) ) ;
#8797 = EDGE_LOOP ( 'NONE', ( #1532, #1579, #1721, #2132 ) ) ;
#8798 = EDGE_CURVE ( 'NONE', #10100, #1082, #4998, .T. ) ;
#8799 = UNCERTAINTY_MEASURE_WITH_UNIT (LENGTH_MEASURE( 1.000000000000000082E-05 ), #167, 'distance_accuracy_value', 'NONE');
#8800 =( LENGTH_UNIT ( ) NAMED_UNIT ( * ) SI_UNIT ( .MILLI., .METRE. ) );
#8801 = CARTESIAN_POINT ( 'NONE',  ( -1.694394162418690009, -1.000000000000000000, 0.2238474271550627837 ) ) ;
#8802 = FILL_AREA_STYLE_COLOUR ( '', #3755 ) ;
#8803 = DIRECTION ( 'NONE',  ( -0.0000000000000000000, 1.000000000000000000, -0.0000000000000000000 ) ) ;
#8804 =( LENGTH_UNIT ( ) NAMED_UNIT ( * ) SI_UNIT ( .MILLI., .METRE. ) );
#8805 = CARTESIAN_POINT ( 'NONE',  ( -1.373034484512460462, -1.000000000000000000, 0.2914311580987393735 ) ) ;
#8806 =( LENGTH_UNIT ( ) NAMED_UNIT ( * ) SI_UNIT ( .MILLI., .METRE. ) );
#8807 = UNCERTAINTY_MEASURE_WITH_UNIT (LENGTH_MEASURE( 1.000000000000000082E-05 ), #9259, 'distance_accuracy_value', 'NONE');
#8808 = COLOUR_RGB ( '',0.0000000000000000000, 0.0000000000000000000, 0.0000000000000000000 ) ;
#8809 = ORIENTED_EDGE ( 'NONE', *, *, #7303, .F. ) ;
#8810 = EDGE_LOOP ( 'NONE', ( #3766, #10012, #9017, #8967, #7138, #7331, #120 ) ) ;
#8811 = ORIENTED_EDGE ( 'NONE', *, *, #11526, .T. ) ;
#8812 = ADVANCED_FACE ( 'NONE', ( #8942 ), #9708, .F. ) ;
#8813 = EDGE_CURVE ( 'NONE', #7686, #5841, #10338, .T. ) ;
#8814 = CARTESIAN_POINT ( 'NONE',  ( -1.702336694901322334, -1.010000000000000009, 0.4505706271159670706 ) ) ;
#8815 = COLOUR_RGB ( '',0.0000000000000000000, 0.0000000000000000000, 0.0000000000000000000 ) ;
#8816 = LINE ( 'NONE', #9716, #1497 ) ;
#8817 = FILL_AREA_STYLE_COLOUR ( '', #3933 ) ;
#8818 = CARTESIAN_POINT ( 'NONE',  ( -1.491691106148106849, -1.000000000000000000, 0.4379588482649064973 ) ) ;
#8819 = DIRECTION ( 'NONE',  ( 0.0000000000000000000, 0.0000000000000000000, 1.000000000000000000 ) ) ;
#8820 = COLOUR_RGB ( '',0.0000000000000000000, 0.0000000000000000000, 0.0000000000000000000 ) ;
#8821 = DIRECTION ( 'NONE',  ( 0.0000000000000000000, 0.0000000000000000000, 1.000000000000000000 ) ) ;
#8822 = ORIENTED_EDGE ( 'NONE', *, *, #10589, .T. ) ;
#8823 = ORIENTED_EDGE ( 'NONE', *, *, #7385, .T. ) ;
#8824 = VERTEX_POINT ( 'NONE', #5426 ) ;
#8825 =( LENGTH_UNIT ( ) NAMED_UNIT ( * ) SI_UNIT ( .MILLI., .METRE. ) );
#8826 = VECTOR ( 'NONE', #6798, 1000.000000000000000 ) ;
#8827 = CARTESIAN_POINT ( 'NONE',  ( -2.118335738668366997, -1.010000000000000009, 0.2357609693445200105 ) ) ;
#8828 = ORIENTED_EDGE ( 'NONE', *, *, #6365, .F. ) ;
#8829 = LINE ( 'NONE', #5197, #4041 ) ;
#8831 =( NAMED_UNIT ( * ) PLANE_ANGLE_UNIT ( ) SI_UNIT ( $, .RADIAN. ) );
#8830 = AXIS2_PLACEMENT_3D ( 'NONE', #1007, #6445, #10183 ) ;
#8832 = STYLED_ITEM ( 'NONE', ( #8005 ), #1874 ) ;
#8833 = CARTESIAN_POINT ( 'NONE',  ( -2.135071556382313496, -1.010000000000000009, 0.2765964110432108103 ) ) ;
#8834 = COLOUR_RGB ( '',0.7529411764705882248, 0.7529411764705882248, 0.7529411764705882248 ) ;
#8835 = ADVANCED_FACE ( 'NONE', ( #8337 ), #11743, .F. ) ;
#8836 = B_SPLINE_CURVE_WITH_KNOTS ( 'NONE', 3,
 ( #7517, #1913, #4656, #8424 ),
 .UNSPECIFIED., .F., .F.,
 ( 4, 4 ),
 ( 9.000000000000000000, 10.00000000000000000 ),
 .UNSPECIFIED. ) ;
#8837 = SURFACE_SIDE_STYLE ('',( #7946 ) ) ;
#8838 = ORIENTED_EDGE ( 'NONE', *, *, #3900, .F. ) ;
#8839 = AXIS2_PLACEMENT_3D ( 'NONE', #10184, #9167, #6446 ) ;
#8840 = ORIENTED_EDGE ( 'NONE', *, *, #4189, .F. ) ;
#8841 = SURFACE_STYLE_USAGE ( .BOTH. , #7949 ) ;
#8842 =( NAMED_UNIT ( * ) PLANE_ANGLE_UNIT ( ) SI_UNIT ( $, .RADIAN. ) );
#8843 = DIRECTION ( 'NONE',  ( -0.7071067811865474617, 0.0000000000000000000, 0.7071067811865474617 ) ) ;
#8844 = SURFACE_STYLE_FILL_AREA ( #5149 ) ;
#8845 = CARTESIAN_POINT ( 'NONE',  ( 2.450000000000001066, -1.000000000000000000, 0.5500000000000007105 ) ) ;
#8846 = CARTESIAN_POINT ( 'NONE',  ( -1.749029158587541710, -1.010000000000000009, 0.2204297313595212360 ) ) ;
#8847 = B_SPLINE_CURVE_WITH_KNOTS ( 'NONE', 3,
 ( #4946, #4045, #9364, #7735 ),
 .UNSPECIFIED., .F., .F.,
 ( 4, 4 ),
 ( 2.000000000000000000, 3.000000000000000000 ),
 .UNSPECIFIED. ) ;
#8848 =( LENGTH_UNIT ( ) NAMED_UNIT ( * ) SI_UNIT ( .MILLI., .METRE. ) );
#8849 = PRESENTATION_LAYER_ASSIGNMENT (  '', '', ( #9394 ) ) ;
#8850 = CARTESIAN_POINT ( 'NONE',  ( -1.640409009816507391, -1.010000000000000009, 0.1785990602841615038 ) ) ;
#8851 = B_SPLINE_SURFACE_WITH_KNOTS ( 'NONE', 3, 1, ( 
 ( #2950, #1266 ),
 ( #4931, #5892 ),
 ( #11386, #7538 ),
 ( #6815, #9574 ) ),
 .UNSPECIFIED., .F., .F., .F.,
 ( 4, 4 ),
 ( 2, 2 ),
 ( 18.00000000000000000, 19.00000000000000000 ),
 ( 0.0000000000000000000, 1.000000000000000000 ),
 .UNSPECIFIED. ) ;
#8853 = EDGE_CURVE ( 'NONE', #7094, #2294, #1089, .T. ) ;
#8852 = FILL_AREA_STYLE ('',( #4372 ) ) ;
#8854 = VECTOR ( 'NONE', #4198, 1000.000000000000000 ) ;
#8855 = PRESENTATION_STYLE_ASSIGNMENT (( #7286 ) ) ;
#8856 = EDGE_LOOP ( 'NONE', ( #930, #10070, #11049, #8294 ) ) ;
#8857 = EDGE_CURVE ( 'NONE', #609, #1668, #6462, .T. ) ;
#8858 = DIRECTION ( 'NONE',  ( 0.7071067811865474617, 1.645406930227285528E-16, -0.7071067811865474617 ) ) ;
#8859 = CARTESIAN_POINT ( 'NONE',  ( -1.751195303810192172, -1.010000000000000009, 0.2657743713519612472 ) ) ;
#8860 = CARTESIAN_POINT ( 'NONE',  ( -2.048045250642851034, -1.000000000000000000, 0.2190251388621479445 ) ) ;
#8861 = DIRECTION ( 'NONE',  ( -0.0000000000000000000, 1.000000000000000000, -0.0000000000000000000 ) ) ;
#8862 = LINE ( 'NONE', #2579, #981 ) ;
#8863 = SURFACE_SIDE_STYLE ('',( #9767 ) ) ;
#8864 = DIRECTION ( 'NONE',  ( 0.9409537876760576403, 0.0000000000000000000, -0.3385350343141469431 ) ) ;
#8865 = CARTESIAN_POINT ( 'NONE',  ( -1.554629659003578190, -1.010000000000000009, 0.4272243952731785699 ) ) ;
#8866 = SURFACE_STYLE_FILL_AREA ( #1512 ) ;
#8868 = EDGE_CURVE ( 'NONE', #6412, #4274, #967, .T. ) ;
#8867 = CARTESIAN_POINT ( 'NONE',  ( -1.640409009816507391, -1.000000000000000000, 0.1890928304736576859 ) ) ;
#8869 = B_SPLINE_CURVE_WITH_KNOTS ( 'NONE', 3,
 ( #4394, #591, #9072, #5423 ),
 .UNSPECIFIED., .F., .F.,
 ( 4, 4 ),
 ( 12.00000000000000000, 13.00000000000000000 ),
 .UNSPECIFIED. ) ;
#8870 = VECTOR ( 'NONE', #4829, 1000.000000000000000 ) ;
#8871 = ORIENTED_EDGE ( 'NONE', *, *, #11314, .T. ) ;
#8872 = ORIENTED_EDGE ( 'NONE', *, *, #2582, .T. ) ;
#8873 = B_SPLINE_CURVE_WITH_KNOTS ( 'NONE', 3,
 ( #4451, #8109, #2767, #2710 ),
 .UNSPECIFIED., .F., .F.,
 ( 4, 4 ),
 ( 11.00000000000000000, 12.00000000000000000 ),
 .UNSPECIFIED. ) ;
#8874 = ORIENTED_EDGE ( 'NONE', *, *, #149, .F. ) ;
#8875 = CARTESIAN_POINT ( 'NONE',  ( -2.214734132461216642, -1.010000000000000009, 0.1648010583142833774 ) ) ;
#8876 = CARTESIAN_POINT ( 'NONE',  ( -1.726645657954641866, -1.000000000000000000, 0.3679201527352576329 ) ) ;
#8877 = SURFACE_STYLE_FILL_AREA ( #4338 ) ;
#8878 = PRESENTATION_STYLE_ASSIGNMENT (( #2480 ) ) ;
#8879 = CARTESIAN_POINT ( 'NONE',  ( -2.171890396211832552, -1.010000000000000009, 0.2571828119320350159 ) ) ;
#8880 = CARTESIAN_POINT ( 'NONE',  ( -1.371566319417562019, -1.000000000000000000, 0.2848364493105310369 ) ) ;
#8881 =( NAMED_UNIT ( * ) SI_UNIT ( $, .STERADIAN. ) SOLID_ANGLE_UNIT ( ) );
#8882 = CARTESIAN_POINT ( 'NONE',  ( -1.444156252652793793, -1.010000000000000009, 0.2136906128893352463 ) ) ;
#8883 = DIRECTION ( 'NONE',  ( -0.0000000000000000000, -0.0000000000000000000, -1.000000000000000000 ) ) ;
#8884 = VECTOR ( 'NONE', #91, 1000.000000000000000 ) ;
#8885 = CARTESIAN_POINT ( 'NONE',  ( -1.903447685491074237, -1.010000000000000009, 0.3027042912733673985 ) ) ;
#8886 = SURFACE_STYLE_USAGE ( .BOTH. , #7925 ) ;
#8888 = EDGE_CURVE ( 'NONE', #1774, #6716, #3429, .T. ) ;
#8887 = FACE_OUTER_BOUND ( 'NONE', #1168, .T. ) ;
#8889 = MECHANICAL_DESIGN_GEOMETRIC_PRESENTATION_REPRESENTATION (  '', ( #2137 ), #1372 ) ;
#8890 = SURFACE_SIDE_STYLE ('',( #5188 ) ) ;
#8891 = ORIENTED_EDGE ( 'NONE', *, *, #11933, .F. ) ;
#8892 =( LENGTH_UNIT ( ) NAMED_UNIT ( * ) SI_UNIT ( .MILLI., .METRE. ) );
#8893 = CARTESIAN_POINT ( 'NONE',  ( -1.682167476051521282, -1.000000000000000000, 0.2594684819264291287 ) ) ;
#8894 = DIRECTION ( 'NONE',  ( -0.0000000000000000000, 1.000000000000000000, -0.0000000000000000000 ) ) ;
#8895 = ORIENTED_EDGE ( 'NONE', *, *, #4542, .T. ) ;
#8896 = LINE ( 'NONE', #5075, #10211 ) ;
#8897 = SURFACE_STYLE_USAGE ( .BOTH. , #10649 ) ;
#8898 =( NAMED_UNIT ( * ) PLANE_ANGLE_UNIT ( ) SI_UNIT ( $, .RADIAN. ) );
#8899 =( NAMED_UNIT ( * ) SI_UNIT ( $, .STERADIAN. ) SOLID_ANGLE_UNIT ( ) );
#8900 = ORIENTED_EDGE ( 'NONE', *, *, #9939, .F. ) ;
#8901 = FACE_OUTER_BOUND ( 'NONE', #9410, .T. ) ;
#8902 = EDGE_LOOP ( 'NONE', ( #2841, #9557, #11212, #4585 ) ) ;
#8903 = CARTESIAN_POINT ( 'NONE',  ( -1.608879562688215970, -1.010000000000000009, 0.2259172992568243832 ) ) ;
#8904 = ORIENTED_EDGE ( 'NONE', *, *, #11584, .F. ) ;
#8905 = B_SPLINE_CURVE_WITH_KNOTS ( 'NONE', 3,
 ( #7106, #5994, #8793, #2340 ),
 .UNSPECIFIED., .F., .F.,
 ( 4, 4 ),
 ( 5.000000000000000000, 6.000000000000000000 ),
 .UNSPECIFIED. ) ;
#8906 = CARTESIAN_POINT ( 'NONE',  ( -1.760076499222489987, -1.010000000000000009, 0.4046964849586197066 ) ) ;
#8907 = CARTESIAN_POINT ( 'NONE',  ( -1.565580726517312060, -1.010000000000000009, 0.2093101858842237595 ) ) ;
#8908 = CARTESIAN_POINT ( 'NONE',  ( -1.997168336191654125, -1.000000000000000000, 0.3542506287292847000 ) ) ;
#8909 = COLOUR_RGB ( '',0.0000000000000000000, 0.0000000000000000000, 0.0000000000000000000 ) ;
#8910 = DIRECTION ( 'NONE',  ( -0.0000000000000000000, 1.000000000000000000, -0.0000000000000000000 ) ) ;
#8911 = CARTESIAN_POINT ( 'NONE',  ( -1.737909613111919382, -1.010000000000000009, 0.2409359061334077901 ) ) ;
#8912 = UNCERTAINTY_MEASURE_WITH_UNIT (LENGTH_MEASURE( 1.000000000000000082E-05 ), #6110, 'distance_accuracy_value', 'NONE');
#8913 = DIRECTION ( 'NONE',  ( -0.0000000000000000000, -0.0000000000000000000, -1.000000000000000000 ) ) ;
#8914 = ORIENTED_EDGE ( 'NONE', *, *, #4440, .F. ) ;
#8915 = PRESENTATION_LAYER_ASSIGNMENT (  '', '', ( #4467 ) ) ;
#8916 = CARTESIAN_POINT ( 'NONE',  ( -1.751387850052299244, -1.000000000000000000, 0.2347744263892202754 ) ) ;
#8917 = DIRECTION ( 'NONE',  ( -0.0000000000000000000, 1.000000000000000000, -0.0000000000000000000 ) ) ;
#8918 = PRESENTATION_STYLE_ASSIGNMENT (( #8150 ) ) ;
#8919 = EDGE_CURVE ( 'NONE', #1880, #355, #9407, .T. ) ;
#8920 = UNCERTAINTY_MEASURE_WITH_UNIT (LENGTH_MEASURE( 1.000000000000000082E-05 ), #4942, 'distance_accuracy_value', 'NONE');
#8921 = CARTESIAN_POINT ( 'NONE',  ( -1.764408789667795130, -1.000000000000000000, 0.2273132595116904575 ) ) ;
#8922 = COLOUR_RGB ( '',0.0000000000000000000, 0.0000000000000000000, 0.0000000000000000000 ) ;
#8923 =( LENGTH_UNIT ( ) NAMED_UNIT ( * ) SI_UNIT ( .MILLI., .METRE. ) );
#8924 = DIRECTION ( 'NONE',  ( -0.7071067811865475727, 0.0000000000000000000, 0.7071067811865475727 ) ) ;
#8925 = DIRECTION ( 'NONE',  ( -0.3385350343141469431, 0.0000000000000000000, -0.9409537876760576403 ) ) ;
#8926 =( NAMED_UNIT ( * ) PLANE_ANGLE_UNIT ( ) SI_UNIT ( $, .RADIAN. ) );
#8927 =( LENGTH_UNIT ( ) NAMED_UNIT ( * ) SI_UNIT ( .MILLI., .METRE. ) );
#8928 = UNCERTAINTY_MEASURE_WITH_UNIT (LENGTH_MEASURE( 1.000000000000000082E-05 ), #11089, 'distance_accuracy_value', 'NONE');
#8929 = VECTOR ( 'NONE', #5366, 1000.000000000000000 ) ;
#8930 = ORIENTED_EDGE ( 'NONE', *, *, #9512, .T. ) ;
#8931 = ORIENTED_EDGE ( 'NONE', *, *, #1889, .F. ) ;
#8932 = VERTEX_POINT ( 'NONE', #7541 ) ;
#8933 =( NAMED_UNIT ( * ) SI_UNIT ( $, .STERADIAN. ) SOLID_ANGLE_UNIT ( ) );
#8934 = MECHANICAL_DESIGN_GEOMETRIC_PRESENTATION_REPRESENTATION (  '', ( #4293 ), #817 ) ;
#8935 = FILL_AREA_STYLE ('',( #4229 ) ) ;
#8936 = CARTESIAN_POINT ( 'NONE',  ( -1.989135132452668042, -1.000000000000000000, 0.2089836405724676549 ) ) ;
#8937 = EDGE_CURVE ( 'NONE', #11267, #3996, #3915, .T. ) ;
#8938 = CARTESIAN_POINT ( 'NONE',  ( -1.965704969777923639, -1.000000000000000000, 0.2518273512856379903 ) ) ;
#8939 =( LENGTH_UNIT ( ) NAMED_UNIT ( * ) SI_UNIT ( .MILLI., .METRE. ) );
#8940 = CARTESIAN_POINT ( 'NONE',  ( -1.373034484512460462, -1.010000000000000009, 0.2914311580987393735 ) ) ;
#8941 = MECHANICAL_DESIGN_GEOMETRIC_PRESENTATION_REPRESENTATION (  '', ( #437 ), #5257 ) ;
#8942 = FACE_OUTER_BOUND ( 'NONE', #1423, .T. ) ;
#8943 =( LENGTH_UNIT ( ) NAMED_UNIT ( * ) SI_UNIT ( .MILLI., .METRE. ) );
#8944 = CARTESIAN_POINT ( 'NONE',  ( -1.727223296680637565, -1.000000000000000000, 0.2228846959454959809 ) ) ;
#8945 = LINE ( 'NONE', #5064, #9379 ) ;
#8946 = ORIENTED_EDGE ( 'NONE', *, *, #8347, .F. ) ;
#8947 = ORIENTED_EDGE ( 'NONE', *, *, #1397, .F. ) ;
#8948 = SURFACE_STYLE_USAGE ( .BOTH. , #5245 ) ;
#8949 = STYLED_ITEM ( 'NONE', ( #5527 ), #9159 ) ;
#8950 = COLOUR_RGB ( '',0.0000000000000000000, 0.0000000000000000000, 0.0000000000000000000 ) ;
#8951 = ORIENTED_EDGE ( 'NONE', *, *, #3104, .F. ) ;
#8952 = CARTESIAN_POINT ( 'NONE',  ( -2.118335738668366997, -1.010000000000000009, 0.2317443802431300992 ) ) ;
#8953 = PRESENTATION_LAYER_ASSIGNMENT (  '', '', ( #8759 ) ) ;
#8954 = EDGE_CURVE ( 'NONE', #1785, #5743, #3855, .T. ) ;
#8955 = CARTESIAN_POINT ( 'NONE',  ( -1.665728840640163577, -1.000000000000000000, 0.2173489914877489715 ) ) ;
#8956 = DIRECTION ( 'NONE',  ( 0.0000000000000000000, -1.000000000000000000, 0.0000000000000000000 ) ) ;
#8957 = CARTESIAN_POINT ( 'NONE',  ( -2.005870962935040414, -1.010000000000000009, 0.4432852449793324157 ) ) ;
#8958 = B_SPLINE_SURFACE_WITH_KNOTS ( 'NONE', 3, 1, ( 
 ( #2427, #8054 ),
 ( #9007, #778 ),
 ( #11649, #1653 ),
 ( #5368, #2598 ) ),
 .UNSPECIFIED., .F., .F., .F.,
 ( 4, 4 ),
 ( 2, 2 ),
 ( 12.00000000000000000, 13.00000000000000000 ),
 ( 0.0000000000000000000, 1.000000000000000000 ),
 .UNSPECIFIED. ) ;
#8959 = DIRECTION ( 'NONE',  ( 1.000000000000000000, -0.0000000000000000000, -0.0000000000000000000 ) ) ;
#8960 =( LENGTH_UNIT ( ) NAMED_UNIT ( * ) SI_UNIT ( .MILLI., .METRE. ) );
#8961 = VECTOR ( 'NONE', #6900, 1000.000000000000114 ) ;
#8962 = CARTESIAN_POINT ( 'NONE',  ( -1.977085314076082012, -1.000000000000000000, 0.4104830165956273591 ) ) ;
#8963 = AXIS2_PLACEMENT_3D ( 'NONE', #1446, #8924, #761 ) ;
#8964 = DIRECTION ( 'NONE',  ( -0.0000000000000000000, 1.000000000000000000, -0.0000000000000000000 ) ) ;
#8965 = VERTEX_POINT ( 'NONE', #9577 ) ;
#8966 = PRESENTATION_STYLE_ASSIGNMENT (( #5260 ) ) ;
#8967 = ORIENTED_EDGE ( 'NONE', *, *, #7582, .T. ) ;
#8968 = CARTESIAN_POINT ( 'NONE',  ( -1.652924515546996265, -1.000000000000000000, 0.2387216243503121338 ) ) ;
#8969 = CARTESIAN_POINT ( 'NONE',  ( -1.814181993226108291, -1.000000000000000000, 0.2926345721118238097 ) ) ;
#8970 = VECTOR ( 'NONE', #2281, 1000.000000000000000 ) ;
#8971 = EDGE_CURVE ( 'NONE', #6105, #85, #5430, .T. ) ;
#8972 = STYLED_ITEM ( 'NONE', ( #8153 ), #3163 ) ;
#8973 = EDGE_CURVE ( 'NONE', #3763, #3514, #393, .T. ) ;
#8974 = CARTESIAN_POINT ( 'NONE',  ( -1.666138001404599223, -1.000000000000000000, 0.2345337435863443509 ) ) ;
#8975 = CARTESIAN_POINT ( 'NONE',  ( -1.944952550194483987, -1.010000000000000009, 0.3020348427321144502 ) ) ;
#8976 = FILL_AREA_STYLE ('',( #9989 ) ) ;
#8977 =( GEOMETRIC_REPRESENTATION_CONTEXT ( 3 ) GLOBAL_UNCERTAINTY_ASSIGNED_CONTEXT ( ( #10997 ) ) GLOBAL_UNIT_ASSIGNED_CONTEXT ( ( #2097, #3052, #2153 ) ) REPRESENTATION_CONTEXT ( 'NONE', 'WORKASPACE' ) );
#8978 = PRESENTATION_STYLE_ASSIGNMENT (( #8792 ) ) ;
#8979 = LINE ( 'NONE', #1554, #1635 ) ;
#8980 = LINE ( 'NONE', #7054, #3391 ) ;
#8981 = AXIS2_PLACEMENT_3D ( 'NONE', #193, #8541, #3892 ) ;
#8982 = VECTOR ( 'NONE', #10364, 1000.000000000000000 ) ;
#8983 = CARTESIAN_POINT ( 'NONE',  ( -1.343984070249720331, -1.010000000000000009, 0.2093101858842237595 ) ) ;
#8984 = FILL_AREA_STYLE_COLOUR ( '', #869 ) ;
#8985 = LINE ( 'NONE', #4433, #2932 ) ;
#8986 = LINE ( 'NONE', #9827, #6500 ) ;
#8987 = CARTESIAN_POINT ( 'NONE',  ( -1.343984070249720331, -1.000000000000000000, 0.2093101858842237595 ) ) ;
#8988 = STYLED_ITEM ( 'NONE', ( #11744 ), #3418 ) ;
#8989 = CARTESIAN_POINT ( 'NONE',  ( -1.668135668665369442, -1.000000000000000000, 0.2780973308403431599 ) ) ;
#8990 = SURFACE_STYLE_FILL_AREA ( #10923 ) ;
#8991 = CARTESIAN_POINT ( 'NONE',  ( -1.676463293631890394, -1.010000000000000009, 0.2388660340316498820 ) ) ;
#8992 = ORIENTED_EDGE ( 'NONE', *, *, #7322, .T. ) ;
#8993 = EDGE_CURVE ( 'NONE', #1935, #7163, #8686, .T. ) ;
#8994 = ORIENTED_EDGE ( 'NONE', *, *, #811, .T. ) ;
#8995 = ORIENTED_EDGE ( 'NONE', *, *, #5517, .T. ) ;
#8996 = VECTOR ( 'NONE', #2495, 1000.000000000000000 ) ;
#8997 = ORIENTED_EDGE ( 'NONE', *, *, #9618, .T. ) ;
#8998 = CARTESIAN_POINT ( 'NONE',  ( -1.743565658970781973, -1.010000000000000009, 0.4399805838055782514 ) ) ;
#8999 = CARTESIAN_POINT ( 'NONE',  ( -1.780510469155388575, -1.000000000000000000, 0.2625010852377568926 ) ) ;
#9000 = FILL_AREA_STYLE ('',( #6091 ) ) ;
#9001 = FILL_AREA_STYLE ('',( #5304 ) ) ;
#9002 = CARTESIAN_POINT ( 'NONE',  ( -1.578288778489907784, -1.000000000000000000, 0.2765569609041355070 ) ) ;
#9003 = SURFACE_SIDE_STYLE ('',( #10631 ) ) ;
#9004 = STYLED_ITEM ( 'NONE', ( #9306 ), #3793 ) ;
#9005 =( NAMED_UNIT ( * ) SI_UNIT ( $, .STERADIAN. ) SOLID_ANGLE_UNIT ( ) );
#9006 = STYLED_ITEM ( 'NONE', ( #3260 ), #8070 ) ;
#9007 = CARTESIAN_POINT ( 'NONE',  ( -1.709220223053170784, -1.010000000000000009, 0.3700381613974637052 ) ) ;
#9008 = CARTESIAN_POINT ( 'NONE',  ( -1.723853737445544265, -1.010000000000000009, 0.2264949379828197773 ) ) ;
#9009 = ORIENTED_EDGE ( 'NONE', *, *, #7979, .F. ) ;
#9010 = VERTEX_POINT ( 'NONE', #212 ) ;
#9011 = ORIENTED_EDGE ( 'NONE', *, *, #6431, .T. ) ;
#9012 = VECTOR ( 'NONE', #1435, 1000.000000000000000 ) ;
#9013 = ORIENTED_EDGE ( 'NONE', *, *, #680, .T. ) ;
#9014 = SURFACE_SIDE_STYLE ('',( #6963 ) ) ;
#9015 = SURFACE_SIDE_STYLE ('',( #6230 ) ) ;
#9016 = ADVANCED_FACE ( 'NONE', ( #6761 ), #1269, .F. ) ;
#9017 = ORIENTED_EDGE ( 'NONE', *, *, #3574, .T. ) ;
#9018 =( LENGTH_UNIT ( ) NAMED_UNIT ( * ) SI_UNIT ( .MILLI., .METRE. ) );
#9019 = CARTESIAN_POINT ( 'NONE',  ( -1.568601295688850872, -1.010000000000000009, 0.4497222202372179178 ) ) ;
#9020 = COLOUR_RGB ( '',0.0000000000000000000, 0.0000000000000000000, 0.0000000000000000000 ) ;
#9021 = CARTESIAN_POINT ( 'NONE',  ( -1.989804555457388435, -1.010000000000000009, 0.4285577122400814898 ) ) ;
#9022 = LINE ( 'NONE', #10210, #10076 ) ;
#9023 = CARTESIAN_POINT ( 'NONE',  ( -1.673093734396796872, -1.000000000000000000, 0.2685181553006110167 ) ) ;
#9024 = PRESENTATION_LAYER_ASSIGNMENT (  '', '', ( #913 ) ) ;
#9025 = CARTESIAN_POINT ( 'NONE',  ( -1.615065110712629926, -1.010000000000000009, 0.3586779331192915810 ) ) ;
#9026 = EDGE_CURVE ( 'NONE', #1516, #2443, #2230, .T. ) ;
#9027 = VERTEX_POINT ( 'NONE', #4993 ) ;
#9028 = VECTOR ( 'NONE', #8666, 1000.000000000000000 ) ;
#9029 = LINE ( 'NONE', #741, #1719 ) ;
#9030 = ORIENTED_EDGE ( 'NONE', *, *, #1384, .T. ) ;
#9031 = CARTESIAN_POINT ( 'NONE',  ( -1.436622880934596891, -1.000000000000000000, 0.2363629328858724010 ) ) ;
#9032 = ORIENTED_EDGE ( 'NONE', *, *, #4506, .T. ) ;
#9033 = CARTESIAN_POINT ( 'NONE',  ( -1.621635751221256250, -1.000000000000000000, 0.1972279091980717602 ) ) ;
#9034 = PLANE ( 'NONE',  #11410 ) ;
#9035 = MECHANICAL_DESIGN_GEOMETRIC_PRESENTATION_REPRESENTATION (  '', ( #5737 ), #7877 ) ;
#9036 = CARTESIAN_POINT ( 'NONE',  ( -1.448464474817876768, -1.010000000000000009, 0.3586779331192915810 ) ) ;
#9037 =( NAMED_UNIT ( * ) SI_UNIT ( $, .STERADIAN. ) SOLID_ANGLE_UNIT ( ) );
#9038 = DIRECTION ( 'NONE',  ( 1.000000000000000000, 0.0000000000000000000, -0.0000000000000000000 ) ) ;
#9039 = CARTESIAN_POINT ( 'NONE',  ( -1.648977317585904379, -1.010000000000000009, 0.2214405991301779397 ) ) ;
#9040 = VECTOR ( 'NONE', #7858, 1000.000000000000000 ) ;
#9041 = DIRECTION ( 'NONE',  ( 1.000000000000000000, 0.0000000000000000000, 0.0000000000000000000 ) ) ;
#9043 = EDGE_CURVE ( 'NONE', #1063, #8342, #10378, .T. ) ;
#9042 = VECTOR ( 'NONE', #96, 1000.000000000000000 ) ;
#9044 = EDGE_CURVE ( 'NONE', #4209, #9949, #10559, .T. ) ;
#9045 = UNCERTAINTY_MEASURE_WITH_UNIT (LENGTH_MEASURE( 1.000000000000000082E-05 ), #228, 'distance_accuracy_value', 'NONE');
#9046 = CARTESIAN_POINT ( 'NONE',  ( -1.702336694901322334, -1.010000000000000009, 0.3742260421614295729 ) ) ;
#9047 = ORIENTED_EDGE ( 'NONE', *, *, #979, .F. ) ;
#9048 = COLOUR_RGB ( '',0.0000000000000000000, 0.0000000000000000000, 0.0000000000000000000 ) ;
#9049 = CARTESIAN_POINT ( 'NONE',  ( -1.589239846003645207, -1.010000000000000009, 0.3694123861110195084 ) ) ;
#9050 = FACE_OUTER_BOUND ( 'NONE', #10092, .T. ) ;
#9051 = UNCERTAINTY_MEASURE_WITH_UNIT (LENGTH_MEASURE( 1.000000000000000082E-05 ), #3229, 'distance_accuracy_value', 'NONE');
#9053 =( LENGTH_UNIT ( ) NAMED_UNIT ( * ) SI_UNIT ( .MILLI., .METRE. ) );
#9052 = VECTOR ( 'NONE', #10816, 1000.000000000000000 ) ;
#9054 = CARTESIAN_POINT ( 'NONE',  ( -1.912150312234458971, -1.000000000000000000, 0.2565133889276366430 ) ) ;
#9055 = CARTESIAN_POINT ( 'NONE',  ( -1.775696813105298144, -1.010000000000000009, 0.2093101858842237595 ) ) ;
#9056 = DIRECTION ( 'NONE',  ( -0.0000000000000000000, 0.0000000000000000000, 1.000000000000000000 ) ) ;
#9057 = AXIS2_PLACEMENT_3D ( 'NONE', #9777, #5362, #7981 ) ;
#9058 = DIRECTION ( 'NONE',  ( -0.0000000000000000000, -0.7071067811865475727, 0.7071067811865475727 ) ) ;
#9059 = CARTESIAN_POINT ( 'NONE',  ( -1.944952550194483987, -1.010000000000000009, 0.3020348427321144502 ) ) ;
#9060 = PLANE ( 'NONE',  #10314 ) ;
#9061 = EDGE_CURVE ( 'NONE', #4535, #6751, #9635, .T. ) ;
#9062 = UNCERTAINTY_MEASURE_WITH_UNIT (LENGTH_MEASURE( 1.000000000000000082E-05 ), #6065, 'distance_accuracy_value', 'NONE');
#9063 = ORIENTED_EDGE ( 'NONE', *, *, #8098, .F. ) ;
#9064 = VERTEX_POINT ( 'NONE', #8745 ) ;
#9065 = EDGE_LOOP ( 'NONE', ( #5443, #69, #549, #5507 ) ) ;
#9066 = ORIENTED_EDGE ( 'NONE', *, *, #11234, .F. ) ;
#9067 = B_SPLINE_SURFACE_WITH_KNOTS ( 'NONE', 3, 1, ( 
 ( #1221, #4830 ),
 ( #4047, #6895 ),
 ( #225, #5847 ),
 ( #10569, #9532 ) ),
 .UNSPECIFIED., .F., .F., .F.,
 ( 4, 4 ),
 ( 2, 2 ),
 ( 5.000000000000000000, 6.000000000000000000 ),
 ( 0.0000000000000000000, 1.000000000000000000 ),
 .UNSPECIFIED. ) ;
#9068 = MECHANICAL_DESIGN_GEOMETRIC_PRESENTATION_REPRESENTATION (  '', ( #4997 ), #2885 ) ;
#9069 = FACE_OUTER_BOUND ( 'NONE', #11009, .T. ) ;
#9070 = CARTESIAN_POINT ( 'NONE',  ( -2.165196051250391829, -1.000000000000000000, 0.2993571379454478820 ) ) ;
#9071 = ORIENTED_EDGE ( 'NONE', *, *, #3673, .T. ) ;
#9072 = CARTESIAN_POINT ( 'NONE',  ( -1.680964062038758478, -1.000000000000000000, 0.2643784110970914258 ) ) ;
#9073 = CARTESIAN_POINT ( 'NONE',  ( -2.302429880357397707, -1.000000000000000000, 0.2424553015372124531 ) ) ;
#9074 = ADVANCED_FACE ( 'NONE', ( #2350 ), #7846, .T. ) ;
#9075 = CARTESIAN_POINT ( 'NONE',  ( -1.749029158587541710, -1.000000000000000000, 0.2204297313595212360 ) ) ;
#9076 = CARTESIAN_POINT ( 'NONE',  ( -1.679592170064752921, -1.010000000000000009, 0.2532107290613451744 ) ) ;
#9077 = COLOUR_RGB ( '',0.0000000000000000000, 0.0000000000000000000, 0.0000000000000000000 ) ;
#9078 = ORIENTED_EDGE ( 'NONE', *, *, #11312, .F. ) ;
#9079 = ORIENTED_EDGE ( 'NONE', *, *, #7559, .F. ) ;
#9080 = ORIENTED_EDGE ( 'NONE', *, *, #9512, .F. ) ;
#9081 =( NAMED_UNIT ( * ) SI_UNIT ( $, .STERADIAN. ) SOLID_ANGLE_UNIT ( ) );
#9082 =( NAMED_UNIT ( * ) PLANE_ANGLE_UNIT ( ) SI_UNIT ( $, .RADIAN. ) );
#9083 = EDGE_LOOP ( 'NONE', ( #4031, #3156, #8840, #4820 ) ) ;
#9084 = VECTOR ( 'NONE', #9283, 1000.000000000000000 ) ;
#9085 = ADVANCED_FACE ( 'NONE', ( #10742 ), #636, .F. ) ;
#9086 = DIRECTION ( 'NONE',  ( -0.0000000000000000000, 1.000000000000000000, -0.0000000000000000000 ) ) ;
#9087 =( LENGTH_UNIT ( ) NAMED_UNIT ( * ) SI_UNIT ( .MILLI., .METRE. ) );
#9088 = ORIENTED_EDGE ( 'NONE', *, *, #9782, .T. ) ;
#9089 = VERTEX_POINT ( 'NONE', #11693 ) ;
#9090 = STYLED_ITEM ( 'NONE', ( #6371 ), #5563 ) ;
#9091 = LINE ( 'NONE', #927, #11804 ) ;
#9092 = CARTESIAN_POINT ( 'NONE',  ( -1.676463293631890394, -1.000000000000000000, 0.2388660340316498820 ) ) ;
#9093 =( LENGTH_UNIT ( ) NAMED_UNIT ( * ) SI_UNIT ( .MILLI., .METRE. ) );
#9094 = CARTESIAN_POINT ( 'NONE',  ( -1.744672799862331480, -1.010000000000000009, 0.3712415754099058773 ) ) ;
#9095 = EDGE_CURVE ( 'NONE', #2602, #218, #1449, .T. ) ;
#9096 = CARTESIAN_POINT ( 'NONE',  ( -1.814181993226108291, -1.000000000000000000, 0.2625010852377568926 ) ) ;
#9097 = COLOUR_RGB ( '',0.0000000000000000000, 0.0000000000000000000, 0.0000000000000000000 ) ;
#9098 = SURFACE_STYLE_USAGE ( .BOTH. , #7343 ) ;
#9099 = CARTESIAN_POINT ( 'NONE',  ( -2.002523796838695080, -1.000000000000000000, 0.3542506287292847000 ) ) ;
#9100 = FILL_AREA_STYLE ('',( #9759 ) ) ;
#9101 = ORIENTED_EDGE ( 'NONE', *, *, #6641, .T. ) ;
#9102 = DIRECTION ( 'NONE',  ( -0.0000000000000000000, -0.0000000000000000000, 1.000000000000000000 ) ) ;
#9103 = SURFACE_STYLE_USAGE ( .BOTH. , #8316 ) ;
#9104 = CARTESIAN_POINT ( 'NONE',  ( -1.671336749938581390, -1.010000000000000009, 0.3694123861110195084 ) ) ;
#9106 = ADVANCED_FACE ( 'NONE', ( #4219 ), #3493, .F. ) ;
#9105 = CARTESIAN_POINT ( 'NONE',  ( -1.420497133166460424, -1.000000000000000000, 0.2575911560664566058 ) ) ;
#9107 = CARTESIAN_POINT ( 'NONE',  ( -1.903447685491074237, -1.000000000000000000, 0.3027042912733673985 ) ) ;
#9108 = CARTESIAN_POINT ( 'NONE',  ( -1.993151747090587511, -1.000000000000000000, 0.2498190567349448388 ) ) ;
#9109 = CARTESIAN_POINT ( 'NONE',  ( -1.724527649292435960, -1.010000000000000009, 0.4434464161615654931 ) ) ;
#9110 = CARTESIAN_POINT ( 'NONE',  ( -1.775696813105298144, -1.010000000000000009, 0.2093101858842237595 ) ) ;
#9111 = CARTESIAN_POINT ( 'NONE',  ( -1.814181993226108291, -1.010000000000000009, 0.2517184956855826328 ) ) ;
#9112 = CARTESIAN_POINT ( 'NONE',  ( -1.688762184840049585, -1.000000000000000000, 0.2448349675340551201 ) ) ;
#9113 = AXIS2_PLACEMENT_3D ( 'NONE', #7656, #5774, #5831 ) ;
#9114 = ORIENTED_EDGE ( 'NONE', *, *, #2570, .T. ) ;
#9115 = VERTEX_POINT ( 'NONE', #888 ) ;
#9116 =( LENGTH_UNIT ( ) NAMED_UNIT ( * ) SI_UNIT ( .MILLI., .METRE. ) );
#9117 = CARTESIAN_POINT ( 'NONE',  ( -1.764408789667795130, -1.010000000000000009, 0.2273132595116904575 ) ) ;
#9118 = CARTESIAN_POINT ( 'NONE',  ( -2.048045250642851034, -1.000000000000000000, 0.2411164044547066398 ) ) ;
#9120 = EDGE_CURVE ( 'NONE', #9586, #10215, #3274, .T. ) ;
#9119 = CARTESIAN_POINT ( 'NONE',  ( -1.517083141812432645, -1.000000000000000000, 0.2926345721118238097 ) ) ;
#9121 = ORIENTED_EDGE ( 'NONE', *, *, #3827, .T. ) ;
#9122 = COLOUR_RGB ( '',0.0000000000000000000, 0.0000000000000000000, 0.0000000000000000000 ) ;
#9123 = SURFACE_SIDE_STYLE ('',( #6285 ) ) ;
#9124 = CARTESIAN_POINT ( 'NONE',  ( -1.965704969777923639, -1.010000000000000009, 0.2109919351231607232 ) ) ;
#9125 = CARTESIAN_POINT ( 'NONE',  ( -1.749029158587541710, -1.010000000000000009, 0.2204297313595212360 ) ) ;
#9126 = SURFACE_SIDE_STYLE ('',( #2836 ) ) ;
#9127 = VECTOR ( 'NONE', #6190, 1000.000000000000000 ) ;
#9128 =( GEOMETRIC_REPRESENTATION_CONTEXT ( 3 ) GLOBAL_UNCERTAINTY_ASSIGNED_CONTEXT ( ( #6749 ) ) GLOBAL_UNIT_ASSIGNED_CONTEXT ( ( #2605, #6526, #5376 ) ) REPRESENTATION_CONTEXT ( 'NONE', 'WORKASPACE' ) );
#9129 = VERTEX_POINT ( 'NONE', #15 ) ;
#9130 = ORIENTED_EDGE ( 'NONE', *, *, #8158, .T. ) ;
#9131 = FILL_AREA_STYLE_COLOUR ( '', #4070 ) ;
#9132 = DIRECTION ( 'NONE',  ( 0.7071067811865474617, 0.0000000000000000000, -0.7071067811865474617 ) ) ;
#9133 = AXIS2_PLACEMENT_3D ( 'NONE', #2008, #9302, #1954 ) ;
#9134 = CARTESIAN_POINT ( 'NONE',  ( -1.724647990693872091, -1.000000000000000000, 0.4544215519561667915 ) ) ;
#9135 = SURFACE_SIDE_STYLE ('',( #9245 ) ) ;
#9136 = FILL_AREA_STYLE_COLOUR ( '', #11625 ) ;
#9137 = AXIS2_PLACEMENT_3D ( 'NONE', #7466, #6441, #758 ) ;
#9138 = SURFACE_SIDE_STYLE ('',( #9979 ) ) ;
#9139 = MECHANICAL_DESIGN_GEOMETRIC_PRESENTATION_REPRESENTATION (  '', ( #3144 ), #8559 ) ;
#9140 = VERTEX_POINT ( 'NONE', #10120 ) ;
#9141 = CARTESIAN_POINT ( 'NONE',  ( 2.450000000000001066, -1.000000000000000000, 0.5500000000000007105 ) ) ;
#9142 = EDGE_CURVE ( 'NONE', #6085, #9823, #6167, .T. ) ;
#9143 = ORIENTED_EDGE ( 'NONE', *, *, #11552, .F. ) ;
#9144 = SURFACE_STYLE_FILL_AREA ( #3411 ) ;
#9145 = VERTEX_POINT ( 'NONE', #10922 ) ;
#9146 = CARTESIAN_POINT ( 'NONE',  ( -1.392794542598787988, -1.010000000000000009, 0.2350632457518952168 ) ) ;
#9147 = PRESENTATION_STYLE_ASSIGNMENT (( #5690 ) ) ;
#9148 = MECHANICAL_DESIGN_GEOMETRIC_PRESENTATION_REPRESENTATION (  '', ( #7796 ), #10691 ) ;
#9149 = VECTOR ( 'NONE', #805, 1000.000000000000000 ) ;
#9150 = SURFACE_STYLE_USAGE ( .BOTH. , #5453 ) ;
#9151 = DIRECTION ( 'NONE',  ( -0.0000000000000000000, 0.0000000000000000000, 1.000000000000000000 ) ) ;
#9152 =( GEOMETRIC_REPRESENTATION_CONTEXT ( 3 ) GLOBAL_UNCERTAINTY_ASSIGNED_CONTEXT ( ( #1942 ) ) GLOBAL_UNIT_ASSIGNED_CONTEXT ( ( #3505, #7183, #1709 ) ) REPRESENTATION_CONTEXT ( 'NONE', 'WORKASPACE' ) );
#9153 = VECTOR ( 'NONE', #3067, 1000.000000000000000 ) ;
#9154 = CARTESIAN_POINT ( 'NONE',  ( -1.433277389980368577, -1.000000000000000000, 0.2572542001433302805 ) ) ;
#9155 = B_SPLINE_SURFACE_WITH_KNOTS ( 'NONE', 3, 1, ( 
 ( #10286, #4728 ),
 ( #3655, #7339 ),
 ( #11071, #7516 ),
 ( #6430, #11016 ) ),
 .UNSPECIFIED., .F., .F., .F.,
 ( 4, 4 ),
 ( 2, 2 ),
 ( 10.00000000000000000, 11.00000000000000000 ),
 ( 0.0000000000000000000, 1.000000000000000000 ),
 .UNSPECIFIED. ) ;
#9156 = DIRECTION ( 'NONE',  ( -0.0000000000000000000, 1.000000000000000000, -0.0000000000000000000 ) ) ;
#9157 = UNCERTAINTY_MEASURE_WITH_UNIT (LENGTH_MEASURE( 1.000000000000000082E-05 ), #11218, 'distance_accuracy_value', 'NONE');
#9158 = ORIENTED_EDGE ( 'NONE', *, *, #6081, .F. ) ;
#9159 = ADVANCED_FACE ( 'NONE', ( #3554 ), #5584, .F. ) ;
#9160 = COLOUR_RGB ( '',0.7529411764705882248, 0.7529411764705882248, 0.7529411764705882248 ) ;
#9161 =( LENGTH_UNIT ( ) NAMED_UNIT ( * ) SI_UNIT ( .MILLI., .METRE. ) );
#9162 = MECHANICAL_DESIGN_GEOMETRIC_PRESENTATION_REPRESENTATION (  '', ( #3951 ), #7809 ) ;
#9163 = CARTESIAN_POINT ( 'NONE',  ( -1.750160367759313607, -1.010000000000000009, 0.4498004421481837656 ) ) ;
#9164 = UNCERTAINTY_MEASURE_WITH_UNIT (LENGTH_MEASURE( 1.000000000000000082E-05 ), #7694, 'distance_accuracy_value', 'NONE');
#9165 = CARTESIAN_POINT ( 'NONE',  ( -2.048045250642851034, -1.010000000000000009, 0.2411164044547066398 ) ) ;
#9166 = VECTOR ( 'NONE', #5521, 1000.000000000000000 ) ;
#9167 = DIRECTION ( 'NONE',  ( -0.9345104387438670779, 0.0000000000000000000, -0.3559357243643085922 ) ) ;
#9168 = CARTESIAN_POINT ( 'NONE',  ( -1.724527649292435960, -1.010000000000000009, 0.4434464161615654931 ) ) ;
#9169 = UNCERTAINTY_MEASURE_WITH_UNIT (LENGTH_MEASURE( 1.000000000000000082E-05 ), #7223, 'distance_accuracy_value', 'NONE');
#9170 = LINE ( 'NONE', #10576, #11695 ) ;
#9171 = VERTEX_POINT ( 'NONE', #8260 ) ;
#9172 = EDGE_CURVE ( 'NONE', #10563, #6523, #9271, .T. ) ;
#9173 = B_SPLINE_CURVE_WITH_KNOTS ( 'NONE', 3,
 ( #8361, #9313, #5746, #179 ),
 .UNSPECIFIED., .F., .F.,
 ( 4, 4 ),
 ( 3.000000000000000000, 4.000000000000000000 ),
 .UNSPECIFIED. ) ;
#9174 = VECTOR ( 'NONE', #810, 999.9999999999998863 ) ;
#9175 = PRESENTATION_LAYER_ASSIGNMENT (  '', '', ( #3180 ) ) ;
#9176 = B_SPLINE_CURVE_WITH_KNOTS ( 'NONE', 3,
 ( #3006, #3733, #3908, #11154 ),
 .UNSPECIFIED., .F., .F.,
 ( 4, 4 ),
 ( 3.000000000000000000, 4.000000000000000000 ),
 .UNSPECIFIED. ) ;
#9177 =( LENGTH_UNIT ( ) NAMED_UNIT ( * ) SI_UNIT ( .MILLI., .METRE. ) );
#9178 = CARTESIAN_POINT ( 'NONE',  ( -2.173229267757805339, -1.000000000000000000, 0.4111524523690952559 ) ) ;
#9179 =( LENGTH_UNIT ( ) NAMED_UNIT ( * ) SI_UNIT ( .MILLI., .METRE. ) );
#9180 = FACE_BOUND ( 'NONE', #5728, .T. ) ;
#9181 = ORIENTED_EDGE ( 'NONE', *, *, #7348, .T. ) ;
#9182 = CARTESIAN_POINT ( 'NONE',  ( -1.702336694901322334, -1.000000000000000000, 0.4505706271159670706 ) ) ;
#9183 = FACE_OUTER_BOUND ( 'NONE', #3438, .T. ) ;
#9184 = PRESENTATION_STYLE_ASSIGNMENT (( #8886 ) ) ;
#9185 = EDGE_CURVE ( 'NONE', #1282, #2000, #7409, .T. ) ;
#9186 = EDGE_LOOP ( 'NONE', ( #6284, #9895, #2130, #9315 ) ) ;
#9187 = EDGE_CURVE ( 'NONE', #1228, #6119, #4673, .T. ) ;
#9188 = EDGE_LOOP ( 'NONE', ( #2235, #5034, #5986, #6051 ) ) ;
#9189 = FILL_AREA_STYLE ('',( #7197 ) ) ;
#9190 = ORIENTED_EDGE ( 'NONE', *, *, #9763, .F. ) ;
#9191 = LINE ( 'NONE', #11834, #196 ) ;
#9192 = DIRECTION ( 'NONE',  ( -0.0000000000000000000, 1.000000000000000000, -0.0000000000000000000 ) ) ;
#9193 = SURFACE_SIDE_STYLE ('',( #855 ) ) ;
#9194 =( LENGTH_UNIT ( ) NAMED_UNIT ( * ) SI_UNIT ( .MILLI., .METRE. ) );
#9195 = VECTOR ( 'NONE', #8115, 1000.000000000000000 ) ;
#9196 = DIRECTION ( 'NONE',  ( -1.000000000000000000, 0.0000000000000000000, 0.0000000000000000000 ) ) ;
#9197 =( LENGTH_UNIT ( ) NAMED_UNIT ( * ) SI_UNIT ( .MILLI., .METRE. ) );
#9198 = FILL_AREA_STYLE ('',( #2009 ) ) ;
#9199 = SURFACE_STYLE_USAGE ( .BOTH. , #9138 ) ;
#9200 = PRESENTATION_LAYER_ASSIGNMENT (  '', '', ( #2452 ) ) ;
#9201 = VERTEX_POINT ( 'NONE', #3782 ) ;
#9202 =( NAMED_UNIT ( * ) PLANE_ANGLE_UNIT ( ) SI_UNIT ( $, .RADIAN. ) );
#9203 = B_SPLINE_SURFACE_WITH_KNOTS ( 'NONE', 3, 1, ( 
 ( #9843, #2537 ),
 ( #11706, #5236 ),
 ( #8882, #1714 ),
 ( #5308, #8116 ) ),
 .UNSPECIFIED., .F., .F., .F.,
 ( 4, 4 ),
 ( 2, 2 ),
 ( 5.000000000000000000, 6.000000000000000000 ),
 ( 0.0000000000000000000, 1.000000000000000000 ),
 .UNSPECIFIED. ) ;
#9204 = VERTEX_POINT ( 'NONE', #9223 ) ;
#9205 =( GEOMETRIC_REPRESENTATION_CONTEXT ( 3 ) GLOBAL_UNCERTAINTY_ASSIGNED_CONTEXT ( ( #7835 ) ) GLOBAL_UNIT_ASSIGNED_CONTEXT ( ( #4078, #5093, #6984 ) ) REPRESENTATION_CONTEXT ( 'NONE', 'WORKASPACE' ) );
#9206 = LINE ( 'NONE', #1787, #9127 ) ;
#9207 = VERTEX_POINT ( 'NONE', #10977 ) ;
#9208 = SURFACE_STYLE_FILL_AREA ( #10104 ) ;
#9209 =( NAMED_UNIT ( * ) PLANE_ANGLE_UNIT ( ) SI_UNIT ( $, .RADIAN. ) );
#9210 = EDGE_CURVE ( 'NONE', #7821, #11719, #6390, .T. ) ;
#9211 = LINE ( 'NONE', #2809, #9149 ) ;
#9212 = FILL_AREA_STYLE_COLOUR ( '', #878 ) ;
#9213 = FILL_AREA_STYLE ('',( #3773 ) ) ;
#9214 = VERTEX_POINT ( 'NONE', #1755 ) ;
#9215 = VECTOR ( 'NONE', #678, 1000.000000000000000 ) ;
#9216 = CARTESIAN_POINT ( 'NONE',  ( -1.371566319417562019, -1.010000000000000009, 0.2848364493105310369 ) ) ;
#9217 = SURFACE_STYLE_FILL_AREA ( #10001 ) ;
#9218 = CARTESIAN_POINT ( 'NONE',  ( -1.679592170064752921, -1.000000000000000000, 0.2532107290613451744 ) ) ;
#9219 = CARTESIAN_POINT ( 'NONE',  ( -1.373034484512460462, -1.010000000000000009, 0.2914311580987393735 ) ) ;
#9220 = CARTESIAN_POINT ( 'NONE',  ( -2.185948496370684779, -1.010000000000000009, 0.2571828119320350159 ) ) ;
#9221 = EDGE_CURVE ( 'NONE', #10013, #6411, #5411, .T. ) ;
#9222 = VECTOR ( 'NONE', #9769, 1000.000000000000000 ) ;
#9223 = CARTESIAN_POINT ( 'NONE',  ( -1.353587314070317627, -1.000000000000000000, 0.2350632457518951612 ) ) ;
#9224 = EDGE_CURVE ( 'NONE', #3253, #7699, #4801, .T. ) ;
#9225 = B_SPLINE_CURVE_WITH_KNOTS ( 'NONE', 3,
 ( #10194, #3622, #8274, #10993 ),
 .UNSPECIFIED., .F., .F.,
 ( 4, 4 ),
 ( 2.000000000000000000, 3.000000000000000000 ),
 .UNSPECIFIED. ) ;
#9226 = EDGE_LOOP ( 'NONE', ( #5955, #2386, #8828, #11022 ) ) ;
#9227 = CARTESIAN_POINT ( 'NONE',  ( -2.288371761046226194, -1.010000000000000009, 0.3167624042006468299 ) ) ;
#9228 = PRESENTATION_LAYER_ASSIGNMENT (  '', '', ( #9606 ) ) ;
#9229 = CARTESIAN_POINT ( 'NONE',  ( 2.500000000000000000, 0.9500000000000007327, 0.5999999999999999778 ) ) ;
#9230 =( NAMED_UNIT ( * ) SI_UNIT ( $, .STERADIAN. ) SOLID_ANGLE_UNIT ( ) );
#9231 = ORIENTED_EDGE ( 'NONE', *, *, #988, .T. ) ;
#9232 = COLOUR_RGB ( '',0.7529411764705882248, 0.7529411764705882248, 0.7529411764705882248 ) ;
#9233 = CARTESIAN_POINT ( 'NONE',  ( -1.433277389980368577, -1.010000000000000009, 0.2689995209057167713 ) ) ;
#9234 = CARTESIAN_POINT ( 'NONE',  ( -2.248875222814574748, -1.000000000000000000, 0.2103225121187592972 ) ) ;
#9235 = CARTESIAN_POINT ( 'NONE',  ( -2.258247266178147861, -1.000000000000000000, 0.3837057261294960497 ) ) ;
#9236 = EDGE_CURVE ( 'NONE', #4956, #10144, #3168, .T. ) ;
#9237 = CARTESIAN_POINT ( 'NONE',  ( -1.758632402407496631, -1.010000000000000009, 0.2130167010424434126 ) ) ;
#9238 = CARTESIAN_POINT ( 'NONE',  ( -1.374863673811987708, -1.010000000000000009, 0.2848364493105310369 ) ) ;
#9239 = COLOUR_RGB ( '',0.0000000000000000000, 0.0000000000000000000, 0.0000000000000000000 ) ;
#9240 = ORIENTED_EDGE ( 'NONE', *, *, #1726, .T. ) ;
#9241 = ORIENTED_EDGE ( 'NONE', *, *, #9185, .T. ) ;
#9242 =( LENGTH_UNIT ( ) NAMED_UNIT ( * ) SI_UNIT ( .MILLI., .METRE. ) );
#9243 = LINE ( 'NONE', #11176, #11852 ) ;
#9244 = CARTESIAN_POINT ( 'NONE',  ( -1.826336474752609851, -1.010000000000000009, 0.3586779331192915810 ) ) ;
#9245 = SURFACE_STYLE_FILL_AREA ( #2846 ) ;
#9246 = DIRECTION ( 'NONE',  ( -0.0000000000000000000, 1.000000000000000000, -0.0000000000000000000 ) ) ;
#9247 = ADVANCED_FACE ( 'NONE', ( #8499 ), #5764, .T. ) ;
#9248 = CARTESIAN_POINT ( 'NONE',  ( -1.662094530322293373, -1.010000000000000009, 0.2311641843512516614 ) ) ;
#9249 =( NAMED_UNIT ( * ) PLANE_ANGLE_UNIT ( ) SI_UNIT ( $, .RADIAN. ) );
#9250 = FILL_AREA_STYLE ('',( #3531 ) ) ;
#9251 = VERTEX_POINT ( 'NONE', #8616 ) ;
#9252 = VECTOR ( 'NONE', #7618, 1000.000000000000000 ) ;
#9253 = PLANE ( 'NONE',  #11960 ) ;
#9254 = EDGE_LOOP ( 'NONE', ( #8872, #11787, #4940, #10647 ) ) ;
#9255 =( NAMED_UNIT ( * ) SI_UNIT ( $, .STERADIAN. ) SOLID_ANGLE_UNIT ( ) );
#9256 = SURFACE_STYLE_USAGE ( .BOTH. , #11128 ) ;
#9257 = EDGE_CURVE ( 'NONE', #3252, #114, #10480, .T. ) ;
#9258 = MECHANICAL_DESIGN_GEOMETRIC_PRESENTATION_REPRESENTATION (  '', ( #11769 ), #4432 ) ;
#9259 =( LENGTH_UNIT ( ) NAMED_UNIT ( * ) SI_UNIT ( .MILLI., .METRE. ) );
#9260 = CARTESIAN_POINT ( 'NONE',  ( -1.666138001404599223, -1.000000000000000000, 0.2345337435863443509 ) ) ;
#9261 = UNCERTAINTY_MEASURE_WITH_UNIT (LENGTH_MEASURE( 1.000000000000000082E-05 ), #1884, 'distance_accuracy_value', 'NONE');
#9262 = SURFACE_SIDE_STYLE ('',( #2749 ) ) ;
#9263 = EDGE_LOOP ( 'NONE', ( #7688, #7482, #1388, #6823 ) ) ;
#9264 = B_SPLINE_CURVE_WITH_KNOTS ( 'NONE', 3,
 ( #1522, #3315, #10873, #7014, #5179, #8879, #716 ),
 .UNSPECIFIED., .F., .F.,
 ( 4, 3, 4 ),
 ( 0.0000000000000000000, 1.000000000000000000, 2.000000000000000000 ),
 .UNSPECIFIED. ) ;
#9265 =( LENGTH_UNIT ( ) NAMED_UNIT ( * ) SI_UNIT ( .MILLI., .METRE. ) );
#9266 =( NAMED_UNIT ( * ) SI_UNIT ( $, .STERADIAN. ) SOLID_ANGLE_UNIT ( ) );
#9267 = SURFACE_SIDE_STYLE ('',( #10056 ) ) ;
#9268 =( GEOMETRIC_REPRESENTATION_CONTEXT ( 3 ) GLOBAL_UNCERTAINTY_ASSIGNED_CONTEXT ( ( #7715 ) ) GLOBAL_UNIT_ASSIGNED_CONTEXT ( ( #5687, #357, #2133 ) ) REPRESENTATION_CONTEXT ( 'NONE', 'WORKASPACE' ) );
#9269 = SURFACE_STYLE_FILL_AREA ( #76 ) ;
#9270 = PRESENTATION_STYLE_ASSIGNMENT (( #4559 ) ) ;
#9271 = LINE ( 'NONE', #11029, #9711 ) ;
#9272 = SURFACE_STYLE_USAGE ( .BOTH. , #5530 ) ;
#9273 = UNCERTAINTY_MEASURE_WITH_UNIT (LENGTH_MEASURE( 1.000000000000000082E-05 ), #5519, 'distance_accuracy_value', 'NONE');
#9274 = DIRECTION ( 'NONE',  ( 1.000000000000000000, 0.0000000000000000000, 0.0000000000000000000 ) ) ;
#9275 = ORIENTED_EDGE ( 'NONE', *, *, #3279, .F. ) ;
#9276 = STYLED_ITEM ( 'NONE', ( #1817 ), #5987 ) ;
#9277 = DIRECTION ( 'NONE',  ( -1.000000000000000000, -0.0000000000000000000, -0.0000000000000000000 ) ) ;
#9278 = EDGE_CURVE ( 'NONE', #3009, #9894, #9506, .T. ) ;
#9279 = FILL_AREA_STYLE_COLOUR ( '', #8474 ) ;
#9280 = FILL_AREA_STYLE ('',( #834 ) ) ;
#9281 =( LENGTH_UNIT ( ) NAMED_UNIT ( * ) SI_UNIT ( .MILLI., .METRE. ) );
#9282 = ORIENTED_EDGE ( 'NONE', *, *, #6981, .F. ) ;
#9283 = DIRECTION ( 'NONE',  ( 1.000000000000000000, -0.0000000000000000000, -0.0000000000000000000 ) ) ;
#9284 = FACE_OUTER_BOUND ( 'NONE', #9188, .T. ) ;
#9285 = FILL_AREA_STYLE_COLOUR ( '', #2202 ) ;
#9286 = STYLED_ITEM ( 'NONE', ( #6202 ), #6351 ) ;
#9287 = CARTESIAN_POINT ( 'NONE',  ( -1.694321957578019733, -1.000000000000000000, 0.2542697333918083613 ) ) ;
#9288 = B_SPLINE_SURFACE_WITH_KNOTS ( 'NONE', 3, 1, ( 
 ( #1994, #7429 ),
 ( #2954, #1091 ),
 ( #5325, #6634 ),
 ( #5663, #1022 ) ),
 .UNSPECIFIED., .F., .F., .F.,
 ( 4, 4 ),
 ( 2, 2 ),
 ( 1.000000000000000000, 2.000000000000000000 ),
 ( 0.0000000000000000000, 1.000000000000000000 ),
 .UNSPECIFIED. ) ;
#9289 = UNCERTAINTY_MEASURE_WITH_UNIT (LENGTH_MEASURE( 1.000000000000000082E-05 ), #9053, 'distance_accuracy_value', 'NONE');
#9290 = ORIENTED_EDGE ( 'NONE', *, *, #11726, .F. ) ;
#9291 = ORIENTED_EDGE ( 'NONE', *, *, #7685, .F. ) ;
#9292 = ORIENTED_EDGE ( 'NONE', *, *, #1793, .T. ) ;
#9293 = CARTESIAN_POINT ( 'NONE',  ( -1.969721558878669621, -1.010000000000000009, 0.3904000200175501423 ) ) ;
#9294 = ADVANCED_FACE ( 'NONE', ( #10300 ), #2100, .F. ) ;
#9295 = COLOUR_RGB ( '',0.0000000000000000000, 0.0000000000000000000, 0.0000000000000000000 ) ;
#9296 = ORIENTED_EDGE ( 'NONE', *, *, #6199, .T. ) ;
#9297 = CARTESIAN_POINT ( 'NONE',  ( -2.185948496370684779, -1.010000000000000009, 0.2571828119320350159 ) ) ;
#9298 = SURFACE_SIDE_STYLE ('',( #2907 ) ) ;
#9299 =( NAMED_UNIT ( * ) PLANE_ANGLE_UNIT ( ) SI_UNIT ( $, .RADIAN. ) );
#9300 = CARTESIAN_POINT ( 'NONE',  ( -1.691794788151699036, -1.000000000000000000, 0.2691439305870539367 ) ) ;
#9301 = CARTESIAN_POINT ( 'NONE',  ( -1.577277910719251164, -1.000000000000000000, 0.3694123861110195084 ) ) ;
#9302 = DIRECTION ( 'NONE',  ( -1.000000000000000000, 0.0000000000000000000, -0.0000000000000000000 ) ) ;
#9303 = CARTESIAN_POINT ( 'NONE',  ( -1.640409009816507391, -1.000000000000000000, 0.1785990602841615038 ) ) ;
#9304 = STYLED_ITEM ( 'NONE', ( #11052 ), #5019 ) ;
#9305 = PRESENTATION_LAYER_ASSIGNMENT (  '', '', ( #10079 ) ) ;
#9306 = PRESENTATION_STYLE_ASSIGNMENT (( #2677 ) ) ;
#9307 = ORIENTED_EDGE ( 'NONE', *, *, #1012, .F. ) ;
#9308 = PRESENTATION_STYLE_ASSIGNMENT (( #1904 ) ) ;
#9309 = EDGE_CURVE ( 'NONE', #1670, #3270, #8671, .T. ) ;
#9310 = COLOUR_RGB ( '',0.0000000000000000000, 0.0000000000000000000, 0.0000000000000000000 ) ;
#9311 = VERTEX_POINT ( 'NONE', #1431 ) ;
#9312 = FACE_OUTER_BOUND ( 'NONE', #11373, .T. ) ;
#9313 = CARTESIAN_POINT ( 'NONE',  ( -1.538407638114548170, -1.000000000000000000, 0.4209185058470065743 ) ) ;
#9314 = B_SPLINE_CURVE_WITH_KNOTS ( 'NONE', 3,
 ( #4119, #5015, #11363, #6787, #10709, #7814, #11535 ),
 .UNSPECIFIED., .F., .F.,
 ( 4, 3, 4 ),
 ( 0.0000000000000000000, 1.000000000000000000, 2.000000000000000000 ),
 .UNSPECIFIED. ) ;
#9315 = ORIENTED_EDGE ( 'NONE', *, *, #11610, .T. ) ;
#9316 =( GEOMETRIC_REPRESENTATION_CONTEXT ( 3 ) GLOBAL_UNCERTAINTY_ASSIGNED_CONTEXT ( ( #9397 ) ) GLOBAL_UNIT_ASSIGNED_CONTEXT ( ( #7180, #2648, #10868 ) ) REPRESENTATION_CONTEXT ( 'NONE', 'WORKASPACE' ) );
#9317 = VECTOR ( 'NONE', #2453, 1000.000000000000000 ) ;
#9318 = DIRECTION ( 'NONE',  ( -0.0000000000000000000, 0.0000000000000000000, 1.000000000000000000 ) ) ;
#9319 = SURFACE_STYLE_FILL_AREA ( #182 ) ;
#9320 = CARTESIAN_POINT ( 'NONE',  ( -1.588686275558511163, -1.010000000000000009, 0.4420023193468916589 ) ) ;
#9321 = CARTESIAN_POINT ( 'NONE',  ( -1.590515464856758321, -1.010000000000000009, 0.2765569609041355070 ) ) ;
#9322 = FACE_OUTER_BOUND ( 'NONE', #5956, .T. ) ;
#9323 = CARTESIAN_POINT ( 'NONE',  ( -1.420497133166460424, -1.000000000000000000, 0.2575911560664566058 ) ) ;
#9324 = MECHANICAL_DESIGN_GEOMETRIC_PRESENTATION_REPRESENTATION (  '', ( #9703 ), #11252 ) ;
#9325 =( NAMED_UNIT ( * ) SI_UNIT ( $, .STERADIAN. ) SOLID_ANGLE_UNIT ( ) );
#9326 = ORIENTED_EDGE ( 'NONE', *, *, #2667, .T. ) ;
#9327 = EDGE_CURVE ( 'NONE', #9496, #5402, #1556, .T. ) ;
#9328 = VERTEX_POINT ( 'NONE', #3419 ) ;
#9329 = EDGE_CURVE ( 'NONE', #2416, #4839, #5153, .T. ) ;
#9330 = CARTESIAN_POINT ( 'NONE',  ( -1.561248436072007140, -1.010000000000000009, 0.3792322444529834247 ) ) ;
#9331 = AXIS2_PLACEMENT_3D ( 'NONE', #479, #7741, #2247 ) ;
#9332 = CARTESIAN_POINT ( 'NONE',  ( -1.734684463558163747, -1.010000000000000009, 0.2780973308403431599 ) ) ;
#9333 = DIRECTION ( 'NONE',  ( -1.000000000000000000, 0.0000000000000000000, 0.0000000000000000000 ) ) ;
#9334 = CARTESIAN_POINT ( 'NONE',  ( -1.420497133166460424, -1.000000000000000000, 0.2575911560664566058 ) ) ;
#9335 = CARTESIAN_POINT ( 'NONE',  ( -1.485000124238365027, -1.010000000000000009, 0.2200446388759535743 ) ) ;
#9336 = CARTESIAN_POINT ( 'NONE',  ( -1.640409009816507391, -1.000000000000000000, 0.1785990602841615038 ) ) ;
#9337 = FACE_OUTER_BOUND ( 'NONE', #11288, .T. ) ;
#9338 = DIRECTION ( 'NONE',  ( 0.3493954794691433441, -0.0000000000000000000, -0.9369753459544852836 ) ) ;
#9339 = STYLED_ITEM ( 'NONE', ( #3449 ), #9655 ) ;
#9340 = SURFACE_SIDE_STYLE ('',( #2764 ) ) ;
#9341 = ORIENTED_EDGE ( 'NONE', *, *, #6600, .T. ) ;
#9342 = STYLED_ITEM ( 'NONE', ( #9576 ), #1151 ) ;
#9343 = LINE ( 'NONE', #5771, #3760 ) ;
#9344 = SURFACE_STYLE_FILL_AREA ( #11271 ) ;
#9345 = CARTESIAN_POINT ( 'NONE',  ( -1.671336749938581390, -1.010000000000000009, 0.4118688324728259631 ) ) ;
#9346 = LINE ( 'NONE', #3857, #264 ) ;
#9347 = STYLED_ITEM ( 'NONE', ( #11869 ), #3116 ) ;
#9348 = CARTESIAN_POINT ( 'NONE',  ( -1.353587314070317404, -1.010000000000000009, 0.2350632457518952168 ) ) ;
#9349 = ORIENTED_EDGE ( 'NONE', *, *, #1061, .T. ) ;
#9350 = LINE ( 'NONE', #903, #6252 ) ;
#9351 = CARTESIAN_POINT ( 'NONE',  ( -1.743084293365680049, -1.000000000000000000, 0.2077216793875679424 ) ) ;
#9352 = COLOUR_RGB ( '',0.0000000000000000000, 0.0000000000000000000, 0.0000000000000000000 ) ;
#9353 = DIRECTION ( 'NONE',  ( 0.0000000000000000000, -1.000000000000000000, 0.0000000000000000000 ) ) ;
#9354 = CARTESIAN_POINT ( 'NONE',  ( -1.589167641162975375, -1.000000000000000000, 0.3586779331192915810 ) ) ;
#9355 = ADVANCED_FACE ( 'NONE', ( #5029 ), #3353, .F. ) ;
#9356 =( GEOMETRIC_REPRESENTATION_CONTEXT ( 3 ) GLOBAL_UNCERTAINTY_ASSIGNED_CONTEXT ( ( #327 ) ) GLOBAL_UNIT_ASSIGNED_CONTEXT ( ( #11547, #8842, #3289 ) ) REPRESENTATION_CONTEXT ( 'NONE', 'WORKASPACE' ) );
#9357 = STYLED_ITEM ( 'NONE', ( #8604 ), #3650 ) ;
#9358 = ORIENTED_EDGE ( 'NONE', *, *, #8971, .F. ) ;
#9359 = VERTEX_POINT ( 'NONE', #8734 ) ;
#9360 = VERTEX_POINT ( 'NONE', #5273 ) ;
#9361 = ORIENTED_EDGE ( 'NONE', *, *, #2696, .F. ) ;
#9362 = CARTESIAN_POINT ( 'NONE',  ( -1.420497133166460424, -1.000000000000000000, 0.2715507586119387806 ) ) ;
#9363 = CARTESIAN_POINT ( 'NONE',  ( -1.746766740243994809, -1.010000000000000009, 0.2184079958188501203 ) ) ;
#9364 = CARTESIAN_POINT ( 'NONE',  ( -2.153815694183486507, -1.000000000000000000, 0.4687237093875725180 ) ) ;
#9365 = CARTESIAN_POINT ( 'NONE',  ( -1.674995128536674205, -1.010000000000000009, 0.2173489914877489715 ) ) ;
#9366 =( NAMED_UNIT ( * ) SI_UNIT ( $, .STERADIAN. ) SOLID_ANGLE_UNIT ( ) );
#9367 = STYLED_ITEM ( 'NONE', ( #9492 ), #7714 ) ;
#9368 = CARTESIAN_POINT ( 'NONE',  ( -1.615065110712629926, -1.000000000000000000, 0.3586779331192915810 ) ) ;
#9369 = EDGE_CURVE ( 'NONE', #2294, #5934, #8905, .T. ) ;
#9370 = EDGE_CURVE ( 'NONE', #10592, #7693, #8084, .T. ) ;
#9371 = FILL_AREA_STYLE ('',( #9603 ) ) ;
#9372 = ORIENTED_EDGE ( 'NONE', *, *, #11121, .T. ) ;
#9373 = ORIENTED_EDGE ( 'NONE', *, *, #8301, .T. ) ;
#9374 =( NAMED_UNIT ( * ) SI_UNIT ( $, .STERADIAN. ) SOLID_ANGLE_UNIT ( ) );
#9375 = ORIENTED_EDGE ( 'NONE', *, *, #7268, .F. ) ;
#9376 = CARTESIAN_POINT ( 'NONE',  ( -1.357341965788981586, -1.010000000000000009, 0.2457014256227323390 ) ) ;
#9377 = CARTESIAN_POINT ( 'NONE',  ( -1.602910629185807068, -1.010000000000000009, 0.4420023193468916589 ) ) ;
#9378 = EDGE_CURVE ( 'NONE', #9923, #7870, #8979, .T. ) ;
#9379 = VECTOR ( 'NONE', #6100, 1000.000000000000000 ) ;
#9380 = SURFACE_SIDE_STYLE ('',( #7758 ) ) ;
#9381 = ORIENTED_EDGE ( 'NONE', *, *, #9224, .F. ) ;
#9382 =( NAMED_UNIT ( * ) SI_UNIT ( $, .STERADIAN. ) SOLID_ANGLE_UNIT ( ) );
#9383 =( GEOMETRIC_REPRESENTATION_CONTEXT ( 3 ) GLOBAL_UNCERTAINTY_ASSIGNED_CONTEXT ( ( #9169 ) ) GLOBAL_UNIT_ASSIGNED_CONTEXT ( ( #7223, #9822, #3483 ) ) REPRESENTATION_CONTEXT ( 'NONE', 'WORKASPACE' ) );
#9384 = LINE ( 'NONE', #10177, #1716 ) ;
#9385 = CARTESIAN_POINT ( 'NONE',  ( -1.615065110712629926, -1.000000000000000000, 0.3586779331192915810 ) ) ;
#9386 = B_SPLINE_SURFACE_WITH_KNOTS ( 'NONE', 3, 1, ( 
 ( #5225, #6334 ),
 ( #7973, #4329 ),
 ( #5414, #9770 ),
 ( #8039, #10925 ) ),
 .UNSPECIFIED., .F., .F., .F.,
 ( 4, 4 ),
 ( 2, 2 ),
 ( 7.000000000000000000, 8.000000000000000000 ),
 ( 0.0000000000000000000, 1.000000000000000000 ),
 .UNSPECIFIED. ) ;
#9387 = DIRECTION ( 'NONE',  ( 0.0000000000000000000, -0.0000000000000000000, 1.000000000000000000 ) ) ;
#9388 = VECTOR ( 'NONE', #7465, 1000.000000000000000 ) ;
#9389 = LINE ( 'NONE', #4022, #5860 ) ;
#9390 = EDGE_CURVE ( 'NONE', #10954, #8767, #11492, .T. ) ;
#9392 = EDGE_CURVE ( 'NONE', #6227, #4190, #4145, .T. ) ;
#9391 = CARTESIAN_POINT ( 'NONE',  ( -1.722168957827996172, -1.010000000000000009, 0.2093101858842237595 ) ) ;
#9393 = CARTESIAN_POINT ( 'NONE',  ( -1.612080643961746107, -1.000000000000000000, 0.2260135723777171035 ) ) ;
#9394 = STYLED_ITEM ( 'NONE', ( #5112 ), #2503 ) ;
#9395 = CARTESIAN_POINT ( 'NONE',  ( -1.616461070967178726, -1.000000000000000000, 0.2094545955655646996 ) ) ;
#9396 = VECTOR ( 'NONE', #4970, 1000.000000000000227 ) ;
#9397 = UNCERTAINTY_MEASURE_WITH_UNIT (LENGTH_MEASURE( 1.000000000000000082E-05 ), #7180, 'distance_accuracy_value', 'NONE');
#9398 = EDGE_LOOP ( 'NONE', ( #5634, #2853, #3823, #8871 ) ) ;
#9399 = CARTESIAN_POINT ( 'NONE',  ( -1.682167476051521282, -1.000000000000000000, 0.2621641293139920781 ) ) ;
#9400 = DIRECTION ( 'NONE',  ( -0.0000000000000000000, 1.000000000000000000, -0.0000000000000000000 ) ) ;
#9401 = SURFACE_STYLE_USAGE ( .BOTH. , #4865 ) ;
#9402 = DIRECTION ( 'NONE',  ( 0.7071067811865474617, 0.0000000000000000000, 0.7071067811865474617 ) ) ;
#9403 = CARTESIAN_POINT ( 'NONE',  ( -2.118335738668366997, -1.000000000000000000, 0.2337526747938269700 ) ) ;
#9404 = ORIENTED_EDGE ( 'NONE', *, *, #7055, .T. ) ;
#9405 = SURFACE_STYLE_USAGE ( .BOTH. , #10812 ) ;
#9406 = DIRECTION ( 'NONE',  ( 0.0000000000000000000, 0.7071067811865475727, 0.7071067811865475727 ) ) ;
#9407 = LINE ( 'NONE', #3068, #11055 ) ;
#9408 = LINE ( 'NONE', #94, #11922 ) ;
#9409 = ORIENTED_EDGE ( 'NONE', *, *, #10823, .F. ) ;
#9410 = EDGE_LOOP ( 'NONE', ( #6639, #5227, #5970, #6153 ) ) ;
#9411 = ORIENTED_EDGE ( 'NONE', *, *, #7004, .F. ) ;
#9412 = SURFACE_STYLE_FILL_AREA ( #10204 ) ;
#9413 = B_SPLINE_SURFACE_WITH_KNOTS ( 'NONE', 3, 1, ( 
 ( #5013, #4525 ),
 ( #977, #10941 ),
 ( #11831, #2781 ),
 ( #783, #6355 ) ),
 .UNSPECIFIED., .F., .F., .F.,
 ( 4, 4 ),
 ( 2, 2 ),
 ( 0.0000000000000000000, 1.000000000000000000 ),
 ( 0.0000000000000000000, 1.000000000000000000 ),
 .UNSPECIFIED. ) ;
#9414 =( GEOMETRIC_REPRESENTATION_CONTEXT ( 3 ) GLOBAL_UNCERTAINTY_ASSIGNED_CONTEXT ( ( #8799 ) ) GLOBAL_UNIT_ASSIGNED_CONTEXT ( ( #167, #3019, #11175 ) ) REPRESENTATION_CONTEXT ( 'NONE', 'WORKASPACE' ) );
#9415 = ORIENTED_EDGE ( 'NONE', *, *, #10051, .T. ) ;
#9416 = CARTESIAN_POINT ( 'NONE',  ( -1.727127023559427155, -1.010000000000000009, 0.2117170139091086312 ) ) ;
#9417 =( NAMED_UNIT ( * ) SI_UNIT ( $, .STERADIAN. ) SOLID_ANGLE_UNIT ( ) );
#9418 = EDGE_CURVE ( 'NONE', #2443, #8726, #6195, .T. ) ;
#9419 =( NAMED_UNIT ( * ) SI_UNIT ( $, .STERADIAN. ) SOLID_ANGLE_UNIT ( ) );
#9420 = PRESENTATION_STYLE_ASSIGNMENT (( #2062 ) ) ;
#9421 =( NAMED_UNIT ( * ) PLANE_ANGLE_UNIT ( ) SI_UNIT ( $, .RADIAN. ) );
#9422 = DIRECTION ( 'NONE',  ( -0.0000000000000000000, 1.000000000000000000, -0.0000000000000000000 ) ) ;
#9423 = PLANE ( 'NONE',  #3551 ) ;
#9424 = MECHANICAL_DESIGN_GEOMETRIC_PRESENTATION_REPRESENTATION (  '', ( #5161 ), #3251 ) ;
#9425 = CARTESIAN_POINT ( 'NONE',  ( -1.728402642412857793, -1.000000000000000000, 0.3570894266226369851 ) ) ;
#9426 = VECTOR ( 'NONE', #5092, 1000.000000000000000 ) ;
#9427 = CARTESIAN_POINT ( 'NONE',  ( -1.635884173129417141, -1.010000000000000009, 0.1877450067792323374 ) ) ;
#9428 = ORIENTED_EDGE ( 'NONE', *, *, #4743, .F. ) ;
#9429 = PLANE ( 'NONE',  #10661 ) ;
#9430 = ORIENTED_EDGE ( 'NONE', *, *, #10234, .F. ) ;
#9431 = DIRECTION ( 'NONE',  ( 0.0000000000000000000, 1.000000000000000000, 0.0000000000000000000 ) ) ;
#9432 = SURFACE_STYLE_FILL_AREA ( #3034 ) ;
#9433 = EDGE_CURVE ( 'NONE', #1409, #8726, #6064, .T. ) ;
#9434 = VERTEX_POINT ( 'NONE', #10601 ) ;
#9435 = COLOUR_RGB ( '',0.0000000000000000000, 0.0000000000000000000, 0.0000000000000000000 ) ;
#9436 = CARTESIAN_POINT ( 'NONE',  ( -1.772832687755529824, -1.000000000000000000, 0.4191374531085665933 ) ) ;
#9437 = CARTESIAN_POINT ( 'NONE',  ( -1.760076499222489987, -1.010000000000000009, 0.4046964849586197066 ) ) ;
#9438 = SURFACE_SIDE_STYLE ('',( #7636 ) ) ;
#9439 = CARTESIAN_POINT ( 'NONE',  ( -2.096913870543995806, -1.010000000000000009, 0.4780957742979444203 ) ) ;
#9440 =( GEOMETRIC_REPRESENTATION_CONTEXT ( 3 ) GLOBAL_UNCERTAINTY_ASSIGNED_CONTEXT ( ( #5160 ) ) GLOBAL_UNIT_ASSIGNED_CONTEXT ( ( #535, #3259, #6022 ) ) REPRESENTATION_CONTEXT ( 'NONE', 'WORKASPACE' ) );
#9441 = ORIENTED_EDGE ( 'NONE', *, *, #10898, .F. ) ;
#9442 = B_SPLINE_CURVE_WITH_KNOTS ( 'NONE', 3,
 ( #6089, #5177, #531, #6893 ),
 .UNSPECIFIED., .F., .F.,
 ( 4, 4 ),
 ( 2.000000000000000000, 3.000000000000000000 ),
 .UNSPECIFIED. ) ;
#9443 = DIRECTION ( 'NONE',  ( -0.0000000000000000000, 0.0000000000000000000, 1.000000000000000000 ) ) ;
#9444 = EDGE_LOOP ( 'NONE', ( #11195, #4012, #7368, #5435 ) ) ;
#9445 = ORIENTED_EDGE ( 'NONE', *, *, #3949, .F. ) ;
#9446 = FILL_AREA_STYLE_COLOUR ( '', #1665 ) ;
#9447 = EDGE_CURVE ( 'NONE', #4477, #7548, #9756, .T. ) ;
#9448 = CARTESIAN_POINT ( 'NONE',  ( -1.757838149159489216, -1.010000000000000009, 0.2718395779752592056 ) ) ;
#9449 = CARTESIAN_POINT ( 'NONE',  ( -1.674995128536674205, -1.010000000000000009, 0.2173489914877489715 ) ) ;
#9450 = PRESENTATION_LAYER_ASSIGNMENT (  '', '', ( #3486 ) ) ;
#9451 = CARTESIAN_POINT ( 'NONE',  ( -1.497154605764541513, -1.000000000000000000, 0.3034652982244437913 ) ) ;
#9452 = B_SPLINE_CURVE_WITH_KNOTS ( 'NONE', 3,
 ( #3660, #5631, #7519, #10109 ),
 .UNSPECIFIED., .F., .F.,
 ( 4, 4 ),
 ( 2.000000000000000000, 3.000000000000000000 ),
 .UNSPECIFIED. ) ;
#9453 =( LENGTH_UNIT ( ) NAMED_UNIT ( * ) SI_UNIT ( .MILLI., .METRE. ) );
#9454 = CARTESIAN_POINT ( 'NONE',  ( -1.443602682207659527, -1.010000000000000009, 0.2837774449794280285 ) ) ;
#9455 = CARTESIAN_POINT ( 'NONE',  ( -2.126368929638927874, -1.010000000000000009, 0.4780957742979444203 ) ) ;
#9456 = FACE_OUTER_BOUND ( 'NONE', #10030, .T. ) ;
#9457 = ORIENTED_EDGE ( 'NONE', *, *, #9236, .T. ) ;
#9458 = CARTESIAN_POINT ( 'NONE',  ( -1.682167476051521282, -1.010000000000000009, 0.2594684819264291287 ) ) ;
#9459 = FILL_AREA_STYLE_COLOUR ( '', #6387 ) ;
#9460 = ADVANCED_FACE ( 'NONE', ( #1499 ), #10786, .F. ) ;
#9461 = MECHANICAL_DESIGN_GEOMETRIC_PRESENTATION_REPRESENTATION (  '', ( #4626 ), #8692 ) ;
#9462 =( NAMED_UNIT ( * ) PLANE_ANGLE_UNIT ( ) SI_UNIT ( $, .RADIAN. ) );
#9463 = ORIENTED_EDGE ( 'NONE', *, *, #497, .F. ) ;
#9464 = DIRECTION ( 'NONE',  ( 1.000000000000000000, -0.0000000000000000000, 0.0000000000000000000 ) ) ;
#9465 = SURFACE_SIDE_STYLE ('',( #3013 ) ) ;
#9466 = PRESENTATION_STYLE_ASSIGNMENT (( #9582 ) ) ;
#9467 = VECTOR ( 'NONE', #11362, 1000.000000000000000 ) ;
#9468 = ORIENTED_EDGE ( 'NONE', *, *, #7810, .F. ) ;
#9469 = ORIENTED_EDGE ( 'NONE', *, *, #2291, .F. ) ;
#9470 = EDGE_LOOP ( 'NONE', ( #4974, #5228, #8231, #6275, #1029, #8402 ) ) ;
#9471 = SURFACE_SIDE_STYLE ('',( #5787 ) ) ;
#9472 = ADVANCED_FACE ( 'NONE', ( #10155 ), #8352, .T. ) ;
#9473 = EDGE_CURVE ( 'NONE', #2013, #8444, #804, .T. ) ;
#9474 = SURFACE_STYLE_USAGE ( .BOTH. , #7551 ) ;
#9475 = FACE_OUTER_BOUND ( 'NONE', #10523, .T. ) ;
#9476 = PLANE ( 'NONE',  #4580 ) ;
#9477 = MECHANICAL_DESIGN_GEOMETRIC_PRESENTATION_REPRESENTATION (  '', ( #4461 ), #8328 ) ;
#9478 = CARTESIAN_POINT ( 'NONE',  ( -1.814181993226108291, -1.000000000000000000, 0.4528330454595122512 ) ) ;
#9479 = SURFACE_STYLE_FILL_AREA ( #8704 ) ;
#9480 =( NAMED_UNIT ( * ) SI_UNIT ( $, .STERADIAN. ) SOLID_ANGLE_UNIT ( ) );
#9481 = VERTEX_POINT ( 'NONE', #10089 ) ;
#9482 =( GEOMETRIC_REPRESENTATION_CONTEXT ( 3 ) GLOBAL_UNCERTAINTY_ASSIGNED_CONTEXT ( ( #9758 ) ) GLOBAL_UNIT_ASSIGNED_CONTEXT ( ( #8680, #630, #11686 ) ) REPRESENTATION_CONTEXT ( 'NONE', 'WORKASPACE' ) );
#9483 = ORIENTED_EDGE ( 'NONE', *, *, #7176, .F. ) ;
#9484 = EDGE_LOOP ( 'NONE', ( #192, #11536, #2143, #3142 ) ) ;
#9485 = CARTESIAN_POINT ( 'NONE',  ( -2.222097874890202718, -1.000000000000000000, 0.4238716809816544528 ) ) ;
#9486 = B_SPLINE_SURFACE_WITH_KNOTS ( 'NONE', 3, 1, ( 
 ( #11283, #6464 ),
 ( #11046, #7488 ),
 ( #7608, #11166 ),
 ( #9238, #1995 ) ),
 .UNSPECIFIED., .F., .F., .F.,
 ( 4, 4 ),
 ( 2, 2 ),
 ( 3.000000000000000000, 4.000000000000000000 ),
 ( 0.0000000000000000000, 1.000000000000000000 ),
 .UNSPECIFIED. ) ;
#9487 = ORIENTED_EDGE ( 'NONE', *, *, #5455, .F. ) ;
#9488 = DIRECTION ( 'NONE',  ( 1.000000000000000000, 0.0000000000000000000, 0.0000000000000000000 ) ) ;
#9489 = VECTOR ( 'NONE', #3649, 1000.000000000000000 ) ;
#9490 = ORIENTED_EDGE ( 'NONE', *, *, #2218, .F. ) ;
#9491 = CARTESIAN_POINT ( 'NONE',  ( -1.621635751221256250, -1.000000000000000000, 0.1972279091980717602 ) ) ;
#9492 = PRESENTATION_STYLE_ASSIGNMENT (( #3213 ) ) ;
#9493 = LINE ( 'NONE', #10221, #10910 ) ;
#9495 = EDGE_CURVE ( 'NONE', #4387, #3009, #10340, .T. ) ;
#9494 = SURFACE_STYLE_USAGE ( .BOTH. , #10410 ) ;
#9496 = VERTEX_POINT ( 'NONE', #4595 ) ;
#9497 = SURFACE_STYLE_FILL_AREA ( #5085 ) ;
#9498 = ORIENTED_EDGE ( 'NONE', *, *, #8503, .T. ) ;
#9499 = FILL_AREA_STYLE_COLOUR ( '', #9122 ) ;
#9500 = ORIENTED_EDGE ( 'NONE', *, *, #1804, .F. ) ;
#9501 = COLOUR_RGB ( '',0.0000000000000000000, 0.0000000000000000000, 0.0000000000000000000 ) ;
#9502 = SURFACE_SIDE_STYLE ('',( #71 ) ) ;
#9503 = FACE_OUTER_BOUND ( 'NONE', #3377, .T. ) ;
#9504 = SURFACE_STYLE_USAGE ( .BOTH. , #4916 ) ;
#9505 = PRESENTATION_LAYER_ASSIGNMENT (  '', '', ( #3144 ) ) ;
#9506 = LINE ( 'NONE', #7771, #2198 ) ;
#9507 = VECTOR ( 'NONE', #7291, 1000.000000000000000 ) ;
#9508 = DIRECTION ( 'NONE',  ( 1.000000000000000000, -0.0000000000000000000, -0.0000000000000000000 ) ) ;
#9509 = FILL_AREA_STYLE_COLOUR ( '', #11918 ) ;
#9510 = B_SPLINE_SURFACE_WITH_KNOTS ( 'NONE', 3, 1, ( 
 ( #586, #10984 ),
 ( #6451, #2532 ),
 ( #3564, #10806 ),
 ( #9227, #6339 ) ),
 .UNSPECIFIED., .F., .F., .F.,
 ( 4, 4 ),
 ( 2, 2 ),
 ( 17.00000000000000000, 18.00000000000000000 ),
 ( 0.0000000000000000000, 1.000000000000000000 ),
 .UNSPECIFIED. ) ;
#9512 = EDGE_CURVE ( 'NONE', #3127, #2177, #8292, .T. ) ;
#9511 = CARTESIAN_POINT ( 'NONE',  ( -1.676463293631890394, -1.010000000000000009, 0.2388660340316498820 ) ) ;
#9513 = UNCERTAINTY_MEASURE_WITH_UNIT (LENGTH_MEASURE( 1.000000000000000082E-05 ), #8243, 'distance_accuracy_value', 'NONE');
#9514 = FILL_AREA_STYLE ('',( #4086 ) ) ;
#9515 = EDGE_LOOP ( 'NONE', ( #5315, #6356, #9066, #7258 ) ) ;
#9516 = PRESENTATION_LAYER_ASSIGNMENT (  '', '', ( #7796 ) ) ;
#9517 = LINE ( 'NONE', #3789, #11665 ) ;
#9518 = DIRECTION ( 'NONE',  ( -0.0000000000000000000, 1.000000000000000000, -0.0000000000000000000 ) ) ;
#9519 = VECTOR ( 'NONE', #9246, 1000.000000000000000 ) ;
#9520 =( LENGTH_UNIT ( ) NAMED_UNIT ( * ) SI_UNIT ( .MILLI., .METRE. ) );
#9521 = PRESENTATION_LAYER_ASSIGNMENT (  '', '', ( #6840 ) ) ;
#9522 = CARTESIAN_POINT ( 'NONE',  ( -1.777838890047726883, -1.000000000000000000, 0.2926345721118238097 ) ) ;
#9524 = EDGE_CURVE ( 'NONE', #7577, #3252, #8524, .T. ) ;
#9523 = DIRECTION ( 'NONE',  ( -1.000000000000000000, 0.0000000000000000000, -0.0000000000000000000 ) ) ;
#9525 = UNCERTAINTY_MEASURE_WITH_UNIT (LENGTH_MEASURE( 1.000000000000000082E-05 ), #8848, 'distance_accuracy_value', 'NONE');
#9526 = ORIENTED_EDGE ( 'NONE', *, *, #6139, .T. ) ;
#9527 = VERTEX_POINT ( 'NONE', #10272 ) ;
#9528 = PRESENTATION_LAYER_ASSIGNMENT (  '', '', ( #8390 ) ) ;
#9529 =( NAMED_UNIT ( * ) PLANE_ANGLE_UNIT ( ) SI_UNIT ( $, .RADIAN. ) );
#9530 = DIRECTION ( 'NONE',  ( 0.7071067811865475727, -0.7071067811865475727, 0.0000000000000000000 ) ) ;
#9531 = AXIS2_PLACEMENT_3D ( 'NONE', #5339, #9151, #9041 ) ;
#9532 = CARTESIAN_POINT ( 'NONE',  ( -1.588686275558511163, -1.000000000000000000, 0.4420023193468916589 ) ) ;
#9533 = DIRECTION ( 'NONE',  ( -1.000000000000000000, 0.0000000000000000000, 0.0000000000000000000 ) ) ;
#9534 = CARTESIAN_POINT ( 'NONE',  ( -2.118335738668366997, -1.010000000000000009, 0.2317443802431300992 ) ) ;
#9535 = SURFACE_SIDE_STYLE ('',( #9479 ) ) ;
#9536 = PRESENTATION_STYLE_ASSIGNMENT (( #3934 ) ) ;
#9537 = AXIS2_PLACEMENT_3D ( 'NONE', #7536, #6622, #2045 ) ;
#9538 = EDGE_CURVE ( 'NONE', #525, #7393, #5681, .T. ) ;
#9539 = EDGE_CURVE ( 'NONE', #976, #3270, #8642, .T. ) ;
#9540 = CARTESIAN_POINT ( 'NONE',  ( -1.543149089323647249, -1.010000000000000009, 0.4320380513229469810 ) ) ;
#9541 = ORIENTED_EDGE ( 'NONE', *, *, #8857, .T. ) ;
#9542 = B_SPLINE_CURVE_WITH_KNOTS ( 'NONE', 3,
 ( #9883, #697, #4434, #2519 ),
 .UNSPECIFIED., .F., .F.,
 ( 4, 4 ),
 ( 6.000000000000000000, 7.000000000000000000 ),
 .UNSPECIFIED. ) ;
#9543 = ORIENTED_EDGE ( 'NONE', *, *, #5224, .T. ) ;
#9544 = CARTESIAN_POINT ( 'NONE',  ( -2.216742414243162429, -1.000000000000000000, 0.4238716809816544528 ) ) ;
#9545 = ORIENTED_EDGE ( 'NONE', *, *, #5129, .F. ) ;
#9546 = SURFACE_STYLE_USAGE ( .BOTH. , #2976 ) ;
#9547 = FACE_OUTER_BOUND ( 'NONE', #1171, .T. ) ;
#9549 = ORIENTED_EDGE ( 'NONE', *, *, #6509, .F. ) ;
#9548 =( GEOMETRIC_REPRESENTATION_CONTEXT ( 3 ) GLOBAL_UNCERTAINTY_ASSIGNED_CONTEXT ( ( #10011 ) ) GLOBAL_UNIT_ASSIGNED_CONTEXT ( ( #10787, #6318, #10913 ) ) REPRESENTATION_CONTEXT ( 'NONE', 'WORKASPACE' ) );
#9550 = FACE_OUTER_BOUND ( 'NONE', #2373, .T. ) ;
#9551 =( NAMED_UNIT ( * ) PLANE_ANGLE_UNIT ( ) SI_UNIT ( $, .RADIAN. ) );
#9552 =( LENGTH_UNIT ( ) NAMED_UNIT ( * ) SI_UNIT ( .MILLI., .METRE. ) );
#9553 = PRESENTATION_STYLE_ASSIGNMENT (( #6916 ) ) ;
#9554 = AXIS2_PLACEMENT_3D ( 'NONE', #8002, #5136, #11596 ) ;
#9555 = CARTESIAN_POINT ( 'NONE',  ( -1.727223296680637565, -1.010000000000000009, 0.2228846959454959809 ) ) ;
#9556 = ORIENTED_EDGE ( 'NONE', *, *, #364, .T. ) ;
#9557 = ORIENTED_EDGE ( 'NONE', *, *, #9257, .F. ) ;
#9558 =( NAMED_UNIT ( * ) SI_UNIT ( $, .STERADIAN. ) SOLID_ANGLE_UNIT ( ) );
#9559 = LINE ( 'NONE', #4019, #8623 ) ;
#9560 = EDGE_CURVE ( 'NONE', #7669, #600, #6027, .T. ) ;
#9561 =( NAMED_UNIT ( * ) PLANE_ANGLE_UNIT ( ) SI_UNIT ( $, .RADIAN. ) );
#9562 = APPLICATION_PROTOCOL_DEFINITION ( 'draft international standard', 'automotive_design', 1998, #8139 ) ;
#9563 = MECHANICAL_DESIGN_GEOMETRIC_PRESENTATION_REPRESENTATION (  '', ( #5901 ), #11307 ) ;
#9564 = FACE_OUTER_BOUND ( 'NONE', #2959, .T. ) ;
#9565 = CARTESIAN_POINT ( 'NONE',  ( -2.221428439117376197, -1.010000000000000009, 0.3837057261294960497 ) ) ;
#9566 = CARTESIAN_POINT ( 'NONE',  ( -1.694394162418690009, -1.010000000000000009, 0.2116688773486635200 ) ) ;
#9567 = VERTEX_POINT ( 'NONE', #2246 ) ;
#9568 = FILL_AREA_STYLE ('',( #2105 ) ) ;
#9569 = CARTESIAN_POINT ( 'NONE',  ( -1.814181993226108291, -1.010000000000000009, 0.4528330454595122512 ) ) ;
#9570 = AXIS2_PLACEMENT_3D ( 'NONE', #7904, #1444, #4323 ) ;
#9571 = EDGE_LOOP ( 'NONE', ( #11196, #10522 ) ) ;
#9572 = EDGE_CURVE ( 'NONE', #1516, #5066, #11463, .T. ) ;
#9573 = DIRECTION ( 'NONE',  ( -0.0000000000000000000, 1.000000000000000000, -0.0000000000000000000 ) ) ;
#9574 = CARTESIAN_POINT ( 'NONE',  ( -2.221428439117376197, -1.000000000000000000, 0.3837057261294960497 ) ) ;
#9575 = CARTESIAN_POINT ( 'NONE',  ( -1.612080643961746107, -1.000000000000000000, 0.2260135723777171035 ) ) ;
#9576 = PRESENTATION_STYLE_ASSIGNMENT (( #7662 ) ) ;
#9577 = CARTESIAN_POINT ( 'NONE',  ( -1.415274316352898021, -1.010000000000000009, 0.2093101858842237595 ) ) ;
#9578 = PLANE ( 'NONE',  #3037 ) ;
#9579 =( NAMED_UNIT ( * ) PLANE_ANGLE_UNIT ( ) SI_UNIT ( $, .RADIAN. ) );
#9580 = EDGE_CURVE ( 'NONE', #3270, #5433, #7740, .T. ) ;
#9581 = B_SPLINE_SURFACE_WITH_KNOTS ( 'NONE', 3, 1, ( 
 ( #7599, #1264 ),
 ( #4751, #1202 ),
 ( #5891, #7658 ),
 ( #269, #6881 ) ),
 .UNSPECIFIED., .F., .F., .F.,
 ( 4, 4 ),
 ( 2, 2 ),
 ( 3.000000000000000000, 4.000000000000000000 ),
 ( 0.0000000000000000000, 1.000000000000000000 ),
 .UNSPECIFIED. ) ;
#9582 = SURFACE_STYLE_USAGE ( .BOTH. , #6886 ) ;
#9583 = B_SPLINE_CURVE_WITH_KNOTS ( 'NONE', 3,
 ( #10837, #2804, #10963, #5392 ),
 .UNSPECIFIED., .F., .F.,
 ( 4, 4 ),
 ( 7.000000000000000000, 8.000000000000000000 ),
 .UNSPECIFIED. ) ;
#9584 = ORIENTED_EDGE ( 'NONE', *, *, #6125, .T. ) ;
#9585 =( GEOMETRIC_REPRESENTATION_CONTEXT ( 3 ) GLOBAL_UNCERTAINTY_ASSIGNED_CONTEXT ( ( #5169 ) ) GLOBAL_UNIT_ASSIGNED_CONTEXT ( ( #6407, #10074, #1993 ) ) REPRESENTATION_CONTEXT ( 'NONE', 'WORKASPACE' ) );
#9586 = VERTEX_POINT ( 'NONE', #5852 ) ;
#9587 = LINE ( 'NONE', #5175, #10869 ) ;
#9588 = MECHANICAL_DESIGN_GEOMETRIC_PRESENTATION_REPRESENTATION (  '', ( #1118 ), #521 ) ;
#9589 = DIRECTION ( 'NONE',  ( -0.0000000000000000000, 1.000000000000000000, -0.0000000000000000000 ) ) ;
#9590 = ADVANCED_FACE ( 'NONE', ( #349 ), #11353, .F. ) ;
#9591 = FILL_AREA_STYLE ('',( #4827 ) ) ;
#9592 = PRESENTATION_STYLE_ASSIGNMENT (( #10443 ) ) ;
#9593 = PRESENTATION_LAYER_ASSIGNMENT (  '', '', ( #4779 ) ) ;
#9594 = FILL_AREA_STYLE_COLOUR ( '', #1830 ) ;
#9595 = CARTESIAN_POINT ( 'NONE',  ( -1.740027621773804656, -1.000000000000000000, 0.2173971280481934165 ) ) ;
#9596 = DIRECTION ( 'NONE',  ( 0.0000000000000000000, 0.0000000000000000000, -1.000000000000000000 ) ) ;
#9598 = MECHANICAL_DESIGN_GEOMETRIC_PRESENTATION_REPRESENTATION (  '', ( #8643 ), #7887 ) ;
#9597 = CARTESIAN_POINT ( 'NONE',  ( -1.614487471986630895, -1.010000000000000009, 0.1848086765887972382 ) ) ;
#9599 =( LENGTH_UNIT ( ) NAMED_UNIT ( * ) SI_UNIT ( .MILLI., .METRE. ) );
#9600 = ORIENTED_EDGE ( 'NONE', *, *, #6379, .F. ) ;
#9601 = ORIENTED_EDGE ( 'NONE', *, *, #6524, .F. ) ;
#9602 = ORIENTED_EDGE ( 'NONE', *, *, #8732, .T. ) ;
#9603 = FILL_AREA_STYLE_COLOUR ( '', #10855 ) ;
#9604 = ORIENTED_EDGE ( 'NONE', *, *, #2627, .F. ) ;
#9605 = DIRECTION ( 'NONE',  ( -0.0000000000000000000, 1.000000000000000000, -0.0000000000000000000 ) ) ;
#9607 = ADVANCED_FACE ( 'NONE', ( #8585 ), #5061, .F. ) ;
#9606 = STYLED_ITEM ( 'NONE', ( #7468 ), #2099 ) ;
#9608 = ORIENTED_EDGE ( 'NONE', *, *, #4428, .F. ) ;
#9609 = SURFACE_SIDE_STYLE ('',( #2081 ) ) ;
#9610 = B_SPLINE_SURFACE_WITH_KNOTS ( 'NONE', 3, 1, ( 
 ( #9117, #11095 ),
 ( #7181, #10189 ),
 ( #7305, #712 ),
 ( #11816, #3677 ) ),
 .UNSPECIFIED., .F., .F., .F.,
 ( 4, 4 ),
 ( 2, 2 ),
 ( 8.000000000000000000, 9.000000000000000000 ),
 ( 0.0000000000000000000, 1.000000000000000000 ),
 .UNSPECIFIED. ) ;
#9611 = CARTESIAN_POINT ( 'NONE',  ( -1.724527649292435960, -1.000000000000000000, 0.4434464161615654931 ) ) ;
#9612 = VERTEX_POINT ( 'NONE', #11524 ) ;
#9613 = CARTESIAN_POINT ( 'NONE',  ( -1.668135668665369442, -1.000000000000000000, 0.2474343418007252937 ) ) ;
#9614 = ORIENTED_EDGE ( 'NONE', *, *, #8301, .F. ) ;
#9615 = ORIENTED_EDGE ( 'NONE', *, *, #8014, .T. ) ;
#9616 = VECTOR ( 'NONE', #11962, 1000.000000000000000 ) ;
#9617 = CARTESIAN_POINT ( 'NONE',  ( -1.736609925978263469, -1.000000000000000000, 0.3679201527352576329 ) ) ;
#9618 = EDGE_CURVE ( 'NONE', #10202, #2330, #11452, .T. ) ;
#9619 = CARTESIAN_POINT ( 'NONE',  ( -1.443602682207659527, -1.000000000000000000, 0.2837774449794280285 ) ) ;
#9620 = CARTESIAN_POINT ( 'NONE',  ( -1.777838890047726883, -1.000000000000000000, 0.3034652982244437913 ) ) ;
#9621 = CARTESIAN_POINT ( 'NONE',  ( 0.0000000000000000000, 0.0000000000000000000, 0.0000000000000000000 ) ) ;
#9622 =( NAMED_UNIT ( * ) PLANE_ANGLE_UNIT ( ) SI_UNIT ( $, .RADIAN. ) );
#9623 = DIRECTION ( 'NONE',  ( 1.000000000000000000, 0.0000000000000000000, -0.0000000000000000000 ) ) ;
#9624 = SURFACE_SIDE_STYLE ('',( #3171 ) ) ;
#9625 = UNCERTAINTY_MEASURE_WITH_UNIT (LENGTH_MEASURE( 1.000000000000000082E-05 ), #3927, 'distance_accuracy_value', 'NONE');
#9626 = EDGE_LOOP ( 'NONE', ( #8462, #1167, #7523, #7434 ) ) ;
#9627 = PRESENTATION_STYLE_ASSIGNMENT (( #2400 ) ) ;
#9628 = MECHANICAL_DESIGN_GEOMETRIC_PRESENTATION_REPRESENTATION (  '', ( #3479 ), #765 ) ;
#9629 = CARTESIAN_POINT ( 'NONE',  ( -1.475252470737069332, -1.000000000000000000, 0.3950691728584412310 ) ) ;
#9630 = UNCERTAINTY_MEASURE_WITH_UNIT (LENGTH_MEASURE( 1.000000000000000082E-05 ), #11741, 'distance_accuracy_value', 'NONE');
#9631 = CARTESIAN_POINT ( 'NONE',  ( -2.028631677068852834, -1.000000000000000000, 0.2089836405724676549 ) ) ;
#9632 = CARTESIAN_POINT ( 'NONE',  ( -1.497154605764541513, -1.000000000000000000, 0.2093101858842237595 ) ) ;
#9633 = CARTESIAN_POINT ( 'NONE',  ( -1.373780601200661033, -1.000000000000000000, 0.2885911010291963841 ) ) ;
#9634 = CARTESIAN_POINT ( 'NONE',  ( -1.632851569818088766, -1.010000000000000009, 0.3586779331192915810 ) ) ;
#9635 = LINE ( 'NONE', #8454, #1037 ) ;
#9636 = DIRECTION ( 'NONE',  ( 0.0000000000000000000, 0.0000000000000000000, -1.000000000000000000 ) ) ;
#9637 = PLANE ( 'NONE',  #10182 ) ;
#9638 = B_SPLINE_CURVE_WITH_KNOTS ( 'NONE', 3,
 ( #1896, #11114, #917, #4591 ),
 .UNSPECIFIED., .F., .F.,
 ( 4, 4 ),
 ( 18.00000000000000000, 19.00000000000000000 ),
 .UNSPECIFIED. ) ;
#9639 = CARTESIAN_POINT ( 'NONE',  ( -1.668135668665369442, -1.010000000000000009, 0.2780973308403431599 ) ) ;
#9640 = VECTOR ( 'NONE', #10193, 1000.000000000000000 ) ;
#9641 = UNCERTAINTY_MEASURE_WITH_UNIT (LENGTH_MEASURE( 1.000000000000000082E-05 ), #3293, 'distance_accuracy_value', 'NONE');
#9642 = ADVANCED_FACE ( 'NONE', ( #6955 ), #722, .F. ) ;
#9643 = MECHANICAL_DESIGN_GEOMETRIC_PRESENTATION_REPRESENTATION (  '', ( #9090 ), #5979 ) ;
#9644 = ORIENTED_EDGE ( 'NONE', *, *, #455, .T. ) ;
#9645 = ORIENTED_EDGE ( 'NONE', *, *, #10257, .T. ) ;
#9646 = EDGE_LOOP ( 'NONE', ( #7366, #465, #5568, #11780, #8178, #10274 ) ) ;
#9647 = CARTESIAN_POINT ( 'NONE',  ( -2.024615087967786220, -1.010000000000000009, 0.2879767681101150778 ) ) ;
#9648 = PLANE ( 'NONE',  #11589 ) ;
#9649 = CARTESIAN_POINT ( 'NONE',  ( -2.096913870543995806, -1.010000000000000009, 0.4780957742979444203 ) ) ;
#9650 = DIRECTION ( 'NONE',  ( -0.0000000000000000000, -0.0000000000000000000, 1.000000000000000000 ) ) ;
#9651 =( NAMED_UNIT ( * ) SI_UNIT ( $, .STERADIAN. ) SOLID_ANGLE_UNIT ( ) );
#9652 =( GEOMETRIC_REPRESENTATION_CONTEXT ( 3 ) GLOBAL_UNCERTAINTY_ASSIGNED_CONTEXT ( ( #1434 ) ) GLOBAL_UNIT_ASSIGNED_CONTEXT ( ( #2492, #8773, #4180 ) ) REPRESENTATION_CONTEXT ( 'NONE', 'WORKASPACE' ) );
#9653 = FACE_OUTER_BOUND ( 'NONE', #5295, .T. ) ;
#9654 = LINE ( 'NONE', #9787, #1046 ) ;
#9655 = ADVANCED_FACE ( 'NONE', ( #9786 ), #8958, .F. ) ;
#9656 = ORIENTED_EDGE ( 'NONE', *, *, #4560, .T. ) ;
#9657 = EDGE_LOOP ( 'NONE', ( #9463, #10903, #418, #9674, #3218, #4470, #6861 ) ) ;
#9658 = ORIENTED_EDGE ( 'NONE', *, *, #10084, .T. ) ;
#9659 = VECTOR ( 'NONE', #9589, 1000.000000000000000 ) ;
#9660 = VERTEX_POINT ( 'NONE', #9076 ) ;
#9661 = DIRECTION ( 'NONE',  ( -0.0000000000000000000, 0.0000000000000000000, -1.000000000000000000 ) ) ;
#9662 = EDGE_LOOP ( 'NONE', ( #11542, #5815, #1233, #2221, #9404, #2141, #6658, #868, #10764, #8173, #4355, #10957, #10165, #3703, #2765, #8449, #10041, #7085, #283, #7178, #1546, #7093, #8371, #3540, #870, #2353, #8994, #10158, #3456, #4494, #1659, #5577, #8997 ) ) ;
#9663 = DIRECTION ( 'NONE',  ( -0.0000000000000000000, 1.000000000000000000, -0.0000000000000000000 ) ) ;
#9664 = DIRECTION ( 'NONE',  ( 0.0000000000000000000, 1.000000000000000000, 0.0000000000000000000 ) ) ;
#9665 = PLANE ( 'NONE',  #5249 ) ;
#9666 =( NAMED_UNIT ( * ) PLANE_ANGLE_UNIT ( ) SI_UNIT ( $, .RADIAN. ) );
#9667 = MECHANICAL_DESIGN_GEOMETRIC_PRESENTATION_REPRESENTATION (  '', ( #11222 ), #9482 ) ;
#9668 = CARTESIAN_POINT ( 'NONE',  ( -2.002523796838695080, -1.010000000000000009, 0.3542506287292847000 ) ) ;
#9669 = EDGE_CURVE ( 'NONE', #3996, #482, #661, .T. ) ;
#9670 = ORIENTED_EDGE ( 'NONE', *, *, #5455, .T. ) ;
#9671 = CARTESIAN_POINT ( 'NONE',  ( -2.005870962935040414, -1.010000000000000009, 0.4432852449793324157 ) ) ;
#9672 = ORIENTED_EDGE ( 'NONE', *, *, #3837, .F. ) ;
#9673 = CARTESIAN_POINT ( 'NONE',  ( -1.609601611095552443, -1.010000000000000009, 0.2235586077923840675 ) ) ;
#9674 = ORIENTED_EDGE ( 'NONE', *, *, #3435, .F. ) ;
#9675 = CARTESIAN_POINT ( 'NONE',  ( -1.744672799862331480, -1.000000000000000000, 0.3712415754099058773 ) ) ;
#9676 = VECTOR ( 'NONE', #11543, 1000.000000000000000 ) ;
#9677 = DIRECTION ( 'NONE',  ( 0.0000000000000000000, 1.000000000000000000, 0.0000000000000000000 ) ) ;
#9678 = CARTESIAN_POINT ( 'NONE',  ( -1.660626365227073631, -1.010000000000000009, 0.2446424212916273877 ) ) ;
#9679 = SURFACE_STYLE_FILL_AREA ( #254 ) ;
#9680 = B_SPLINE_SURFACE_WITH_KNOTS ( 'NONE', 3, 1, ( 
 ( #8370, #10172 ),
 ( #2929, #190 ),
 ( #5575, #999 ),
 ( #6603, #2025 ) ),
 .UNSPECIFIED., .F., .F., .F.,
 ( 4, 4 ),
 ( 2, 2 ),
 ( 3.000000000000000000, 4.000000000000000000 ),
 ( 0.0000000000000000000, 1.000000000000000000 ),
 .UNSPECIFIED. ) ;
#9681 = SURFACE_SIDE_STYLE ('',( #6868 ) ) ;
#9682 = CARTESIAN_POINT ( 'NONE',  ( -1.357341965788981586, -1.000000000000000000, 0.2457014256227323390 ) ) ;
#9683 = CARTESIAN_POINT ( 'NONE',  ( -2.185279047829110866, -1.000000000000000000, 0.2993571379454478820 ) ) ;
#9684 =( NAMED_UNIT ( * ) PLANE_ANGLE_UNIT ( ) SI_UNIT ( $, .RADIAN. ) );
#9685 = LINE ( 'NONE', #11324, #6652 ) ;
#9686 = ADVANCED_FACE ( 'NONE', ( #11770 ), #3573, .T. ) ;
#9687 = ADVANCED_FACE ( 'NONE', ( #7430 ), #5428, .F. ) ;
#9688 =( GEOMETRIC_REPRESENTATION_CONTEXT ( 3 ) GLOBAL_UNCERTAINTY_ASSIGNED_CONTEXT ( ( #4547 ) ) GLOBAL_UNIT_ASSIGNED_CONTEXT ( ( #9552, #5867, #1238 ) ) REPRESENTATION_CONTEXT ( 'NONE', 'WORKASPACE' ) );
#9689 = SURFACE_STYLE_FILL_AREA ( #7838 ) ;
#9690 = PRESENTATION_LAYER_ASSIGNMENT (  '', '', ( #3329 ) ) ;
#9691 = CARTESIAN_POINT ( 'NONE',  ( -1.552607923462264727, -1.000000000000000000, 0.4403656762897907306 ) ) ;
#9692 = LINE ( 'NONE', #3490, #1453 ) ;
#9694 = COLOUR_RGB ( '',0.0000000000000000000, 0.0000000000000000000, 0.0000000000000000000 ) ;
#9693 = VECTOR ( 'NONE', #4227, 1000.000000000000000 ) ;
#9695 = SURFACE_STYLE_FILL_AREA ( #1323 ) ;
#9696 = AXIS2_PLACEMENT_3D ( 'NONE', #4142, #7830, #2390 ) ;
#9697 = DIRECTION ( 'NONE',  ( -1.000000000000000000, -0.0000000000000000000, -0.0000000000000000000 ) ) ;
#9698 =( NAMED_UNIT ( * ) SI_UNIT ( $, .STERADIAN. ) SOLID_ANGLE_UNIT ( ) );
#9699 = SURFACE_STYLE_FILL_AREA ( #6762 ) ;
#9700 = SURFACE_STYLE_FILL_AREA ( #1326 ) ;
#9701 = FILL_AREA_STYLE_COLOUR ( '', #10304 ) ;
#9702 = VECTOR ( 'NONE', #4578, 1000.000000000000000 ) ;
#9703 = STYLED_ITEM ( 'NONE', ( #8523 ), #907 ) ;
#9704 = ORIENTED_EDGE ( 'NONE', *, *, #1104, .F. ) ;
#9705 = ORIENTED_EDGE ( 'NONE', *, *, #2395, .F. ) ;
#9706 = ORIENTED_EDGE ( 'NONE', *, *, #668, .F. ) ;
#9707 = FILL_AREA_STYLE ('',( #6155 ) ) ;
#9708 = B_SPLINE_SURFACE_WITH_KNOTS ( 'NONE', 3, 1, ( 
 ( #8051, #10196 ),
 ( #9124, #6518 ),
 ( #5488, #1938 ),
 ( #1992, #1771 ) ),
 .UNSPECIFIED., .F., .F., .F.,
 ( 4, 4 ),
 ( 2, 2 ),
 ( 33.00000000000000000, 34.00000000000000000 ),
 ( 0.0000000000000000000, 1.000000000000000000 ),
 .UNSPECIFIED. ) ;
#9709 = SURFACE_STYLE_FILL_AREA ( #8935 ) ;
#9710 = CARTESIAN_POINT ( 'NONE',  ( -1.671336749938581390, -1.010000000000000009, 0.4010862429206517588 ) ) ;
#9711 = VECTOR ( 'NONE', #1006, 1000.000000000000000 ) ;
#9712 = PLANE ( 'NONE',  #11440 ) ;
#9713 = PRESENTATION_LAYER_ASSIGNMENT (  '', '', ( #8197 ) ) ;
#9714 = LINE ( 'NONE', #4277, #1901 ) ;
#9715 = CARTESIAN_POINT ( 'NONE',  ( -2.271635930563852490, -1.010000000000000009, 0.2658854769807030283 ) ) ;
#9716 = CARTESIAN_POINT ( 'NONE',  ( -1.552607923462264727, -1.010000000000000009, 0.3718673506963500741 ) ) ;
#9717 = CARTESIAN_POINT ( 'NONE',  ( -1.903447685491074237, -1.010000000000000009, 0.3027042912733673985 ) ) ;
#9718 = MECHANICAL_DESIGN_GEOMETRIC_PRESENTATION_REPRESENTATION (  '', ( #8759 ), #5272 ) ;
#9719 = EDGE_CURVE ( 'NONE', #7562, #7026, #7313, .T. ) ;
#9720 = SURFACE_SIDE_STYLE ('',( #6026 ) ) ;
#9721 = PRESENTATION_LAYER_ASSIGNMENT (  '', '', ( #9919 ) ) ;
#9722 = SURFACE_STYLE_USAGE ( .BOTH. , #6779 ) ;
#9723 = FILL_AREA_STYLE_COLOUR ( '', #7046 ) ;
#9724 = SURFACE_STYLE_FILL_AREA ( #2365 ) ;
#9725 = VECTOR ( 'NONE', #6590, 1000.000000000000000 ) ;
#9726 = ORIENTED_EDGE ( 'NONE', *, *, #2466, .T. ) ;
#9727 = ORIENTED_EDGE ( 'NONE', *, *, #9560, .T. ) ;
#9728 = CARTESIAN_POINT ( 'NONE',  ( -1.722168957827996172, -1.000000000000000000, 0.2366036156881059782 ) ) ;
#9729 = COLOUR_RGB ( '',0.0000000000000000000, 0.0000000000000000000, 0.0000000000000000000 ) ;
#9730 = AXIS2_PLACEMENT_3D ( 'NONE', #9377, #246, #3950 ) ;
#9731 = ORIENTED_EDGE ( 'NONE', *, *, #7102, .F. ) ;
#9732 = FACE_OUTER_BOUND ( 'NONE', #8189, .T. ) ;
#9733 = FILL_AREA_STYLE ('',( #6036 ) ) ;
#9734 = ORIENTED_EDGE ( 'NONE', *, *, #11584, .T. ) ;
#9735 = CARTESIAN_POINT ( 'NONE',  ( -2.177245856858871953, -1.010000000000000009, 0.4519878781069318618 ) ) ;
#9736 = CARTESIAN_POINT ( 'NONE',  ( -2.188626226694204480, -1.000000000000000000, 0.4439546775603734341 ) ) ;
#9737 = EDGE_CURVE ( 'NONE', #9359, #6481, #969, .T. ) ;
#9738 = AXIS2_PLACEMENT_3D ( 'NONE', #11943, #906, #3744 ) ;
#9739 = PRESENTATION_LAYER_ASSIGNMENT (  '', '', ( #8212 ) ) ;
#9740 =( NAMED_UNIT ( * ) SI_UNIT ( $, .STERADIAN. ) SOLID_ANGLE_UNIT ( ) );
#9741 = ADVANCED_FACE ( 'NONE', ( #10198 ), #4409, .F. ) ;
#9742 = DIRECTION ( 'NONE',  ( 0.9209172030172723122, 0.0000000000000000000, -0.3897582650654687342 ) ) ;
#9743 = ORIENTED_EDGE ( 'NONE', *, *, #11682, .T. ) ;
#9744 =( NAMED_UNIT ( * ) PLANE_ANGLE_UNIT ( ) SI_UNIT ( $, .RADIAN. ) );
#9745 = ORIENTED_EDGE ( 'NONE', *, *, #11234, .T. ) ;
#9746 = FILL_AREA_STYLE ('',( #10777 ) ) ;
#9747 = VERTEX_POINT ( 'NONE', #4807 ) ;
#9748 = PRESENTATION_LAYER_ASSIGNMENT (  '', '', ( #8033 ) ) ;
#9749 =( GEOMETRIC_REPRESENTATION_CONTEXT ( 3 ) GLOBAL_UNCERTAINTY_ASSIGNED_CONTEXT ( ( #11683 ) ) GLOBAL_UNIT_ASSIGNED_CONTEXT ( ( #11738, #9815, #1551 ) ) REPRESENTATION_CONTEXT ( 'NONE', 'WORKASPACE' ) );
#9750 = SURFACE_STYLE_FILL_AREA ( #5875 ) ;
#9751 = FILL_AREA_STYLE_COLOUR ( '', #3652 ) ;
#9752 = CARTESIAN_POINT ( 'NONE',  ( -1.668135668665369442, -1.000000000000000000, 0.2780973308403431599 ) ) ;
#9753 = DIRECTION ( 'NONE',  ( -0.0000000000000000000, 0.0000000000000000000, -1.000000000000000000 ) ) ;
#9754 = EDGE_CURVE ( 'NONE', #4009, #9949, #9343, .T. ) ;
#9755 = DIRECTION ( 'NONE',  ( -0.0000000000000000000, 1.000000000000000000, -0.0000000000000000000 ) ) ;
#9756 = LINE ( 'NONE', #4371, #11640 ) ;
#9757 = CARTESIAN_POINT ( 'NONE',  ( -1.444156252652793793, -1.000000000000000000, 0.2993255540209242560 ) ) ;
#9758 = UNCERTAINTY_MEASURE_WITH_UNIT (LENGTH_MEASURE( 1.000000000000000082E-05 ), #8680, 'distance_accuracy_value', 'NONE');
#9759 = FILL_AREA_STYLE_COLOUR ( '', #1708 ) ;
#9760 = STYLED_ITEM ( 'NONE', ( #5963 ), #7941 ) ;
#9761 = UNCERTAINTY_MEASURE_WITH_UNIT (LENGTH_MEASURE( 1.000000000000000082E-05 ), #8580, 'distance_accuracy_value', 'NONE');
#9763 = EDGE_CURVE ( 'NONE', #6119, #4099, #10425, .T. ) ;
#9762 = CARTESIAN_POINT ( 'NONE',  ( -1.554533385882042928, -1.010000000000000009, 0.3857306801209408054 ) ) ;
#9764 = FACE_OUTER_BOUND ( 'NONE', #11328, .T. ) ;
#9765 =( NAMED_UNIT ( * ) PLANE_ANGLE_UNIT ( ) SI_UNIT ( $, .RADIAN. ) );
#9766 = EDGE_CURVE ( 'NONE', #3763, #4465, #86, .T. ) ;
#9767 = SURFACE_STYLE_FILL_AREA ( #1631 ) ;
#9768 = PRESENTATION_STYLE_ASSIGNMENT (( #6079 ) ) ;
#9769 = DIRECTION ( 'NONE',  ( -0.0000000000000000000, 1.000000000000000000, -0.0000000000000000000 ) ) ;
#9770 = CARTESIAN_POINT ( 'NONE',  ( -2.320504576001850783, -1.000000000000000000, 0.2625382725790780802 ) ) ;
#9771 = UNCERTAINTY_MEASURE_WITH_UNIT (LENGTH_MEASURE( 1.000000000000000082E-05 ), #6238, 'distance_accuracy_value', 'NONE');
#9772 =( GEOMETRIC_REPRESENTATION_CONTEXT ( 3 ) GLOBAL_UNCERTAINTY_ASSIGNED_CONTEXT ( ( #9157 ) ) GLOBAL_UNIT_ASSIGNED_CONTEXT ( ( #11218, #10544, #6060 ) ) REPRESENTATION_CONTEXT ( 'NONE', 'WORKASPACE' ) );
#9773 = ORIENTED_EDGE ( 'NONE', *, *, #9539, .F. ) ;
#9774 = EDGE_LOOP ( 'NONE', ( #11000, #4701, #6466, #11051 ) ) ;
#9775 = CARTESIAN_POINT ( 'NONE',  ( -2.240172589686975080, -1.000000000000000000, 0.1835451833467068861 ) ) ;
#9776 =( NAMED_UNIT ( * ) SI_UNIT ( $, .STERADIAN. ) SOLID_ANGLE_UNIT ( ) );
#9777 = CARTESIAN_POINT ( 'NONE',  ( 2.500000000000000000, 1.000000000000000000, 0.5999999999999999778 ) ) ;
#9778 = B_SPLINE_CURVE_WITH_KNOTS ( 'NONE', 3,
 ( #11250, #4789, #2139, #1119 ),
 .UNSPECIFIED., .F., .F.,
 ( 4, 4 ),
 ( 6.000000000000000000, 7.000000000000000000 ),
 .UNSPECIFIED. ) ;
#9779 = DIRECTION ( 'NONE',  ( -0.0000000000000000000, 1.000000000000000000, -0.0000000000000000000 ) ) ;
#9780 = CARTESIAN_POINT ( 'NONE',  ( -2.007879257485734481, -1.000000000000000000, 0.4011109540794149386 ) ) ;
#9781 = CARTESIAN_POINT ( 'NONE',  ( -2.288371761046226194, -1.010000000000000009, 0.2893156396557675647 ) ) ;
#9782 = EDGE_CURVE ( 'NONE', #2177, #3515, #9517, .T. ) ;
#9783 = LINE ( 'NONE', #11519, #9195 ) ;
#9784 = CARTESIAN_POINT ( 'NONE',  ( -1.492196540033435381, -1.000000000000000000, 0.4357445664818077047 ) ) ;
#9785 = CARTESIAN_POINT ( 'NONE',  ( -1.743758205212888601, -1.000000000000000000, 0.2173971280481934165 ) ) ;
#9786 = FACE_OUTER_BOUND ( 'NONE', #8797, .T. ) ;
#9787 = CARTESIAN_POINT ( 'NONE',  ( -1.517083141812432645, -1.010000000000000009, 0.2926345721118238097 ) ) ;
#9788 = PRESENTATION_LAYER_ASSIGNMENT (  '', '', ( #320 ) ) ;
#9789 = CARTESIAN_POINT ( 'NONE',  ( -1.379412578779301457, -1.000000000000000000, 0.3034652982244437913 ) ) ;
#9790 = VECTOR ( 'NONE', #8490, 1000.000000000000000 ) ;
#9791 = ORIENTED_EDGE ( 'NONE', *, *, #10084, .F. ) ;
#9792 = ORIENTED_EDGE ( 'NONE', *, *, #3477, .F. ) ;
#9793 = CARTESIAN_POINT ( 'NONE',  ( -1.764408789667795130, -1.010000000000000009, 0.2212961894488408021 ) ) ;
#9794 = ORIENTED_EDGE ( 'NONE', *, *, #3032, .T. ) ;
#9795 = CARTESIAN_POINT ( 'NONE',  ( -1.681301017962523403, -1.010000000000000009, 0.2547029624364659517 ) ) ;
#9796 = FILL_AREA_STYLE ('',( #7933 ) ) ;
#9797 = FILL_AREA_STYLE_COLOUR ( '', #7240 ) ;
#9799 = SURFACE_STYLE_FILL_AREA ( #2553 ) ;
#9798 = STYLED_ITEM ( 'NONE', ( #7530 ), #2580 ) ;
#9800 = PRESENTATION_LAYER_ASSIGNMENT (  '', '', ( #8643 ) ) ;
#9801 =( NAMED_UNIT ( * ) SI_UNIT ( $, .STERADIAN. ) SOLID_ANGLE_UNIT ( ) );
#9802 = DIRECTION ( 'NONE',  ( -0.0000000000000000000, 1.000000000000000000, -0.0000000000000000000 ) ) ;
#9803 = COLOUR_RGB ( '',0.0000000000000000000, 0.0000000000000000000, 0.0000000000000000000 ) ;
#9804 = LINE ( 'NONE', #9025, #6074 ) ;
#9805 = ORIENTED_EDGE ( 'NONE', *, *, #6544, .F. ) ;
#9806 = SURFACE_STYLE_USAGE ( .BOTH. , #2558 ) ;
#9807 = EDGE_CURVE ( 'NONE', #6960, #7175, #10309, .T. ) ;
#9808 = COLOUR_RGB ( '',0.0000000000000000000, 0.0000000000000000000, 0.0000000000000000000 ) ;
#9809 = VERTEX_POINT ( 'NONE', #1981 ) ;
#9810 = SURFACE_SIDE_STYLE ('',( #2505 ) ) ;
#9811 = CARTESIAN_POINT ( 'NONE',  ( -1.726645657954641866, -1.000000000000000000, 0.3679201527352576329 ) ) ;
#9812 = MECHANICAL_DESIGN_GEOMETRIC_PRESENTATION_REPRESENTATION (  '', ( #1528 ), #6352 ) ;
#9813 = CARTESIAN_POINT ( 'NONE',  ( -1.567939417981752515, -1.010000000000000009, 0.3726856722252213650 ) ) ;
#9814 = SURFACE_STYLE_USAGE ( .BOTH. , #5027 ) ;
#9815 =( NAMED_UNIT ( * ) PLANE_ANGLE_UNIT ( ) SI_UNIT ( $, .RADIAN. ) );
#9816 = SURFACE_SIDE_STYLE ('',( #6130 ) ) ;
#9817 = DIRECTION ( 'NONE',  ( -1.000000000000000000, -0.0000000000000000000, -0.0000000000000000000 ) ) ;
#9818 = DIRECTION ( 'NONE',  ( -0.0000000000000000000, -0.0000000000000000000, -1.000000000000000000 ) ) ;
#9819 = CARTESIAN_POINT ( 'NONE',  ( -1.661083662551957385, -1.000000000000000000, 0.2203815947990767632 ) ) ;
#9820 = PRESENTATION_STYLE_ASSIGNMENT (( #2456 ) ) ;
#9821 = AXIS2_PLACEMENT_3D ( 'NONE', #11015, #5511, #4367 ) ;
#9822 =( NAMED_UNIT ( * ) PLANE_ANGLE_UNIT ( ) SI_UNIT ( $, .RADIAN. ) );
#9823 = VERTEX_POINT ( 'NONE', #1142 ) ;
#9824 = ADVANCED_FACE ( 'NONE', ( #4927 ), #5887, .F. ) ;
#9825 = ADVANCED_FACE ( 'NONE', ( #3005 ), #11839, .T. ) ;
#9826 = DIRECTION ( 'NONE',  ( 1.000000000000000000, 0.0000000000000000000, -0.0000000000000000000 ) ) ;
#9827 = CARTESIAN_POINT ( 'NONE',  ( -2.500000000000000000, -1.000000000000000000, 0.04999999999999926725 ) ) ;
#9828 = CARTESIAN_POINT ( 'NONE',  ( -1.826336474752609851, -1.010000000000000009, 0.3034652982244437913 ) ) ;
#9829 = SURFACE_STYLE_FILL_AREA ( #453 ) ;
#9830 = SURFACE_SIDE_STYLE ('',( #6076 ) ) ;
#9831 = PRESENTATION_STYLE_ASSIGNMENT (( #2524 ) ) ;
#9832 = CARTESIAN_POINT ( 'NONE',  ( -1.681710178726638416, -1.010000000000000009, 0.2763162781019019576 ) ) ;
#9833 = EDGE_CURVE ( 'NONE', #98, #6239, #8678, .T. ) ;
#9834 = ORIENTED_EDGE ( 'NONE', *, *, #6887, .T. ) ;
#9835 = ORIENTED_EDGE ( 'NONE', *, *, #2917, .F. ) ;
#9836 = EDGE_LOOP ( 'NONE', ( #11699, #7652, #11608, #782 ) ) ;
#9837 = PRESENTATION_STYLE_ASSIGNMENT (( #5905 ) ) ;
#9838 =( NAMED_UNIT ( * ) PLANE_ANGLE_UNIT ( ) SI_UNIT ( $, .RADIAN. ) );
#9839 = CARTESIAN_POINT ( 'NONE',  ( -2.450000000000000622, -1.000000000000000000, 0.04999999999999926725 ) ) ;
#9840 = DIRECTION ( 'NONE',  ( -0.3559357243643062607, 0.0000000000000000000, -0.9345104387438678550 ) ) ;
#9841 = CARTESIAN_POINT ( 'NONE',  ( -1.637665225868179197, -1.000000000000000000, 0.4118688324728259631 ) ) ;
#9842 = FILL_AREA_STYLE ('',( #6160 ) ) ;
#9843 = CARTESIAN_POINT ( 'NONE',  ( -1.471257136214887629, -1.010000000000000009, 0.2093101858842237872 ) ) ;
#9844 = CARTESIAN_POINT ( 'NONE',  ( -1.373323303875781054, -1.010000000000000009, 0.2914311580987393735 ) ) ;
#9845 = B_SPLINE_CURVE_WITH_KNOTS ( 'NONE', 3,
 ( #1481, #7269, #675, #8129 ),
 .UNSPECIFIED., .F., .F.,
 ( 4, 4 ),
 ( 5.000000000000000000, 6.000000000000000000 ),
 .UNSPECIFIED. ) ;
#9846 = PRESENTATION_STYLE_ASSIGNMENT (( #7988 ) ) ;
#9847 = SURFACE_STYLE_FILL_AREA ( #2486 ) ;
#9848 =( NAMED_UNIT ( * ) SI_UNIT ( $, .STERADIAN. ) SOLID_ANGLE_UNIT ( ) );
#9849 = EDGE_CURVE ( 'NONE', #9983, #4726, #6992, .T. ) ;
#9850 = EDGE_CURVE ( 'NONE', #6785, #1204, #4087, .T. ) ;
#9851 = VERTEX_POINT ( 'NONE', #7963 ) ;
#9852 = CARTESIAN_POINT ( 'NONE',  ( -1.629650488544555076, -1.010000000000000009, 0.2765569609041355070 ) ) ;
#9853 =( GEOMETRIC_REPRESENTATION_CONTEXT ( 3 ) GLOBAL_UNCERTAINTY_ASSIGNED_CONTEXT ( ( #9051 ) ) GLOBAL_UNIT_ASSIGNED_CONTEXT ( ( #3229, #11489, #2995 ) ) REPRESENTATION_CONTEXT ( 'NONE', 'WORKASPACE' ) );
#9854 = ORIENTED_EDGE ( 'NONE', *, *, #8954, .F. ) ;
#9855 = CARTESIAN_POINT ( 'NONE',  ( 2.500000000000000000, 0.9500000000000007327, 0.5500000000000007105 ) ) ;
#9856 = ORIENTED_EDGE ( 'NONE', *, *, #10632, .F. ) ;
#9857 = PRESENTATION_STYLE_ASSIGNMENT (( #11006 ) ) ;
#9858 = CARTESIAN_POINT ( 'NONE',  ( -1.737909613111919604, -1.010000000000000009, 0.2409359061334077623 ) ) ;
#9859 = PLANE ( 'NONE',  #6820 ) ;
#9860 = CARTESIAN_POINT ( 'NONE',  ( -1.562066757600878431, -1.000000000000000000, 0.3630583601250428893 ) ) ;
#9861 = CARTESIAN_POINT ( 'NONE',  ( -1.727223296680637565, -1.010000000000000009, 0.2228846959454959809 ) ) ;
#9862 = CARTESIAN_POINT ( 'NONE',  ( -1.686764517579279365, -1.010000000000000009, 0.2727541726243808973 ) ) ;
#9863 = PRESENTATION_LAYER_ASSIGNMENT (  '', '', ( #9276 ) ) ;
#9864 = EDGE_LOOP ( 'NONE', ( #7207, #1402, #6904, #2104 ) ) ;
#9865 = ORIENTED_EDGE ( 'NONE', *, *, #5964, .T. ) ;
#9866 = FILL_AREA_STYLE ('',( #4364 ) ) ;
#9867 = ORIENTED_EDGE ( 'NONE', *, *, #9095, .F. ) ;
#9868 = CARTESIAN_POINT ( 'NONE',  ( -1.826336474752609851, -1.010000000000000009, 0.2093101858842237595 ) ) ;
#9869 = LINE ( 'NONE', #8193, #2747 ) ;
#9870 =( NAMED_UNIT ( * ) SI_UNIT ( $, .STERADIAN. ) SOLID_ANGLE_UNIT ( ) );
#9871 = CARTESIAN_POINT ( 'NONE',  ( -2.208709210504175680, -1.000000000000000000, 0.3837057261294960497 ) ) ;
#9872 = PRESENTATION_STYLE_ASSIGNMENT (( #10839 ) ) ;
#9873 = CARTESIAN_POINT ( 'NONE',  ( -2.039342623899785600, -1.010000000000000009, 0.2096530635768659445 ) ) ;
#9874 = VECTOR ( 'NONE', #10427, 1000.000000000000000 ) ;
#9875 = CARTESIAN_POINT ( 'NONE',  ( -1.621635751221256250, -1.010000000000000009, 0.1972279091980717602 ) ) ;
#9876 = ADVANCED_FACE ( 'NONE', ( #10792 ), #10108, .F. ) ;
#9877 = CARTESIAN_POINT ( 'NONE',  ( -1.371566319417562019, -1.010000000000000009, 0.2848364493105310369 ) ) ;
#9878 = UNCERTAINTY_MEASURE_WITH_UNIT (LENGTH_MEASURE( 1.000000000000000082E-05 ), #8800, 'distance_accuracy_value', 'NONE');
#9879 = LINE ( 'NONE', #1621, #10558 ) ;
#9880 = ORIENTED_EDGE ( 'NONE', *, *, #5531, .F. ) ;
#9881 = PRESENTATION_LAYER_ASSIGNMENT (  '', '', ( #5242 ) ) ;
#9882 = SURFACE_SIDE_STYLE ('',( #4496 ) ) ;
#9883 = CARTESIAN_POINT ( 'NONE',  ( -1.743084293365680049, -1.000000000000000000, 0.2077216793875679424 ) ) ;
#9884 = UNCERTAINTY_MEASURE_WITH_UNIT (LENGTH_MEASURE( 1.000000000000000082E-05 ), #433, 'distance_accuracy_value', 'NONE');
#9885 = FILL_AREA_STYLE ('',( #698 ) ) ;
#9886 = FILL_AREA_STYLE_COLOUR ( '', #2338 ) ;
#9887 = EDGE_CURVE ( 'NONE', #3996, #4333, #6200, .T. ) ;
#9888 = PRESENTATION_STYLE_ASSIGNMENT (( #6206 ) ) ;
#9889 = FACE_OUTER_BOUND ( 'NONE', #3795, .T. ) ;
#9890 = CARTESIAN_POINT ( 'NONE',  ( -1.750184436039535774, -1.000000000000000000, 0.4330007825331573801 ) ) ;
#9891 = UNCERTAINTY_MEASURE_WITH_UNIT (LENGTH_MEASURE( 1.000000000000000082E-05 ), #4158, 'distance_accuracy_value', 'NONE');
#9892 = EDGE_CURVE ( 'NONE', #3514, #154, #11861, .T. ) ;
#9893 = VERTEX_POINT ( 'NONE', #8205 ) ;
#9894 = VERTEX_POINT ( 'NONE', #10112 ) ;
#9895 = ORIENTED_EDGE ( 'NONE', *, *, #2720, .F. ) ;
#9896 = MECHANICAL_DESIGN_GEOMETRIC_PRESENTATION_REPRESENTATION (  '', ( #1620 ), #2957 ) ;
#9897 = B_SPLINE_CURVE_WITH_KNOTS ( 'NONE', 3,
 ( #6103, #9793, #1531, #667 ),
 .UNSPECIFIED., .F., .F.,
 ( 4, 4 ),
 ( 8.000000000000000000, 9.000000000000000000 ),
 .UNSPECIFIED. ) ;
#9898 = CARTESIAN_POINT ( 'NONE',  ( -1.590515464856758321, -1.010000000000000009, 0.2765569609041355070 ) ) ;
#9899 = LINE ( 'NONE', #6949, #924 ) ;
#9900 = EDGE_CURVE ( 'NONE', #7821, #3707, #6140, .T. ) ;
#9901 = DIRECTION ( 'NONE',  ( -0.0000000000000000000, 0.0000000000000000000, -1.000000000000000000 ) ) ;
#9902 = SURFACE_STYLE_USAGE ( .BOTH. , #5427 ) ;
#9903 = CARTESIAN_POINT ( 'NONE',  ( -2.185279060597537626, -1.010000000000000009, 0.1648010583142833774 ) ) ;
#9904 = PRESENTATION_LAYER_ASSIGNMENT (  '', '', ( #3545 ) ) ;
#9905 = ORIENTED_EDGE ( 'NONE', *, *, #5439, .T. ) ;
#9906 = ORIENTED_EDGE ( 'NONE', *, *, #2135, .F. ) ;
#9907 = FACE_OUTER_BOUND ( 'NONE', #6137, .T. ) ;
#9908 = VECTOR ( 'NONE', #3846, 1000.000000000000000 ) ;
#9909 = VECTOR ( 'NONE', #9779, 1000.000000000000000 ) ;
#9910 = CARTESIAN_POINT ( 'NONE',  ( -1.661083662551957385, -1.000000000000000000, 0.2203815947990767632 ) ) ;
#9911 = SURFACE_STYLE_USAGE ( .BOTH. , #2551 ) ;
#9912 = FILL_AREA_STYLE ('',( #6232 ) ) ;
#9913 = EDGE_CURVE ( 'NONE', #3072, #6918, #10971, .T. ) ;
#9914 = DIRECTION ( 'NONE',  ( 0.0000000000000000000, 1.000000000000000000, 0.0000000000000000000 ) ) ;
#9915 = ADVANCED_FACE ( 'NONE', ( #9999 ), #3718, .T. ) ;
#9916 =( NAMED_UNIT ( * ) PLANE_ANGLE_UNIT ( ) SI_UNIT ( $, .RADIAN. ) );
#9917 = PRESENTATION_LAYER_ASSIGNMENT (  '', '', ( #8017 ) ) ;
#9918 = COLOUR_RGB ( '',0.0000000000000000000, 0.0000000000000000000, 0.0000000000000000000 ) ;
#9919 = STYLED_ITEM ( 'NONE', ( #9270 ), #1348 ) ;
#9920 = CARTESIAN_POINT ( 'NONE',  ( -2.212056389369269294, -1.000000000000000000, 0.2163473702333479631 ) ) ;
#9921 = ORIENTED_EDGE ( 'NONE', *, *, #8853, .T. ) ;
#9922 = SURFACE_STYLE_FILL_AREA ( #9866 ) ;
#9923 = VERTEX_POINT ( 'NONE', #7401 ) ;
#9924 = CARTESIAN_POINT ( 'NONE',  ( -1.826336474752609851, -1.010000000000000009, 0.4528330454595122512 ) ) ;
#9925 = PRESENTATION_LAYER_ASSIGNMENT (  '', '', ( #8586 ) ) ;
#9926 = STYLED_ITEM ( 'NONE', ( #9466 ), #3093 ) ;
#9927 = CARTESIAN_POINT ( 'NONE',  ( -1.652924515546996265, -1.000000000000000000, 0.2387216243503121338 ) ) ;
#9928 = CARTESIAN_POINT ( 'NONE',  ( -1.826336474752609629, -1.000000000000000000, 0.2093101858842237872 ) ) ;
#9929 = CARTESIAN_POINT ( 'NONE',  ( -2.005870962935040414, -1.000000000000000000, 0.4432852449793324157 ) ) ;
#9930 = CARTESIAN_POINT ( 'NONE',  ( -1.656558825864866247, -1.010000000000000009, 0.2130648376028878854 ) ) ;
#9931 = PRESENTATION_LAYER_ASSIGNMENT (  '', '', ( #10308 ) ) ;
#9932 = EDGE_CURVE ( 'NONE', #544, #416, #1100, .T. ) ;
#9933 = DIRECTION ( 'NONE',  ( 0.0000000000000000000, 0.0000000000000000000, 1.000000000000000000 ) ) ;
#9934 = SURFACE_STYLE_USAGE ( .BOTH. , #6253 ) ;
#9935 = CARTESIAN_POINT ( 'NONE',  ( -1.434697418514818468, -1.000000000000000000, 0.2909979290547222708 ) ) ;
#9936 =( GEOMETRIC_REPRESENTATION_CONTEXT ( 3 ) GLOBAL_UNCERTAINTY_ASSIGNED_CONTEXT ( ( #3240 ) ) GLOBAL_UNIT_ASSIGNED_CONTEXT ( ( #9161, #4614, #6321 ) ) REPRESENTATION_CONTEXT ( 'NONE', 'WORKASPACE' ) );
#9937 = SURFACE_STYLE_FILL_AREA ( #9100 ) ;
#9938 = ORIENTED_EDGE ( 'NONE', *, *, #9210, .F. ) ;
#9939 = EDGE_CURVE ( 'NONE', #6276, #1935, #11747, .T. ) ;
#9940 = LINE ( 'NONE', #10849, #3316 ) ;
#9941 = CARTESIAN_POINT ( 'NONE',  ( -1.578288778489907784, -1.010000000000000009, 0.2765569609041355070 ) ) ;
#9942 = CARTESIAN_POINT ( 'NONE',  ( -1.676463293631890394, -1.010000000000000009, 0.2388660340316498820 ) ) ;
#9943 = CARTESIAN_POINT ( 'NONE',  ( -1.751387850052299244, -1.000000000000000000, 0.2347744263892202754 ) ) ;
#9944 = VECTOR ( 'NONE', #3960, 1000.000000000000000 ) ;
#9945 = SURFACE_STYLE_FILL_AREA ( #6998 ) ;
#9946 = CARTESIAN_POINT ( 'NONE',  ( -1.777838890047726883, -1.010000000000000009, 0.2926345721118238097 ) ) ;
#9947 = LINE ( 'NONE', #2470, #10770 ) ;
#9948 = ORIENTED_EDGE ( 'NONE', *, *, #1332, .F. ) ;
#9949 = VERTEX_POINT ( 'NONE', #10055 ) ;
#9950 = ORIENTED_EDGE ( 'NONE', *, *, #737, .T. ) ;
#9951 = ORIENTED_EDGE ( 'NONE', *, *, #11388, .T. ) ;
#9952 = SURFACE_STYLE_USAGE ( .BOTH. , #11760 ) ;
#9953 = EDGE_CURVE ( 'NONE', #10356, #10639, #5403, .T. ) ;
#9954 = SURFACE_SIDE_STYLE ('',( #8112 ) ) ;
#9955 = FILL_AREA_STYLE_COLOUR ( '', #6727 ) ;
#9956 = LINE ( 'NONE', #3619, #5929 ) ;
#9957 = ORIENTED_EDGE ( 'NONE', *, *, #11914, .F. ) ;
#9958 = DIRECTION ( 'NONE',  ( 1.000000000000000000, 0.0000000000000000000, -0.0000000000000000000 ) ) ;
#9959 = ADVANCED_FACE ( 'NONE', ( #5281 ), #2588, .T. ) ;
#9960 =( NAMED_UNIT ( * ) PLANE_ANGLE_UNIT ( ) SI_UNIT ( $, .RADIAN. ) );
#9961 = STYLED_ITEM ( 'NONE', ( #7561 ), #3983 ) ;
#9962 = CARTESIAN_POINT ( 'NONE',  ( -1.634993646760196651, -1.010000000000000009, 0.4528330454595122512 ) ) ;
#9963 = STYLED_ITEM ( 'NONE', ( #2423 ), #7995 ) ;
#9964 = CARTESIAN_POINT ( 'NONE',  ( -1.912150312234458971, -1.010000000000000009, 0.2565133889276366430 ) ) ;
#9965 = SURFACE_SIDE_STYLE ('',( #6223 ) ) ;
#9966 = ORIENTED_EDGE ( 'NONE', *, *, #10998, .F. ) ;
#9967 = ORIENTED_EDGE ( 'NONE', *, *, #6576, .F. ) ;
#9968 = EDGE_CURVE ( 'NONE', #9851, #6783, #365, .T. ) ;
#9969 = ORIENTED_EDGE ( 'NONE', *, *, #2248, .T. ) ;
#9970 = DIRECTION ( 'NONE',  ( -0.0000000000000000000, 1.000000000000000000, -0.0000000000000000000 ) ) ;
#9971 = CARTESIAN_POINT ( 'NONE',  ( -1.497154605764541513, -1.010000000000000009, 0.2093101858842237595 ) ) ;
#9972 = PRESENTATION_STYLE_ASSIGNMENT (( #6298 ) ) ;
#9973 = CARTESIAN_POINT ( 'NONE',  ( -1.993151747090587511, -1.010000000000000009, 0.2498190567349448388 ) ) ;
#9974 = FILL_AREA_STYLE ('',( #491 ) ) ;
#9975 = PRESENTATION_LAYER_ASSIGNMENT (  '', '', ( #8244 ) ) ;
#9976 = CARTESIAN_POINT ( 'NONE',  ( -2.005870962935040414, -1.000000000000000000, 0.4432852449793324157 ) ) ;
#9977 = CARTESIAN_POINT ( 'NONE',  ( -2.048045250642851034, -1.000000000000000000, 0.2297360601562266069 ) ) ;
#9978 =( NAMED_UNIT ( * ) SI_UNIT ( $, .STERADIAN. ) SOLID_ANGLE_UNIT ( ) );
#9979 = SURFACE_STYLE_FILL_AREA ( #2852 ) ;
#9980 = ORIENTED_EDGE ( 'NONE', *, *, #10502, .T. ) ;
#9981 = LINE ( 'NONE', #11957, #10464 ) ;
#9982 = EDGE_CURVE ( 'NONE', #6716, #9359, #3406, .T. ) ;
#9983 = VERTEX_POINT ( 'NONE', #7462 ) ;
#9984 = PLANE ( 'NONE',  #3295 ) ;
#9985 = VECTOR ( 'NONE', #6745, 1000.000000000000000 ) ;
#9986 = PRESENTATION_LAYER_ASSIGNMENT (  '', '', ( #726 ) ) ;
#9987 = LINE ( 'NONE', #11793, #11355 ) ;
#9988 = SURFACE_SIDE_STYLE ('',( #2625 ) ) ;
#9989 = FILL_AREA_STYLE_COLOUR ( '', #1471 ) ;
#9990 = LINE ( 'NONE', #5395, #8184 ) ;
#9991 = LINE ( 'NONE', #935, #5293 ) ;
#9992 = FILL_AREA_STYLE ('',( #996 ) ) ;
#9993 = CARTESIAN_POINT ( 'NONE',  ( -1.456021914816933993, -1.000000000000000000, 0.3034652982244438468 ) ) ;
#9994 = COLOUR_RGB ( '',0.0000000000000000000, 0.0000000000000000000, 0.0000000000000000000 ) ;
#9995 = LINE ( 'NONE', #5401, #4766 ) ;
#9996 = EDGE_CURVE ( 'NONE', #10506, #4335, #310, .T. ) ;
#9997 = PRESENTATION_LAYER_ASSIGNMENT (  '', '', ( #11150 ) ) ;
#9998 = EDGE_CURVE ( 'NONE', #4535, #11938, #11138, .T. ) ;
#9999 = FACE_OUTER_BOUND ( 'NONE', #8393, .T. ) ;
#10000 = B_SPLINE_CURVE_WITH_KNOTS ( 'NONE', 3,
 ( #6072, #7113, #2346, #6004 ),
 .UNSPECIFIED., .F., .F.,
 ( 4, 4 ),
 ( 10.00000000000000000, 11.00000000000000000 ),
 .UNSPECIFIED. ) ;
#10001 = FILL_AREA_STYLE ('',( #11024 ) ) ;
#10002 = UNCERTAINTY_MEASURE_WITH_UNIT (LENGTH_MEASURE( 1.000000000000000082E-05 ), #6848, 'distance_accuracy_value', 'NONE');
#10004 = LINE ( 'NONE', #2096, #3920 ) ;
#10003 = PRESENTATION_LAYER_ASSIGNMENT (  '', '', ( #1916 ) ) ;
#10005 = CARTESIAN_POINT ( 'NONE',  ( -1.470775770610426525, -1.000000000000000000, 0.2926345721118238652 ) ) ;
#10006 = DIRECTION ( 'NONE',  ( -0.0000000000000000000, 1.000000000000000000, -0.0000000000000000000 ) ) ;
#10007 = AXIS2_PLACEMENT_3D ( 'NONE', #4509, #6216, #8221 ) ;
#10008 = CARTESIAN_POINT ( 'NONE',  ( -1.826336474752609851, -1.010000000000000009, 0.4528330454595122512 ) ) ;
#10009 =( LENGTH_UNIT ( ) NAMED_UNIT ( * ) SI_UNIT ( .MILLI., .METRE. ) );
#10010 = SURFACE_SIDE_STYLE ('',( #2642 ) ) ;
#10011 = UNCERTAINTY_MEASURE_WITH_UNIT (LENGTH_MEASURE( 1.000000000000000082E-05 ), #10787, 'distance_accuracy_value', 'NONE');
#10012 = ORIENTED_EDGE ( 'NONE', *, *, #922, .T. ) ;
#10013 = VERTEX_POINT ( 'NONE', #1001 ) ;
#10014 = ORIENTED_EDGE ( 'NONE', *, *, #5959, .T. ) ;
#10015 = CARTESIAN_POINT ( 'NONE',  ( 2.450000000000001066, -1.000000000000000000, 0.04999999999999926725 ) ) ;
#10016 = PRODUCT_DEFINITION_SHAPE ( 'NONE', 'NONE',  #3905 ) ;
#10017 = CARTESIAN_POINT ( 'NONE',  ( -1.656558825864866247, -1.000000000000000000, 0.2130648376028878854 ) ) ;
#10018 = CARTESIAN_POINT ( 'NONE',  ( -1.616461070967178726, -1.010000000000000009, 0.2094545955655646996 ) ) ;
#10019 = VERTEX_POINT ( 'NONE', #1185 ) ;
#10020 = SURFACE_SIDE_STYLE ('',( #10935 ) ) ;
#10021 =( NAMED_UNIT ( * ) SI_UNIT ( $, .STERADIAN. ) SOLID_ANGLE_UNIT ( ) );
#10022 = CARTESIAN_POINT ( 'NONE',  ( -1.372504982347548141, -1.010000000000000009, 0.2883022816665182786 ) ) ;
#10023 = EDGE_CURVE ( 'NONE', #3499, #9481, #8308, .T. ) ;
#10024 =( LENGTH_UNIT ( ) NAMED_UNIT ( * ) SI_UNIT ( .MILLI., .METRE. ) );
#10025 = COLOUR_RGB ( '',0.0000000000000000000, 0.0000000000000000000, 0.0000000000000000000 ) ;
#10026 = UNCERTAINTY_MEASURE_WITH_UNIT (LENGTH_MEASURE( 1.000000000000000082E-05 ), #5118, 'distance_accuracy_value', 'NONE');
#10027 = EDGE_LOOP ( 'NONE', ( #7375, #6353, #10451, #6905 ) ) ;
#10028 = VERTEX_POINT ( 'NONE', #2031 ) ;
#10029 =( NAMED_UNIT ( * ) PLANE_ANGLE_UNIT ( ) SI_UNIT ( $, .RADIAN. ) );
#10030 = EDGE_LOOP ( 'NONE', ( #9341, #7194, #2607, #6792 ) ) ;
#10031 = CARTESIAN_POINT ( 'NONE',  ( -2.159840603372099821, -1.010000000000000009, 0.2310749061650232139 ) ) ;
#10032 = DIRECTION ( 'NONE',  ( 1.000000000000000000, 0.0000000000000000000, -0.0000000000000000000 ) ) ;
#10033 = FILL_AREA_STYLE_COLOUR ( '', #641 ) ;
#10034 =( GEOMETRIC_REPRESENTATION_CONTEXT ( 3 ) GLOBAL_UNCERTAINTY_ASSIGNED_CONTEXT ( ( #6263 ) ) GLOBAL_UNIT_ASSIGNED_CONTEXT ( ( #210, #901, #5542 ) ) REPRESENTATION_CONTEXT ( 'NONE', 'WORKASPACE' ) );
#10035 = FILL_AREA_STYLE ('',( #1840 ) ) ;
#10036 = SURFACE_SIDE_STYLE ('',( #5559 ) ) ;
#10037 = FILL_AREA_STYLE ('',( #9136 ) ) ;
#10038 =( NAMED_UNIT ( * ) SI_UNIT ( $, .STERADIAN. ) SOLID_ANGLE_UNIT ( ) );
#10039 = ADVANCED_FACE ( 'NONE', ( #4667 ), #8430, .T. ) ;
#10040 = CARTESIAN_POINT ( 'NONE',  ( -1.588686275558511163, -1.010000000000000009, 0.4420023193468916589 ) ) ;
#10041 = ORIENTED_EDGE ( 'NONE', *, *, #8813, .T. ) ;
#10042 = ORIENTED_EDGE ( 'NONE', *, *, #3914, .F. ) ;
#10043 = VERTEX_POINT ( 'NONE', #11255 ) ;
#10044 = VECTOR ( 'NONE', #9277, 1000.000000000000000 ) ;
#10045 = DIRECTION ( 'NONE',  ( 1.000000000000000000, -0.0000000000000000000, -0.0000000000000000000 ) ) ;
#10046 = DIRECTION ( 'NONE',  ( -0.9910683662997870069, 0.0000000000000000000, -0.1333547648937644658 ) ) ;
#10047 = PRESENTATION_STYLE_ASSIGNMENT (( #800 ) ) ;
#10048 = CARTESIAN_POINT ( 'NONE',  ( -1.588204909952766641, -1.010000000000000009, 0.4528330454595122512 ) ) ;
#10049 = SURFACE_STYLE_FILL_AREA ( #6375 ) ;
#10050 = CARTESIAN_POINT ( 'NONE',  ( -1.756995759350713726, -1.010000000000000009, 0.3844791295480523563 ) ) ;
#10051 = EDGE_CURVE ( 'NONE', #2531, #1111, #6676, .T. ) ;
#10052 = PRESENTATION_LAYER_ASSIGNMENT (  '', '', ( #3301 ) ) ;
#10053 = CARTESIAN_POINT ( 'NONE',  ( -1.634993646760196651, -1.010000000000000009, 0.4420023193468916589 ) ) ;
#10054 = CARTESIAN_POINT ( 'NONE',  ( -1.826336474752609851, -1.000000000000000000, 0.2093101858842237595 ) ) ;
#10055 = CARTESIAN_POINT ( 'NONE',  ( -1.610636547146431896, -1.000000000000000000, 0.2204778679199694558 ) ) ;
#10056 = SURFACE_STYLE_FILL_AREA ( #10974 ) ;
#10057 =( LENGTH_UNIT ( ) NAMED_UNIT ( * ) SI_UNIT ( .MILLI., .METRE. ) );
#10058 = ADVANCED_FACE ( 'NONE', ( #3049 ), #6738, .F. ) ;
#10059 =( NAMED_UNIT ( * ) SI_UNIT ( $, .STERADIAN. ) SOLID_ANGLE_UNIT ( ) );
#10061 = EDGE_CURVE ( 'NONE', #4477, #2072, #7882, .T. ) ;
#10060 = SURFACE_SIDE_STYLE ('',( #6391 ) ) ;
#10062 = FILL_AREA_STYLE_COLOUR ( '', #5371 ) ;
#10063 = CARTESIAN_POINT ( 'NONE',  ( 2.450000000000001066, -1.000000000000000000, 0.5500000000000007105 ) ) ;
#10064 = ORIENTED_EDGE ( 'NONE', *, *, #5300, .T. ) ;
#10065 = FILL_AREA_STYLE ('',( #6214 ) ) ;
#10066 =( GEOMETRIC_REPRESENTATION_CONTEXT ( 3 ) GLOBAL_UNCERTAINTY_ASSIGNED_CONTEXT ( ( #6005 ) ) GLOBAL_UNIT_ASSIGNED_CONTEXT ( ( #2019, #3880, #6483 ) ) REPRESENTATION_CONTEXT ( 'NONE', 'WORKASPACE' ) );
#10067 = SURFACE_STYLE_FILL_AREA ( #10929 ) ;
#10068 = FACE_OUTER_BOUND ( 'NONE', #5757, .T. ) ;
#10069 = FACE_BOUND ( 'NONE', #10939, .T. ) ;
#10070 = ORIENTED_EDGE ( 'NONE', *, *, #352, .F. ) ;
#10071 = FACE_OUTER_BOUND ( 'NONE', #9646, .T. ) ;
#10072 = PLANE ( 'NONE',  #10154 ) ;
#10073 = DIRECTION ( 'NONE',  ( 0.0000000000000000000, 1.000000000000000000, 0.0000000000000000000 ) ) ;
#10074 =( NAMED_UNIT ( * ) PLANE_ANGLE_UNIT ( ) SI_UNIT ( $, .RADIAN. ) );
#10075 = DIRECTION ( 'NONE',  ( -1.000000000000000000, 0.0000000000000000000, 0.0000000000000000000 ) ) ;
#10076 = VECTOR ( 'NONE', #1843, 1000.000000000000000 ) ;
#10077 = COLOUR_RGB ( '',0.7529411764705882248, 0.7529411764705882248, 0.7529411764705882248 ) ;
#10078 = ORIENTED_EDGE ( 'NONE', *, *, #10105, .T. ) ;
#10079 = STYLED_ITEM ( 'NONE', ( #5078 ), #8478 ) ;
#10080 = EDGE_LOOP ( 'NONE', ( #7550, #4586, #975, #10014 ) ) ;
#10081 = B_SPLINE_SURFACE_WITH_KNOTS ( 'NONE', 3, 1, ( 
 ( #11929, #205 ),
 ( #11092, #2043 ),
 ( #5707, #8443 ),
 ( #2881, #6507 ) ),
 .UNSPECIFIED., .F., .F., .F.,
 ( 4, 4 ),
 ( 2, 2 ),
 ( 5.000000000000000000, 6.000000000000000000 ),
 ( 0.0000000000000000000, 1.000000000000000000 ),
 .UNSPECIFIED. ) ;
#10082 = ORIENTED_EDGE ( 'NONE', *, *, #509, .T. ) ;
#10083 =( LENGTH_UNIT ( ) NAMED_UNIT ( * ) SI_UNIT ( .MILLI., .METRE. ) );
#10084 = EDGE_CURVE ( 'NONE', #4465, #154, #500, .T. ) ;
#10085 = PLANE ( 'NONE',  #759 ) ;
#10086 =( NAMED_UNIT ( * ) SI_UNIT ( $, .STERADIAN. ) SOLID_ANGLE_UNIT ( ) );
#10087 = CARTESIAN_POINT ( 'NONE',  ( -1.664116265863606836, -1.010000000000000009, 0.2328489639687963964 ) ) ;
#10088 = VECTOR ( 'NONE', #7453, 1000.000000000000000 ) ;
#10089 = CARTESIAN_POINT ( 'NONE',  ( -1.538407638114548170, -1.000000000000000000, 0.4069589033021648317 ) ) ;
#10090 = LINE ( 'NONE', #1846, #11111 ) ;
#10091 =( GEOMETRIC_REPRESENTATION_CONTEXT ( 3 ) GLOBAL_UNCERTAINTY_ASSIGNED_CONTEXT ( ( #9261 ) ) GLOBAL_UNIT_ASSIGNED_CONTEXT ( ( #1884, #10140, #6349 ) ) REPRESENTATION_CONTEXT ( 'NONE', 'WORKASPACE' ) );
#10092 = EDGE_LOOP ( 'NONE', ( #6821, #6070, #3393, #1049 ) ) ;
#10093 = ORIENTED_EDGE ( 'NONE', *, *, #3591, .T. ) ;
#10094 = FILL_AREA_STYLE_COLOUR ( '', #1611 ) ;
#10095 = VERTEX_POINT ( 'NONE', #3160 ) ;
#10096 = VECTOR ( 'NONE', #9650, 1000.000000000000000 ) ;
#10097 =( NAMED_UNIT ( * ) SI_UNIT ( $, .STERADIAN. ) SOLID_ANGLE_UNIT ( ) );
#10098 = DIRECTION ( 'NONE',  ( -0.0000000000000000000, 1.000000000000000000, -0.0000000000000000000 ) ) ;
#10099 = EDGE_CURVE ( 'NONE', #6945, #4388, #11036, .T. ) ;
#10100 = VERTEX_POINT ( 'NONE', #10540 ) ;
#10101 = SURFACE_SIDE_STYLE ('',( #6429 ) ) ;
#10102 = DIRECTION ( 'NONE',  ( 0.0000000000000000000, 0.0000000000000000000, -1.000000000000000000 ) ) ;
#10103 = STYLED_ITEM ( 'NONE', ( #3963 ), #9294 ) ;
#10104 = FILL_AREA_STYLE ('',( #1175 ) ) ;
#10105 = EDGE_CURVE ( 'NONE', #1516, #6336, #8727, .T. ) ;
#10106 = VECTOR ( 'NONE', #11754, 1000.000000000000000 ) ;
#10107 = CARTESIAN_POINT ( 'NONE',  ( -2.250883504596521423, -1.000000000000000000, 0.4238716809816544528 ) ) ;
#10108 = B_SPLINE_SURFACE_WITH_KNOTS ( 'NONE', 3, 1, ( 
 ( #3177, #4151 ),
 ( #1562, #5217 ),
 ( #627, #4318 ),
 ( #8029, #11685 ) ),
 .UNSPECIFIED., .F., .F., .F.,
 ( 4, 4 ),
 ( 2, 2 ),
 ( 4.000000000000000000, 5.000000000000000000 ),
 ( 0.0000000000000000000, 1.000000000000000000 ),
 .UNSPECIFIED. ) ;
#10109 = CARTESIAN_POINT ( 'NONE',  ( -1.588204909952766641, -1.010000000000000009, 0.4528330454595122512 ) ) ;
#10110 = UNCERTAINTY_MEASURE_WITH_UNIT (LENGTH_MEASURE( 1.000000000000000082E-05 ), #9197, 'distance_accuracy_value', 'NONE');
#10111 =( GEOMETRIC_REPRESENTATION_CONTEXT ( 3 ) GLOBAL_UNCERTAINTY_ASSIGNED_CONTEXT ( ( #11444 ) ) GLOBAL_UNIT_ASSIGNED_CONTEXT ( ( #3992, #1281, #5006 ) ) REPRESENTATION_CONTEXT ( 'NONE', 'WORKASPACE' ) );
#10112 = CARTESIAN_POINT ( 'NONE',  ( -1.710375500505164847, -1.000000000000000000, 0.2525849537742599349 ) ) ;
#10113 = VECTOR ( 'NONE', #10428, 1000.000000000000000 ) ;
#10114 = EDGE_CURVE ( 'NONE', #4099, #463, #5090, .T. ) ;
#10115 =( GEOMETRIC_REPRESENTATION_CONTEXT ( 3 ) GLOBAL_UNCERTAINTY_ASSIGNED_CONTEXT ( ( #9525 ) ) GLOBAL_UNIT_ASSIGNED_CONTEXT ( ( #8848, #8731, #7955 ) ) REPRESENTATION_CONTEXT ( 'NONE', 'WORKASPACE' ) );
#10116 = SURFACE_SIDE_STYLE ('',( #4737 ) ) ;
#10117 = DIRECTION ( 'NONE',  ( -0.0000000000000000000, 0.0000000000000000000, -1.000000000000000000 ) ) ;
#10118 = FILL_AREA_STYLE ('',( #10921 ) ) ;
#10119 =( GEOMETRIC_REPRESENTATION_CONTEXT ( 3 ) GLOBAL_UNCERTAINTY_ASSIGNED_CONTEXT ( ( #5036 ) ) GLOBAL_UNIT_ASSIGNED_CONTEXT ( ( #4518, #1886, #4581 ) ) REPRESENTATION_CONTEXT ( 'NONE', 'WORKASPACE' ) );
#10120 = CARTESIAN_POINT ( 'NONE',  ( -1.553426244990493643, -1.000000000000000000, 0.2200446388759535743 ) ) ;
#10121 = PRESENTATION_LAYER_ASSIGNMENT (  '', '', ( #7433 ) ) ;
#10122 =( NAMED_UNIT ( * ) PLANE_ANGLE_UNIT ( ) SI_UNIT ( $, .RADIAN. ) );
#10123 = CARTESIAN_POINT ( 'NONE',  ( -1.374863673811987708, -1.010000000000000009, 0.2848364493105310369 ) ) ;
#10124 = CARTESIAN_POINT ( 'NONE',  ( -1.724527649292435960, -1.000000000000000000, 0.4434464161615654931 ) ) ;
#10125 = PRESENTATION_LAYER_ASSIGNMENT (  '', '', ( #275 ) ) ;
#10126 = UNCERTAINTY_MEASURE_WITH_UNIT (LENGTH_MEASURE( 1.000000000000000082E-05 ), #7108, 'distance_accuracy_value', 'NONE');
#10127 = PRESENTATION_STYLE_ASSIGNMENT (( #11034 ) ) ;
#10128 = EDGE_LOOP ( 'NONE', ( #4604, #6467, #4074, #5840 ) ) ;
#10129 = EDGE_CURVE ( 'NONE', #2116, #2295, #432, .T. ) ;
#10130 = ADVANCED_FACE ( 'NONE', ( #4137 ), #10474, .F. ) ;
#10131 = CARTESIAN_POINT ( 'NONE',  ( -1.656558825864866247, -1.010000000000000009, 0.2130648376028878854 ) ) ;
#10132 = MECHANICAL_DESIGN_GEOMETRIC_PRESENTATION_REPRESENTATION (  '', ( #3392 ), #4923 ) ;
#10133 = CARTESIAN_POINT ( 'NONE',  ( -1.602910629185807068, -1.010000000000000009, 0.3694123861110195084 ) ) ;
#10134 = CARTESIAN_POINT ( 'NONE',  ( -2.118335738668366997, -1.000000000000000000, 0.2317443802431300992 ) ) ;
#10135 =( NAMED_UNIT ( * ) PLANE_ANGLE_UNIT ( ) SI_UNIT ( $, .RADIAN. ) );
#10136 = VERTEX_POINT ( 'NONE', #8969 ) ;
#10137 = CARTESIAN_POINT ( 'NONE',  ( 0.0000000000000000000, -1.010000000000000009, 0.0000000000000000000 ) ) ;
#10138 = FACE_OUTER_BOUND ( 'NONE', #9515, .T. ) ;
#10139 = PLANE ( 'NONE',  #4507 ) ;
#10140 =( NAMED_UNIT ( * ) PLANE_ANGLE_UNIT ( ) SI_UNIT ( $, .RADIAN. ) );
#10141 = SURFACE_STYLE_USAGE ( .BOTH. , #10319 ) ;
#10142 = DIRECTION ( 'NONE',  ( -0.9445574604294411092, 0.0000000000000000000, -0.3283461648125111099 ) ) ;
#10143 = SURFACE_STYLE_FILL_AREA ( #10199 ) ;
#10144 = VERTEX_POINT ( 'NONE', #797 ) ;
#10145 = ORIENTED_EDGE ( 'NONE', *, *, #9538, .F. ) ;
#10146 = ORIENTED_EDGE ( 'NONE', *, *, #6417, .T. ) ;
#10147 = EDGE_LOOP ( 'NONE', ( #371, #10399, #4971, #9231 ) ) ;
#10148 = EDGE_CURVE ( 'NONE', #5494, #10013, #11734, .T. ) ;
#10149 =( LENGTH_UNIT ( ) NAMED_UNIT ( * ) SI_UNIT ( .MILLI., .METRE. ) );
#10150 = CARTESIAN_POINT ( 'NONE',  ( -1.743565658970781973, -1.010000000000000009, 0.4399805838055782514 ) ) ;
#10152 = FILL_AREA_STYLE ('',( #10033 ) ) ;
#10151 = VECTOR ( 'NONE', #8239, 1000.000000000000000 ) ;
#10153 =( LENGTH_UNIT ( ) NAMED_UNIT ( * ) SI_UNIT ( .MILLI., .METRE. ) );
#10154 = AXIS2_PLACEMENT_3D ( 'NONE', #92, #7254, #9958 ) ;
#10155 = FACE_OUTER_BOUND ( 'NONE', #7317, .T. ) ;
#10156 =( LENGTH_UNIT ( ) NAMED_UNIT ( * ) SI_UNIT ( .MILLI., .METRE. ) );
#10157 =( GEOMETRIC_REPRESENTATION_CONTEXT ( 3 ) GLOBAL_UNCERTAINTY_ASSIGNED_CONTEXT ( ( #11928 ) ) GLOBAL_UNIT_ASSIGNED_CONTEXT ( ( #1140, #955, #8266 ) ) REPRESENTATION_CONTEXT ( 'NONE', 'WORKASPACE' ) );
#10158 = ORIENTED_EDGE ( 'NONE', *, *, #10477, .T. ) ;
#10159 = ORIENTED_EDGE ( 'NONE', *, *, #2720, .T. ) ;
#10160 = SURFACE_STYLE_FILL_AREA ( #8190 ) ;
#10161 = EDGE_LOOP ( 'NONE', ( #10275, #6527, #3060, #766 ) ) ;
#10162 =( NAMED_UNIT ( * ) SI_UNIT ( $, .STERADIAN. ) SOLID_ANGLE_UNIT ( ) );
#10163 = STYLED_ITEM ( 'NONE', ( #883 ), #7290 ) ;
#10164 = PLANE ( 'NONE',  #6803 ) ;
#10165 = ORIENTED_EDGE ( 'NONE', *, *, #10365, .T. ) ;
#10166 = CARTESIAN_POINT ( 'NONE',  ( -1.648977317585904379, -1.000000000000000000, 0.2276020788743692014 ) ) ;
#10167 = CARTESIAN_POINT ( 'NONE',  ( -2.045367507551225206, -1.010000000000000009, 0.3234567363933391615 ) ) ;
#10168 = PRESENTATION_LAYER_ASSIGNMENT (  '', '', ( #4756 ) ) ;
#10169 = CARTESIAN_POINT ( 'NONE',  ( -1.760076499222489987, -1.010000000000000009, 0.4046964849586197066 ) ) ;
#10170 = PRESENTATION_STYLE_ASSIGNMENT (( #9098 ) ) ;
#10171 = EDGE_CURVE ( 'NONE', #10622, #671, #685, .T. ) ;
#10172 = CARTESIAN_POINT ( 'NONE',  ( -1.491233808823226203, -1.000000000000000000, 0.4407989053344495423 ) ) ;
#10173 = COLOUR_RGB ( '',0.0000000000000000000, 0.0000000000000000000, 0.0000000000000000000 ) ;
#10174 = ORIENTED_EDGE ( 'NONE', *, *, #863, .F. ) ;
#10175 = COLOUR_RGB ( '',0.0000000000000000000, 0.0000000000000000000, 0.0000000000000000000 ) ;
#10176 = CARTESIAN_POINT ( 'NONE',  ( -2.185948483602257575, -1.010000000000000009, 0.3736642278398156769 ) ) ;
#10177 = CARTESIAN_POINT ( 'NONE',  ( -1.392794542598787988, -1.010000000000000009, 0.2350632457518952168 ) ) ;
#10178 = CARTESIAN_POINT ( 'NONE',  ( -1.434697418514818468, -1.010000000000000009, 0.2224996034612828633 ) ) ;
#10179 = COLOUR_RGB ( '',0.0000000000000000000, 0.0000000000000000000, 0.0000000000000000000 ) ;
#10180 =( LENGTH_UNIT ( ) NAMED_UNIT ( * ) SI_UNIT ( .MILLI., .METRE. ) );
#10181 = DIRECTION ( 'NONE',  ( 0.0000000000000000000, 0.0000000000000000000, 1.000000000000000000 ) ) ;
#10182 = AXIS2_PLACEMENT_3D ( 'NONE', #5897, #4038, #1383 ) ;
#10183 = DIRECTION ( 'NONE',  ( 1.000000000000000000, 0.0000000000000000000, 0.0000000000000000000 ) ) ;
#10184 = CARTESIAN_POINT ( 'NONE',  ( -1.366415707443385363, -1.010000000000000009, 0.3034652982244437913 ) ) ;
#10186 = EDGE_CURVE ( 'NONE', #2780, #8784, #10904, .T. ) ;
#10185 = CARTESIAN_POINT ( 'NONE',  ( -1.780510469155388575, -1.010000000000000009, 0.2517184956855826328 ) ) ;
#10187 = ORIENTED_EDGE ( 'NONE', *, *, #10741, .F. ) ;
#10188 = STYLED_ITEM ( 'NONE', ( #11031 ), #2249 ) ;
#10189 = CARTESIAN_POINT ( 'NONE',  ( -1.764408789667795130, -1.000000000000000000, 0.2212961894488408021 ) ) ;
#10190 = CARTESIAN_POINT ( 'NONE',  ( -1.694321957578019733, -1.010000000000000009, 0.2584094775953279521 ) ) ;
#10191 = VERTEX_POINT ( 'NONE', #4366 ) ;
#10192 = STYLED_ITEM ( 'NONE', ( #10566 ), #10607 ) ;
#10193 = DIRECTION ( 'NONE',  ( -0.0000000000000000000, 1.000000000000000000, -0.0000000000000000000 ) ) ;
#10194 = CARTESIAN_POINT ( 'NONE',  ( -2.096913870543995806, -1.010000000000000009, 0.4780957742979444203 ) ) ;
#10195 = APPLICATION_CONTEXT ( 'automotive_design' ) ;
#10196 = CARTESIAN_POINT ( 'NONE',  ( -1.989135132452668042, -1.000000000000000000, 0.2089836405724676549 ) ) ;
#10197 = CARTESIAN_POINT ( 'NONE',  ( -1.694321957578019733, -1.010000000000000009, 0.2542697333918083613 ) ) ;
#10198 = FACE_OUTER_BOUND ( 'NONE', #9226, .T. ) ;
#10200 = ADVANCED_FACE ( 'NONE', ( #6372 ), #9034, .F. ) ;
#10199 = FILL_AREA_STYLE ('',( #8277 ) ) ;
#10201 =( GEOMETRIC_REPRESENTATION_CONTEXT ( 3 ) GLOBAL_UNCERTAINTY_ASSIGNED_CONTEXT ( ( #4321 ) ) GLOBAL_UNIT_ASSIGNED_CONTEXT ( ( #2479, #7129, #833 ) ) REPRESENTATION_CONTEXT ( 'NONE', 'WORKASPACE' ) );
#10202 = VERTEX_POINT ( 'NONE', #4422 ) ;
#10203 = ORIENTED_EDGE ( 'NONE', *, *, #9849, .F. ) ;
#10204 = FILL_AREA_STYLE ('',( #5607 ) ) ;
#10205 = ORIENTED_EDGE ( 'NONE', *, *, #1561, .F. ) ;
#10206 = DIRECTION ( 'NONE',  ( -0.0000000000000000000, 0.0000000000000000000, 1.000000000000000000 ) ) ;
#10207 =( NAMED_UNIT ( * ) PLANE_ANGLE_UNIT ( ) SI_UNIT ( $, .RADIAN. ) );
#10208 = CARTESIAN_POINT ( 'NONE',  ( -1.578288778489907784, -1.000000000000000000, 0.2765569609041355070 ) ) ;
#10209 = CARTESIAN_POINT ( 'NONE',  ( -1.714051930313427174, -1.010000000000000009, 0.3584613185968819615 ) ) ;
#10210 = CARTESIAN_POINT ( 'NONE',  ( -1.497154605764541513, -1.010000000000000009, 0.3034652982244437913 ) ) ;
#10211 = VECTOR ( 'NONE', #6968, 1000.000000000000000 ) ;
#10212 = CARTESIAN_POINT ( 'NONE',  ( -1.750184436039535774, -1.000000000000000000, 0.4330007825331573801 ) ) ;
#10213 = EDGE_CURVE ( 'NONE', #6593, #11603, #7278, .T. ) ;
#10214 = ORIENTED_EDGE ( 'NONE', *, *, #5171, .T. ) ;
#10215 = VERTEX_POINT ( 'NONE', #11847 ) ;
#10216 = PRESENTATION_LAYER_ASSIGNMENT (  '', '', ( #3479 ) ) ;
#10217 = LINE ( 'NONE', #2738, #10819 ) ;
#10218 = ORIENTED_EDGE ( 'NONE', *, *, #8227, .F. ) ;
#10219 = CARTESIAN_POINT ( 'NONE',  ( -1.628326733130676773, -1.000000000000000000, 0.1877450067792323374 ) ) ;
#10220 = FACE_OUTER_BOUND ( 'NONE', #11911, .T. ) ;
#10221 = CARTESIAN_POINT ( 'NONE',  ( -1.343984070249720331, -1.010000000000000009, 0.2093101858842237595 ) ) ;
#10222 =( GEOMETRIC_REPRESENTATION_CONTEXT ( 3 ) GLOBAL_UNCERTAINTY_ASSIGNED_CONTEXT ( ( #3607 ) ) GLOBAL_UNIT_ASSIGNED_CONTEXT ( ( #8923, #9765, #3430 ) ) REPRESENTATION_CONTEXT ( 'NONE', 'WORKASPACE' ) );
#10223 = CARTESIAN_POINT ( 'NONE',  ( -1.489934121689891589, -1.000000000000000000, 0.4355038836789342227 ) ) ;
#10224 = CARTESIAN_POINT ( 'NONE',  ( -1.757838149159489216, -1.000000000000000000, 0.2718395779752592056 ) ) ;
#10225 = PRESENTATION_LAYER_ASSIGNMENT (  '', '', ( #5974 ) ) ;
#10226 = UNCERTAINTY_MEASURE_WITH_UNIT (LENGTH_MEASURE( 1.000000000000000082E-05 ), #4773, 'distance_accuracy_value', 'NONE');
#10227 = ORIENTED_EDGE ( 'NONE', *, *, #7923, .T. ) ;
#10228 = DIRECTION ( 'NONE',  ( 0.0000000000000000000, 0.0000000000000000000, -1.000000000000000000 ) ) ;
#10229 = ORIENTED_EDGE ( 'NONE', *, *, #4374, .F. ) ;
#10230 = ORIENTED_EDGE ( 'NONE', *, *, #1561, .T. ) ;
#10231 = CARTESIAN_POINT ( 'NONE',  ( -1.538407638114548170, -1.000000000000000000, 0.4069589033021648317 ) ) ;
#10232 = DIRECTION ( 'NONE',  ( -0.0000000000000000000, 1.000000000000000000, -0.0000000000000000000 ) ) ;
#10233 = DIRECTION ( 'NONE',  ( 1.000000000000000000, 0.0000000000000000000, 0.0000000000000000000 ) ) ;
#10234 = EDGE_CURVE ( 'NONE', #4834, #9481, #9206, .T. ) ;
#10235 = LINE ( 'NONE', #7878, #6242 ) ;
#10236 = VECTOR ( 'NONE', #417, 1000.000000000000000 ) ;
#10237 = CARTESIAN_POINT ( 'NONE',  ( -1.553426244990493643, -1.010000000000000009, 0.2926345721118238097 ) ) ;
#10238 = FILL_AREA_STYLE_COLOUR ( '', #1437 ) ;
#10239 = SURFACE_STYLE_FILL_AREA ( #818 ) ;
#10240 = CARTESIAN_POINT ( 'NONE',  ( -1.671336749938581390, -1.010000000000000009, 0.4420023193468916589 ) ) ;
#10241 = CARTESIAN_POINT ( 'NONE',  ( -1.683130207261409383, -1.010000000000000009, 0.2077216793875679424 ) ) ;
#10242 = UNCERTAINTY_MEASURE_WITH_UNIT (LENGTH_MEASURE( 1.000000000000000082E-05 ), #5850, 'distance_accuracy_value', 'NONE');
#10243 = CARTESIAN_POINT ( 'NONE',  ( -2.118335738668366997, -1.000000000000000000, 0.2384387124364643340 ) ) ;
#10244 = ORIENTED_EDGE ( 'NONE', *, *, #163, .F. ) ;
#10245 = SURFACE_STYLE_USAGE ( .BOTH. , #6146 ) ;
#10246 = DIRECTION ( 'NONE',  ( -0.0000000000000000000, 1.000000000000000000, -0.0000000000000000000 ) ) ;
#10247 = CARTESIAN_POINT ( 'NONE',  ( -1.648977317585904379, -1.010000000000000009, 0.2276020788743692014 ) ) ;
#10248 = EDGE_CURVE ( 'NONE', #7976, #10887, #9869, .T. ) ;
#10249 =( NAMED_UNIT ( * ) PLANE_ANGLE_UNIT ( ) SI_UNIT ( $, .RADIAN. ) );
#10250 = EDGE_LOOP ( 'NONE', ( #8272, #2129, #6856 ) ) ;
#10251 = DIRECTION ( 'NONE',  ( 0.0000000000000000000, 1.000000000000000000, 0.0000000000000000000 ) ) ;
#10252 = CARTESIAN_POINT ( 'NONE',  ( -1.517083141812432645, -1.010000000000000009, 0.3034652982244437913 ) ) ;
#10253 = DIRECTION ( 'NONE',  ( -0.0000000000000000000, 1.000000000000000000, -0.0000000000000000000 ) ) ;
#10254 = CARTESIAN_POINT ( 'NONE',  ( -1.749606797313536966, -1.000000000000000000, 0.2077216793875679424 ) ) ;
#10255 = VECTOR ( 'NONE', #1201, 1000.000000000000000 ) ;
#10256 = CARTESIAN_POINT ( 'NONE',  ( -1.633718027907086645, -1.010000000000000009, 0.1877450067792323374 ) ) ;
#10257 = EDGE_CURVE ( 'NONE', #11636, #9204, #9091, .T. ) ;
#10258 = FACE_OUTER_BOUND ( 'NONE', #7276, .T. ) ;
#10259 = UNCERTAINTY_MEASURE_WITH_UNIT (LENGTH_MEASURE( 1.000000000000000082E-05 ), #2107, 'distance_accuracy_value', 'NONE');
#10260 = ORIENTED_EDGE ( 'NONE', *, *, #11882, .F. ) ;
#10261 = ORIENTED_EDGE ( 'NONE', *, *, #8888, .F. ) ;
#10262 =( LENGTH_UNIT ( ) NAMED_UNIT ( * ) SI_UNIT ( .MILLI., .METRE. ) );
#10263 = VECTOR ( 'NONE', #3702, 1000.000000000000227 ) ;
#10264 = EDGE_LOOP ( 'NONE', ( #911, #5624, #8624, #3583, #3764, #11893, #11605, #4599, #11920, #6468, #10943, #2258 ) ) ;
#10265 = CARTESIAN_POINT ( 'NONE',  ( -1.434697418514818468, -1.010000000000000009, 0.2909979290547222708 ) ) ;
#10266 = EDGE_CURVE ( 'NONE', #3569, #7123, #3249, .T. ) ;
#10267 = DIRECTION ( 'NONE',  ( -0.0000000000000000000, 1.000000000000000000, -0.0000000000000000000 ) ) ;
#10268 = PRESENTATION_STYLE_ASSIGNMENT (( #7555 ) ) ;
#10269 =( LENGTH_UNIT ( ) NAMED_UNIT ( * ) SI_UNIT ( .MILLI., .METRE. ) );
#10270 = AXIS2_PLACEMENT_3D ( 'NONE', #7691, #3088, #1350 ) ;
#10271 = DIRECTION ( 'NONE',  ( 1.000000000000000000, 0.0000000000000000000, 0.0000000000000000000 ) ) ;
#10272 = CARTESIAN_POINT ( 'NONE',  ( -1.989135132452668042, -1.000000000000000000, 0.2089836405724676549 ) ) ;
#10273 = SURFACE_SIDE_STYLE ('',( #11357 ) ) ;
#10274 = ORIENTED_EDGE ( 'NONE', *, *, #1183, .T. ) ;
#10275 = ORIENTED_EDGE ( 'NONE', *, *, #7, .T. ) ;
#10276 = PLANE ( 'NONE',  #1414 ) ;
#10277 = VECTOR ( 'NONE', #9086, 1000.000000000000000 ) ;
#10278 = ORIENTED_EDGE ( 'NONE', *, *, #4729, .F. ) ;
#10279 = ORIENTED_EDGE ( 'NONE', *, *, #126, .T. ) ;
#10280 = ADVANCED_FACE ( 'NONE', ( #11792 ), #5264, .F. ) ;
#10281 = VERTEX_POINT ( 'NONE', #11125 ) ;
#10282 = VECTOR ( 'NONE', #9196, 1000.000000000000000 ) ;
#10283 = EDGE_CURVE ( 'NONE', #6336, #6535, #7512, .T. ) ;
#10284 = STYLED_ITEM ( 'NONE', ( #1742 ), #8286 ) ;
#10285 = FILL_AREA_STYLE_COLOUR ( '', #7514 ) ;
#10286 = CARTESIAN_POINT ( 'NONE',  ( -1.669290946117363283, -1.010000000000000009, 0.2685181553006110167 ) ) ;
#10287 = VECTOR ( 'NONE', #6884, 1000.000000000000000 ) ;
#10288 = CARTESIAN_POINT ( 'NONE',  ( -1.420497133166460424, -1.010000000000000009, 0.2430057782345277084 ) ) ;
#10289 = VECTOR ( 'NONE', #4173, 1000.000000000000114 ) ;
#10290 = VERTEX_POINT ( 'NONE', #7568 ) ;
#10291 = CARTESIAN_POINT ( 'NONE',  ( -2.319165709243877327, -1.000000000000000000, 0.3716558949844837034 ) ) ;
#10292 = ORIENTED_EDGE ( 'NONE', *, *, #7784, .T. ) ;
#10293 = PRESENTATION_LAYER_ASSIGNMENT (  '', '', ( #8949 ) ) ;
#10294 = MECHANICAL_DESIGN_GEOMETRIC_PRESENTATION_REPRESENTATION (  '', ( #7797 ), #8375 ) ;
#10295 = CARTESIAN_POINT ( 'NONE',  ( -1.776683612595411299, -1.000000000000000000, 0.3694123861110195084 ) ) ;
#10296 = COLOUR_RGB ( '',0.7529411764705882248, 0.7529411764705882248, 0.7529411764705882248 ) ;
#10297 = CARTESIAN_POINT ( 'NONE',  ( -1.727127023559427155, -1.010000000000000009, 0.2117170139091086312 ) ) ;
#10298 = STYLED_ITEM ( 'NONE', ( #10854 ), #1255 ) ;
#10299 = CARTESIAN_POINT ( 'NONE',  ( -1.443337931124564877, -1.000000000000000000, 0.2298644972179162416 ) ) ;
#10300 = FACE_OUTER_BOUND ( 'NONE', #8902, .T. ) ;
#10301 = CARTESIAN_POINT ( 'NONE',  ( -1.912150312234458971, -1.000000000000000000, 0.2565133889276366430 ) ) ;
#10302 = DIRECTION ( 'NONE',  ( -0.0000000000000000000, 1.000000000000000000, -0.0000000000000000000 ) ) ;
#10303 = COLOUR_RGB ( '',0.7529411764705882248, 0.7529411764705882248, 0.7529411764705882248 ) ;
#10304 = COLOUR_RGB ( '',0.0000000000000000000, 0.0000000000000000000, 0.0000000000000000000 ) ;
#10305 = ORIENTED_EDGE ( 'NONE', *, *, #8706, .T. ) ;
#10306 = PRESENTATION_LAYER_ASSIGNMENT (  '', '', ( #1845 ) ) ;
#10307 = ADVANCED_FACE ( 'NONE', ( #5622 ), #10164, .F. ) ;
#10308 = STYLED_ITEM ( 'NONE', ( #10783 ), #1573 ) ;
#10309 = LINE ( 'NONE', #1262, #68 ) ;
#10310 = LINE ( 'NONE', #2046, #1178 ) ;
#10311 = SURFACE_STYLE_FILL_AREA ( #6625 ) ;
#10312 = PRESENTATION_LAYER_ASSIGNMENT (  '', '', ( #3575 ) ) ;
#10313 = CARTESIAN_POINT ( 'NONE',  ( -1.629650488544555076, -1.000000000000000000, 0.2765569609041355070 ) ) ;
#10314 = AXIS2_PLACEMENT_3D ( 'NONE', #6559, #953, #17 ) ;
#10315 = CARTESIAN_POINT ( 'NONE',  ( -1.710375500505164847, -1.000000000000000000, 0.2696252961921603575 ) ) ;
#10316 = EDGE_LOOP ( 'NONE', ( #2489, #1850, #2050, #2207 ) ) ;
#10317 = CARTESIAN_POINT ( 'NONE',  ( -1.433277389980368577, -1.000000000000000000, 0.2689995209057167713 ) ) ;
#10318 = DIRECTION ( 'NONE',  ( -1.000000000000000000, -0.0000000000000000000, -0.0000000000000000000 ) ) ;
#10319 = SURFACE_SIDE_STYLE ('',( #7428 ) ) ;
#10320 = CARTESIAN_POINT ( 'NONE',  ( -1.757838149159489216, -1.010000000000000009, 0.2603830765755508203 ) ) ;
#10321 = SURFACE_STYLE_USAGE ( .BOTH. , #2956 ) ;
#10322 = EDGE_CURVE ( 'NONE', #9481, #6173, #9173, .T. ) ;
#10323 = VECTOR ( 'NONE', #11081, 1000.000000000000000 ) ;
#10324 =( GEOMETRIC_REPRESENTATION_CONTEXT ( 3 ) GLOBAL_UNCERTAINTY_ASSIGNED_CONTEXT ( ( #11091 ) ) GLOBAL_UNIT_ASSIGNED_CONTEXT ( ( #11369, #10466, #10829 ) ) REPRESENTATION_CONTEXT ( 'NONE', 'WORKASPACE' ) );
#10325 = ORIENTED_EDGE ( 'NONE', *, *, #5344, .T. ) ;
#10326 = COLOUR_RGB ( '',0.0000000000000000000, 0.0000000000000000000, 0.0000000000000000000 ) ;
#10327 = EDGE_LOOP ( 'NONE', ( #3339, #2647, #9468, #4272 ) ) ;
#10328 = CARTESIAN_POINT ( 'NONE',  ( -1.538407638114548170, -1.010000000000000009, 0.4069589033021648317 ) ) ;
#10329 = ORIENTED_EDGE ( 'NONE', *, *, #10962, .T. ) ;
#10330 = LINE ( 'NONE', #2004, #9659 ) ;
#10331 = DIRECTION ( 'NONE',  ( -1.000000000000000000, 0.0000000000000000000, -0.0000000000000000000 ) ) ;
#10332 = ADVANCED_FACE ( 'NONE', ( #1114 ), #8481, .F. ) ;
#10333 = PRESENTATION_STYLE_ASSIGNMENT (( #6894 ) ) ;
#10334 = FILL_AREA_STYLE ('',( #7798 ) ) ;
#10335 = LINE ( 'NONE', #9244, #8870 ) ;
#10336 = CARTESIAN_POINT ( 'NONE',  ( -1.780510469155388575, -1.010000000000000009, 0.2625010852377568926 ) ) ;
#10337 = CARTESIAN_POINT ( 'NONE',  ( 2.450000000000000622, 0.0000000000000000000, 0.5999999999999999778 ) ) ;
#10338 = B_SPLINE_CURVE_WITH_KNOTS ( 'NONE', 3,
 ( #2893, #1827, #5599, #841 ),
 .UNSPECIFIED., .F., .F.,
 ( 4, 4 ),
 ( 15.00000000000000000, 16.00000000000000000 ),
 .UNSPECIFIED. ) ;
#10339 = VECTOR ( 'NONE', #3767, 1000.000000000000000 ) ;
#10340 = LINE ( 'NONE', #6533, #3947 ) ;
#10341 = CARTESIAN_POINT ( 'NONE',  ( -1.668135668665369442, -1.010000000000000009, 0.2077216793875679424 ) ) ;
#10342 = EDGE_CURVE ( 'NONE', #7123, #6537, #8596, .T. ) ;
#10343 = ORIENTED_EDGE ( 'NONE', *, *, #9833, .F. ) ;
#10344 = VERTEX_POINT ( 'NONE', #358 ) ;
#10345 = SURFACE_STYLE_USAGE ( .BOTH. , #11302 ) ;
#10346 = PRESENTATION_STYLE_ASSIGNMENT (( #2977 ) ) ;
#10347 = VERTEX_POINT ( 'NONE', #2375 ) ;
#10348 = CARTESIAN_POINT ( 'NONE',  ( -1.633718027907086645, -1.000000000000000000, 0.1877450067792323374 ) ) ;
#10349 = FILL_AREA_STYLE ('',( #1354 ) ) ;
#10350 =( NAMED_UNIT ( * ) SI_UNIT ( $, .STERADIAN. ) SOLID_ANGLE_UNIT ( ) );
#10351 = LINE ( 'NONE', #1176, #5933 ) ;
#10352 = COLOUR_RGB ( '',0.7529411764705882248, 0.7529411764705882248, 0.7529411764705882248 ) ;
#10353 = EDGE_CURVE ( 'NONE', #164, #5917, #300, .T. ) ;
#10354 = ORIENTED_EDGE ( 'NONE', *, *, #6824, .F. ) ;
#10355 = SURFACE_SIDE_STYLE ('',( #7824 ) ) ;
#10356 = VERTEX_POINT ( 'NONE', #7874 ) ;
#10357 = CARTESIAN_POINT ( 'NONE',  ( -2.173229267757805339, -1.010000000000000009, 0.4111524523690952559 ) ) ;
#10358 = DIRECTION ( 'NONE',  ( -0.0000000000000000000, 1.000000000000000000, -0.0000000000000000000 ) ) ;
#10359 = CARTESIAN_POINT ( 'NONE',  ( 2.500000000000000000, -0.9500000000000007327, 0.04999999999999926725 ) ) ;
#10360 = FILL_AREA_STYLE ('',( #1134 ) ) ;
#10361 = SURFACE_SIDE_STYLE ('',( #11205 ) ) ;
#10362 = CARTESIAN_POINT ( 'NONE',  ( -1.433277389980368577, -1.010000000000000009, 0.2689995209057167713 ) ) ;
#10363 = CARTESIAN_POINT ( 'NONE',  ( -1.443337931124564877, -1.010000000000000009, 0.2298644972179162416 ) ) ;
#10364 = DIRECTION ( 'NONE',  ( 1.000000000000000000, -0.0000000000000000000, -0.0000000000000000000 ) ) ;
#10365 = EDGE_CURVE ( 'NONE', #8712, #9027, #514, .T. ) ;
#10366 = EDGE_CURVE ( 'NONE', #4733, #671, #9314, .T. ) ;
#10367 = UNCERTAINTY_MEASURE_WITH_UNIT (LENGTH_MEASURE( 1.000000000000000082E-05 ), #9093, 'distance_accuracy_value', 'NONE');
#10368 = CARTESIAN_POINT ( 'NONE',  ( -1.722168957827996172, -1.010000000000000009, 0.2197076829521849295 ) ) ;
#10369 = ORIENTED_EDGE ( 'NONE', *, *, #3119, .F. ) ;
#10370 = VECTOR ( 'NONE', #6865, 1000.000000000000000 ) ;
#10371 =( LENGTH_UNIT ( ) NAMED_UNIT ( * ) SI_UNIT ( .MILLI., .METRE. ) );
#10372 = LINE ( 'NONE', #7655, #10044 ) ;
#10373 = MECHANICAL_DESIGN_GEOMETRIC_PRESENTATION_REPRESENTATION (  '', ( #1517 ), #3937 ) ;
#10374 = VECTOR ( 'NONE', #2323, 1000.000000000000000 ) ;
#10375 = DIRECTION ( 'NONE',  ( 0.0000000000000000000, -0.0000000000000000000, 1.000000000000000000 ) ) ;
#10376 = VERTEX_POINT ( 'NONE', #3147 ) ;
#10377 = FILL_AREA_STYLE_COLOUR ( '', #7148 ) ;
#10378 = LINE ( 'NONE', #3183, #10287 ) ;
#10379 = FACE_OUTER_BOUND ( 'NONE', #5021, .T. ) ;
#10380 = B_SPLINE_CURVE_WITH_KNOTS ( 'NONE', 3,
 ( #9449, #1188, #5137, #4853 ),
 .UNSPECIFIED., .F., .F.,
 ( 4, 4 ),
 ( 0.0000000000000000000, 1.000000000000000000 ),
 .UNSPECIFIED. ) ;
#10381 = SURFACE_STYLE_USAGE ( .BOTH. , #3863 ) ;
#10382 = UNCERTAINTY_MEASURE_WITH_UNIT (LENGTH_MEASURE( 1.000000000000000082E-05 ), #492, 'distance_accuracy_value', 'NONE');
#10383 = VECTOR ( 'NONE', #201, 1000.000000000000114 ) ;
#10384 = EDGE_LOOP ( 'NONE', ( #11297, #9957, #8592, #909 ) ) ;
#10385 = ORIENTED_EDGE ( 'NONE', *, *, #9580, .T. ) ;
#10386 = ORIENTED_EDGE ( 'NONE', *, *, #10487, .T. ) ;
#10387 =( GEOMETRIC_REPRESENTATION_CONTEXT ( 3 ) GLOBAL_UNCERTAINTY_ASSIGNED_CONTEXT ( ( #2520 ) ) GLOBAL_UNIT_ASSIGNED_CONTEXT ( ( #8576, #3193, #11348 ) ) REPRESENTATION_CONTEXT ( 'NONE', 'WORKASPACE' ) );
#10388 = CARTESIAN_POINT ( 'NONE',  ( -1.450486210359190009, -1.010000000000000009, 0.2896982419207457804 ) ) ;
#10389 =( LENGTH_UNIT ( ) NAMED_UNIT ( * ) SI_UNIT ( .MILLI., .METRE. ) );
#10390 = DIRECTION ( 'NONE',  ( -1.000000000000000000, 0.0000000000000000000, -0.0000000000000000000 ) ) ;
#10391 = FACE_OUTER_BOUND ( 'NONE', #3003, .T. ) ;
#10392 = DIRECTION ( 'NONE',  ( -0.0000000000000000000, 1.000000000000000000, -0.0000000000000000000 ) ) ;
#10393 = ADVANCED_FACE ( 'NONE', ( #9547 ), #6908, .F. ) ;
#10394 = VECTOR ( 'NONE', #10743, 1000.000000000000227 ) ;
#10395 = SURFACE_SIDE_STYLE ('',( #2364 ) ) ;
#10396 = STYLED_ITEM ( 'NONE', ( #5205 ), #10961 ) ;
#10397 = CARTESIAN_POINT ( 'NONE',  ( -1.638098454912515711, -1.010000000000000009, 0.1881782358238936470 ) ) ;
#10398 = EDGE_LOOP ( 'NONE', ( #5747, #1158, #4063, #2843 ) ) ;
#10399 = ORIENTED_EDGE ( 'NONE', *, *, #9044, .F. ) ;
#10400 = CARTESIAN_POINT ( 'NONE',  ( -1.450690790741165470, -1.010000000000000009, 0.3003544730019088171 ) ) ;
#10401 = ORIENTED_EDGE ( 'NONE', *, *, #694, .F. ) ;
#10402 = DIRECTION ( 'NONE',  ( 0.0000000000000000000, 0.0000000000000000000, 1.000000000000000000 ) ) ;
#10403 = ORIENTED_EDGE ( 'NONE', *, *, #2808, .T. ) ;
#10404 =( GEOMETRIC_REPRESENTATION_CONTEXT ( 3 ) GLOBAL_UNCERTAINTY_ASSIGNED_CONTEXT ( ( #1565 ) ) GLOBAL_UNIT_ASSIGNED_CONTEXT ( ( #10405, #7936, #6109 ) ) REPRESENTATION_CONTEXT ( 'NONE', 'WORKASPACE' ) );
#10405 =( LENGTH_UNIT ( ) NAMED_UNIT ( * ) SI_UNIT ( .MILLI., .METRE. ) );
#10406 = CARTESIAN_POINT ( 'NONE',  ( -1.775696813105298144, -1.000000000000000000, 0.2200446388759535743 ) ) ;
#10407 = EDGE_CURVE ( 'NONE', #7566, #603, #2316, .T. ) ;
#10408 =( NAMED_UNIT ( * ) SI_UNIT ( $, .STERADIAN. ) SOLID_ANGLE_UNIT ( ) );
#10409 =( LENGTH_UNIT ( ) NAMED_UNIT ( * ) SI_UNIT ( .MILLI., .METRE. ) );
#10410 = SURFACE_SIDE_STYLE ('',( #5809 ) ) ;
#10411 = PRESENTATION_LAYER_ASSIGNMENT (  '', '', ( #6754 ) ) ;
#10412 = VERTEX_POINT ( 'NONE', #548 ) ;
#10413 = CARTESIAN_POINT ( 'NONE',  ( -1.388943617757946614, -1.010000000000000009, 0.2457014256227323390 ) ) ;
#10414 = EDGE_LOOP ( 'NONE', ( #9980, #8895, #3615, #1115, #880, #10866, #7150 ) ) ;
#10415 = CARTESIAN_POINT ( 'NONE',  ( -2.319165709243877327, -1.010000000000000009, 0.3716558949844837034 ) ) ;
#10416 = ORIENTED_EDGE ( 'NONE', *, *, #6310, .T. ) ;
#10417 = PRESENTATION_STYLE_ASSIGNMENT (( #2092 ) ) ;
#10418 =( NAMED_UNIT ( * ) PLANE_ANGLE_UNIT ( ) SI_UNIT ( $, .RADIAN. ) );
#10419 = SURFACE_STYLE_FILL_AREA ( #6741 ) ;
#10420 = EDGE_CURVE ( 'NONE', #645, #10028, #3272, .T. ) ;
#10421 = CARTESIAN_POINT ( 'NONE',  ( -1.903447685491074237, -1.000000000000000000, 0.3027042912733673985 ) ) ;
#10422 = CARTESIAN_POINT ( 'NONE',  ( -1.448464474817876768, -1.010000000000000009, 0.3586779331192915810 ) ) ;
#10423 = ORIENTED_EDGE ( 'NONE', *, *, #4410, .T. ) ;
#10424 = B_SPLINE_CURVE_WITH_KNOTS ( 'NONE', 3,
 ( #4799, #945, #11083, #5580 ),
 .UNSPECIFIED., .F., .F.,
 ( 4, 4 ),
 ( 3.000000000000000000, 4.000000000000000000 ),
 .UNSPECIFIED. ) ;
#10425 = LINE ( 'NONE', #5828, #2600 ) ;
#10426 = LINE ( 'NONE', #5772, #3676 ) ;
#10427 = DIRECTION ( 'NONE',  ( -0.0000000000000000000, 1.000000000000000000, -0.0000000000000000000 ) ) ;
#10429 = ADVANCED_FACE ( 'NONE', ( #1476 ), #4242, .F. ) ;
#10428 = DIRECTION ( 'NONE',  ( -1.000000000000000000, -0.0000000000000000000, -0.0000000000000000000 ) ) ;
#10430 =( NAMED_UNIT ( * ) PLANE_ANGLE_UNIT ( ) SI_UNIT ( $, .RADIAN. ) );
#10431 = ORIENTED_EDGE ( 'NONE', *, *, #1183, .F. ) ;
#10432 = DIRECTION ( 'NONE',  ( -0.2524218971878506856, -0.0000000000000000000, 0.9676172723861878877 ) ) ;
#10433 = EDGE_CURVE ( 'NONE', #3330, #2013, #4287, .T. ) ;
#10434 =( NAMED_UNIT ( * ) SI_UNIT ( $, .STERADIAN. ) SOLID_ANGLE_UNIT ( ) );
#10435 = DIRECTION ( 'NONE',  ( 1.000000000000000000, -0.0000000000000000000, -0.0000000000000000000 ) ) ;
#10436 = STYLED_ITEM ( 'NONE', ( #4875 ), #5839 ) ;
#10437 = EDGE_LOOP ( 'NONE', ( #2665, #3154, #7534, #9372 ) ) ;
#10438 = CARTESIAN_POINT ( 'NONE',  ( -2.005870962935040414, -1.010000000000000009, 0.4432852449793324157 ) ) ;
#10439 = CARTESIAN_POINT ( 'NONE',  ( -1.357341965788981586, -1.010000000000000009, 0.2457014256227323390 ) ) ;
#10440 = CARTESIAN_POINT ( 'NONE',  ( -1.814181993226108291, -1.010000000000000009, 0.4528330454595122512 ) ) ;
#10441 = FACE_OUTER_BOUND ( 'NONE', #5244, .T. ) ;
#10442 = VECTOR ( 'NONE', #4627, 1000.000000000000000 ) ;
#10443 = SURFACE_STYLE_USAGE ( .BOTH. , #6775 ) ;
#10444 = B_SPLINE_CURVE_WITH_KNOTS ( 'NONE', 3,
 ( #3492, #7231, #2638, #10005 ),
 .UNSPECIFIED., .F., .F.,
 ( 4, 4 ),
 ( 5.000000000000000000, 6.000000000000000000 ),
 .UNSPECIFIED. ) ;
#10445 = CARTESIAN_POINT ( 'NONE',  ( -1.702336694901322556, -1.010000000000000009, 0.3625769945199377453 ) ) ;
#10446 =( NAMED_UNIT ( * ) PLANE_ANGLE_UNIT ( ) SI_UNIT ( $, .RADIAN. ) );
#10447 = CARTESIAN_POINT ( 'NONE',  ( -1.931563885808779135, -1.000000000000000000, 0.3783502271771760350 ) ) ;
#10448 = PLANE ( 'NONE',  #5709 ) ;
#10449 = ORIENTED_EDGE ( 'NONE', *, *, #10807, .F. ) ;
#10450 = PRESENTATION_LAYER_ASSIGNMENT (  '', '', ( #3517 ) ) ;
#10451 = ORIENTED_EDGE ( 'NONE', *, *, #2015, .F. ) ;
#10452 = ORIENTED_EDGE ( 'NONE', *, *, #10823, .T. ) ;
#10453 = FACE_OUTER_BOUND ( 'NONE', #10398, .T. ) ;
#10454 = ADVANCED_FACE ( 'NONE', ( #602 ), #5195, .F. ) ;
#10455 = ORIENTED_EDGE ( 'NONE', *, *, #5283, .T. ) ;
#10456 = DIRECTION ( 'NONE',  ( 0.0000000000000000000, -0.0000000000000000000, 1.000000000000000000 ) ) ;
#10457 = B_SPLINE_CURVE_WITH_KNOTS ( 'NONE', 3,
 ( #9935, #9757, #9993, #6066 ),
 .UNSPECIFIED., .F., .F.,
 ( 4, 4 ),
 ( 2.000000000000000000, 3.000000000000000000 ),
 .UNSPECIFIED. ) ;
#10458 = CARTESIAN_POINT ( 'NONE',  ( -2.118335738668366997, -1.010000000000000009, 0.2384387124364641675 ) ) ;
#10459 = MECHANICAL_DESIGN_GEOMETRIC_PRESENTATION_REPRESENTATION (  '', ( #4659 ), #612 ) ;
#10460 = ORIENTED_EDGE ( 'NONE', *, *, #2135, .T. ) ;
#10461 = CARTESIAN_POINT ( 'NONE',  ( -1.602910629185807068, -1.010000000000000009, 0.4420023193468916589 ) ) ;
#10462 =( NAMED_UNIT ( * ) PLANE_ANGLE_UNIT ( ) SI_UNIT ( $, .RADIAN. ) );
#10463 = CARTESIAN_POINT ( 'NONE',  ( -1.760076499222489987, -1.000000000000000000, 0.4165380788418970304 ) ) ;
#10464 = VECTOR ( 'NONE', #5387, 1000.000000000000000 ) ;
#10465 = DIRECTION ( 'NONE',  ( 0.3493954794973169742, -0.0000000000000000000, -0.9369753459439793541 ) ) ;
#10466 =( NAMED_UNIT ( * ) PLANE_ANGLE_UNIT ( ) SI_UNIT ( $, .RADIAN. ) );
#10467 = VECTOR ( 'NONE', #8883, 1000.000000000000000 ) ;
#10468 = ORIENTED_EDGE ( 'NONE', *, *, #2179, .T. ) ;
#10469 = ORIENTED_EDGE ( 'NONE', *, *, #10642, .T. ) ;
#10470 = CARTESIAN_POINT ( 'NONE',  ( -2.299082695108411567, -1.000000000000000000, 0.3917388851789893045 ) ) ;
#10471 = EDGE_CURVE ( 'NONE', #1082, #4598, #7585, .T. ) ;
#10472 = ORIENTED_EDGE ( 'NONE', *, *, #5191, .T. ) ;
#10473 = COLOUR_RGB ( '',0.0000000000000000000, 0.0000000000000000000, 0.0000000000000000000 ) ;
#10474 = PLANE ( 'NONE',  #7630 ) ;
#10475 = SURFACE_STYLE_USAGE ( .BOTH. , #373 ) ;
#10476 = CARTESIAN_POINT ( 'NONE',  ( -1.538407638114548170, -1.000000000000000000, 0.3923735254702371833 ) ) ;
#10477 = EDGE_CURVE ( 'NONE', #3737, #55, #11322, .T. ) ;
#10478 = CARTESIAN_POINT ( 'NONE',  ( -2.185279047829110866, -1.010000000000000009, 0.2993571379454478820 ) ) ;
#10479 = FILL_AREA_STYLE ('',( #378 ) ) ;
#10480 = LINE ( 'NONE', #2997, #1240 ) ;
#10481 = PRESENTATION_LAYER_ASSIGNMENT (  '', '', ( #2768 ) ) ;
#10482 = CARTESIAN_POINT ( 'NONE',  ( -1.433277389980368577, -1.010000000000000009, 0.2572542001433302805 ) ) ;
#10483 = B_SPLINE_CURVE_WITH_KNOTS ( 'NONE', 3,
 ( #5186, #1398, #9597, #8707 ),
 .UNSPECIFIED., .F., .F.,
 ( 4, 4 ),
 ( 1.000000000000000000, 2.000000000000000000 ),
 .UNSPECIFIED. ) ;
#10484 = SURFACE_STYLE_FILL_AREA ( #3967 ) ;
#10485 = UNCERTAINTY_MEASURE_WITH_UNIT (LENGTH_MEASURE( 1.000000000000000082E-05 ), #1581, 'distance_accuracy_value', 'NONE');
#10486 = LINE ( 'NONE', #7716, #705 ) ;
#10487 = EDGE_CURVE ( 'NONE', #1409, #5460, #4353, .T. ) ;
#10488 = VECTOR ( 'NONE', #3770, 1000.000000000000000 ) ;
#10489 =( NAMED_UNIT ( * ) SI_UNIT ( $, .STERADIAN. ) SOLID_ANGLE_UNIT ( ) );
#10490 = CARTESIAN_POINT ( 'NONE',  ( -1.776683612595411299, -1.010000000000000009, 0.3694123861110195084 ) ) ;
#10491 = ORIENTED_EDGE ( 'NONE', *, *, #8868, .F. ) ;
#10492 = UNCERTAINTY_MEASURE_WITH_UNIT (LENGTH_MEASURE( 1.000000000000000082E-05 ), #5240, 'distance_accuracy_value', 'NONE');
#10493 = SURFACE_SIDE_STYLE ('',( #4811 ) ) ;
#10494 = CARTESIAN_POINT ( 'NONE',  ( -1.776683612595411299, -1.010000000000000009, 0.3586779331192915810 ) ) ;
#10495 = FILL_AREA_STYLE ('',( #5781 ) ) ;
#10496 = COLOUR_RGB ( '',0.0000000000000000000, 0.0000000000000000000, 0.0000000000000000000 ) ;
#10497 =( LENGTH_UNIT ( ) NAMED_UNIT ( * ) SI_UNIT ( .MILLI., .METRE. ) );
#10498 = CARTESIAN_POINT ( 'NONE',  ( -1.752446854383083563, -1.010000000000000009, 0.2319343693196740941 ) ) ;
#10499 =( GEOMETRIC_REPRESENTATION_CONTEXT ( 3 ) GLOBAL_UNCERTAINTY_ASSIGNED_CONTEXT ( ( #2292 ) ) GLOBAL_UNIT_ASSIGNED_CONTEXT ( ( #9179, #5539, #11818 ) ) REPRESENTATION_CONTEXT ( 'NONE', 'WORKASPACE' ) );
#10500 = FILL_AREA_STYLE ('',( #3123 ) ) ;
#10501 = PRESENTATION_LAYER_ASSIGNMENT (  '', '', ( #2597 ) ) ;
#10502 = EDGE_CURVE ( 'NONE', #7693, #4297, #1596, .T. ) ;
#10503 = ORIENTED_EDGE ( 'NONE', *, *, #9329, .F. ) ;
#10504 = ADVANCED_FACE ( 'NONE', ( #5248 ), #851, .T. ) ;
#10505 = ORIENTED_EDGE ( 'NONE', *, *, #10471, .T. ) ;
#10506 = VERTEX_POINT ( 'NONE', #5730 ) ;
#10507 = DIRECTION ( 'NONE',  ( -1.000000000000000000, -0.0000000000000000000, -0.0000000000000000000 ) ) ;
#10508 = COLOUR_RGB ( '',0.0000000000000000000, 0.0000000000000000000, 0.0000000000000000000 ) ;
#10509 = PRESENTATION_LAYER_ASSIGNMENT (  '', '', ( #3761 ) ) ;
#10510 = DIRECTION ( 'NONE',  ( -0.9398440417769812205, 0.0000000000000000000, -0.3416038306815484260 ) ) ;
#10511 = B_SPLINE_CURVE_WITH_KNOTS ( 'NONE', 3,
 ( #9717, #1587, #10696, #10754 ),
 .UNSPECIFIED., .F., .F.,
 ( 4, 4 ),
 ( 35.00000000000000000, 36.00000000000000000 ),
 .UNSPECIFIED. ) ;
#10512 = PRESENTATION_STYLE_ASSIGNMENT (( #5790 ) ) ;
#10513 =( GEOMETRIC_REPRESENTATION_CONTEXT ( 3 ) GLOBAL_UNCERTAINTY_ASSIGNED_CONTEXT ( ( #7728 ) ) GLOBAL_UNIT_ASSIGNED_CONTEXT ( ( #11796, #9209, #11853 ) ) REPRESENTATION_CONTEXT ( 'NONE', 'WORKASPACE' ) );
#10514 = DIRECTION ( 'NONE',  ( -0.8631877589412201290, 0.0000000000000000000, -0.5048830486499165104 ) ) ;
#10515 = SURFACE_STYLE_FILL_AREA ( #2967 ) ;
#10516 = LINE ( 'NONE', #2304, #2777 ) ;
#10517 = CARTESIAN_POINT ( 'NONE',  ( -1.722168957827996172, -1.000000000000000000, 0.2520554516093513886 ) ) ;
#10518 = MECHANICAL_DESIGN_GEOMETRIC_PRESENTATION_REPRESENTATION (  '', ( #3180 ), #4345 ) ;
#10519 = LINE ( 'NONE', #2010, #3800 ) ;
#10520 = ORIENTED_EDGE ( 'NONE', *, *, #382, .T. ) ;
#10521 =( GEOMETRIC_REPRESENTATION_CONTEXT ( 3 ) GLOBAL_UNCERTAINTY_ASSIGNED_CONTEXT ( ( #4938 ) ) GLOBAL_UNIT_ASSIGNED_CONTEXT ( ( #853, #10207, #4770 ) ) REPRESENTATION_CONTEXT ( 'NONE', 'WORKASPACE' ) );
#10522 = ORIENTED_EDGE ( 'NONE', *, *, #10366, .T. ) ;
#10523 = EDGE_LOOP ( 'NONE', ( #5655, #3043, #1403, #6715 ) ) ;
#10524 = FILL_AREA_STYLE_COLOUR ( '', #5441 ) ;
#10525 = ORIENTED_EDGE ( 'NONE', *, *, #11101, .F. ) ;
#10526 = LINE ( 'NONE', #8595, #6973 ) ;
#10527 = DIRECTION ( 'NONE',  ( -0.0000000000000000000, 1.000000000000000000, -0.0000000000000000000 ) ) ;
#10529 = ORIENTED_EDGE ( 'NONE', *, *, #3245, .T. ) ;
#10528 = STYLED_ITEM ( 'NONE', ( #10718 ), #3715 ) ;
#10530 = DIRECTION ( 'NONE',  ( 1.000000000000000000, -0.0000000000000000000, -0.0000000000000000000 ) ) ;
#10531 = FACE_OUTER_BOUND ( 'NONE', #4986, .T. ) ;
#10532 = VECTOR ( 'NONE', #4486, 1000.000000000000000 ) ;
#10533 = FACE_OUTER_BOUND ( 'NONE', #4912, .T. ) ;
#10534 =( NAMED_UNIT ( * ) SI_UNIT ( $, .STERADIAN. ) SOLID_ANGLE_UNIT ( ) );
#10535 = DIRECTION ( 'NONE',  ( -0.0000000000000000000, 1.000000000000000000, -0.0000000000000000000 ) ) ;
#10536 = ORIENTED_EDGE ( 'NONE', *, *, #1146, .T. ) ;
#10537 =( GEOMETRIC_REPRESENTATION_CONTEXT ( 3 ) GLOBAL_UNCERTAINTY_ASSIGNED_CONTEXT ( ( #3482 ) ) GLOBAL_UNIT_ASSIGNED_CONTEXT ( ( #10269, #11007, #11837 ) ) REPRESENTATION_CONTEXT ( 'NONE', 'WORKASPACE' ) );
#10538 = ORIENTED_EDGE ( 'NONE', *, *, #6588, .F. ) ;
#10539 = CARTESIAN_POINT ( 'NONE',  ( -2.330546074290889447, -1.000000000000000000, 0.3442091304396043827 ) ) ;
#10540 = CARTESIAN_POINT ( 'NONE',  ( -1.640409009816507391, -1.000000000000000000, 0.1785990602841615038 ) ) ;
#10541 = DIRECTION ( 'NONE',  ( -0.0000000000000000000, 1.000000000000000000, -0.0000000000000000000 ) ) ;
#10542 = FILL_AREA_STYLE_COLOUR ( '', #6710 ) ;
#10543 = CARTESIAN_POINT ( 'NONE',  ( -1.690976466623149266, -1.000000000000000000, 0.2477712977244908299 ) ) ;
#10544 =( NAMED_UNIT ( * ) PLANE_ANGLE_UNIT ( ) SI_UNIT ( $, .RADIAN. ) );
#10545 = VECTOR ( 'NONE', #6776, 1000.000000000000000 ) ;
#10546 = CARTESIAN_POINT ( 'NONE',  ( -2.173229267757805339, -1.000000000000000000, 0.4111524523690952559 ) ) ;
#10547 = EDGE_CURVE ( 'NONE', #3867, #6945, #8031, .T. ) ;
#10548 = CARTESIAN_POINT ( 'NONE',  ( -2.238833705372254457, -1.000000000000000000, 0.2806130129130237072 ) ) ;
#10549 = DIRECTION ( 'NONE',  ( 0.0000000000000000000, 0.0000000000000000000, 1.000000000000000000 ) ) ;
#10550 = CARTESIAN_POINT ( 'NONE',  ( -2.177245856858871953, -1.000000000000000000, 0.4519878781069318618 ) ) ;
#10551 = FILL_AREA_STYLE_COLOUR ( '', #6314 ) ;
#10552 =( GEOMETRIC_REPRESENTATION_CONTEXT ( 3 ) GLOBAL_UNCERTAINTY_ASSIGNED_CONTEXT ( ( #3613 ) ) GLOBAL_UNIT_ASSIGNED_CONTEXT ( ( #8475, #4175, #1527 ) ) REPRESENTATION_CONTEXT ( 'NONE', 'WORKASPACE' ) );
#10553 = CARTESIAN_POINT ( 'NONE',  ( -1.752446854383083563, -1.000000000000000000, 0.2319343693196740941 ) ) ;
#10554 = FILL_AREA_STYLE_COLOUR ( '', #8206 ) ;
#10555 = CARTESIAN_POINT ( 'NONE',  ( -1.497323083726747273, -1.010000000000000009, 0.4528330454595122512 ) ) ;
#10556 = SURFACE_SIDE_STYLE ('',( #6883 ) ) ;
#10557 = ADVANCED_FACE ( 'NONE', ( #8346 ), #5498, .F. ) ;
#10558 = VECTOR ( 'NONE', #693, 999.9999999999997726 ) ;
#10559 = LINE ( 'NONE', #2289, #11631 ) ;
#10560 = B_SPLINE_SURFACE_WITH_KNOTS ( 'NONE', 3, 1, ( 
 ( #8397, #1828 ),
 ( #5662, #4579 ),
 ( #4693, #5718 ),
 ( #32, #968 ) ),
 .UNSPECIFIED., .F., .F., .F.,
 ( 4, 4 ),
 ( 2, 2 ),
 ( 12.00000000000000000, 13.00000000000000000 ),
 ( 0.0000000000000000000, 1.000000000000000000 ),
 .UNSPECIFIED. ) ;
#10561 = ORIENTED_EDGE ( 'NONE', *, *, #5985, .F. ) ;
#10562 = EDGE_LOOP ( 'NONE', ( #11109, #428, #4456 ) ) ;
#10563 = VERTEX_POINT ( 'NONE', #7379 ) ;
#10564 = MECHANICAL_DESIGN_GEOMETRIC_PRESENTATION_REPRESENTATION (  '', ( #4197 ), #5727 ) ;
#10565 = DIRECTION ( 'NONE',  ( 0.0000000000000000000, 0.0000000000000000000, 1.000000000000000000 ) ) ;
#10566 = PRESENTATION_STYLE_ASSIGNMENT (( #1462 ) ) ;
#10567 = CARTESIAN_POINT ( 'NONE',  ( -1.589167641162975375, -1.010000000000000009, 0.3586779331192915810 ) ) ;
#10568 = SURFACE_SIDE_STYLE ('',( #3317 ) ) ;
#10569 = CARTESIAN_POINT ( 'NONE',  ( -1.588686275558511163, -1.010000000000000009, 0.4420023193468916589 ) ) ;
#10570 =( GEOMETRIC_REPRESENTATION_CONTEXT ( 3 ) GLOBAL_UNCERTAINTY_ASSIGNED_CONTEXT ( ( #8442 ) ) GLOBAL_UNIT_ASSIGNED_CONTEXT ( ( #9281, #10135, #6692 ) ) REPRESENTATION_CONTEXT ( 'NONE', 'WORKASPACE' ) );
#10571 = CARTESIAN_POINT ( 'NONE',  ( -1.780510469155388575, -1.010000000000000009, 0.2625010852377568926 ) ) ;
#10572 = ADVANCED_FACE ( 'NONE', ( #5673 ), #10985, .F. ) ;
#10573 = SURFACE_STYLE_USAGE ( .BOTH. , #9535 ) ;
#10574 = DIRECTION ( 'NONE',  ( -0.0000000000000000000, -0.0000000000000000000, -1.000000000000000000 ) ) ;
#10575 = CARTESIAN_POINT ( 'NONE',  ( -1.969721558878669621, -1.000000000000000000, 0.3904000200175501423 ) ) ;
#10576 = CARTESIAN_POINT ( 'NONE',  ( -2.024615087967786220, -1.010000000000000009, 0.2879767681101150778 ) ) ;
#10577 = ORIENTED_EDGE ( 'NONE', *, *, #2301, .F. ) ;
#10578 = ORIENTED_EDGE ( 'NONE', *, *, #4666, .F. ) ;
#10579 = EDGE_LOOP ( 'NONE', ( #4114, #238, #2117, #410, #4250, #2370, #10561, #8154, #5049, #10491, #8597, #11453 ) ) ;
#10580 = CARTESIAN_POINT ( 'NONE',  ( -1.734684463558163747, -1.000000000000000000, 0.2780973308403431599 ) ) ;
#10581 = CARTESIAN_POINT ( 'NONE',  ( -1.682167476051521282, -1.010000000000000009, 0.2567728345382238597 ) ) ;
#10582 = CARTESIAN_POINT ( 'NONE',  ( -1.683491231465078952, -1.010000000000000009, 0.3586779331192915810 ) ) ;
#10583 = MECHANICAL_DESIGN_GEOMETRIC_PRESENTATION_REPRESENTATION (  '', ( #3053 ), #1329 ) ;
#10584 = ORIENTED_EDGE ( 'NONE', *, *, #4152, .T. ) ;
#10585 = CARTESIAN_POINT ( 'NONE',  ( -1.751315645211307448, -1.000000000000000000, 0.2224514669008346157 ) ) ;
#10586 = CARTESIAN_POINT ( 'NONE',  ( -1.517083141812432645, -1.010000000000000009, 0.3034652982244437913 ) ) ;
#10587 = CARTESIAN_POINT ( 'NONE',  ( -1.434697418514818468, -1.000000000000000000, 0.2909979290547222708 ) ) ;
#10588 = EDGE_CURVE ( 'NONE', #2585, #7288, #2358, .T. ) ;
#10589 = EDGE_CURVE ( 'NONE', #3515, #4909, #8696, .T. ) ;
#10590 = CARTESIAN_POINT ( 'NONE',  ( -1.624307330328914389, -1.010000000000000009, 0.1908738832120951412 ) ) ;
#10591 =( LENGTH_UNIT ( ) NAMED_UNIT ( * ) SI_UNIT ( .MILLI., .METRE. ) );
#10592 = VERTEX_POINT ( 'NONE', #284 ) ;
#10593 = CARTESIAN_POINT ( 'NONE',  ( -1.750834279606522825, -1.000000000000000000, 0.3778362841987565335 ) ) ;
#10594 = EDGE_LOOP ( 'NONE', ( #3223, #1096, #10203 ) ) ;
#10595 = LINE ( 'NONE', #6052, #9676 ) ;
#10596 = VERTEX_POINT ( 'NONE', #1275 ) ;
#10597 = CARTESIAN_POINT ( 'NONE',  ( -1.577277910719251164, -1.010000000000000009, 0.3694123861110195084 ) ) ;
#10598 = CARTESIAN_POINT ( 'NONE',  ( -1.543149089323647249, -1.000000000000000000, 0.3806763412682989123 ) ) ;
#10599 = LINE ( 'NONE', #2891, #4112 ) ;
#10600 = SURFACE_STYLE_FILL_AREA ( #1371 ) ;
#10601 = CARTESIAN_POINT ( 'NONE',  ( -1.903447685491074237, -1.000000000000000000, 0.3027042912733673985 ) ) ;
#10602 =( GEOMETRIC_REPRESENTATION_CONTEXT ( 3 ) GLOBAL_UNCERTAINTY_ASSIGNED_CONTEXT ( ( #9761 ) ) GLOBAL_UNIT_ASSIGNED_CONTEXT ( ( #8580, #6472, #8520 ) ) REPRESENTATION_CONTEXT ( 'NONE', 'WORKASPACE' ) );
#10603 = CARTESIAN_POINT ( 'NONE',  ( -1.676198542549437009, -1.000000000000000000, 0.2676998337717396703 ) ) ;
#10604 = UNCERTAINTY_MEASURE_WITH_UNIT (LENGTH_MEASURE( 1.000000000000000082E-05 ), #10149, 'distance_accuracy_value', 'NONE');
#10605 = PRESENTATION_STYLE_ASSIGNMENT (( #1374 ) ) ;
#10606 = DIRECTION ( 'NONE',  ( -0.0000000000000000000, 1.000000000000000000, -0.0000000000000000000 ) ) ;
#10607 = ADVANCED_FACE ( 'NONE', ( #5845 ), #7733, .T. ) ;
#10608 =( GEOMETRIC_REPRESENTATION_CONTEXT ( 3 ) GLOBAL_UNCERTAINTY_ASSIGNED_CONTEXT ( ( #10973 ) ) GLOBAL_UNIT_ASSIGNED_CONTEXT ( ( #5525, #885, #3721 ) ) REPRESENTATION_CONTEXT ( 'NONE', 'WORKASPACE' ) );
#10609 = DIRECTION ( 'NONE',  ( -0.3559357243698734741, -0.0000000000000000000, 0.9345104387417475511 ) ) ;
#10610 = UNCERTAINTY_MEASURE_WITH_UNIT (LENGTH_MEASURE( 1.000000000000000082E-05 ), #8075, 'distance_accuracy_value', 'NONE');
#10611 =( NAMED_UNIT ( * ) PLANE_ANGLE_UNIT ( ) SI_UNIT ( $, .RADIAN. ) );
#10612 = SURFACE_SIDE_STYLE ('',( #6007 ) ) ;
#10613 = PLANE ( 'NONE',  #11005 ) ;
#10614 = CARTESIAN_POINT ( 'NONE',  ( -1.671336749938581390, -1.000000000000000000, 0.4118688324728259631 ) ) ;
#10615 = SURFACE_SIDE_STYLE ('',( #9699 ) ) ;
#10616 =( LENGTH_UNIT ( ) NAMED_UNIT ( * ) SI_UNIT ( .MILLI., .METRE. ) );
#10617 = VECTOR ( 'NONE', #8096, 1000.000000000000000 ) ;
#10618 = UNCERTAINTY_MEASURE_WITH_UNIT (LENGTH_MEASURE( 1.000000000000000082E-05 ), #7641, 'distance_accuracy_value', 'NONE');
#10619 = COLOUR_RGB ( '',0.0000000000000000000, 0.0000000000000000000, 0.0000000000000000000 ) ;
#10620 = ORIENTED_EDGE ( 'NONE', *, *, #3768, .T. ) ;
#10621 = EDGE_LOOP ( 'NONE', ( #1436, #8647, #3221, #9645 ) ) ;
#10622 = VERTEX_POINT ( 'NONE', #401 ) ;
#10623 = CARTESIAN_POINT ( 'NONE',  ( -1.676150405988668268, -1.010000000000000009, 0.2077216793875679424 ) ) ;
#10624 = ADVANCED_FACE ( 'NONE', ( #4876 ), #7856, .F. ) ;
#10625 = B_SPLINE_CURVE_WITH_KNOTS ( 'NONE', 3,
 ( #5005, #1280, #5123, #1396 ),
 .UNSPECIFIED., .F., .F.,
 ( 4, 4 ),
 ( 3.000000000000000000, 4.000000000000000000 ),
 .UNSPECIFIED. ) ;
#10626 = SURFACE_STYLE_USAGE ( .BOTH. , #587 ) ;
#10627 = CARTESIAN_POINT ( 'NONE',  ( -1.735021419481611371, -1.000000000000000000, 0.4434464161615654931 ) ) ;
#10628 = CARTESIAN_POINT ( 'NONE',  ( -1.533184821299701905, -1.010000000000000009, 0.3586779331192915810 ) ) ;
#10629 = CARTESIAN_POINT ( 'NONE',  ( -1.553426244990493643, -1.000000000000000000, 0.2625010852377568926 ) ) ;
#10630 = SURFACE_SIDE_STYLE ('',( #6950 ) ) ;
#10631 = SURFACE_STYLE_FILL_AREA ( #5235 ) ;
#10632 = EDGE_CURVE ( 'NONE', #8750, #10687, #532, .T. ) ;
#10633 = SURFACE_STYLE_FILL_AREA ( #3261 ) ;
#10634 = VECTOR ( 'NONE', #3582, 1000.000000000000000 ) ;
#10635 = CARTESIAN_POINT ( 'NONE',  ( -2.248875222814574748, -1.000000000000000000, 0.2103225121187592972 ) ) ;
#10636 = CARTESIAN_POINT ( 'NONE',  ( -1.928216719712432914, -1.010000000000000009, 0.2391081354408662596 ) ) ;
#10637 = FILL_AREA_STYLE_COLOUR ( '', #6632 ) ;
#10638 = ORIENTED_EDGE ( 'NONE', *, *, #5412, .T. ) ;
#10639 = VERTEX_POINT ( 'NONE', #10440 ) ;
#10640 = ORIENTED_EDGE ( 'NONE', *, *, #5819, .T. ) ;
#10641 = PLANE ( 'NONE',  #7193 ) ;
#10642 = EDGE_CURVE ( 'NONE', #8780, #1971, #3108, .T. ) ;
#10643 = VECTOR ( 'NONE', #11638, 1000.000000000000000 ) ;
#10644 = ORIENTED_EDGE ( 'NONE', *, *, #648, .T. ) ;
#10645 = CARTESIAN_POINT ( 'NONE',  ( -1.650301072999782459, -1.010000000000000009, 0.2357371575994287871 ) ) ;
#10646 = DIRECTION ( 'NONE',  ( 0.7071067811865444641, -0.7071067811865505703, -2.775557561562891351E-17 ) ) ;
#10647 = ORIENTED_EDGE ( 'NONE', *, *, #7077, .T. ) ;
#10648 = CARTESIAN_POINT ( 'NONE',  ( -1.506854122706031252, -1.000000000000000000, 0.3950691728584412865 ) ) ;
#10649 = SURFACE_SIDE_STYLE ('',( #789 ) ) ;
#10650 = LINE ( 'NONE', #6679, #8550 ) ;
#10651 = DIRECTION ( 'NONE',  ( 0.3315284183503998672, -0.0000000000000000000, 0.9434452330824943944 ) ) ;
#10652 = VECTOR ( 'NONE', #3239, 1000.000000000000000 ) ;
#10653 = FILL_AREA_STYLE_COLOUR ( '', #6474 ) ;
#10654 = ORIENTED_EDGE ( 'NONE', *, *, #11097, .T. ) ;
#10655 =( NAMED_UNIT ( * ) SI_UNIT ( $, .STERADIAN. ) SOLID_ANGLE_UNIT ( ) );
#10656 = ORIENTED_EDGE ( 'NONE', *, *, #5237, .T. ) ;
#10657 = FACE_OUTER_BOUND ( 'NONE', #1301, .T. ) ;
#10658 = EDGE_CURVE ( 'NONE', #9527, #3578, #5419, .T. ) ;
#10659 = ADVANCED_FACE ( 'NONE', ( #6090 ), #650, .F. ) ;
#10660 = PRESENTATION_STYLE_ASSIGNMENT (( #6978 ) ) ;
#10661 = AXIS2_PLACEMENT_3D ( 'NONE', #10400, #8530, #236 ) ;
#10662 = DIRECTION ( 'NONE',  ( -0.0000000000000000000, 1.000000000000000000, -0.0000000000000000000 ) ) ;
#10663 = CARTESIAN_POINT ( 'NONE',  ( -1.615065110712629926, -1.010000000000000009, 0.4528330454595122512 ) ) ;
#10664 = CARTESIAN_POINT ( 'NONE',  ( -1.538407638114548170, -1.010000000000000009, 0.3923735254702371833 ) ) ;
#10665 = B_SPLINE_CURVE_WITH_KNOTS ( 'NONE', 3,
 ( #4919, #11203, #7769, #5701 ),
 .UNSPECIFIED., .F., .F.,
 ( 4, 4 ),
 ( 6.000000000000000000, 7.000000000000000000 ),
 .UNSPECIFIED. ) ;
#10666 =( GEOMETRIC_REPRESENTATION_CONTEXT ( 3 ) GLOBAL_UNCERTAINTY_ASSIGNED_CONTEXT ( ( #5407 ) ) GLOBAL_UNIT_ASSIGNED_CONTEXT ( ( #8176, #6296, #730 ) ) REPRESENTATION_CONTEXT ( 'NONE', 'WORKASPACE' ) );
#10667 = PRESENTATION_STYLE_ASSIGNMENT (( #4310 ) ) ;
#10668 = CARTESIAN_POINT ( 'NONE',  ( -1.373034484512460462, -1.010000000000000009, 0.2914311580987393735 ) ) ;
#10669 =( GEOMETRIC_REPRESENTATION_CONTEXT ( 3 ) GLOBAL_UNCERTAINTY_ASSIGNED_CONTEXT ( ( #6135 ) ) GLOBAL_UNIT_ASSIGNED_CONTEXT ( ( #414, #11655, #545 ) ) REPRESENTATION_CONTEXT ( 'NONE', 'WORKASPACE' ) );
#10670 = PLANE ( 'NONE',  #8441 ) ;
#10671 = VERTEX_POINT ( 'NONE', #2590 ) ;
#10672 = FILL_AREA_STYLE ('',( #6879 ) ) ;
#10673 = MECHANICAL_DESIGN_GEOMETRIC_PRESENTATION_REPRESENTATION (  '', ( #4670 ), #7583 ) ;
#10674 = FILL_AREA_STYLE ('',( #8030 ) ) ;
#10675 = FACE_BOUND ( 'NONE', #11467, .T. ) ;
#10676 = CARTESIAN_POINT ( 'NONE',  ( -1.775696813105298144, -1.000000000000000000, 0.2200446388759535743 ) ) ;
#10677 = PRESENTATION_LAYER_ASSIGNMENT (  '', '', ( #8183 ) ) ;
#10678 = CARTESIAN_POINT ( 'NONE',  ( -1.637665225868179197, -1.000000000000000000, 0.4118688324728259631 ) ) ;
#10679 = CARTESIAN_POINT ( 'NONE',  ( -1.694321957578019733, -1.010000000000000009, 0.2643784110970914258 ) ) ;
#10680 = FILL_AREA_STYLE_COLOUR ( '', #5147 ) ;
#10681 = CARTESIAN_POINT ( 'NONE',  ( -1.661083662551957385, -1.000000000000000000, 0.2290461756896872147 ) ) ;
#10682 = ADVANCED_FACE ( 'NONE', ( #9069 ), #4275, .F. ) ;
#10683 = COLOUR_RGB ( '',0.0000000000000000000, 0.0000000000000000000, 0.0000000000000000000 ) ;
#10684 = MECHANICAL_DESIGN_GEOMETRIC_PRESENTATION_REPRESENTATION (  '', ( #6029 ), #8749 ) ;
#10685 = VERTEX_POINT ( 'NONE', #11639 ) ;
#10686 = ORIENTED_EDGE ( 'NONE', *, *, #10793, .T. ) ;
#10687 = VERTEX_POINT ( 'NONE', #3381 ) ;
#10688 = CARTESIAN_POINT ( 'NONE',  ( -2.299082695108411567, -1.010000000000000009, 0.3917388851789893045 ) ) ;
#10689 = CARTESIAN_POINT ( 'NONE',  ( -1.608879562688215970, -1.010000000000000009, 0.2259172992568243832 ) ) ;
#10690 = CARTESIAN_POINT ( 'NONE',  ( -2.027292831059733125, -1.000000000000000000, 0.2504884797393431839 ) ) ;
#10691 =( GEOMETRIC_REPRESENTATION_CONTEXT ( 3 ) GLOBAL_UNCERTAINTY_ASSIGNED_CONTEXT ( ( #11078 ) ) GLOBAL_UNIT_ASSIGNED_CONTEXT ( ( #6268, #4618, #10059 ) ) REPRESENTATION_CONTEXT ( 'NONE', 'WORKASPACE' ) );
#10692 =( GEOMETRIC_REPRESENTATION_CONTEXT ( 3 ) GLOBAL_UNCERTAINTY_ASSIGNED_CONTEXT ( ( #4331 ) ) GLOBAL_UNIT_ASSIGNED_CONTEXT ( ( #753, #8143, #7220 ) ) REPRESENTATION_CONTEXT ( 'NONE', 'WORKASPACE' ) );
#10693 = CARTESIAN_POINT ( 'NONE',  ( -1.702336694901322334, -1.010000000000000009, 0.3625769945199377453 ) ) ;
#10694 = FILL_AREA_STYLE ('',( #4947 ) ) ;
#10695 = FILL_AREA_STYLE_COLOUR ( '', #8614 ) ;
#10696 = CARTESIAN_POINT ( 'NONE',  ( -1.931563885808779135, -1.010000000000000009, 0.3783502271771760350 ) ) ;
#10697 = PRESENTATION_LAYER_ASSIGNMENT (  '', '', ( #8200 ) ) ;
#10698 = PRESENTATION_STYLE_ASSIGNMENT (( #776 ) ) ;
#10699 = AXIS2_PLACEMENT_3D ( 'NONE', #11219, #10073, #1825 ) ;
#10700 = FACE_OUTER_BOUND ( 'NONE', #6277, .T. ) ;
#10701 = EDGE_CURVE ( 'NONE', #600, #865, #7072, .T. ) ;
#10702 = FILL_AREA_STYLE_COLOUR ( '', #8950 ) ;
#10703 = VECTOR ( 'NONE', #229, 1000.000000000000114 ) ;
#10704 = ORIENTED_EDGE ( 'NONE', *, *, #4236, .T. ) ;
#10705 = ORIENTED_EDGE ( 'NONE', *, *, #8238, .F. ) ;
#10706 = CARTESIAN_POINT ( 'NONE',  ( -1.490944989460548431, -1.010000000000000009, 0.4407989053344494867 ) ) ;
#10707 = COLOUR_RGB ( '',0.0000000000000000000, 0.0000000000000000000, 0.0000000000000000000 ) ;
#10708 = LINE ( 'NONE', #7029, #3097 ) ;
#10709 = CARTESIAN_POINT ( 'NONE',  ( -2.159840603372099821, -1.000000000000000000, 0.2458024420967059032 ) ) ;
#10710 = ORIENTED_EDGE ( 'NONE', *, *, #4303, .F. ) ;
#10711 = CARTESIAN_POINT ( 'NONE',  ( -1.357341965788981586, -1.010000000000000009, 0.2457014256227323390 ) ) ;
#10712 =( NAMED_UNIT ( * ) SI_UNIT ( $, .STERADIAN. ) SOLID_ANGLE_UNIT ( ) );
#10713 = CARTESIAN_POINT ( 'NONE',  ( -1.993151747090587511, -1.010000000000000009, 0.2498190567349448388 ) ) ;
#10714 = STYLED_ITEM ( 'NONE', ( #8314 ), #9915 ) ;
#10715 = PLANE ( 'NONE',  #8737 ) ;
#10716 =( NAMED_UNIT ( * ) SI_UNIT ( $, .STERADIAN. ) SOLID_ANGLE_UNIT ( ) );
#10717 = EDGE_CURVE ( 'NONE', #114, #8162, #5303, .T. ) ;
#10718 = PRESENTATION_STYLE_ASSIGNMENT (( #2442 ) ) ;
#10719 = DIRECTION ( 'NONE',  ( 0.9345104387417466629, 0.0000000000000000000, -0.3559357243698756945 ) ) ;
#10720 = ORIENTED_EDGE ( 'NONE', *, *, #10353, .T. ) ;
#10721 = ORIENTED_EDGE ( 'NONE', *, *, #5171, .F. ) ;
#10722 = VECTOR ( 'NONE', #10535, 1000.000000000000000 ) ;
#10723 = CARTESIAN_POINT ( 'NONE',  ( -2.238833705372254457, -1.000000000000000000, 0.2806130129130237072 ) ) ;
#10724 = MECHANICAL_DESIGN_GEOMETRIC_PRESENTATION_REPRESENTATION (  '', ( #5313 ), #8413 ) ;
#10725 =( LENGTH_UNIT ( ) NAMED_UNIT ( * ) SI_UNIT ( .MILLI., .METRE. ) );
#10726 = LINE ( 'NONE', #7765, #8854 ) ;
#10727 =( NAMED_UNIT ( * ) SI_UNIT ( $, .STERADIAN. ) SOLID_ANGLE_UNIT ( ) );
#10728 =( NAMED_UNIT ( * ) PLANE_ANGLE_UNIT ( ) SI_UNIT ( $, .RADIAN. ) );
#10729 = FACE_OUTER_BOUND ( 'NONE', #8107, .T. ) ;
#10730 = LINE ( 'NONE', #2454, #8579 ) ;
#10731 = ADVANCED_FACE ( 'NONE', ( #3504 ), #6511, .T. ) ;
#10732 =( NAMED_UNIT ( * ) SI_UNIT ( $, .STERADIAN. ) SOLID_ANGLE_UNIT ( ) );
#10733 = FACE_OUTER_BOUND ( 'NONE', #2798, .T. ) ;
#10734 = UNCERTAINTY_MEASURE_WITH_UNIT (LENGTH_MEASURE( 1.000000000000000082E-05 ), #5014, 'distance_accuracy_value', 'NONE');
#10735 = DIRECTION ( 'NONE',  ( -1.000000000000000000, 0.0000000000000000000, -0.0000000000000000000 ) ) ;
#10736 =( NAMED_UNIT ( * ) SI_UNIT ( $, .STERADIAN. ) SOLID_ANGLE_UNIT ( ) );
#10737 = PRESENTATION_LAYER_ASSIGNMENT (  '', '', ( #9006 ) ) ;
#10738 = UNCERTAINTY_MEASURE_WITH_UNIT (LENGTH_MEASURE( 1.000000000000000082E-05 ), #7859, 'distance_accuracy_value', 'NONE');
#10739 = SURFACE_SIDE_STYLE ('',( #11690 ) ) ;
#10740 = CARTESIAN_POINT ( 'NONE',  ( -1.681710178726638416, -1.010000000000000009, 0.2763162781019019576 ) ) ;
#10741 = EDGE_CURVE ( 'NONE', #9214, #10095, #5984, .T. ) ;
#10742 = FACE_OUTER_BOUND ( 'NONE', #10863, .T. ) ;
#10744 = EDGE_CURVE ( 'NONE', #8575, #8775, #5818, .T. ) ;
#10743 = DIRECTION ( 'NONE',  ( -0.3385350343141469431, 0.0000000000000000000, -0.9409537876760576403 ) ) ;
#10745 = FACE_OUTER_BOUND ( 'NONE', #10885, .T. ) ;
#10746 = UNCERTAINTY_MEASURE_WITH_UNIT (LENGTH_MEASURE( 1.000000000000000082E-05 ), #7544, 'distance_accuracy_value', 'NONE');
#10747 = COLOUR_RGB ( '',0.0000000000000000000, 0.0000000000000000000, 0.0000000000000000000 ) ;
#10748 = ORIENTED_EDGE ( 'NONE', *, *, #9473, .T. ) ;
#10749 =( GEOMETRIC_REPRESENTATION_CONTEXT ( 3 ) GLOBAL_UNCERTAINTY_ASSIGNED_CONTEXT ( ( #9878 ) ) GLOBAL_UNIT_ASSIGNED_CONTEXT ( ( #8800, #11562, #8034 ) ) REPRESENTATION_CONTEXT ( 'NONE', 'WORKASPACE' ) );
#10750 = ORIENTED_EDGE ( 'NONE', *, *, #11058, .T. ) ;
#10751 = CARTESIAN_POINT ( 'NONE',  ( -1.969721558878669621, -1.010000000000000009, 0.3904000200175501423 ) ) ;
#10752 = CARTESIAN_POINT ( 'NONE',  ( -1.724647990693872091, -1.000000000000000000, 0.4544215519561667915 ) ) ;
#10753 = CARTESIAN_POINT ( 'NONE',  ( -1.373034484512460462, -1.000000000000000000, 0.2914311580987393735 ) ) ;
#10754 = CARTESIAN_POINT ( 'NONE',  ( -1.969721558878669621, -1.010000000000000009, 0.3904000200175501423 ) ) ;
#10755 = CARTESIAN_POINT ( 'NONE',  ( 2.450000000000001066, 1.000000000000000000, 0.5500000000000007105 ) ) ;
#10756 =( GEOMETRIC_REPRESENTATION_CONTEXT ( 3 ) GLOBAL_UNCERTAINTY_ASSIGNED_CONTEXT ( ( #9891 ) ) GLOBAL_UNIT_ASSIGNED_CONTEXT ( ( #4158, #4994, #3976 ) ) REPRESENTATION_CONTEXT ( 'NONE', 'WORKASPACE' ) );
#10757 = CARTESIAN_POINT ( 'NONE',  ( -1.448464474817876768, -1.010000000000000009, 0.3586779331192915810 ) ) ;
#10758 =( GEOMETRIC_REPRESENTATION_CONTEXT ( 3 ) GLOBAL_UNCERTAINTY_ASSIGNED_CONTEXT ( ( #3250 ) ) GLOBAL_UNIT_ASSIGNED_CONTEXT ( ( #11419, #307, #8781 ) ) REPRESENTATION_CONTEXT ( 'NONE', 'WORKASPACE' ) );
#10759 = ORIENTED_EDGE ( 'NONE', *, *, #6337, .F. ) ;
#10760 = ORIENTED_EDGE ( 'NONE', *, *, #9026, .T. ) ;
#10761 = B_SPLINE_SURFACE_WITH_KNOTS ( 'NONE', 3, 1, ( 
 ( #6602, #11019 ),
 ( #2862, #5457 ),
 ( #10288, #1968 ),
 ( #6490, #9323 ) ),
 .UNSPECIFIED., .F., .F., .F.,
 ( 4, 4 ),
 ( 2, 2 ),
 ( 4.000000000000000000, 5.000000000000000000 ),
 ( 0.0000000000000000000, 1.000000000000000000 ),
 .UNSPECIFIED. ) ;
#10762 = ORIENTED_EDGE ( 'NONE', *, *, #1278, .F. ) ;
#10763 = ADVANCED_FACE ( 'NONE', ( #1249 ), #5381, .F. ) ;
#10764 = ORIENTED_EDGE ( 'NONE', *, *, #5108, .T. ) ;
#10765 = CARTESIAN_POINT ( 'NONE',  ( -1.702336694901322556, -1.010000000000000009, 0.4505706271159670706 ) ) ;
#10766 = LINE ( 'NONE', #4407, #8996 ) ;
#10767 = B_SPLINE_CURVE_WITH_KNOTS ( 'NONE', 3,
 ( #5702, #3964, #4082, #8500 ),
 .UNSPECIFIED., .F., .F.,
 ( 4, 4 ),
 ( 2.000000000000000000, 3.000000000000000000 ),
 .UNSPECIFIED. ) ;
#10769 = CARTESIAN_POINT ( 'NONE',  ( -1.757838149159489216, -1.000000000000000000, 0.2718395779752592056 ) ) ;
#10768 = AXIS2_PLACEMENT_3D ( 'NONE', #3109, #10549, #9623 ) ;
#10770 = VECTOR ( 'NONE', #5167, 1000.000000000000000 ) ;
#10771 = FILL_AREA_STYLE_COLOUR ( '', #2285 ) ;
#10772 =( GEOMETRIC_REPRESENTATION_CONTEXT ( 3 ) GLOBAL_UNCERTAINTY_ASSIGNED_CONTEXT ( ( #11435 ) ) GLOBAL_UNIT_ASSIGNED_CONTEXT ( ( #7722, #10430, #7659 ) ) REPRESENTATION_CONTEXT ( 'NONE', 'WORKASPACE' ) );
#10773 = DIRECTION ( 'NONE',  ( 0.0000000000000000000, -0.0000000000000000000, 1.000000000000000000 ) ) ;
#10774 = VERTEX_POINT ( 'NONE', #11375 ) ;
#10775 = FILL_AREA_STYLE ('',( #2444 ) ) ;
#10776 = EDGE_LOOP ( 'NONE', ( #9326, #7177, #4468, #3906 ) ) ;
#10777 = FILL_AREA_STYLE_COLOUR ( '', #4475 ) ;
#10778 = MECHANICAL_DESIGN_GEOMETRIC_PRESENTATION_REPRESENTATION (  '', ( #6722 ), #6532 ) ;
#10779 = EDGE_CURVE ( 'NONE', #9201, #1905, #1304, .T. ) ;
#10780 = AXIS2_PLACEMENT_3D ( 'NONE', #9971, #10032, #5438 ) ;
#10781 = ORIENTED_EDGE ( 'NONE', *, *, #5880, .F. ) ;
#10782 = CARTESIAN_POINT ( 'NONE',  ( -2.002523796838695080, -1.000000000000000000, 0.3542506287292847000 ) ) ;
#10783 = PRESENTATION_STYLE_ASSIGNMENT (( #3844 ) ) ;
#10784 = CARTESIAN_POINT ( 'NONE',  ( 2.500000000000000000, 1.000000000000000000, 0.5500000000000007105 ) ) ;
#10785 = FACE_OUTER_BOUND ( 'NONE', #10161, .T. ) ;
#10786 = B_SPLINE_SURFACE_WITH_KNOTS ( 'NONE', 3, 1, ( 
 ( #8850, #9303 ),
 ( #5738, #11116 ),
 ( #1165, #5615 ),
 ( #2850, #2793 ) ),
 .UNSPECIFIED., .F., .F., .F.,
 ( 4, 4 ),
 ( 2, 2 ),
 ( 2.000000000000000000, 3.000000000000000000 ),
 ( 0.0000000000000000000, 1.000000000000000000 ),
 .UNSPECIFIED. ) ;
#10787 =( LENGTH_UNIT ( ) NAMED_UNIT ( * ) SI_UNIT ( .MILLI., .METRE. ) );
#10788 =( GEOMETRIC_REPRESENTATION_CONTEXT ( 3 ) GLOBAL_UNCERTAINTY_ASSIGNED_CONTEXT ( ( #9884 ) ) GLOBAL_UNIT_ASSIGNED_CONTEXT ( ( #433, #7099, #9870 ) ) REPRESENTATION_CONTEXT ( 'NONE', 'WORKASPACE' ) );
#10789 = DIRECTION ( 'NONE',  ( 0.1387416884823294283, 0.0000000000000000000, -0.9903286039881269431 ) ) ;
#10790 = B_SPLINE_CURVE_WITH_KNOTS ( 'NONE', 3,
 ( #10980, #8262, #1977, #5529 ),
 .UNSPECIFIED., .F., .F.,
 ( 4, 4 ),
 ( 7.000000000000000000, 8.000000000000000000 ),
 .UNSPECIFIED. ) ;
#10791 = ORIENTED_EDGE ( 'NONE', *, *, #2291, .T. ) ;
#10792 = FACE_OUTER_BOUND ( 'NONE', #2529, .T. ) ;
#10793 = EDGE_CURVE ( 'NONE', #9893, #4365, #7574, .T. ) ;
#10794 = CARTESIAN_POINT ( 'NONE',  ( -1.602910629185807068, -1.000000000000000000, 0.4420023193468916589 ) ) ;
#10795 =( NAMED_UNIT ( * ) SI_UNIT ( $, .STERADIAN. ) SOLID_ANGLE_UNIT ( ) );
#10796 = AXIS2_PLACEMENT_3D ( 'NONE', #5804, #6724, #9318 ) ;
#10797 = CARTESIAN_POINT ( 'NONE',  ( -1.912150312234458971, -1.010000000000000009, 0.2565133889276366430 ) ) ;
#10798 = LINE ( 'NONE', #3367, #10106 ) ;
#10799 =( LENGTH_UNIT ( ) NAMED_UNIT ( * ) SI_UNIT ( .MILLI., .METRE. ) );
#10800 =( NAMED_UNIT ( * ) SI_UNIT ( $, .STERADIAN. ) SOLID_ANGLE_UNIT ( ) );
#10801 =( NAMED_UNIT ( * ) SI_UNIT ( $, .STERADIAN. ) SOLID_ANGLE_UNIT ( ) );
#10802 = CARTESIAN_POINT ( 'NONE',  ( -1.434697418514818468, -1.010000000000000009, 0.2909979290547222708 ) ) ;
#10803 = ORIENTED_EDGE ( 'NONE', *, *, #2682, .T. ) ;
#10804 = ORIENTED_EDGE ( 'NONE', *, *, #230, .T. ) ;
#10805 = ORIENTED_EDGE ( 'NONE', *, *, #1293, .F. ) ;
#10806 = CARTESIAN_POINT ( 'NONE',  ( -2.288371761046226194, -1.000000000000000000, 0.2893156396557675647 ) ) ;
#10807 = EDGE_CURVE ( 'NONE', #10376, #10028, #11875, .T. ) ;
#10808 = EDGE_CURVE ( 'NONE', #1958, #5493, #615, .T. ) ;
#10809 = CARTESIAN_POINT ( 'NONE',  ( -1.492774178759433967, -1.000000000000000000, 0.4342041965456001074 ) ) ;
#10810 = DIRECTION ( 'NONE',  ( -0.7071067811865474617, 0.7071067811865474617, -0.0000000000000000000 ) ) ;
#10811 = CARTESIAN_POINT ( 'NONE',  ( -2.000515502288322089, -1.010000000000000009, 0.3542506287292847000 ) ) ;
#10812 = SURFACE_SIDE_STYLE ('',( #1585 ) ) ;
#10813 = CARTESIAN_POINT ( 'NONE',  ( -2.118335738668367441, -1.010000000000000009, 0.2384387124364641675 ) ) ;
#10814 =( NAMED_UNIT ( * ) PLANE_ANGLE_UNIT ( ) SI_UNIT ( $, .RADIAN. ) );
#10815 = PRESENTATION_LAYER_ASSIGNMENT (  '', '', ( #8497 ) ) ;
#10816 = DIRECTION ( 'NONE',  ( 1.000000000000000000, -0.0000000000000000000, -0.0000000000000000000 ) ) ;
#10817 =( NAMED_UNIT ( * ) PLANE_ANGLE_UNIT ( ) SI_UNIT ( $, .RADIAN. ) );
#10818 = FILL_AREA_STYLE ('',( #1654 ) ) ;
#10819 = VECTOR ( 'NONE', #5447, 1000.000000000000000 ) ;
#10820 = ORIENTED_EDGE ( 'NONE', *, *, #1213, .F. ) ;
#10821 = ORIENTED_EDGE ( 'NONE', *, *, #3886, .T. ) ;
#10822 = CARTESIAN_POINT ( 'NONE',  ( -1.662094530322293373, -1.010000000000000009, 0.2311641843512516614 ) ) ;
#10823 = EDGE_CURVE ( 'NONE', #7669, #865, #4076, .T. ) ;
#10824 = FILL_AREA_STYLE_COLOUR ( '', #5936 ) ;
#10825 = PLANE ( 'NONE',  #11668 ) ;
#10826 =( NAMED_UNIT ( * ) PLANE_ANGLE_UNIT ( ) SI_UNIT ( $, .RADIAN. ) );
#10827 = LINE ( 'NONE', #10894, #4871 ) ;
#10828 = CARTESIAN_POINT ( 'NONE',  ( -2.302429880357397707, -1.010000000000000009, 0.2424553015372124531 ) ) ;
#10830 = EDGE_CURVE ( 'NONE', #10685, #3763, #1426, .T. ) ;
#10829 =( NAMED_UNIT ( * ) SI_UNIT ( $, .STERADIAN. ) SOLID_ANGLE_UNIT ( ) );
#10831 =( GEOMETRIC_REPRESENTATION_CONTEXT ( 3 ) GLOBAL_UNCERTAINTY_ASSIGNED_CONTEXT ( ( #10604 ) ) GLOBAL_UNIT_ASSIGNED_CONTEXT ( ( #10149, #8406, #7613 ) ) REPRESENTATION_CONTEXT ( 'NONE', 'WORKASPACE' ) );
#10832 = LINE ( 'NONE', #3340, #6320 ) ;
#10833 = ORIENTED_EDGE ( 'NONE', *, *, #8548, .F. ) ;
#10834 = CARTESIAN_POINT ( 'NONE',  ( -1.612080643961746107, -1.010000000000000009, 0.2260135723777171035 ) ) ;
#10835 = ORIENTED_EDGE ( 'NONE', *, *, #4506, .F. ) ;
#10836 = SURFACE_STYLE_USAGE ( .BOTH. , #2685 ) ;
#10837 = CARTESIAN_POINT ( 'NONE',  ( -1.758632402407496631, -1.010000000000000009, 0.2130167010424434126 ) ) ;
#10838 = DIRECTION ( 'NONE',  ( -1.000000000000000000, -0.0000000000000000000, -0.0000000000000000000 ) ) ;
#10839 = SURFACE_STYLE_USAGE ( .BOTH. , #2151 ) ;
#10840 = FACE_OUTER_BOUND ( 'NONE', #9626, .T. ) ;
#10841 = CARTESIAN_POINT ( 'NONE',  ( -1.743565658970781973, -1.000000000000000000, 0.4399805838055782514 ) ) ;
#10842 = EDGE_CURVE ( 'NONE', #3891, #1608, #3348, .T. ) ;
#10843 = UNCERTAINTY_MEASURE_WITH_UNIT (LENGTH_MEASURE( 1.000000000000000082E-05 ), #2842, 'distance_accuracy_value', 'NONE');
#10844 = PLANE ( 'NONE',  #2070 ) ;
#10845 = VERTEX_POINT ( 'NONE', #9619 ) ;
#10846 = PRESENTATION_LAYER_ASSIGNMENT (  '', '', ( #4091 ) ) ;
#10847 = EDGE_CURVE ( 'NONE', #4388, #218, #5404, .T. ) ;
#10848 = FILL_AREA_STYLE ('',( #8984 ) ) ;
#10849 = CARTESIAN_POINT ( 'NONE',  ( 2.450000000000000622, 0.9500000000000007327, 0.0000000000000000000 ) ) ;
#10850 = DIRECTION ( 'NONE',  ( 0.0000000000000000000, 0.0000000000000000000, -1.000000000000000000 ) ) ;
#10851 = UNCERTAINTY_MEASURE_WITH_UNIT (LENGTH_MEASURE( 1.000000000000000082E-05 ), #8300, 'distance_accuracy_value', 'NONE');
#10852 = CARTESIAN_POINT ( 'NONE',  ( -2.048045250642851034, -1.000000000000000000, 0.2297360601562266069 ) ) ;
#10853 = DIRECTION ( 'NONE',  ( -0.0000000000000000000, 1.000000000000000000, -0.0000000000000000000 ) ) ;
#10854 = PRESENTATION_STYLE_ASSIGNMENT (( #519 ) ) ;
#10855 = COLOUR_RGB ( '',0.0000000000000000000, 0.0000000000000000000, 0.0000000000000000000 ) ;
#10856 =( NAMED_UNIT ( * ) SI_UNIT ( $, .STERADIAN. ) SOLID_ANGLE_UNIT ( ) );
#10857 = MECHANICAL_DESIGN_GEOMETRIC_PRESENTATION_REPRESENTATION (  '', ( #10079 ), #11753 ) ;
#10858 = CARTESIAN_POINT ( 'NONE',  ( -1.664116265863606836, -1.000000000000000000, 0.2328489639687963964 ) ) ;
#10859 = B_SPLINE_SURFACE_WITH_KNOTS ( 'NONE', 3, 1, ( 
 ( #9877, #569 ),
 ( #3297, #8086 ),
 ( #6988, #4312 ),
 ( #10668, #2631 ) ),
 .UNSPECIFIED., .F., .F., .F.,
 ( 4, 4 ),
 ( 2, 2 ),
 ( 1.000000000000000000, 2.000000000000000000 ),
 ( 0.0000000000000000000, 1.000000000000000000 ),
 .UNSPECIFIED. ) ;
#10861 = EDGE_CURVE ( 'NONE', #20, #825, #1612, .T. ) ;
#10860 = FILL_AREA_STYLE_COLOUR ( '', #8778 ) ;
#10862 = UNCERTAINTY_MEASURE_WITH_UNIT (LENGTH_MEASURE( 1.000000000000000082E-05 ), #4619, 'distance_accuracy_value', 'NONE');
#10863 = EDGE_LOOP ( 'NONE', ( #6037, #11132, #338, #6403 ) ) ;
#10864 = VECTOR ( 'NONE', #8959, 1000.000000000000000 ) ;
#10865 = ORIENTED_EDGE ( 'NONE', *, *, #7631, .T. ) ;
#10866 = ORIENTED_EDGE ( 'NONE', *, *, #8621, .T. ) ;
#10867 = ORIENTED_EDGE ( 'NONE', *, *, #103, .F. ) ;
#10868 =( NAMED_UNIT ( * ) SI_UNIT ( $, .STERADIAN. ) SOLID_ANGLE_UNIT ( ) );
#10870 = STYLED_ITEM ( 'NONE', ( #8128 ), #798 ) ;
#10869 = VECTOR ( 'NONE', #11637, 1000.000000000000000 ) ;
#10871 = MECHANICAL_DESIGN_GEOMETRIC_PRESENTATION_REPRESENTATION (  '', ( #4872 ), #2388 ) ;
#10872 = LINE ( 'NONE', #9229, #4079 ) ;
#10873 = CARTESIAN_POINT ( 'NONE',  ( -2.159840603372099821, -1.010000000000000009, 0.2170168187745983301 ) ) ;
#10874 = VERTEX_POINT ( 'NONE', #1365 ) ;
#10875 = CARTESIAN_POINT ( 'NONE',  ( -1.750160367759313607, -1.010000000000000009, 0.4498004421481837656 ) ) ;
#10876 = FILL_AREA_STYLE_COLOUR ( '', #8808 ) ;
#10877 = SURFACE_STYLE_FILL_AREA ( #1466 ) ;
#10878 = MECHANICAL_DESIGN_GEOMETRIC_PRESENTATION_REPRESENTATION (  '', ( #6237 ), #10091 ) ;
#10879 = FACE_OUTER_BOUND ( 'NONE', #1577, .T. ) ;
#10880 = SURFACE_SIDE_STYLE ('',( #6221 ) ) ;
#10882 = EDGE_CURVE ( 'NONE', #4117, #9010, #11678, .T. ) ;
#10881 = SURFACE_SIDE_STYLE ('',( #11887 ) ) ;
#10883 = MECHANICAL_DESIGN_GEOMETRIC_PRESENTATION_REPRESENTATION (  '', ( #53 ), #6443 ) ;
#10884 = ORIENTED_EDGE ( 'NONE', *, *, #7545, .T. ) ;
#10885 = EDGE_LOOP ( 'NONE', ( #6422, #6087, #8015, #9011 ) ) ;
#10886 = AXIS2_PLACEMENT_3D ( 'NONE', #79, #2703, #9056 ) ;
#10887 = VERTEX_POINT ( 'NONE', #501 ) ;
#10888 = SURFACE_SIDE_STYLE ('',( #2669 ) ) ;
#10889 = PRESENTATION_LAYER_ASSIGNMENT (  '', '', ( #6834 ) ) ;
#10890 = B_SPLINE_CURVE_WITH_KNOTS ( 'NONE', 3,
 ( #8880, #7131, #7984, #10753 ),
 .UNSPECIFIED., .F., .F.,
 ( 4, 4 ),
 ( 1.000000000000000000, 2.000000000000000000 ),
 .UNSPECIFIED. ) ;
#10891 = EDGE_LOOP ( 'NONE', ( #4240, #2924, #52, #9644 ) ) ;
#10892 =( NAMED_UNIT ( * ) PLANE_ANGLE_UNIT ( ) SI_UNIT ( $, .RADIAN. ) );
#10893 = PRESENTATION_STYLE_ASSIGNMENT (( #3522 ) ) ;
#10894 = CARTESIAN_POINT ( 'NONE',  ( -1.608807357847545916, -1.010000000000000009, 0.1991533716184925029 ) ) ;
#10895 = B_SPLINE_SURFACE_WITH_KNOTS ( 'NONE', 3, 1, ( 
 ( #7352, #74 ),
 ( #7404, #3840 ),
 ( #2934, #11 ),
 ( #3777, #9218 ) ),
 .UNSPECIFIED., .F., .F., .F.,
 ( 4, 4 ),
 ( 2, 2 ),
 ( 14.00000000000000000, 15.00000000000000000 ),
 ( 0.0000000000000000000, 1.000000000000000000 ),
 .UNSPECIFIED. ) ;
#10896 = CARTESIAN_POINT ( 'NONE',  ( -1.519754720920412305, -1.010000000000000009, 0.2517184956855826328 ) ) ;
#10897 = EDGE_CURVE ( 'NONE', #8533, #6274, #1386, .T. ) ;
#10898 = EDGE_CURVE ( 'NONE', #1375, #3045, #10726, .T. ) ;
#10899 =( GEOMETRIC_REPRESENTATION_CONTEXT ( 3 ) GLOBAL_UNCERTAINTY_ASSIGNED_CONTEXT ( ( #2900 ) ) GLOBAL_UNIT_ASSIGNED_CONTEXT ( ( #515, #2462, #7903 ) ) REPRESENTATION_CONTEXT ( 'NONE', 'WORKASPACE' ) );
#10900 = SURFACE_SIDE_STYLE ('',( #8293 ) ) ;
#10901 = ORIENTED_EDGE ( 'NONE', *, *, #10808, .T. ) ;
#10902 = DIRECTION ( 'NONE',  ( 0.0000000000000000000, 0.0000000000000000000, 1.000000000000000000 ) ) ;
#10903 = ORIENTED_EDGE ( 'NONE', *, *, #7132, .F. ) ;
#10904 = LINE ( 'NONE', #746, #9489 ) ;
#10905 =( GEOMETRIC_REPRESENTATION_CONTEXT ( 3 ) GLOBAL_UNCERTAINTY_ASSIGNED_CONTEXT ( ( #11810 ) ) GLOBAL_UNIT_ASSIGNED_CONTEXT ( ( #8927, #3612, #6272 ) ) REPRESENTATION_CONTEXT ( 'NONE', 'WORKASPACE' ) );
#10906 = LINE ( 'NONE', #8078, #4605 ) ;
#10907 = FACE_OUTER_BOUND ( 'NONE', #2436, .T. ) ;
#10908 = CARTESIAN_POINT ( 'NONE',  ( -1.722481845471217854, -1.000000000000000000, 0.2197076829521849017 ) ) ;
#10909 = LINE ( 'NONE', #4369, #1816 ) ;
#10910 = VECTOR ( 'NONE', #10465, 1000.000000000000227 ) ;
#10911 = FACE_OUTER_BOUND ( 'NONE', #4907, .T. ) ;
#10912 = SURFACE_STYLE_FILL_AREA ( #4885 ) ;
#10913 =( NAMED_UNIT ( * ) SI_UNIT ( $, .STERADIAN. ) SOLID_ANGLE_UNIT ( ) );
#10914 = VECTOR ( 'NONE', #9156, 1000.000000000000000 ) ;
#10915 = B_SPLINE_CURVE_WITH_KNOTS ( 'NONE', 3,
 ( #9555, #1359, #11310, #2142 ),
 .UNSPECIFIED., .F., .F.,
 ( 4, 4 ),
 ( 5.000000000000000000, 6.000000000000000000 ),
 .UNSPECIFIED. ) ;
#10916 = FACE_OUTER_BOUND ( 'NONE', #10437, .T. ) ;
#10917 = EDGE_CURVE ( 'NONE', #11217, #6105, #6982, .T. ) ;
#10918 = CARTESIAN_POINT ( 'NONE',  ( -1.561513187155105120, -1.010000000000000009, 0.4331451922144963773 ) ) ;
#10919 = B_SPLINE_CURVE_WITH_KNOTS ( 'NONE', 3,
 ( #348, #4049, #6777, #4832 ),
 .UNSPECIFIED., .F., .F.,
 ( 4, 4 ),
 ( 3.000000000000000000, 4.000000000000000000 ),
 .UNSPECIFIED. ) ;
#10920 = FILL_AREA_STYLE ('',( #9886 ) ) ;
#10921 = FILL_AREA_STYLE_COLOUR ( '', #854 ) ;
#10922 = CARTESIAN_POINT ( 'NONE',  ( -1.506854122706031252, -1.010000000000000009, 0.3950691728584412310 ) ) ;
#10923 = FILL_AREA_STYLE ('',( #4383 ) ) ;
#10924 = FILL_AREA_STYLE_COLOUR ( '', #4215 ) ;
#10925 = CARTESIAN_POINT ( 'NONE',  ( -2.302429880357397707, -1.000000000000000000, 0.2424553015372124531 ) ) ;
#10926 = VERTEX_POINT ( 'NONE', #11486 ) ;
#10927 = ORIENTED_EDGE ( 'NONE', *, *, #2614, .F. ) ;
#10928 = CARTESIAN_POINT ( 'NONE',  ( -1.750184436039535774, -1.010000000000000009, 0.4330007825331573801 ) ) ;
#10929 = FILL_AREA_STYLE ('',( #2589 ) ) ;
#10930 = EDGE_CURVE ( 'NONE', #5115, #5743, #5937, .T. ) ;
#10931 = CARTESIAN_POINT ( 'NONE',  ( -1.497154605764541513, -1.000000000000000000, 0.3034652982244437913 ) ) ;
#10932 = CARTESIAN_POINT ( 'NONE',  ( -2.185279047829110866, -1.010000000000000009, 0.2993571379454478820 ) ) ;
#10933 = ORIENTED_EDGE ( 'NONE', *, *, #2231, .F. ) ;
#10934 =( NAMED_UNIT ( * ) SI_UNIT ( $, .STERADIAN. ) SOLID_ANGLE_UNIT ( ) );
#10935 = SURFACE_STYLE_FILL_AREA ( #774 ) ;
#10936 = CARTESIAN_POINT ( 'NONE',  ( -1.661589096437285917, -1.010000000000000009, 0.2095027321260091724 ) ) ;
#10937 = PRESENTATION_LAYER_ASSIGNMENT (  '', '', ( #505 ) ) ;
#10938 = SURFACE_STYLE_USAGE ( .BOTH. , #8167 ) ;
#10939 = EDGE_LOOP ( 'NONE', ( #1980, #11871, #6578, #3310, #8155, #8951, #5946, #4162, #9773, #7934, #8476, #5800, #3672, #3376, #9880 ) ) ;
#10940 = ORIENTED_EDGE ( 'NONE', *, *, #1045, .T. ) ;
#10941 = CARTESIAN_POINT ( 'NONE',  ( -1.681926793248970320, -1.000000000000000000, 0.2173489914877489715 ) ) ;
#10942 = PRESENTATION_LAYER_ASSIGNMENT (  '', '', ( #3809 ) ) ;
#10943 = ORIENTED_EDGE ( 'NONE', *, *, #2936, .F. ) ;
#10944 = SURFACE_STYLE_USAGE ( .BOTH. , #10888 ) ;
#10945 = DIRECTION ( 'NONE',  ( -0.0000000000000000000, 0.0000000000000000000, -1.000000000000000000 ) ) ;
#10946 = EDGE_CURVE ( 'NONE', #9747, #2058, #2334, .T. ) ;
#10947 = DIRECTION ( 'NONE',  ( 0.7071067811865474617, 0.0000000000000000000, 0.7071067811865474617 ) ) ;
#10948 = FILL_AREA_STYLE_COLOUR ( '', #7639 ) ;
#10949 = PRESENTATION_LAYER_ASSIGNMENT (  '', '', ( #4191 ) ) ;
#10950 = DIRECTION ( 'NONE',  ( -0.0000000000000000000, 1.000000000000000000, -0.0000000000000000000 ) ) ;
#10951 = VECTOR ( 'NONE', #4675, 1000.000000000000000 ) ;
#10952 = COLOUR_RGB ( '',0.0000000000000000000, 0.0000000000000000000, 0.0000000000000000000 ) ;
#10953 =( NAMED_UNIT ( * ) PLANE_ANGLE_UNIT ( ) SI_UNIT ( $, .RADIAN. ) );
#10954 = VERTEX_POINT ( 'NONE', #1493 ) ;
#10955 = COLOUR_RGB ( '',0.0000000000000000000, 0.0000000000000000000, 0.0000000000000000000 ) ;
#10956 = ORIENTED_EDGE ( 'NONE', *, *, #2028, .T. ) ;
#10957 = ORIENTED_EDGE ( 'NONE', *, *, #5674, .T. ) ;
#10958 = CARTESIAN_POINT ( 'NONE',  ( -1.747224037568877897, -1.000000000000000000, 0.2388178974712016345 ) ) ;
#10959 =( NAMED_UNIT ( * ) PLANE_ANGLE_UNIT ( ) SI_UNIT ( $, .RADIAN. ) );
#10961 = ADVANCED_FACE ( 'NONE', ( #6057 ), #7951, .F. ) ;
#10960 = PRESENTATION_LAYER_ASSIGNMENT (  '', '', ( #6920 ) ) ;
#10962 = EDGE_CURVE ( 'NONE', #1161, #4653, #9583, .T. ) ;
#10963 = CARTESIAN_POINT ( 'NONE',  ( -1.749606797313536966, -1.010000000000000009, 0.2077216793875679424 ) ) ;
#10964 = CARTESIAN_POINT ( 'NONE',  ( -1.756779144828384265, -1.010000000000000009, 0.4259728446996484674 ) ) ;
#10965 = LINE ( 'NONE', #2509, #2575 ) ;
#10966 = PLANE ( 'NONE',  #9730 ) ;
#10967 = CARTESIAN_POINT ( 'NONE',  ( -2.250883504596521423, -1.010000000000000009, 0.4238716809816544528 ) ) ;
#10968 = CARTESIAN_POINT ( 'NONE',  ( -2.500000000000000000, 0.9500000000000007327, 0.5500000000000007105 ) ) ;
#10969 = ORIENTED_EDGE ( 'NONE', *, *, #5857, .F. ) ;
#10970 = STYLED_ITEM ( 'NONE', ( #7324 ), #10504 ) ;
#10971 = LINE ( 'NONE', #7226, #9166 ) ;
#10972 = CARTESIAN_POINT ( 'NONE',  ( -1.738631661519259408, -1.000000000000000000, 0.4544215519561667915 ) ) ;
#10973 = UNCERTAINTY_MEASURE_WITH_UNIT (LENGTH_MEASURE( 1.000000000000000082E-05 ), #5525, 'distance_accuracy_value', 'NONE');
#10974 = FILL_AREA_STYLE ('',( #947 ) ) ;
#10975 = CARTESIAN_POINT ( 'NONE',  ( -1.648977317585904379, -1.010000000000000009, 0.2276020788743692014 ) ) ;
#10976 = CARTESIAN_POINT ( 'NONE',  ( -1.388943617757946614, -1.010000000000000009, 0.2457014256227323390 ) ) ;
#10977 = CARTESIAN_POINT ( 'NONE',  ( -1.694394162418690009, -1.000000000000000000, 0.2116688773486635478 ) ) ;
#10978 = VECTOR ( 'NONE', #10541, 1000.000000000000000 ) ;
#10979 =( NAMED_UNIT ( * ) SI_UNIT ( $, .STERADIAN. ) SOLID_ANGLE_UNIT ( ) );
#10980 = CARTESIAN_POINT ( 'NONE',  ( -2.330546074290889447, -1.000000000000000000, 0.3154235071181409888 ) ) ;
#10981 = UNCERTAINTY_MEASURE_WITH_UNIT (LENGTH_MEASURE( 1.000000000000000082E-05 ), #11380, 'distance_accuracy_value', 'NONE');
#10982 = EDGE_LOOP ( 'NONE', ( #1847, #6344, #7414, #5434 ) ) ;
#10983 = EDGE_CURVE ( 'NONE', #6239, #11719, #10906, .T. ) ;
#10984 = CARTESIAN_POINT ( 'NONE',  ( -2.248205767888787232, -1.000000000000000000, 0.2551745429188400083 ) ) ;
#10985 = B_SPLINE_SURFACE_WITH_KNOTS ( 'NONE', 3, 1, ( 
 ( #8467, #7552 ),
 ( #10150, #6947 ),
 ( #469, #10627 ),
 ( #8638, #2181 ) ),
 .UNSPECIFIED., .F., .F., .F.,
 ( 4, 4 ),
 ( 2, 2 ),
 ( 8.000000000000000000, 9.000000000000000000 ),
 ( 0.0000000000000000000, 1.000000000000000000 ),
 .UNSPECIFIED. ) ;
#10986 = LINE ( 'NONE', #1706, #2732 ) ;
#10987 = CARTESIAN_POINT ( 'NONE',  ( -1.693214816686469781, -1.010000000000000009, 0.2507076279149259568 ) ) ;
#10988 = DIRECTION ( 'NONE',  ( -1.000000000000000000, 0.0000000000000000000, -0.0000000000000000000 ) ) ;
#10989 = CARTESIAN_POINT ( 'NONE',  ( -1.676150405988668268, -1.000000000000000000, 0.2077216793875679424 ) ) ;
#10990 = ORIENTED_EDGE ( 'NONE', *, *, #11739, .T. ) ;
#10991 = CARTESIAN_POINT ( 'NONE',  ( -1.768813284953770992, -1.000000000000000000, 0.3785101960456471182 ) ) ;
#10992 = B_SPLINE_CURVE_WITH_KNOTS ( 'NONE', 3,
 ( #11057, #1841, #6586, #2788 ),
 .UNSPECIFIED., .F., .F.,
 ( 4, 4 ),
 ( 7.000000000000000000, 8.000000000000000000 ),
 .UNSPECIFIED. ) ;
#10993 = CARTESIAN_POINT ( 'NONE',  ( -2.177245856858871953, -1.010000000000000009, 0.4519878781069318618 ) ) ;
#10994 = CARTESIAN_POINT ( 'NONE',  ( -1.743084293365680049, -1.010000000000000009, 0.2077216793875679424 ) ) ;
#10995 = PRESENTATION_STYLE_ASSIGNMENT (( #10141 ) ) ;
#10996 = CARTESIAN_POINT ( 'NONE',  ( -1.723853737445544265, -1.000000000000000000, 0.2264949379828197773 ) ) ;
#10997 = UNCERTAINTY_MEASURE_WITH_UNIT (LENGTH_MEASURE( 1.000000000000000082E-05 ), #2097, 'distance_accuracy_value', 'NONE');
#10998 = EDGE_CURVE ( 'NONE', #10019, #10347, #11070, .T. ) ;
#10999 = ORIENTED_EDGE ( 'NONE', *, *, #4056, .F. ) ;
#11000 = ORIENTED_EDGE ( 'NONE', *, *, #5531, .T. ) ;
#11001 = PLANE ( 'NONE',  #8735 ) ;
#11002 = CARTESIAN_POINT ( 'NONE',  ( -2.185948496370684779, -1.000000000000000000, 0.2571828119320350159 ) ) ;
#11003 = EDGE_CURVE ( 'NONE', #5068, #1608, #8738, .T. ) ;
#11004 = CARTESIAN_POINT ( 'NONE',  ( -2.450000000000000622, -1.000000000000000000, 0.04999999999999926725 ) ) ;
#11005 = AXIS2_PLACEMENT_3D ( 'NONE', #8684, #1445, #3243 ) ;
#11006 = SURFACE_STYLE_USAGE ( .BOTH. , #1664 ) ;
#11007 =( NAMED_UNIT ( * ) PLANE_ANGLE_UNIT ( ) SI_UNIT ( $, .RADIAN. ) );
#11008 = EDGE_CURVE ( 'NONE', #4726, #10376, #7279, .T. ) ;
#11009 = EDGE_LOOP ( 'NONE', ( #4960, #2189, #10416, #8605, #7993, #9556, #3953, #11361, #7815, #5725, #294, #5833 ) ) ;
#11010 = ORIENTED_EDGE ( 'NONE', *, *, #4641, .F. ) ;
#11011 = DIRECTION ( 'NONE',  ( 1.000000000000000000, 0.0000000000000000000, -0.0000000000000000000 ) ) ;
#11012 = ORIENTED_EDGE ( 'NONE', *, *, #436, .T. ) ;
#11013 = CARTESIAN_POINT ( 'NONE',  ( -2.048045250642851034, -1.010000000000000009, 0.4379297811405066243 ) ) ;
#11014 = ORIENTED_EDGE ( 'NONE', *, *, #11457, .T. ) ;
#11015 = CARTESIAN_POINT ( 'NONE',  ( -1.637665225868179197, -1.010000000000000009, 0.4118688324728259631 ) ) ;
#11016 = CARTESIAN_POINT ( 'NONE',  ( -1.652202467139338937, -1.000000000000000000, 0.2636563626897552304 ) ) ;
#11017 = DIRECTION ( 'NONE',  ( -1.000000000000000000, 0.0000000000000000000, 0.0000000000000000000 ) ) ;
#11018 = MECHANICAL_DESIGN_GEOMETRIC_PRESENTATION_REPRESENTATION (  '', ( #4837 ), #595 ) ;
#11019 = CARTESIAN_POINT ( 'NONE',  ( -1.434697418514818468, -1.000000000000000000, 0.2224996034612828633 ) ) ;
#11020 = EDGE_CURVE ( 'NONE', #784, #5115, #3845, .T. ) ;
#11021 = SURFACE_STYLE_FILL_AREA ( #7522 ) ;
#11022 = ORIENTED_EDGE ( 'NONE', *, *, #11390, .T. ) ;
#11023 = CARTESIAN_POINT ( 'NONE',  ( -1.415274316352898021, -1.000000000000000000, 0.2093101858842237595 ) ) ;
#11024 = FILL_AREA_STYLE_COLOUR ( '', #5617 ) ;
#11025 = CARTESIAN_POINT ( 'NONE',  ( -1.471257136214887629, -1.000000000000000000, 0.2093101858842237872 ) ) ;
#11026 = B_SPLINE_SURFACE_WITH_KNOTS ( 'NONE', 3, 1, ( 
 ( #5324, #6302 ),
 ( #5253, #11721 ),
 ( #9021, #3523 ),
 ( #8957, #9976 ) ),
 .UNSPECIFIED., .F., .F., .F.,
 ( 4, 4 ),
 ( 2, 2 ),
 ( 0.0000000000000000000, 1.000000000000000000 ),
 ( 0.0000000000000000000, 1.000000000000000000 ),
 .UNSPECIFIED. ) ;
#11027 = CARTESIAN_POINT ( 'NONE',  ( -1.648977317585904379, -1.010000000000000009, 0.2320306424405674528 ) ) ;
#11028 = LINE ( 'NONE', #5583, #4894 ) ;
#11029 = CARTESIAN_POINT ( 'NONE',  ( -1.475252470737069332, -1.010000000000000009, 0.3950691728584412310 ) ) ;
#11030 =( NAMED_UNIT ( * ) PLANE_ANGLE_UNIT ( ) SI_UNIT ( $, .RADIAN. ) );
#11031 = PRESENTATION_STYLE_ASSIGNMENT (( #3669 ) ) ;
#11032 =( NAMED_UNIT ( * ) PLANE_ANGLE_UNIT ( ) SI_UNIT ( $, .RADIAN. ) );
#11033 = EDGE_CURVE ( 'NONE', #5446, #6909, #1740, .T. ) ;
#11034 = SURFACE_STYLE_USAGE ( .BOTH. , #1929 ) ;
#11035 = ORIENTED_EDGE ( 'NONE', *, *, #6560, .F. ) ;
#11036 = B_SPLINE_CURVE_WITH_KNOTS ( 'NONE', 3,
 ( #9811, #9617, #9675, #7827 ),
 .UNSPECIFIED., .F., .F.,
 ( 4, 4 ),
 ( 11.00000000000000000, 12.00000000000000000 ),
 .UNSPECIFIED. ) ;
#11037 = DIRECTION ( 'NONE',  ( -0.0000000000000000000, 1.000000000000000000, -0.0000000000000000000 ) ) ;
#11038 = VECTOR ( 'NONE', #4182, 1000.000000000000000 ) ;
#11039 = DIRECTION ( 'NONE',  ( 1.000000000000000000, 0.0000000000000000000, 0.0000000000000000000 ) ) ;
#11040 = PRESENTATION_STYLE_ASSIGNMENT (( #25 ) ) ;
#11041 = VERTEX_POINT ( 'NONE', #799 ) ;
#11042 =( LENGTH_UNIT ( ) NAMED_UNIT ( * ) SI_UNIT ( .MILLI., .METRE. ) );
#11043 = SURFACE_SIDE_STYLE ('',( #11160 ) ) ;
#11044 = PLANE ( 'NONE',  #10699 ) ;
#11045 = FILL_AREA_STYLE_COLOUR ( '', #5838 ) ;
#11046 = CARTESIAN_POINT ( 'NONE',  ( -1.373780601200661033, -1.010000000000000009, 0.2885911010291963841 ) ) ;
#11047 = MECHANICAL_DESIGN_GEOMETRIC_PRESENTATION_REPRESENTATION (  '', ( #36 ), #4864 ) ;
#11048 = VECTOR ( 'NONE', #1834, 1000.000000000000000 ) ;
#11049 = ORIENTED_EDGE ( 'NONE', *, *, #9370, .F. ) ;
#11050 = B_SPLINE_CURVE_WITH_KNOTS ( 'NONE', 3,
 ( #4908, #8607, #11541, #9920, #11671, #11604 ),
 .UNSPECIFIED., .F., .F.,
 ( 4, 2, 4 ),
 ( 2.000000000000000000, 3.000000000000000000, 4.000000000000000000 ),
 .UNSPECIFIED. ) ;
#11051 = ORIENTED_EDGE ( 'NONE', *, *, #892, .T. ) ;
#11052 = PRESENTATION_STYLE_ASSIGNMENT (( #7376 ) ) ;
#11053 = ORIENTED_EDGE ( 'NONE', *, *, #5369, .T. ) ;
#11054 = SURFACE_STYLE_FILL_AREA ( #8284 ) ;
#11055 = VECTOR ( 'NONE', #4934, 1000.000000000000000 ) ;
#11056 = CARTESIAN_POINT ( 'NONE',  ( -1.434697418514818468, -1.010000000000000009, 0.2224996034612828633 ) ) ;
#11057 = CARTESIAN_POINT ( 'NONE',  ( -1.758632402407496631, -1.000000000000000000, 0.2130167010424434126 ) ) ;
#11058 = EDGE_CURVE ( 'NONE', #11544, #5473, #4683, .T. ) ;
#11059 = SURFACE_STYLE_USAGE ( .BOTH. , #3642 ) ;
#11060 = COLOUR_RGB ( '',0.0000000000000000000, 0.0000000000000000000, 0.0000000000000000000 ) ;
#11061 = SURFACE_STYLE_USAGE ( .BOTH. , #3820 ) ;
#11062 = DIRECTION ( 'NONE',  ( -0.0000000000000000000, 1.000000000000000000, -0.0000000000000000000 ) ) ;
#11063 = MECHANICAL_DESIGN_GEOMETRIC_PRESENTATION_REPRESENTATION (  '', ( #3936 ), #639 ) ;
#11064 = EDGE_LOOP ( 'NONE', ( #1422, #3593, #7460, #2604 ) ) ;
#11065 = ORIENTED_EDGE ( 'NONE', *, *, #6262, .F. ) ;
#11066 =( NAMED_UNIT ( * ) SI_UNIT ( $, .STERADIAN. ) SOLID_ANGLE_UNIT ( ) );
#11067 = ORIENTED_EDGE ( 'NONE', *, *, #567, .T. ) ;
#11068 = CARTESIAN_POINT ( 'NONE',  ( -1.608879562688215970, -1.000000000000000000, 0.2259172992568244109 ) ) ;
#11069 = EDGE_LOOP ( 'NONE', ( #6307, #10503, #7744, #5904 ) ) ;
#11070 = LINE ( 'NONE', #9146, #7702 ) ;
#11071 = CARTESIAN_POINT ( 'NONE',  ( -1.657232737711758164, -1.010000000000000009, 0.2668815122435106990 ) ) ;
#11072 = EDGE_CURVE ( 'NONE', #603, #8780, #794, .T. ) ;
#11073 = AXIS2_PLACEMENT_3D ( 'NONE', #1589, #4344, #3450 ) ;
#11074 = FILL_AREA_STYLE ('',( #2628 ) ) ;
#11075 = MECHANICAL_DESIGN_GEOMETRIC_PRESENTATION_REPRESENTATION (  '', ( #7218 ), #9152 ) ;
#11076 = PRESENTATION_LAYER_ASSIGNMENT (  '', '', ( #9342 ) ) ;
#11077 = DIRECTION ( 'NONE',  ( 0.0000000000000000000, 0.0000000000000000000, -1.000000000000000000 ) ) ;
#11078 = UNCERTAINTY_MEASURE_WITH_UNIT (LENGTH_MEASURE( 1.000000000000000082E-05 ), #6268, 'distance_accuracy_value', 'NONE');
#11079 = ORIENTED_EDGE ( 'NONE', *, *, #3004, .T. ) ;
#11080 = DIRECTION ( 'NONE',  ( -0.0000000000000000000, 1.000000000000000000, -0.0000000000000000000 ) ) ;
#11081 = DIRECTION ( 'NONE',  ( -0.0000000000000000000, -0.0000000000000000000, 1.000000000000000000 ) ) ;
#11082 = CARTESIAN_POINT ( 'NONE',  ( -2.148460233536766850, -1.000000000000000000, 0.1648010583142833774 ) ) ;
#11083 = CARTESIAN_POINT ( 'NONE',  ( -1.666138001404599223, -1.010000000000000009, 0.2345337435863443509 ) ) ;
#11084 = EDGE_CURVE ( 'NONE', #2252, #5554, #7395, .T. ) ;
#11085 = SURFACE_STYLE_USAGE ( .BOTH. , #3843 ) ;
#11086 = CARTESIAN_POINT ( 'NONE',  ( -2.185948496370684779, -1.000000000000000000, 0.2571828119320350159 ) ) ;
#11087 = SURFACE_STYLE_USAGE ( .BOTH. , #7357 ) ;
#11088 = COLOUR_RGB ( '',0.0000000000000000000, 0.0000000000000000000, 0.0000000000000000000 ) ;
#11089 =( LENGTH_UNIT ( ) NAMED_UNIT ( * ) SI_UNIT ( .MILLI., .METRE. ) );
#11090 = LINE ( 'NONE', #1077, #3957 ) ;
#11091 = UNCERTAINTY_MEASURE_WITH_UNIT (LENGTH_MEASURE( 1.000000000000000082E-05 ), #11369, 'distance_accuracy_value', 'NONE');
#11092 = CARTESIAN_POINT ( 'NONE',  ( -1.450486210359190009, -1.010000000000000009, 0.2896982419207457804 ) ) ;
#11093 = ORIENTED_EDGE ( 'NONE', *, *, #7385, .F. ) ;
#11094 = DIRECTION ( 'NONE',  ( -0.0000000000000000000, 1.000000000000000000, -0.0000000000000000000 ) ) ;
#11095 = CARTESIAN_POINT ( 'NONE',  ( -1.764408789667795130, -1.000000000000000000, 0.2273132595116904575 ) ) ;
#11096 = VECTOR ( 'NONE', #4255, 1000.000000000000000 ) ;
#11097 = EDGE_CURVE ( 'NONE', #8331, #10136, #9987, .T. ) ;
#11098 = FACE_BOUND ( 'NONE', #10579, .T. ) ;
#11099 = ORIENTED_EDGE ( 'NONE', *, *, #7923, .F. ) ;
#11100 = CARTESIAN_POINT ( 'NONE',  ( -2.185279060597537626, -1.010000000000000009, 0.1648010583142833774 ) ) ;
#11101 = EDGE_CURVE ( 'NONE', #5174, #9129, #8194, .T. ) ;
#11102 = PRESENTATION_STYLE_ASSIGNMENT (( #2715 ) ) ;
#11103 = FILL_AREA_STYLE ('',( #9285 ) ) ;
#11104 = FILL_AREA_STYLE_COLOUR ( '', #10683 ) ;
#11105 = CARTESIAN_POINT ( 'NONE',  ( -1.752687537185633859, -1.000000000000000000, 0.3613735805074955731 ) ) ;
#11106 = FILL_AREA_STYLE ('',( #3804 ) ) ;
#11107 = CARTESIAN_POINT ( 'NONE',  ( -1.652202467139338937, -1.000000000000000000, 0.2751128640888174659 ) ) ;
#11108 = VECTOR ( 'NONE', #555, 1000.000000000000000 ) ;
#11109 = ORIENTED_EDGE ( 'NONE', *, *, #10420, .T. ) ;
#11110 = CARTESIAN_POINT ( 'NONE',  ( -1.652924515546996265, -1.000000000000000000, 0.2387216243503121338 ) ) ;
#11112 = SURFACE_STYLE_FILL_AREA ( #10152 ) ;
#11111 = VECTOR ( 'NONE', #2795, 1000.000000000000000 ) ;
#11113 = DIRECTION ( 'NONE',  ( -1.000000000000000000, 0.0000000000000000000, 0.0000000000000000000 ) ) ;
#11114 = CARTESIAN_POINT ( 'NONE',  ( -1.668135668665369442, -1.000000000000000000, 0.2077216793875679424 ) ) ;
#11115 = CARTESIAN_POINT ( 'NONE',  ( -1.728402642412857793, -1.010000000000000009, 0.3570894266226369851 ) ) ;
#11116 = CARTESIAN_POINT ( 'NONE',  ( -1.638315069434844506, -1.000000000000000000, 0.1779732849977178899 ) ) ;
#11117 = VECTOR ( 'NONE', #3876, 1000.000000000000000 ) ;
#11118 = ORIENTED_EDGE ( 'NONE', *, *, #7448, .F. ) ;
#11119 = DIRECTION ( 'NONE',  ( 1.000000000000000000, 0.0000000000000000000, -0.0000000000000000000 ) ) ;
#11120 = B_SPLINE_SURFACE_WITH_KNOTS ( 'NONE', 3, 1, ( 
 ( #7819, #8718 ),
 ( #10590, #8068 ),
 ( #3150, #3464 ),
 ( #10256, #4413 ) ),
 .UNSPECIFIED., .F., .F., .F.,
 ( 4, 4 ),
 ( 2, 2 ),
 ( 5.000000000000000000, 6.000000000000000000 ),
 ( 0.0000000000000000000, 1.000000000000000000 ),
 .UNSPECIFIED. ) ;
#11121 = EDGE_CURVE ( 'NONE', #6566, #1853, #4606, .T. ) ;
#11122 = EDGE_LOOP ( 'NONE', ( #10654, #3128, #2318, #6669 ) ) ;
#11123 = PRESENTATION_STYLE_ASSIGNMENT (( #7511 ) ) ;
#11124 = VECTOR ( 'NONE', #8861, 1000.000000000000000 ) ;
#11125 = CARTESIAN_POINT ( 'NONE',  ( -1.608879562688215970, -1.000000000000000000, 0.2259172992568243832 ) ) ;
#11126 = VERTEX_POINT ( 'NONE', #6373 ) ;
#11127 = LINE ( 'NONE', #11190, #282 ) ;
#11128 = SURFACE_SIDE_STYLE ('',( #3769 ) ) ;
#11129 = PRESENTATION_STYLE_ASSIGNMENT (( #8365 ) ) ;
#11130 = CARTESIAN_POINT ( 'NONE',  ( -2.299082695108411567, -1.010000000000000009, 0.3917388851789893045 ) ) ;
#11131 = DIRECTION ( 'NONE',  ( -0.7071067811865474617, -0.0000000000000000000, 0.7071067811865474617 ) ) ;
#11132 = ORIENTED_EDGE ( 'NONE', *, *, #6442, .F. ) ;
#11133 = SURFACE_STYLE_USAGE ( .BOTH. , #5459 ) ;
#11134 =( GEOMETRIC_REPRESENTATION_CONTEXT ( 3 ) GLOBAL_UNCERTAINTY_ASSIGNED_CONTEXT ( ( #7122 ) ) GLOBAL_UNIT_ASSIGNED_CONTEXT ( ( #8804, #7171, #10856 ) ) REPRESENTATION_CONTEXT ( 'NONE', 'WORKASPACE' ) );
#11135 = ORIENTED_EDGE ( 'NONE', *, *, #1062, .F. ) ;
#11136 = EDGE_CURVE ( 'NONE', #6849, #11959, #3708, .T. ) ;
#11137 = ORIENTED_EDGE ( 'NONE', *, *, #8744, .F. ) ;
#11138 = LINE ( 'NONE', #4913, #7247 ) ;
#11139 = CARTESIAN_POINT ( 'NONE',  ( -1.760076499222489987, -1.010000000000000009, 0.3934325298013402472 ) ) ;
#11140 = CARTESIAN_POINT ( 'NONE',  ( -1.456358870740061207, -1.000000000000000000, 0.2093101858842237872 ) ) ;
#11141 = EDGE_CURVE ( 'NONE', #6274, #9809, #5449, .T. ) ;
#11142 = CARTESIAN_POINT ( 'NONE',  ( -1.722481845471217854, -1.010000000000000009, 0.2197076829521849295 ) ) ;
#11143 = CARTESIAN_POINT ( 'NONE',  ( -1.650301072999782459, -1.010000000000000009, 0.2357371575994287871 ) ) ;
#11144 = CARTESIAN_POINT ( 'NONE',  ( -2.200006596529216818, -1.010000000000000009, 0.2571828119320350159 ) ) ;
#11145 = PRESENTATION_LAYER_ASSIGNMENT (  '', '', ( #8832 ) ) ;
#11146 = CARTESIAN_POINT ( 'NONE',  ( -1.717957008784130712, -1.000000000000000000, 0.3570894266226369851 ) ) ;
#11147 =( NAMED_UNIT ( * ) SI_UNIT ( $, .STERADIAN. ) SOLID_ANGLE_UNIT ( ) );
#11148 = CARTESIAN_POINT ( 'NONE',  ( -1.471329341056199835, -1.010000000000000009, 0.2200446388759535743 ) ) ;
#11149 = LINE ( 'NONE', #2941, #1067 ) ;
#11150 = STYLED_ITEM ( 'NONE', ( #223 ), #10572 ) ;
#11151 = DIRECTION ( 'NONE',  ( -1.000000000000000000, 0.0000000000000000000, -0.0000000000000000000 ) ) ;
#11152 = ORIENTED_EDGE ( 'NONE', *, *, #2262, .T. ) ;
#11153 = ADVANCED_FACE ( 'NONE', ( #4539 ), #11912, .F. ) ;
#11154 = CARTESIAN_POINT ( 'NONE',  ( -1.740027621773804656, -1.000000000000000000, 0.2173971280481934165 ) ) ;
#11155 = MECHANICAL_DESIGN_GEOMETRIC_PRESENTATION_REPRESENTATION (  '', ( #9606 ), #2293 ) ;
#11156 = FILL_AREA_STYLE_COLOUR ( '', #3753 ) ;
#11157 = LINE ( 'NONE', #2228, #1524 ) ;
#11158 = ORIENTED_EDGE ( 'NONE', *, *, #5318, .F. ) ;
#11159 = CARTESIAN_POINT ( 'NONE',  ( -1.436719154056131931, -1.010000000000000009, 0.2778566480374710101 ) ) ;
#11160 = SURFACE_STYLE_FILL_AREA ( #7424 ) ;
#11161 = SURFACE_STYLE_USAGE ( .BOTH. , #3799 ) ;
#11162 = FILL_AREA_STYLE ('',( #11045 ) ) ;
#11163 = FILL_AREA_STYLE ('',( #8276 ) ) ;
#11164 = SURFACE_STYLE_FILL_AREA ( #11725 ) ;
#11165 = DIRECTION ( 'NONE',  ( -0.3283461648125111099, 0.0000000000000000000, 0.9445574604294411092 ) ) ;
#11166 = CARTESIAN_POINT ( 'NONE',  ( -1.374286035085346969, -1.000000000000000000, 0.2863768192460975914 ) ) ;
#11167 = EDGE_CURVE ( 'NONE', #5433, #6643, #2672, .T. ) ;
#11168 = VECTOR ( 'NONE', #3654, 1000.000000000000000 ) ;
#11169 = ORIENTED_EDGE ( 'NONE', *, *, #10420, .F. ) ;
#11170 = ORIENTED_EDGE ( 'NONE', *, *, #6576, .T. ) ;
#11171 = VERTEX_POINT ( 'NONE', #121 ) ;
#11172 = FACE_OUTER_BOUND ( 'NONE', #5246, .T. ) ;
#11173 = ORIENTED_EDGE ( 'NONE', *, *, #7055, .F. ) ;
#11174 = FILL_AREA_STYLE_COLOUR ( '', #2928 ) ;
#11175 =( NAMED_UNIT ( * ) SI_UNIT ( $, .STERADIAN. ) SOLID_ANGLE_UNIT ( ) );
#11176 = CARTESIAN_POINT ( 'NONE',  ( -1.379412578779301457, -1.010000000000000009, 0.3034652982244437913 ) ) ;
#11177 = SURFACE_STYLE_USAGE ( .BOTH. , #7100 ) ;
#11178 = DIRECTION ( 'NONE',  ( -0.0000000000000000000, 1.000000000000000000, -0.0000000000000000000 ) ) ;
#11179 = LINE ( 'NONE', #3757, #11814 ) ;
#11180 = CARTESIAN_POINT ( 'NONE',  ( -1.661083662551957385, -1.010000000000000009, 0.2264468014223747216 ) ) ;
#11181 = VECTOR ( 'NONE', #11595, 1000.000000000000000 ) ;
#11182 = B_SPLINE_CURVE_WITH_KNOTS ( 'NONE', 3,
 ( #5729, #10388, #2119, #6826 ),
 .UNSPECIFIED., .F., .F.,
 ( 4, 4 ),
 ( 5.000000000000000000, 6.000000000000000000 ),
 .UNSPECIFIED. ) ;
#11183 = SURFACE_STYLE_USAGE ( .BOTH. , #10900 ) ;
#11184 = ORIENTED_EDGE ( 'NONE', *, *, #1061, .F. ) ;
#11185 = SURFACE_STYLE_USAGE ( .BOTH. , #3998 ) ;
#11186 = ORIENTED_EDGE ( 'NONE', *, *, #5224, .F. ) ;
#11187 = SURFACE_STYLE_FILL_AREA ( #4783 ) ;
#11188 = ORIENTED_EDGE ( 'NONE', *, *, #7520, .T. ) ;
#11189 = SURFACE_STYLE_FILL_AREA ( #7515 ) ;
#11190 = CARTESIAN_POINT ( 'NONE',  ( -1.671336749938581390, -1.000000000000000000, 0.3694123861110195084 ) ) ;
#11191 =( NAMED_UNIT ( * ) SI_UNIT ( $, .STERADIAN. ) SOLID_ANGLE_UNIT ( ) );
#11192 = ADVANCED_FACE ( 'NONE', ( #56 ), #6452, .F. ) ;
#11193 = SURFACE_STYLE_FILL_AREA ( #939 ) ;
#11194 = MECHANICAL_DESIGN_GEOMETRIC_PRESENTATION_REPRESENTATION (  '', ( #5974 ), #6766 ) ;
#11195 = ORIENTED_EDGE ( 'NONE', *, *, #11681, .T. ) ;
#11196 = ORIENTED_EDGE ( 'NONE', *, *, #4495, .T. ) ;
#11197 = DIRECTION ( 'NONE',  ( -1.000000000000000000, -0.0000000000000000000, -0.0000000000000000000 ) ) ;
#11198 = SURFACE_STYLE_USAGE ( .BOTH. , #4668 ) ;
#11199 =( NAMED_UNIT ( * ) PLANE_ANGLE_UNIT ( ) SI_UNIT ( $, .RADIAN. ) );
#11200 = CARTESIAN_POINT ( 'NONE',  ( -1.775696813105298144, -1.010000000000000009, 0.2093101858842237595 ) ) ;
#11201 =( GEOMETRIC_REPRESENTATION_CONTEXT ( 3 ) GLOBAL_UNCERTAINTY_ASSIGNED_CONTEXT ( ( #5885 ) ) GLOBAL_UNIT_ASSIGNED_CONTEXT ( ( #10083, #4527, #9081 ) ) REPRESENTATION_CONTEXT ( 'NONE', 'WORKASPACE' ) );
#11202 = PRESENTATION_STYLE_ASSIGNMENT (( #11085 ) ) ;
#11203 = CARTESIAN_POINT ( 'NONE',  ( -2.319165709243877327, -1.000000000000000000, 0.3716558949844837034 ) ) ;
#11204 = EDGE_CURVE ( 'NONE', #784, #1785, #8483, .T. ) ;
#11205 = SURFACE_STYLE_FILL_AREA ( #5881 ) ;
#11206 = LINE ( 'NONE', #9336, #3819 ) ;
#11207 = CARTESIAN_POINT ( 'NONE',  ( -1.621635751221256250, -1.010000000000000009, 0.1972279091980717602 ) ) ;
#11208 = B_SPLINE_CURVE_WITH_KNOTS ( 'NONE', 3,
 ( #2807, #8141, #7283, #3542 ),
 .UNSPECIFIED., .F., .F.,
 ( 4, 4 ),
 ( 9.000000000000000000, 10.00000000000000000 ),
 .UNSPECIFIED. ) ;
#11209 = FILL_AREA_STYLE ('',( #1978 ) ) ;
#11210 = UNCERTAINTY_MEASURE_WITH_UNIT (LENGTH_MEASURE( 1.000000000000000082E-05 ), #2799, 'distance_accuracy_value', 'NONE');
#11211 = FILL_AREA_STYLE ('',( #7533 ) ) ;
#11212 = ORIENTED_EDGE ( 'NONE', *, *, #9524, .F. ) ;
#11213 = CARTESIAN_POINT ( 'NONE',  ( -1.434697418514818468, -1.010000000000000009, 0.2909979290547222708 ) ) ;
#11214 = FILL_AREA_STYLE_COLOUR ( '', #1002 ) ;
#11215 = CARTESIAN_POINT ( 'NONE',  ( -1.814181993226108291, -1.010000000000000009, 0.2625010852377568926 ) ) ;
#11216 = LINE ( 'NONE', #6935, #4020 ) ;
#11217 = VERTEX_POINT ( 'NONE', #242 ) ;
#11218 =( LENGTH_UNIT ( ) NAMED_UNIT ( * ) SI_UNIT ( .MILLI., .METRE. ) );
#11219 = CARTESIAN_POINT ( 'NONE',  ( -2.500000000000000000, -1.000000000000000000, 0.5999999999999999778 ) ) ;
#11220 = ADVANCED_FACE ( 'NONE', ( #3945 ), #181, .F. ) ;
#11221 = CARTESIAN_POINT ( 'NONE',  ( -1.519754720920412305, -1.010000000000000009, 0.2625010852377568926 ) ) ;
#11222 = STYLED_ITEM ( 'NONE', ( #7965 ), #6209 ) ;
#11223 = B_SPLINE_SURFACE_WITH_KNOTS ( 'NONE', 3, 1, ( 
 ( #9639, #7002 ),
 ( #1210, #278 ),
 ( #9832, #638 ),
 ( #2471, #1513 ) ),
 .UNSPECIFIED., .F., .F., .F.,
 ( 4, 4 ),
 ( 2, 2 ),
 ( 7.000000000000000000, 8.000000000000000000 ),
 ( 0.0000000000000000000, 1.000000000000000000 ),
 .UNSPECIFIED. ) ;
#11224 = CARTESIAN_POINT ( 'NONE',  ( -2.500000000000000000, -1.000000000000000000, 0.5999999999999999778 ) ) ;
#11225 = ADVANCED_FACE ( 'NONE', ( #9550 ), #754, .T. ) ;
#11226 = ORIENTED_EDGE ( 'NONE', *, *, #9737, .F. ) ;
#11227 = ORIENTED_EDGE ( 'NONE', *, *, #6980, .F. ) ;
#11228 = CARTESIAN_POINT ( 'NONE',  ( -1.758632402407496631, -1.010000000000000009, 0.2130167010424434126 ) ) ;
#11229 = ORIENTED_EDGE ( 'NONE', *, *, #1849, .T. ) ;
#11230 = CARTESIAN_POINT ( 'NONE',  ( -1.420497133166460424, -1.010000000000000009, 0.2715507586119387806 ) ) ;
#11231 = LINE ( 'NONE', #10567, #658 ) ;
#11232 =( NAMED_UNIT ( * ) PLANE_ANGLE_UNIT ( ) SI_UNIT ( $, .RADIAN. ) );
#11233 = CARTESIAN_POINT ( 'NONE',  ( -1.969721558878669621, -1.000000000000000000, 0.3904000200175501423 ) ) ;
#11234 = EDGE_CURVE ( 'NONE', #1720, #2780, #11412, .T. ) ;
#11235 = CARTESIAN_POINT ( 'NONE',  ( -1.664116265863606836, -1.000000000000000000, 0.2328489639687963964 ) ) ;
#11236 = CARTESIAN_POINT ( 'NONE',  ( -2.222097874890202718, -1.010000000000000009, 0.4238716809816544528 ) ) ;
#11237 = EDGE_LOOP ( 'NONE', ( #11715, #5000, #7243, #7851 ) ) ;
#11238 = ORIENTED_EDGE ( 'NONE', *, *, #3544, .F. ) ;
#11239 = VERTEX_POINT ( 'NONE', #5975 ) ;
#11240 = CARTESIAN_POINT ( 'NONE',  ( -2.216742414243162429, -1.010000000000000009, 0.4238716809816544528 ) ) ;
#11241 = STYLED_ITEM ( 'NONE', ( #2616 ), #8600 ) ;
#11242 = ORIENTED_EDGE ( 'NONE', *, *, #11058, .F. ) ;
#11243 = DIRECTION ( 'NONE',  ( 1.000000000000000000, 0.0000000000000000000, -0.0000000000000000000 ) ) ;
#11244 = ORIENTED_EDGE ( 'NONE', *, *, #10129, .F. ) ;
#11245 = VECTOR ( 'NONE', #5638, 1000.000000000000000 ) ;
#11246 = SURFACE_STYLE_USAGE ( .BOTH. , #3882 ) ;
#11247 = CARTESIAN_POINT ( 'NONE',  ( -1.768307851068442682, -1.010000000000000009, 0.4313160029156100084 ) ) ;
#11248 = EDGE_CURVE ( 'NONE', #5174, #7976, #8829, .T. ) ;
#11249 = EDGE_CURVE ( 'NONE', #3323, #9207, #11537, .T. ) ;
#11250 = CARTESIAN_POINT ( 'NONE',  ( -2.299082695108411567, -1.010000000000000009, 0.3917388851789893045 ) ) ;
#11251 = CARTESIAN_POINT ( 'NONE',  ( -2.031309420160799739, -1.000000000000000000, 0.4653765432912256861 ) ) ;
#11252 =( GEOMETRIC_REPRESENTATION_CONTEXT ( 3 ) GLOBAL_UNCERTAINTY_ASSIGNED_CONTEXT ( ( #5667 ) ) GLOBAL_UNIT_ASSIGNED_CONTEXT ( ( #3989, #4048, #3079 ) ) REPRESENTATION_CONTEXT ( 'NONE', 'WORKASPACE' ) );
#11253 = CARTESIAN_POINT ( 'NONE',  ( -1.722168957827996172, -1.000000000000000000, 0.2093101858842237872 ) ) ;
#11254 = ORIENTED_EDGE ( 'NONE', *, *, #4458, .F. ) ;
#11255 = CARTESIAN_POINT ( 'NONE',  ( -1.366415707443385363, -1.000000000000000000, 0.3034652982244437913 ) ) ;
#11256 = VECTOR ( 'NONE', #8910, 1000.000000000000000 ) ;
#11257 = LINE ( 'NONE', #10359, #5341 ) ;
#11258 = MECHANICAL_DESIGN_GEOMETRIC_PRESENTATION_REPRESENTATION (  '', ( #8200 ), #7038 ) ;
#11259 = DIRECTION ( 'NONE',  ( -0.0000000000000000000, 1.000000000000000000, -0.0000000000000000000 ) ) ;
#11260 = VECTOR ( 'NONE', #4992, 1000.000000000000000 ) ;
#11261 =( NAMED_UNIT ( * ) PLANE_ANGLE_UNIT ( ) SI_UNIT ( $, .RADIAN. ) );
#11262 = LINE ( 'NONE', #8437, #3373 ) ;
#11263 = CARTESIAN_POINT ( 'NONE',  ( 2.450000000000000622, -0.9500000000000007327, 0.0000000000000000000 ) ) ;
#11264 = MECHANICAL_DESIGN_GEOMETRIC_PRESENTATION_REPRESENTATION (  '', ( #1645 ), #10111 ) ;
#11265 = VECTOR ( 'NONE', #215, 1000.000000000000000 ) ;
#11266 = FILL_AREA_STYLE ('',( #84 ) ) ;
#11267 = VERTEX_POINT ( 'NONE', #10711 ) ;
#11268 = AXIS2_PLACEMENT_3D ( 'NONE', #10018, #770, #1765 ) ;
#11269 = STYLED_ITEM ( 'NONE', ( #4841 ), #1790 ) ;
#11270 =( LENGTH_UNIT ( ) NAMED_UNIT ( * ) SI_UNIT ( .MILLI., .METRE. ) );
#11271 = FILL_AREA_STYLE ('',( #9459 ) ) ;
#11272 = EDGE_CURVE ( 'NONE', #4778, #11335, #3331, .T. ) ;
#11273 = PRESENTATION_STYLE_ASSIGNMENT (( #9401 ) ) ;
#11274 = VECTOR ( 'NONE', #3548, 1000.000000000000000 ) ;
#11275 = PRESENTATION_STYLE_ASSIGNMENT (( #6691 ) ) ;
#11276 = CARTESIAN_POINT ( 'NONE',  ( -2.500000000000000000, -1.000000000000000000, 0.5999999999999999778 ) ) ;
#11277 = ORIENTED_EDGE ( 'NONE', *, *, #6657, .F. ) ;
#11278 = CARTESIAN_POINT ( 'NONE',  ( -1.353587314070317404, -1.010000000000000009, 0.2350632457518952168 ) ) ;
#11279 =( NAMED_UNIT ( * ) PLANE_ANGLE_UNIT ( ) SI_UNIT ( $, .RADIAN. ) );
#11280 = CARTESIAN_POINT ( 'NONE',  ( -1.944952550194483987, -1.000000000000000000, 0.3308204660542195530 ) ) ;
#11281 = CARTESIAN_POINT ( 'NONE',  ( -1.690976466623149266, -1.010000000000000009, 0.2477712977244908299 ) ) ;
#11282 = B_SPLINE_CURVE_WITH_KNOTS ( 'NONE', 3,
 ( #1679, #3414, #9094, #5150 ),
 .UNSPECIFIED., .F., .F.,
 ( 4, 4 ),
 ( 11.00000000000000000, 12.00000000000000000 ),
 .UNSPECIFIED. ) ;
#11283 = CARTESIAN_POINT ( 'NONE',  ( -1.373323303875781054, -1.010000000000000009, 0.2914311580987393735 ) ) ;
#11284 = COLOUR_RGB ( '',0.7529411764705882248, 0.7529411764705882248, 0.7529411764705882248 ) ;
#11285 = VECTOR ( 'NONE', #11077, 1000.000000000000000 ) ;
#11286 = EDGE_LOOP ( 'NONE', ( #6, #2491, #6595, #1704 ) ) ;
#11287 = PRESENTATION_LAYER_ASSIGNMENT (  '', '', ( #8220 ) ) ;
#11288 = EDGE_LOOP ( 'NONE', ( #5982, #6846, #3944, #10325 ) ) ;
#11289 = EDGE_CURVE ( 'NONE', #4763, #8594, #8896, .T. ) ;
#11290 = SURFACE_STYLE_FILL_AREA ( #6644 ) ;
#11291 = FILL_AREA_STYLE ('',( #1035 ) ) ;
#11292 =( NAMED_UNIT ( * ) SI_UNIT ( $, .STERADIAN. ) SOLID_ANGLE_UNIT ( ) );
#11293 = LINE ( 'NONE', #3022, #8426 ) ;
#11294 = DIRECTION ( 'NONE',  ( 0.0000000000000000000, 1.000000000000000000, 0.0000000000000000000 ) ) ;
#11295 = CARTESIAN_POINT ( 'NONE',  ( -1.470775770610426525, -1.000000000000000000, 0.2926345721118238097 ) ) ;
#11296 = EDGE_LOOP ( 'NONE', ( #11812, #4524, #10933, #4464 ) ) ;
#11297 = ORIENTED_EDGE ( 'NONE', *, *, #1930, .T. ) ;
#11298 = VERTEX_POINT ( 'NONE', #10648 ) ;
#11299 = SURFACE_STYLE_FILL_AREA ( #6594 ) ;
#11300 = EDGE_CURVE ( 'NONE', #1094, #7689, #2377, .T. ) ;
#11301 = ORIENTED_EDGE ( 'NONE', *, *, #7438, .T. ) ;
#11302 = SURFACE_SIDE_STYLE ('',( #178 ) ) ;
#11303 =( GEOMETRIC_REPRESENTATION_CONTEXT ( 3 ) GLOBAL_UNCERTAINTY_ASSIGNED_CONTEXT ( ( #5277 ) ) GLOBAL_UNIT_ASSIGNED_CONTEXT ( ( #10153, #171, #5734 ) ) REPRESENTATION_CONTEXT ( 'NONE', 'WORKASPACE' ) );
#11304 = ORIENTED_EDGE ( 'NONE', *, *, #5819, .F. ) ;
#11305 = SURFACE_STYLE_USAGE ( .BOTH. , #7450 ) ;
#11306 = SURFACE_STYLE_USAGE ( .BOTH. , #9438 ) ;
#11307 =( GEOMETRIC_REPRESENTATION_CONTEXT ( 3 ) GLOBAL_UNCERTAINTY_ASSIGNED_CONTEXT ( ( #2748 ) ) GLOBAL_UNIT_ASSIGNED_CONTEXT ( ( #6346, #8395, #11880 ) ) REPRESENTATION_CONTEXT ( 'NONE', 'WORKASPACE' ) );
#11308 = FILL_AREA_STYLE ('',( #4906 ) ) ;
#11309 = ORIENTED_EDGE ( 'NONE', *, *, #6743, .F. ) ;
#11310 = CARTESIAN_POINT ( 'NONE',  ( -1.722168957827996172, -1.010000000000000009, 0.2310679112303583305 ) ) ;
#11311 = ORIENTED_EDGE ( 'NONE', *, *, #5927, .F. ) ;
#11312 = EDGE_CURVE ( 'NONE', #11714, #2057, #550, .T. ) ;
#11313 = ORIENTED_EDGE ( 'NONE', *, *, #9900, .T. ) ;
#11314 = EDGE_CURVE ( 'NONE', #5494, #6294, #3399, .T. ) ;
#11315 = DIRECTION ( 'NONE',  ( -0.0000000000000000000, 1.000000000000000000, -0.0000000000000000000 ) ) ;
#11316 = AXIS2_PLACEMENT_3D ( 'NONE', #4549, #10228, #7459 ) ;
#11317 =( NAMED_UNIT ( * ) SI_UNIT ( $, .STERADIAN. ) SOLID_ANGLE_UNIT ( ) );
#11318 = PLANE ( 'NONE',  #2430 ) ;
#11319 = B_SPLINE_SURFACE_WITH_KNOTS ( 'NONE', 3, 1, ( 
 ( #1416, #11667 ),
 ( #1482, #2260 ),
 ( #11600, #421 ),
 ( #2499, #5928 ) ),
 .UNSPECIFIED., .F., .F., .F.,
 ( 4, 4 ),
 ( 2, 2 ),
 ( 11.00000000000000000, 12.00000000000000000 ),
 ( 0.0000000000000000000, 1.000000000000000000 ),
 .UNSPECIFIED. ) ;
#11320 = VECTOR ( 'NONE', #10232, 1000.000000000000000 ) ;
#11321 = CARTESIAN_POINT ( 'NONE',  ( -1.450028913034306477, -1.000000000000000000, 0.2233179249895118901 ) ) ;
#11322 = B_SPLINE_CURVE_WITH_KNOTS ( 'NONE', 3,
 ( #6174, #6358, #11894, #11779 ),
 .UNSPECIFIED., .F., .F.,
 ( 4, 4 ),
 ( 26.00000000000000000, 27.00000000000000000 ),
 .UNSPECIFIED. ) ;
#11323 =( NAMED_UNIT ( * ) SI_UNIT ( $, .STERADIAN. ) SOLID_ANGLE_UNIT ( ) );
#11324 = CARTESIAN_POINT ( 'NONE',  ( -1.632851569818088766, -1.000000000000000000, 0.3586779331192915810 ) ) ;
#11325 = AXIS2_PLACEMENT_3D ( 'NONE', #1486, #10719, #1669 ) ;
#11326 = UNCERTAINTY_MEASURE_WITH_UNIT (LENGTH_MEASURE( 1.000000000000000082E-05 ), #9242, 'distance_accuracy_value', 'NONE');
#11327 = CARTESIAN_POINT ( 'NONE',  ( -1.610636547146431896, -1.010000000000000009, 0.2204778679199694558 ) ) ;
#11328 = EDGE_LOOP ( 'NONE', ( #5012, #5605, #8710, #5298 ) ) ;
#11329 = CARTESIAN_POINT ( 'NONE',  ( -1.682167476051521282, -1.000000000000000000, 0.2594684819264291287 ) ) ;
#11330 = DIRECTION ( 'NONE',  ( -1.000000000000000000, -0.0000000000000000000, -0.0000000000000000000 ) ) ;
#11331 = LINE ( 'NONE', #3063, #9874 ) ;
#11332 = VECTOR ( 'NONE', #2512, 1000.000000000000000 ) ;
#11333 = CARTESIAN_POINT ( 'NONE',  ( -2.475000000000000089, 0.9500000000000007327, 0.5750000000000002887 ) ) ;
#11334 = CARTESIAN_POINT ( 'NONE',  ( -2.450000000000000622, -1.000000000000000000, 0.5500000000000007105 ) ) ;
#11335 = VERTEX_POINT ( 'NONE', #11781 ) ;
#11336 = PLANE ( 'NONE',  #62 ) ;
#11337 = SURFACE_SIDE_STYLE ('',( #8570 ) ) ;
#11338 = CARTESIAN_POINT ( 'NONE',  ( -1.749317977950537450, -1.010000000000000009, 0.2367961619298920017 ) ) ;
#11339 = VECTOR ( 'NONE', #3181, 1000.000000000000000 ) ;
#11340 = ADVANCED_FACE ( 'NONE', ( #7142 ), #10085, .F. ) ;
#11341 = CARTESIAN_POINT ( 'NONE',  ( -1.757838149159489438, -1.000000000000000000, 0.2718395779752592611 ) ) ;
#11342 = ORIENTED_EDGE ( 'NONE', *, *, #11593, .T. ) ;
#11343 = ORIENTED_EDGE ( 'NONE', *, *, #5799, .T. ) ;
#11344 =( NAMED_UNIT ( * ) SI_UNIT ( $, .STERADIAN. ) SOLID_ANGLE_UNIT ( ) );
#11345 = B_SPLINE_SURFACE_WITH_KNOTS ( 'NONE', 3, 1, ( 
 ( #5566, #796 ),
 ( #11013, #2857 ),
 ( #6538, #116 ),
 ( #2922, #3829 ) ),
 .UNSPECIFIED., .F., .F., .F.,
 ( 4, 4 ),
 ( 2, 2 ),
 ( 21.00000000000000000, 22.00000000000000000 ),
 ( 0.0000000000000000000, 1.000000000000000000 ),
 .UNSPECIFIED. ) ;
#11346 = VECTOR ( 'NONE', #5906, 1000.000000000000000 ) ;
#11347 = PRESENTATION_STYLE_ASSIGNMENT (( #166 ) ) ;
#11348 =( NAMED_UNIT ( * ) SI_UNIT ( $, .STERADIAN. ) SOLID_ANGLE_UNIT ( ) );
#11349 = CARTESIAN_POINT ( 'NONE',  ( -2.197998289210417067, -1.010000000000000009, 0.4339131792713341595 ) ) ;
#11350 =( NAMED_UNIT ( * ) PLANE_ANGLE_UNIT ( ) SI_UNIT ( $, .RADIAN. ) );
#11351 = DIRECTION ( 'NONE',  ( -0.0000000000000000000, 1.000000000000000000, -0.0000000000000000000 ) ) ;
#11352 = SURFACE_STYLE_USAGE ( .BOTH. , #2970 ) ;
#11353 = PLANE ( 'NONE',  #2794 ) ;
#11354 = CARTESIAN_POINT ( 'NONE',  ( -1.903447685491074237, -1.000000000000000000, 0.3027042912733673985 ) ) ;
#11355 = VECTOR ( 'NONE', #3537, 1000.000000000000000 ) ;
#11356 = B_SPLINE_CURVE_WITH_KNOTS ( 'NONE', 3,
 ( #1553, #3352, #1429, #11740 ),
 .UNSPECIFIED., .F., .F.,
 ( 4, 4 ),
 ( 3.000000000000000000, 4.000000000000000000 ),
 .UNSPECIFIED. ) ;
#11357 = SURFACE_STYLE_FILL_AREA ( #7508 ) ;
#11358 = ORIENTED_EDGE ( 'NONE', *, *, #1451, .T. ) ;
#11359 = ADVANCED_FACE ( 'NONE', ( #4471 ), #2790, .F. ) ;
#11360 = ORIENTED_EDGE ( 'NONE', *, *, #1293, .T. ) ;
#11361 = ORIENTED_EDGE ( 'NONE', *, *, #3949, .T. ) ;
#11362 = DIRECTION ( 'NONE',  ( 1.000000000000000000, -0.0000000000000000000, -0.0000000000000000000 ) ) ;
#11363 = CARTESIAN_POINT ( 'NONE',  ( -2.159840603372099821, -1.000000000000000000, 0.2170168187745983301 ) ) ;
#11364 = ORIENTED_EDGE ( 'NONE', *, *, #9043, .F. ) ;
#11365 = CARTESIAN_POINT ( 'NONE',  ( -2.023276241958665622, -1.000000000000000000, 0.2498190567349448388 ) ) ;
#11366 = CARTESIAN_POINT ( 'NONE',  ( -1.772832687755529824, -1.000000000000000000, 0.4039744365506410806 ) ) ;
#11367 = CARTESIAN_POINT ( 'NONE',  ( -1.741904947633459821, -1.000000000000000000, 0.3570894266226369851 ) ) ;
#11368 = ADVANCED_FACE ( 'NONE', ( #8179 ), #3460, .F. ) ;
#11369 =( LENGTH_UNIT ( ) NAMED_UNIT ( * ) SI_UNIT ( .MILLI., .METRE. ) );
#11370 = ORIENTED_EDGE ( 'NONE', *, *, #3403, .T. ) ;
#11371 = CARTESIAN_POINT ( 'NONE',  ( -2.248875222814574748, -1.010000000000000009, 0.2103225121187592972 ) ) ;
#11372 = ORIENTED_EDGE ( 'NONE', *, *, #6365, .T. ) ;
#11373 = EDGE_LOOP ( 'NONE', ( #9734, #2474, #9282, #2071 ) ) ;
#11374 = CARTESIAN_POINT ( 'NONE',  ( -1.561248436072007140, -1.000000000000000000, 0.3792322444529834247 ) ) ;
#11375 = CARTESIAN_POINT ( 'NONE',  ( -1.686764517579279365, -1.000000000000000000, 0.2727541726243808973 ) ) ;
#11376 = CARTESIAN_POINT ( 'NONE',  ( -1.489934121689891589, -1.010000000000000009, 0.4355038836789342227 ) ) ;
#11377 = VECTOR ( 'NONE', #1630, 1000.000000000000000 ) ;
#11378 = CARTESIAN_POINT ( 'NONE',  ( -2.096244447539275857, -1.000000000000000000, 0.4379297811405066243 ) ) ;
#11379 = EDGE_CURVE ( 'NONE', #8385, #1033, #6648, .T. ) ;
#11380 =( LENGTH_UNIT ( ) NAMED_UNIT ( * ) SI_UNIT ( .MILLI., .METRE. ) );
#11381 = CARTESIAN_POINT ( 'NONE',  ( -1.433277389980368577, -1.010000000000000009, 0.2572542001433302805 ) ) ;
#11382 =( LENGTH_UNIT ( ) NAMED_UNIT ( * ) SI_UNIT ( .MILLI., .METRE. ) );
#11383 = COLOUR_RGB ( '',0.0000000000000000000, 0.0000000000000000000, 0.0000000000000000000 ) ;
#11384 = EDGE_LOOP ( 'NONE', ( #2280, #5785, #7900, #2550 ) ) ;
#11385 = FACE_OUTER_BOUND ( 'NONE', #3287, .T. ) ;
#11386 = CARTESIAN_POINT ( 'NONE',  ( -2.258247266178147861, -1.010000000000000009, 0.3837057261294960497 ) ) ;
#11387 = LINE ( 'NONE', #392, #8760 ) ;
#11388 = EDGE_CURVE ( 'NONE', #1853, #1111, #4534, .T. ) ;
#11390 = EDGE_CURVE ( 'NONE', #4121, #2268, #8470, .T. ) ;
#11389 = CARTESIAN_POINT ( 'NONE',  ( -1.679592170064752921, -1.000000000000000000, 0.2532107290613451744 ) ) ;
#11391 = FACE_OUTER_BOUND ( 'NONE', #366, .T. ) ;
#11392 = PLANE ( 'NONE',  #5682 ) ;
#11393 = ORIENTED_EDGE ( 'NONE', *, *, #1733, .T. ) ;
#11394 = VERTEX_POINT ( 'NONE', #2966 ) ;
#11395 =( LENGTH_UNIT ( ) NAMED_UNIT ( * ) SI_UNIT ( .MILLI., .METRE. ) );
#11396 = SURFACE_STYLE_FILL_AREA ( #11578 ) ;
#11397 = CARTESIAN_POINT ( 'NONE',  ( -1.710375500505164847, -1.010000000000000009, 0.2525849537742598794 ) ) ;
#11398 =( NAMED_UNIT ( * ) SI_UNIT ( $, .STERADIAN. ) SOLID_ANGLE_UNIT ( ) );
#11399 = FILL_AREA_STYLE ('',( #6952 ) ) ;
#11400 = CARTESIAN_POINT ( 'NONE',  ( -1.608807357847545916, -1.000000000000000000, 0.1991533716184925029 ) ) ;
#11401 = FILL_AREA_STYLE ('',( #4052 ) ) ;
#11402 = PLANE ( 'NONE',  #9331 ) ;
#11403 = ORIENTED_EDGE ( 'NONE', *, *, #9418, .T. ) ;
#11404 = AXIS2_PLACEMENT_3D ( 'NONE', #2855, #10902, #11011 ) ;
#11405 = ORIENTED_EDGE ( 'NONE', *, *, #8774, .F. ) ;
#11406 =( NAMED_UNIT ( * ) SI_UNIT ( $, .STERADIAN. ) SOLID_ANGLE_UNIT ( ) );
#11407 = VERTEX_POINT ( 'NONE', #10208 ) ;
#11408 = CARTESIAN_POINT ( 'NONE',  ( -1.997168336191654125, -1.010000000000000009, 0.3542506287292847000 ) ) ;
#11409 = EDGE_CURVE ( 'NONE', #1400, #4873, #11592, .T. ) ;
#11410 = AXIS2_PLACEMENT_3D ( 'NONE', #9924, #2739, #6426 ) ;
#11411 = ORIENTED_EDGE ( 'NONE', *, *, #8238, .T. ) ;
#11412 = LINE ( 'NONE', #6039, #6166 ) ;
#11413 = FACE_OUTER_BOUND ( 'NONE', #1159, .T. ) ;
#11414 = CARTESIAN_POINT ( 'NONE',  ( -1.485000124238365027, -1.010000000000000009, 0.2926345721118238097 ) ) ;
#11415 = MECHANICAL_DESIGN_GEOMETRIC_PRESENTATION_REPRESENTATION (  '', ( #3129 ), #10669 ) ;
#11416 = CARTESIAN_POINT ( 'NONE',  ( -2.206700915953803577, -1.000000000000000000, 0.4225328158202146800 ) ) ;
#11417 = PRESENTATION_LAYER_ASSIGNMENT (  '', '', ( #824 ) ) ;
#11418 = ORIENTED_EDGE ( 'NONE', *, *, #8937, .F. ) ;
#11419 =( LENGTH_UNIT ( ) NAMED_UNIT ( * ) SI_UNIT ( .MILLI., .METRE. ) );
#11420 = VERTEX_POINT ( 'NONE', #2911 ) ;
#11421 = EDGE_LOOP ( 'NONE', ( #3099, #1358, #90, #1458 ) ) ;
#11422 = COLOUR_RGB ( '',0.0000000000000000000, 0.0000000000000000000, 0.0000000000000000000 ) ;
#11423 = EDGE_CURVE ( 'NONE', #1063, #8932, #10335, .T. ) ;
#11424 = CARTESIAN_POINT ( 'NONE',  ( -1.683491231465078952, -1.010000000000000009, 0.3586779331192915810 ) ) ;
#11425 = LINE ( 'NONE', #4077, #10370 ) ;
#11426 = SURFACE_STYLE_USAGE ( .BOTH. , #2337 ) ;
#11427 = CARTESIAN_POINT ( 'NONE',  ( -1.662407417965836354, -1.010000000000000009, 0.2780973308403431599 ) ) ;
#11428 = CARTESIAN_POINT ( 'NONE',  ( -1.562066757600878431, -1.010000000000000009, 0.3630583601250428893 ) ) ;
#11429 = DIRECTION ( 'NONE',  ( -0.0000000000000000000, 1.000000000000000000, -0.0000000000000000000 ) ) ;
#11430 =( GEOMETRIC_REPRESENTATION_CONTEXT ( 3 ) GLOBAL_UNCERTAINTY_ASSIGNED_CONTEXT ( ( #9289 ) ) GLOBAL_UNIT_ASSIGNED_CONTEXT ( ( #9053, #5348, #8318 ) ) REPRESENTATION_CONTEXT ( 'NONE', 'WORKASPACE' ) );
#11431 = FILL_AREA_STYLE ('',( #7772 ) ) ;
#11432 = CARTESIAN_POINT ( 'NONE',  ( -2.153815694183486507, -1.000000000000000000, 0.4687237093875725180 ) ) ;
#11433 = B_SPLINE_SURFACE_WITH_KNOTS ( 'NONE', 3, 1, ( 
 ( #5001, #8876 ),
 ( #649, #6215 ),
 ( #8045, #3255 ),
 ( #7855, #4168 ) ),
 .UNSPECIFIED., .F., .F., .F.,
 ( 4, 4 ),
 ( 2, 2 ),
 ( 11.00000000000000000, 12.00000000000000000 ),
 ( 0.0000000000000000000, 1.000000000000000000 ),
 .UNSPECIFIED. ) ;
#11434 = FILL_AREA_STYLE ('',( #1433 ) ) ;
#11435 = UNCERTAINTY_MEASURE_WITH_UNIT (LENGTH_MEASURE( 1.000000000000000082E-05 ), #7722, 'distance_accuracy_value', 'NONE');
#11436 = FILL_AREA_STYLE ('',( #10551 ) ) ;
#11437 = VERTEX_POINT ( 'NONE', #5733 ) ;
#11438 =( GEOMETRIC_REPRESENTATION_CONTEXT ( 3 ) GLOBAL_UNCERTAINTY_ASSIGNED_CONTEXT ( ( #9630 ) ) GLOBAL_UNIT_ASSIGNED_CONTEXT ( ( #11741, #9622, #10732 ) ) REPRESENTATION_CONTEXT ( 'NONE', 'WORKASPACE' ) );
#11439 = CARTESIAN_POINT ( 'NONE',  ( -1.752446854383083563, -1.010000000000000009, 0.2282759907212610351 ) ) ;
#11440 = AXIS2_PLACEMENT_3D ( 'NONE', #10628, #7919, #9840 ) ;
#11441 = B_SPLINE_CURVE_WITH_KNOTS ( 'NONE', 3,
 ( #1019, #5656, #1150, #8394 ),
 .UNSPECIFIED., .F., .F.,
 ( 4, 4 ),
 ( 0.0000000000000000000, 1.000000000000000000 ),
 .UNSPECIFIED. ) ;
#11442 = ADVANCED_FACE ( 'NONE', ( #6709 ), #8409, .F. ) ;
#11443 = SURFACE_SIDE_STYLE ('',( #5103 ) ) ;
#11444 = UNCERTAINTY_MEASURE_WITH_UNIT (LENGTH_MEASURE( 1.000000000000000082E-05 ), #3992, 'distance_accuracy_value', 'NONE');
#11445 = CARTESIAN_POINT ( 'NONE',  ( -1.661083662551957385, -1.010000000000000009, 0.2203815947990767632 ) ) ;
#11446 = LINE ( 'NONE', #272, #5199 ) ;
#11447 =( GEOMETRIC_REPRESENTATION_CONTEXT ( 3 ) GLOBAL_UNCERTAINTY_ASSIGNED_CONTEXT ( ( #10492 ) ) GLOBAL_UNIT_ASSIGNED_CONTEXT ( ( #5240, #11710, #6222 ) ) REPRESENTATION_CONTEXT ( 'NONE', 'WORKASPACE' ) );
#11448 = PRESENTATION_STYLE_ASSIGNMENT (( #1450 ) ) ;
#11449 = CARTESIAN_POINT ( 'NONE',  ( -2.147121349222366860, -1.000000000000000000, 0.2906545112020617050 ) ) ;
#11450 = MECHANICAL_DESIGN_GEOMETRIC_PRESENTATION_REPRESENTATION (  '', ( #6645 ), #10899 ) ;
#11451 = COLOUR_RGB ( '',0.7529411764705882248, 0.7529411764705882248, 0.7529411764705882248 ) ;
#11452 = B_SPLINE_CURVE_WITH_KNOTS ( 'NONE', 3,
 ( #10636, #9964, #11585, #596 ),
 .UNSPECIFIED., .F., .F.,
 ( 4, 4 ),
 ( 34.00000000000000000, 35.00000000000000000 ),
 .UNSPECIFIED. ) ;
#11453 = ORIENTED_EDGE ( 'NONE', *, *, #5283, .F. ) ;
#11454 = VERTEX_POINT ( 'NONE', #1101 ) ;
#11455 = VERTEX_POINT ( 'NONE', #9478 ) ;
#11456 = CARTESIAN_POINT ( 'NONE',  ( -1.683130207261409383, -1.010000000000000009, 0.2077216793875679424 ) ) ;
#11457 = EDGE_CURVE ( 'NONE', #1944, #4526, #2787, .T. ) ;
#11458 = ADVANCED_FACE ( 'NONE', ( #4880 ), #1894, .F. ) ;
#11459 = MECHANICAL_DESIGN_GEOMETRIC_PRESENTATION_REPRESENTATION (  '', ( #8207 ), #2606 ) ;
#11460 = SURFACE_STYLE_USAGE ( .BOTH. , #10630 ) ;
#11461 = LINE ( 'NONE', #3023, #1242 ) ;
#11462 = CARTESIAN_POINT ( 'NONE',  ( -1.734684463558163747, -1.010000000000000009, 0.2780973308403431599 ) ) ;
#11463 = LINE ( 'NONE', #6712, #7413 ) ;
#11464 =( GEOMETRIC_REPRESENTATION_CONTEXT ( 3 ) GLOBAL_UNCERTAINTY_ASSIGNED_CONTEXT ( ( #6880 ) ) GLOBAL_UNIT_ASSIGNED_CONTEXT ( ( #7525, #3958, #9382 ) ) REPRESENTATION_CONTEXT ( 'NONE', 'WORKASPACE' ) );
#11465 = B_SPLINE_CURVE_WITH_KNOTS ( 'NONE', 3,
 ( #3455, #10822, #2545, #6228 ),
 .UNSPECIFIED., .F., .F.,
 ( 4, 4 ),
 ( 2.000000000000000000, 3.000000000000000000 ),
 .UNSPECIFIED. ) ;
#11466 = DIRECTION ( 'NONE',  ( 0.5773502691896275074, -0.5773502691896225114, 0.5773502691896273964 ) ) ;
#11467 = EDGE_LOOP ( 'NONE', ( #6514, #1641, #3748, #7823, #7245, #11418 ) ) ;
#11468 = ORIENTED_EDGE ( 'NONE', *, *, #5077, .F. ) ;
#11469 = CARTESIAN_POINT ( 'NONE',  ( -1.730568787635512029, -1.010000000000000009, 0.2192263173470791471 ) ) ;
#11470 = ORIENTED_EDGE ( 'NONE', *, *, #11526, .F. ) ;
#11471 = ORIENTED_EDGE ( 'NONE', *, *, #8216, .F. ) ;
#11472 = CARTESIAN_POINT ( 'NONE',  ( -1.752446854383083563, -1.010000000000000009, 0.2250508411681471921 ) ) ;
#11473 = MECHANICAL_DESIGN_GEOMETRIC_PRESENTATION_REPRESENTATION (  '', ( #88 ), #8794 ) ;
#11474 = B_SPLINE_CURVE_WITH_KNOTS ( 'NONE', 3,
 ( #7312, #11105, #3624, #6633 ),
 .UNSPECIFIED., .F., .F.,
 ( 4, 4 ),
 ( 1.000000000000000000, 2.000000000000000000 ),
 .UNSPECIFIED. ) ;
#11475 = DIRECTION ( 'NONE',  ( 0.7071067811865474617, 0.7071067811865474617, 0.0000000000000000000 ) ) ;
#11476 = CARTESIAN_POINT ( 'NONE',  ( -1.561513187155105120, -1.010000000000000009, 0.4331451922144963773 ) ) ;
#11477 = SURFACE_SIDE_STYLE ('',( #7942 ) ) ;
#11479 = ADVANCED_FACE ( 'NONE', ( #3196 ), #2239, .F. ) ;
#11478 = CARTESIAN_POINT ( 'NONE',  ( -1.553426244990493643, -1.010000000000000009, 0.2200446388759535743 ) ) ;
#11480 = ORIENTED_EDGE ( 'NONE', *, *, #10962, .F. ) ;
#11481 = VECTOR ( 'NONE', #11113, 1000.000000000000000 ) ;
#11482 = CARTESIAN_POINT ( 'NONE',  ( -1.565580726517312060, -1.010000000000000009, 0.3034652982244437913 ) ) ;
#11483 = VERTEX_POINT ( 'NONE', #7015 ) ;
#11484 = VERTEX_POINT ( 'NONE', #11397 ) ;
#11485 = CARTESIAN_POINT ( 'NONE',  ( -2.450000000000000622, 0.9750000000000004219, 0.02499999999999963363 ) ) ;
#11486 = CARTESIAN_POINT ( 'NONE',  ( -1.772832687755529824, -1.000000000000000000, 0.4039744365506410806 ) ) ;
#11487 =( NAMED_UNIT ( * ) PLANE_ANGLE_UNIT ( ) SI_UNIT ( $, .RADIAN. ) );
#11488 = LINE ( 'NONE', #8846, #3546 ) ;
#11489 =( NAMED_UNIT ( * ) PLANE_ANGLE_UNIT ( ) SI_UNIT ( $, .RADIAN. ) );
#11490 =( GEOMETRIC_REPRESENTATION_CONTEXT ( 3 ) GLOBAL_UNCERTAINTY_ASSIGNED_CONTEXT ( ( #8204 ) ) GLOBAL_UNIT_ASSIGNED_CONTEXT ( ( #6219, #1465, #8881 ) ) REPRESENTATION_CONTEXT ( 'NONE', 'WORKASPACE' ) );
#11491 = CARTESIAN_POINT ( 'NONE',  ( -1.664116265863606836, -1.000000000000000000, 0.2328489639687963964 ) ) ;
#11492 = LINE ( 'NONE', #7052, #6247 ) ;
#11493 = LINE ( 'NONE', #9391, #4203 ) ;
#11495 = EDGE_CURVE ( 'NONE', #11171, #9251, #11872, .T. ) ;
#11494 =( NAMED_UNIT ( * ) PLANE_ANGLE_UNIT ( ) SI_UNIT ( $, .RADIAN. ) );
#11496 = PLANE ( 'NONE',  #510 ) ;
#11497 =( GEOMETRIC_REPRESENTATION_CONTEXT ( 3 ) GLOBAL_UNCERTAINTY_ASSIGNED_CONTEXT ( ( #1812 ) ) GLOBAL_UNIT_ASSIGNED_CONTEXT ( ( #8619, #3059, #8557 ) ) REPRESENTATION_CONTEXT ( 'NONE', 'WORKASPACE' ) );
#11498 = ADVANCED_FACE ( 'NONE', ( #3133 ), #7328, .T. ) ;
#11499 = CARTESIAN_POINT ( 'NONE',  ( -1.752446854383083563, -1.010000000000000009, 0.2319343693196740941 ) ) ;
#11500 = DIRECTION ( 'NONE',  ( -0.3416038306815484260, 0.0000000000000000000, 0.9398440417769812205 ) ) ;
#11501 =( GEOMETRIC_REPRESENTATION_CONTEXT ( 3 ) GLOBAL_UNCERTAINTY_ASSIGNED_CONTEXT ( ( #4085 ) ) GLOBAL_UNIT_ASSIGNED_CONTEXT ( ( #3103, #11487, #6925 ) ) REPRESENTATION_CONTEXT ( 'NONE', 'WORKASPACE' ) );
#11502 = PLANE ( 'NONE',  #5675 ) ;
#11503 = CARTESIAN_POINT ( 'NONE',  ( -1.444156252652793793, -1.000000000000000000, 0.2993255540209242560 ) ) ;
#11504 = CARTESIAN_POINT ( 'NONE',  ( -1.715646453880138367, -1.010000000000000009, 0.4544215519561667915 ) ) ;
#11505 = STYLED_ITEM ( 'NONE', ( #10605 ), #4205 ) ;
#11506 = CARTESIAN_POINT ( 'NONE',  ( -2.165196051250391829, -1.000000000000000000, 0.2993571379454478820 ) ) ;
#11508 = EDGE_CURVE ( 'NONE', #4598, #11407, #4341, .T. ) ;
#11507 =( NAMED_UNIT ( * ) SI_UNIT ( $, .STERADIAN. ) SOLID_ANGLE_UNIT ( ) );
#11509 = ORIENTED_EDGE ( 'NONE', *, *, #7810, .T. ) ;
#11510 = ORIENTED_EDGE ( 'NONE', *, *, #3245, .F. ) ;
#11511 = COLOUR_RGB ( '',0.0000000000000000000, 0.0000000000000000000, 0.0000000000000000000 ) ;
#11512 = EDGE_LOOP ( 'NONE', ( #11358, #11226, #8590, #3048 ) ) ;
#11513 = LINE ( 'NONE', #529, #9693 ) ;
#11514 = STYLED_ITEM ( 'NONE', ( #6670 ), #4437 ) ;
#11515 = CARTESIAN_POINT ( 'NONE',  ( -2.500000000000000000, 1.000000000000000000, 0.04999999999999926725 ) ) ;
#11516 = CARTESIAN_POINT ( 'NONE',  ( -1.772832687755529824, -1.010000000000000009, 0.4039744365506410806 ) ) ;
#11517 = CARTESIAN_POINT ( 'NONE',  ( -1.553426244990493643, -1.010000000000000009, 0.2200446388759535743 ) ) ;
#11518 = DIRECTION ( 'NONE',  ( -1.000000000000000000, 0.0000000000000000000, -0.0000000000000000000 ) ) ;
#11519 = CARTESIAN_POINT ( 'NONE',  ( -1.485000124238365027, -1.010000000000000009, 0.2200446388759535743 ) ) ;
#11520 =( GEOMETRIC_REPRESENTATION_CONTEXT ( 3 ) GLOBAL_UNCERTAINTY_ASSIGNED_CONTEXT ( ( #1194 ) ) GLOBAL_UNIT_ASSIGNED_CONTEXT ( ( #3020, #287, #6773 ) ) REPRESENTATION_CONTEXT ( 'NONE', 'WORKASPACE' ) );
#11521 = FACE_OUTER_BOUND ( 'NONE', #1127, .T. ) ;
#11522 =( NAMED_UNIT ( * ) PLANE_ANGLE_UNIT ( ) SI_UNIT ( $, .RADIAN. ) );
#11523 = PRESENTATION_STYLE_ASSIGNMENT (( #10573 ) ) ;
#11524 = CARTESIAN_POINT ( 'NONE',  ( -1.694321957578019733, -1.000000000000000000, 0.2584094775953279521 ) ) ;
#11526 = EDGE_CURVE ( 'NONE', #900, #6050, #3826, .T. ) ;
#11525 = DIRECTION ( 'NONE',  ( -0.0000000000000000000, -0.0000000000000000000, 1.000000000000000000 ) ) ;
#11527 = EDGE_CURVE ( 'NONE', #825, #1033, #8049, .T. ) ;
#11528 = FILL_AREA_STYLE ('',( #6957 ) ) ;
#11529 = ORIENTED_EDGE ( 'NONE', *, *, #4478, .T. ) ;
#11530 = COLOUR_RGB ( '',0.0000000000000000000, 0.0000000000000000000, 0.0000000000000000000 ) ;
#11531 = ORIENTED_EDGE ( 'NONE', *, *, #4288, .F. ) ;
#11532 = CARTESIAN_POINT ( 'NONE',  ( -1.727223296680637565, -1.010000000000000009, 0.2228846959454959809 ) ) ;
#11533 = EDGE_LOOP ( 'NONE', ( #613, #9938, #11313, #7883 ) ) ;
#11534 = CARTESIAN_POINT ( 'NONE',  ( -1.650301072999782459, -1.000000000000000000, 0.2357371575994287871 ) ) ;
#11535 = CARTESIAN_POINT ( 'NONE',  ( -2.185948496370684779, -1.000000000000000000, 0.2571828119320350159 ) ) ;
#11536 = ORIENTED_EDGE ( 'NONE', *, *, #9418, .F. ) ;
#11537 = LINE ( 'NONE', #2319, #8672 ) ;
#11538 = PRESENTATION_LAYER_ASSIGNMENT (  '', '', ( #1739 ) ) ;
#11539 = CARTESIAN_POINT ( 'NONE',  ( -1.683130207261409383, -1.000000000000000000, 0.2077216793875679424 ) ) ;
#11540 = CARTESIAN_POINT ( 'NONE',  ( -1.553426244990493643, -1.000000000000000000, 0.2517184956855826328 ) ) ;
#11541 = CARTESIAN_POINT ( 'NONE',  ( -2.212056389369269294, -1.000000000000000000, 0.2458024420967059032 ) ) ;
#11542 = ORIENTED_EDGE ( 'NONE', *, *, #1012, .T. ) ;
#11543 = DIRECTION ( 'NONE',  ( -0.0000000000000000000, -0.0000000000000000000, 1.000000000000000000 ) ) ;
#11544 = VERTEX_POINT ( 'NONE', #2536 ) ;
#11545 = COLOUR_RGB ( '',0.0000000000000000000, 0.0000000000000000000, 0.0000000000000000000 ) ;
#11546 = CARTESIAN_POINT ( 'NONE',  ( -2.185279047829110866, -1.010000000000000009, 0.2993571379454478820 ) ) ;
#11547 =( LENGTH_UNIT ( ) NAMED_UNIT ( * ) SI_UNIT ( .MILLI., .METRE. ) );
#11548 = DIRECTION ( 'NONE',  ( 0.8840949502478810951, 0.0000000000000000000, 0.4673073067545558401 ) ) ;
#11549 = B_SPLINE_CURVE_WITH_KNOTS ( 'NONE', 3,
 ( #1824, #8163, #6286, #902 ),
 .UNSPECIFIED., .F., .F.,
 ( 4, 4 ),
 ( 12.00000000000000000, 13.00000000000000000 ),
 .UNSPECIFIED. ) ;
#11550 = CARTESIAN_POINT ( 'NONE',  ( -1.655572026374432237, -1.000000000000000000, 0.2417060911011922608 ) ) ;
#11551 = DIRECTION ( 'NONE',  ( -0.0000000000000000000, -0.0000000000000000000, 1.000000000000000000 ) ) ;
#11552 = EDGE_CURVE ( 'NONE', #2268, #4190, #8869, .T. ) ;
#11553 = FILL_AREA_STYLE_COLOUR ( '', #6447 ) ;
#11554 = MECHANICAL_DESIGN_GEOMETRIC_PRESENTATION_REPRESENTATION (  '', ( #5389 ), #9440 ) ;
#11555 = CARTESIAN_POINT ( 'NONE',  ( -1.665728840640163577, -1.000000000000000000, 0.2173489914877489715 ) ) ;
#11556 = UNCERTAINTY_MEASURE_WITH_UNIT (LENGTH_MEASURE( 1.000000000000000082E-05 ), #7444, 'distance_accuracy_value', 'NONE');
#11557 = ORIENTED_EDGE ( 'NONE', *, *, #5780, .T. ) ;
#11558 = FILL_AREA_STYLE_COLOUR ( '', #1655 ) ;
#11559 = DIRECTION ( 'NONE',  ( 0.7071067811865474617, -0.7071067811865474617, -0.0000000000000000000 ) ) ;
#11560 = ADVANCED_FACE ( 'NONE', ( #4457 ), #6362, .F. ) ;
#11561 = UNCERTAINTY_MEASURE_WITH_UNIT (LENGTH_MEASURE( 1.000000000000000082E-05 ), #6789, 'distance_accuracy_value', 'NONE');
#11562 =( NAMED_UNIT ( * ) PLANE_ANGLE_UNIT ( ) SI_UNIT ( $, .RADIAN. ) );
#11563 = CARTESIAN_POINT ( 'NONE',  ( -1.757838149159489438, -1.000000000000000000, 0.2603830765755508203 ) ) ;
#11564 = CARTESIAN_POINT ( 'NONE',  ( -1.637665225868179197, -1.010000000000000009, 0.4118688324728259631 ) ) ;
#11565 = FILL_AREA_STYLE_COLOUR ( '', #8374 ) ;
#11566 = FACE_OUTER_BOUND ( 'NONE', #3273, .T. ) ;
#11567 = CARTESIAN_POINT ( 'NONE',  ( -1.683900392229514820, -1.000000000000000000, 0.2418505007825332009 ) ) ;
#11568 = EDGE_CURVE ( 'NONE', #4333, #5980, #10890, .T. ) ;
#11569 = MECHANICAL_DESIGN_GEOMETRIC_PRESENTATION_REPRESENTATION (  '', ( #6774 ), #1177 ) ;
#11570 = UNCERTAINTY_MEASURE_WITH_UNIT (LENGTH_MEASURE( 1.000000000000000082E-05 ), #1154, 'distance_accuracy_value', 'NONE');
#11571 = B_SPLINE_CURVE_WITH_KNOTS ( 'NONE', 3,
 ( #8975, #5677, #749, #2909 ),
 .UNSPECIFIED., .F., .F.,
 ( 4, 4 ),
 ( 24.00000000000000000, 25.00000000000000000 ),
 .UNSPECIFIED. ) ;
#11572 = STYLED_ITEM ( 'NONE', ( #4624 ), #5254 ) ;
#11573 = VERTEX_POINT ( 'NONE', #2482 ) ;
#11574 = EDGE_LOOP ( 'NONE', ( #8992, #10867, #6367, #3254 ) ) ;
#11575 = ORIENTED_EDGE ( 'NONE', *, *, #6309, .T. ) ;
#11576 =( LENGTH_UNIT ( ) NAMED_UNIT ( * ) SI_UNIT ( .MILLI., .METRE. ) );
#11577 =( NAMED_UNIT ( * ) SI_UNIT ( $, .STERADIAN. ) SOLID_ANGLE_UNIT ( ) );
#11578 = FILL_AREA_STYLE ('',( #7918 ) ) ;
#11579 = ADVANCED_FACE ( 'NONE', ( #10071 ), #5234, .F. ) ;
#11580 = CARTESIAN_POINT ( 'NONE',  ( -2.002523796838695080, -1.000000000000000000, 0.3542506287292847000 ) ) ;
#11581 = PRESENTATION_STYLE_ASSIGNMENT (( #11460 ) ) ;
#11582 = FACE_OUTER_BOUND ( 'NONE', #11574, .T. ) ;
#11583 =( NAMED_UNIT ( * ) SI_UNIT ( $, .STERADIAN. ) SOLID_ANGLE_UNIT ( ) );
#11584 = EDGE_CURVE ( 'NONE', #9360, #985, #8273, .T. ) ;
#11585 = CARTESIAN_POINT ( 'NONE',  ( -1.903447685491074237, -1.010000000000000009, 0.2792741285983028621 ) ) ;
#11586 = ORIENTED_EDGE ( 'NONE', *, *, #7979, .T. ) ;
#11587 = ORIENTED_EDGE ( 'NONE', *, *, #11314, .F. ) ;
#11588 = CARTESIAN_POINT ( 'NONE',  ( -1.734852941520047764, -1.010000000000000009, 0.2173971280481934165 ) ) ;
#11589 = AXIS2_PLACEMENT_3D ( 'NONE', #4103, #10565, #7011 ) ;
#11590 = ORIENTED_EDGE ( 'NONE', *, *, #9850, .T. ) ;
#11591 = SURFACE_STYLE_FILL_AREA ( #9796 ) ;
#11592 = B_SPLINE_CURVE_WITH_KNOTS ( 'NONE', 3,
 ( #1163, #3928, #6530, #1038 ),
 .UNSPECIFIED., .F., .F.,
 ( 4, 4 ),
 ( 3.000000000000000000, 4.000000000000000000 ),
 .UNSPECIFIED. ) ;
#11593 = EDGE_CURVE ( 'NONE', #38, #11672, #11441, .T. ) ;
#11594 = VERTEX_POINT ( 'NONE', #2890 ) ;
#11595 = DIRECTION ( 'NONE',  ( -0.0000000000000000000, 1.000000000000000000, -0.0000000000000000000 ) ) ;
#11596 = DIRECTION ( 'NONE',  ( 1.000000000000000000, 0.0000000000000000000, -0.0000000000000000000 ) ) ;
#11597 = B_SPLINE_CURVE_WITH_KNOTS ( 'NONE', 3,
 ( #2315, #5319, #7932, #8952 ),
 .UNSPECIFIED., .F., .F.,
 ( 4, 4 ),
 ( 10.00000000000000000, 11.00000000000000000 ),
 .UNSPECIFIED. ) ;
#11598 = CARTESIAN_POINT ( 'NONE',  ( -2.206700915953803577, -1.000000000000000000, 0.4225328158202146800 ) ) ;
#11599 = CARTESIAN_POINT ( 'NONE',  ( -1.740027621773804656, -1.010000000000000009, 0.2173971280481934165 ) ) ;
#11600 = CARTESIAN_POINT ( 'NONE',  ( -1.722168957827996172, -1.010000000000000009, 0.2630305874033078140 ) ) ;
#11601 =( GEOMETRIC_REPRESENTATION_CONTEXT ( 3 ) GLOBAL_UNCERTAINTY_ASSIGNED_CONTEXT ( ( #2397 ) ) GLOBAL_UNIT_ASSIGNED_CONTEXT ( ( #696, #1687, #812 ) ) REPRESENTATION_CONTEXT ( 'NONE', 'WORKASPACE' ) );
#11602 = CARTESIAN_POINT ( 'NONE',  ( -1.682167476051521282, -1.010000000000000009, 0.2567728345382238597 ) ) ;
#11603 = VERTEX_POINT ( 'NONE', #4688 ) ;
#11604 = CARTESIAN_POINT ( 'NONE',  ( -2.185948496370684779, -1.000000000000000000, 0.2049670003980145483 ) ) ;
#11605 = ORIENTED_EDGE ( 'NONE', *, *, #11097, .F. ) ;
#11606 =( NAMED_UNIT ( * ) PLANE_ANGLE_UNIT ( ) SI_UNIT ( $, .RADIAN. ) );
#11607 =( GEOMETRIC_REPRESENTATION_CONTEXT ( 3 ) GLOBAL_UNCERTAINTY_ASSIGNED_CONTEXT ( ( #2284 ) ) GLOBAL_UNIT_ASSIGNED_CONTEXT ( ( #2923, #118, #9374 ) ) REPRESENTATION_CONTEXT ( 'NONE', 'WORKASPACE' ) );
#11608 = ORIENTED_EDGE ( 'NONE', *, *, #543, .T. ) ;
#11609 = CARTESIAN_POINT ( 'NONE',  ( -1.652202467139338937, -1.010000000000000009, 0.2636563626897552304 ) ) ;
#11610 = EDGE_CURVE ( 'NONE', #5416, #3774, #3681, .T. ) ;
#11611 = MECHANICAL_DESIGN_GEOMETRIC_PRESENTATION_REPRESENTATION (  '', ( #3526 ), #6420 ) ;
#11612 = ADVANCED_FACE ( 'NONE', ( #3796 ), #5476, .T. ) ;
#11613 = CARTESIAN_POINT ( 'NONE',  ( -1.742097493875566006, -1.010000000000000009, 0.2492635311002533438 ) ) ;
#11614 = LINE ( 'NONE', #4424, #10532 ) ;
#11615 = CARTESIAN_POINT ( 'NONE',  ( -2.000515502288322089, -1.000000000000000000, 0.3542506287292847000 ) ) ;
#11616 = COLOUR_RGB ( '',0.0000000000000000000, 0.0000000000000000000, 0.0000000000000000000 ) ;
#11617 = CARTESIAN_POINT ( 'NONE',  ( -2.248205767888787232, -1.000000000000000000, 0.2551745429188400083 ) ) ;
#11618 = FILL_AREA_STYLE ('',( #7053 ) ) ;
#11619 = SURFACE_STYLE_FILL_AREA ( #6134 ) ;
#11620 = VECTOR ( 'NONE', #6906, 1000.000000000000227 ) ;
#11621 = B_SPLINE_CURVE_WITH_KNOTS ( 'NONE', 3,
 ( #3954, #7640, #4192, #11371 ),
 .UNSPECIFIED., .F., .F.,
 ( 4, 4 ),
 ( 8.000000000000000000, 9.000000000000000000 ),
 .UNSPECIFIED. ) ;
#11622 = LINE ( 'NONE', #2282, #6001 ) ;
#11623 = FACE_OUTER_BOUND ( 'NONE', #1093, .T. ) ;
#11624 = LINE ( 'NONE', #5106, #11124 ) ;
#11625 = COLOUR_RGB ( '',0.7529411764705882248, 0.7529411764705882248, 0.7529411764705882248 ) ;
#11626 = CARTESIAN_POINT ( 'NONE',  ( -1.944952550194483987, -1.010000000000000009, 0.3308204660542195530 ) ) ;
#11627 = FILL_AREA_STYLE_COLOUR ( '', #11451 ) ;
#11628 = FILL_AREA_STYLE_COLOUR ( '', #11824 ) ;
#11629 = SURFACE_STYLE_USAGE ( .BOTH. , #579 ) ;
#11630 = FILL_AREA_STYLE_COLOUR ( '', #8026 ) ;
#11631 = VECTOR ( 'NONE', #5953, 1000.000000000000000 ) ;
#11632 = EDGE_CURVE ( 'NONE', #11171, #5402, #6515, .T. ) ;
#11633 = COLOUR_RGB ( '',0.0000000000000000000, 0.0000000000000000000, 0.0000000000000000000 ) ;
#11634 = ORIENTED_EDGE ( 'NONE', *, *, #3653, .F. ) ;
#11635 = EDGE_LOOP ( 'NONE', ( #8297, #1592, #11158, #7742 ) ) ;
#11636 = VERTEX_POINT ( 'NONE', #11278 ) ;
#11637 = DIRECTION ( 'NONE',  ( -0.0000000000000000000, 1.000000000000000000, -0.0000000000000000000 ) ) ;
#11638 = DIRECTION ( 'NONE',  ( 0.0000000000000000000, 1.000000000000000000, 0.0000000000000000000 ) ) ;
#11639 = CARTESIAN_POINT ( 'NONE',  ( -1.565580726517312060, -1.010000000000000009, 0.2093101858842237595 ) ) ;
#11640 = VECTOR ( 'NONE', #7896, 1000.000000000000000 ) ;
#11641 =( NAMED_UNIT ( * ) PLANE_ANGLE_UNIT ( ) SI_UNIT ( $, .RADIAN. ) );
#11642 = DIRECTION ( 'NONE',  ( 1.000000000000000000, -0.0000000000000000000, -0.0000000000000000000 ) ) ;
#11643 = CARTESIAN_POINT ( 'NONE',  ( -1.724647990693872091, -1.010000000000000009, 0.4544215519561667915 ) ) ;
#11644 =( NAMED_UNIT ( * ) SI_UNIT ( $, .STERADIAN. ) SOLID_ANGLE_UNIT ( ) );
#11645 = COLOUR_RGB ( '',0.0000000000000000000, 0.0000000000000000000, 0.0000000000000000000 ) ;
#11646 = CARTESIAN_POINT ( 'NONE',  ( -1.640409009816507391, -1.000000000000000000, 0.1785990602841615038 ) ) ;
#11647 = VECTOR ( 'NONE', #10181, 1000.000000000000000 ) ;
#11648 = CARTESIAN_POINT ( 'NONE',  ( 0.0000000000000000000, 0.9500000000000007327, 0.5999999999999999778 ) ) ;
#11649 = CARTESIAN_POINT ( 'NONE',  ( -1.717331233497683352, -1.010000000000000009, 0.3679201527352576329 ) ) ;
#11650 = CARTESIAN_POINT ( 'NONE',  ( -1.371566319417562019, -1.010000000000000009, 0.2848364493105310369 ) ) ;
#11651 = ADVANCED_FACE ( 'NONE', ( #6694 ), #1432, .F. ) ;
#11652 = COLOUR_RGB ( '',0.0000000000000000000, 0.0000000000000000000, 0.0000000000000000000 ) ;
#11653 = EDGE_LOOP ( 'NONE', ( #7633, #2902, #11169, #298 ) ) ;
#11654 = EDGE_LOOP ( 'NONE', ( #3942, #7687, #2020, #496 ) ) ;
#11655 =( NAMED_UNIT ( * ) PLANE_ANGLE_UNIT ( ) SI_UNIT ( $, .RADIAN. ) );
#11656 = VECTOR ( 'NONE', #6934, 1000.000000000000227 ) ;
#11657 = MECHANICAL_DESIGN_GEOMETRIC_PRESENTATION_REPRESENTATION (  '', ( #5097 ), #1658 ) ;
#11658 = EDGE_LOOP ( 'NONE', ( #1734, #4405, #2079, #11575 ) ) ;
#11659 = FACE_OUTER_BOUND ( 'NONE', #8122, .T. ) ;
#11660 = SURFACE_SIDE_STYLE ('',( #1534 ) ) ;
#11661 = VERTEX_POINT ( 'NONE', #11563 ) ;
#11662 = DIRECTION ( 'NONE',  ( -0.3559357243643063162, -0.0000000000000000000, -0.9345104387438678550 ) ) ;
#11663 = DIRECTION ( 'NONE',  ( -0.0000000000000000000, 1.000000000000000000, -0.0000000000000000000 ) ) ;
#11664 = CARTESIAN_POINT ( 'NONE',  ( -1.694394162418690009, -1.010000000000000009, 0.2238474271550627559 ) ) ;
#11665 = VECTOR ( 'NONE', #7474, 1000.000000000000000 ) ;
#11666 = CARTESIAN_POINT ( 'NONE',  ( -1.448464474817876768, -1.010000000000000009, 0.3586779331192915810 ) ) ;
#11667 = CARTESIAN_POINT ( 'NONE',  ( -1.735791604449712811, -1.000000000000000000, 0.2685181553006110167 ) ) ;
#11668 = AXIS2_PLACEMENT_3D ( 'NONE', #11950, #11895, #10947 ) ;
#11669 = SURFACE_SIDE_STYLE ('',( #7203 ) ) ;
#11670 = ADVANCED_FACE ( 'NONE', ( #6008 ), #10613, .F. ) ;
#11671 = CARTESIAN_POINT ( 'NONE',  ( -2.200006596529216818, -1.000000000000000000, 0.2049670003980145483 ) ) ;
#11672 = VERTEX_POINT ( 'NONE', #8801 ) ;
#11673 = CARTESIAN_POINT ( 'NONE',  ( -1.814181993226108291, -1.010000000000000009, 0.2625010852377568926 ) ) ;
#11674 = ORIENTED_EDGE ( 'NONE', *, *, #7348, .F. ) ;
#11675 = FACE_OUTER_BOUND ( 'NONE', #3089, .T. ) ;
#11676 = AXIS2_PLACEMENT_3D ( 'NONE', #8598, #4004, #5864 ) ;
#11677 = CARTESIAN_POINT ( 'NONE',  ( -1.602910629185807068, -1.010000000000000009, 0.4420023193468916589 ) ) ;
#11678 = LINE ( 'NONE', #3226, #8663 ) ;
#11679 = CARTESIAN_POINT ( 'NONE',  ( -1.751171235529970227, -1.010000000000000009, 0.2760274587385814771 ) ) ;
#11680 = FILL_AREA_STYLE ('',( #4257 ) ) ;
#11681 = EDGE_CURVE ( 'NONE', #9949, #2251, #517, .T. ) ;
#11682 = EDGE_CURVE ( 'NONE', #4821, #781, #8296, .T. ) ;
#11683 = UNCERTAINTY_MEASURE_WITH_UNIT (LENGTH_MEASURE( 1.000000000000000082E-05 ), #11738, 'distance_accuracy_value', 'NONE');
#11684 = ORIENTED_EDGE ( 'NONE', *, *, #5307, .F. ) ;
#11685 = CARTESIAN_POINT ( 'NONE',  ( -1.640409009816507391, -1.000000000000000000, 0.1890928304736576582 ) ) ;
#11686 =( NAMED_UNIT ( * ) SI_UNIT ( $, .STERADIAN. ) SOLID_ANGLE_UNIT ( ) );
#11687 = FACE_OUTER_BOUND ( 'NONE', #5856, .T. ) ;
#11688 =( GEOMETRIC_REPRESENTATION_CONTEXT ( 3 ) GLOBAL_UNCERTAINTY_ASSIGNED_CONTEXT ( ( #6491 ) ) GLOBAL_UNIT_ASSIGNED_CONTEXT ( ( #7016, #5181, #11644 ) ) REPRESENTATION_CONTEXT ( 'NONE', 'WORKASPACE' ) );
#11689 = UNCERTAINTY_MEASURE_WITH_UNIT (LENGTH_MEASURE( 1.000000000000000082E-05 ), #11042, 'distance_accuracy_value', 'NONE');
#11690 = SURFACE_STYLE_FILL_AREA ( #7060 ) ;
#11691 = CARTESIAN_POINT ( 'NONE',  ( -1.519754720920412305, -1.010000000000000009, 0.3586779331192915810 ) ) ;
#11692 = FILL_AREA_STYLE ('',( #11627 ) ) ;
#11693 = CARTESIAN_POINT ( 'NONE',  ( -1.471497819017762998, -1.010000000000000009, 0.3844309929876059684 ) ) ;
#11694 = LINE ( 'NONE', #9059, #539 ) ;
#11695 = VECTOR ( 'NONE', #6902, 1000.000000000000227 ) ;
#11696 = UNCERTAINTY_MEASURE_WITH_UNIT (LENGTH_MEASURE( 1.000000000000000082E-05 ), #8943, 'distance_accuracy_value', 'NONE');
#11697 = ORIENTED_EDGE ( 'NONE', *, *, #8583, .T. ) ;
#11698 = COLOUR_RGB ( '',0.0000000000000000000, 0.0000000000000000000, 0.0000000000000000000 ) ;
#11699 = ORIENTED_EDGE ( 'NONE', *, *, #7713, .F. ) ;
#11700 = SURFACE_SIDE_STYLE ('',( #7070 ) ) ;
#11702 =( NAMED_UNIT ( * ) SI_UNIT ( $, .STERADIAN. ) SOLID_ANGLE_UNIT ( ) );
#11701 = MECHANICAL_DESIGN_GEOMETRIC_PRESENTATION_REPRESENTATION (  '', ( #4188 ), #714 ) ;
#11703 = FACE_OUTER_BOUND ( 'NONE', #10384, .T. ) ;
#11704 = PRESENTATION_STYLE_ASSIGNMENT (( #4278 ) ) ;
#11705 = LINE ( 'NONE', #11766, #3980 ) ;
#11706 = CARTESIAN_POINT ( 'NONE',  ( -1.456358870740061207, -1.010000000000000009, 0.2093101858842237872 ) ) ;
#11707 = EDGE_CURVE ( 'NONE', #2177, #3045, #11446, .T. ) ;
#11708 = CARTESIAN_POINT ( 'NONE',  ( -1.561513187155105120, -1.000000000000000000, 0.4331451922144963773 ) ) ;
#11709 = CARTESIAN_POINT ( 'NONE',  ( -1.746766740243994809, -1.000000000000000000, 0.2184079958188501203 ) ) ;
#11710 =( NAMED_UNIT ( * ) PLANE_ANGLE_UNIT ( ) SI_UNIT ( $, .RADIAN. ) );
#11711 =( LENGTH_UNIT ( ) NAMED_UNIT ( * ) SI_UNIT ( .MILLI., .METRE. ) );
#11712 = PRESENTATION_LAYER_ASSIGNMENT (  '', '', ( #4197 ) ) ;
#11713 = VERTEX_POINT ( 'NONE', #3182 ) ;
#11714 = VERTEX_POINT ( 'NONE', #10555 ) ;
#11715 = ORIENTED_EDGE ( 'NONE', *, *, #3653, .T. ) ;
#11716 = CARTESIAN_POINT ( 'NONE',  ( -1.648977317585904379, -1.010000000000000009, 0.2276020788743692014 ) ) ;
#11717 = STYLED_ITEM ( 'NONE', ( #4686 ), #6901 ) ;
#11718 = SURFACE_STYLE_USAGE ( .BOTH. , #9015 ) ;
#11719 = VERTEX_POINT ( 'NONE', #3304 ) ;
#11720 = CARTESIAN_POINT ( 'NONE',  ( -1.724647990693872091, -1.010000000000000009, 0.4544215519561667915 ) ) ;
#11721 = CARTESIAN_POINT ( 'NONE',  ( -1.977085314076082012, -1.000000000000000000, 0.4104830165956273591 ) ) ;
#11722 = EDGE_CURVE ( 'NONE', #10874, #3066, #3973, .T. ) ;
#11723 = VECTOR ( 'NONE', #6666, 1000.000000000000000 ) ;
#11724 = FACE_OUTER_BOUND ( 'NONE', #2557, .T. ) ;
#11725 = FILL_AREA_STYLE ('',( #11784 ) ) ;
#11726 = EDGE_CURVE ( 'NONE', #4956, #3253, #11752, .T. ) ;
#11727 = DIRECTION ( 'NONE',  ( -0.0000000000000000000, 1.000000000000000000, -0.0000000000000000000 ) ) ;
#11728 = LINE ( 'NONE', #3466, #9215 ) ;
#11729 = ORIENTED_EDGE ( 'NONE', *, *, #8186, .F. ) ;
#11730 = CARTESIAN_POINT ( 'NONE',  ( -1.742097493875566006, -1.000000000000000000, 0.2492635311002533438 ) ) ;
#11731 = PRESENTATION_LAYER_ASSIGNMENT (  '', '', ( #6722 ) ) ;
#11732 = EDGE_LOOP ( 'NONE', ( #4813, #2168, #7273, #9541 ) ) ;
#11733 = LINE ( 'NONE', #3534, #6564 ) ;
#11734 = LINE ( 'NONE', #11677, #279 ) ;
#11735 =( GEOMETRIC_REPRESENTATION_CONTEXT ( 3 ) GLOBAL_UNCERTAINTY_ASSIGNED_CONTEXT ( ( #8920 ) ) GLOBAL_UNIT_ASSIGNED_CONTEXT ( ( #4942, #6827, #4230 ) ) REPRESENTATION_CONTEXT ( 'NONE', 'WORKASPACE' ) );
#11736 = DIRECTION ( 'NONE',  ( 0.0000000000000000000, 0.0000000000000000000, -1.000000000000000000 ) ) ;
#11737 = FACE_OUTER_BOUND ( 'NONE', #5923, .T. ) ;
#11738 =( LENGTH_UNIT ( ) NAMED_UNIT ( * ) SI_UNIT ( .MILLI., .METRE. ) );
#11739 = EDGE_CURVE ( 'NONE', #10845, #2779, #10444, .T. ) ;
#11740 = CARTESIAN_POINT ( 'NONE',  ( -1.772832687755529824, -1.000000000000000000, 0.4039744365506410806 ) ) ;
#11741 =( LENGTH_UNIT ( ) NAMED_UNIT ( * ) SI_UNIT ( .MILLI., .METRE. ) );
#11742 = CARTESIAN_POINT ( 'NONE',  ( -1.669290946117363283, -1.010000000000000009, 0.2685181553006110167 ) ) ;
#11743 = B_SPLINE_SURFACE_WITH_KNOTS ( 'NONE', 3, 1, ( 
 ( #9237, #11941 ),
 ( #2834, #3801 ),
 ( #6570, #10254 ),
 ( #10994, #9351 ) ),
 .UNSPECIFIED., .F., .F., .F.,
 ( 4, 4 ),
 ( 2, 2 ),
 ( 7.000000000000000000, 8.000000000000000000 ),
 ( 0.0000000000000000000, 1.000000000000000000 ),
 .UNSPECIFIED. ) ;
#11744 = PRESENTATION_STYLE_ASSIGNMENT (( #5214 ) ) ;
#11745 = STYLED_ITEM ( 'NONE', ( #11817 ), #10682 ) ;
#11746 = CARTESIAN_POINT ( 'NONE',  ( -1.461894575197808299, -1.000000000000000000, 0.3586779331192915810 ) ) ;
#11747 = LINE ( 'NONE', #11023, #9174 ) ;
#11748 = CARTESIAN_POINT ( 'NONE',  ( -1.471329341056199835, -1.010000000000000009, 0.2200446388759536021 ) ) ;
#11749 = FILL_AREA_STYLE ('',( #8093 ) ) ;
#11750 = ADVANCED_FACE ( 'NONE', ( #2522 ), #3565, .F. ) ;
#11751 = PRESENTATION_LAYER_ASSIGNMENT (  '', '', ( #4997 ) ) ;
#11752 = LINE ( 'NONE', #4324, #8690 ) ;
#11753 =( GEOMETRIC_REPRESENTATION_CONTEXT ( 3 ) GLOBAL_UNCERTAINTY_ASSIGNED_CONTEXT ( ( #5400 ) ) GLOBAL_UNIT_ASSIGNED_CONTEXT ( ( #7879, #3278, #9740 ) ) REPRESENTATION_CONTEXT ( 'NONE', 'WORKASPACE' ) );
#11754 = DIRECTION ( 'NONE',  ( -0.0000000000000000000, 1.000000000000000000, -0.0000000000000000000 ) ) ;
#11755 = DIRECTION ( 'NONE',  ( -6.085088037723835731E-15, 0.7071067811865474617, 0.7071067811865474617 ) ) ;
#11756 = SURFACE_STYLE_USAGE ( .BOTH. , #2411 ) ;
#11757 = SURFACE_SIDE_STYLE ('',( #8104 ) ) ;
#11758 = ORIENTED_EDGE ( 'NONE', *, *, #6933, .F. ) ;
#11759 = ORIENTED_EDGE ( 'NONE', *, *, #6182, .F. ) ;
#11760 = SURFACE_SIDE_STYLE ('',( #8157 ) ) ;
#11761 = FACE_OUTER_BOUND ( 'NONE', #7198, .T. ) ;
#11762 = DIRECTION ( 'NONE',  ( -0.0000000000000000000, 1.000000000000000000, -0.0000000000000000000 ) ) ;
#11763 = ORIENTED_EDGE ( 'NONE', *, *, #3485, .T. ) ;
#11764 = CARTESIAN_POINT ( 'NONE',  ( -1.772832687755529824, -1.000000000000000000, 0.4039744365506410806 ) ) ;
#11765 = EDGE_CURVE ( 'NONE', #11407, #11454, #3366, .T. ) ;
#11766 = CARTESIAN_POINT ( 'NONE',  ( -1.776683612595411299, -1.010000000000000009, 0.3586779331192915810 ) ) ;
#11767 = FACE_OUTER_BOUND ( 'NONE', #9186, .T. ) ;
#11768 = PLANE ( 'NONE',  #840 ) ;
#11769 = STYLED_ITEM ( 'NONE', ( #11202 ), #11901 ) ;
#11770 = FACE_OUTER_BOUND ( 'NONE', #9398, .T. ) ;
#11771 = CARTESIAN_POINT ( 'NONE',  ( -1.722168957827996172, -1.010000000000000009, 0.2366036156881059782 ) ) ;
#11772 = ORIENTED_EDGE ( 'NONE', *, *, #3186, .F. ) ;
#11773 = B_SPLINE_CURVE_WITH_KNOTS ( 'NONE', 3,
 ( #7493, #1032, #100, #10328 ),
 .UNSPECIFIED., .F., .F.,
 ( 4, 4 ),
 ( 4.000000000000000000, 5.000000000000000000 ),
 .UNSPECIFIED. ) ;
#11774 = ORIENTED_EDGE ( 'NONE', *, *, #605, .T. ) ;
#11775 = DIRECTION ( 'NONE',  ( 0.0000000000000000000, 1.000000000000000000, 0.0000000000000000000 ) ) ;
#11776 =( GEOMETRIC_REPRESENTATION_CONTEXT ( 3 ) GLOBAL_UNCERTAINTY_ASSIGNED_CONTEXT ( ( #2636 ) ) GLOBAL_UNIT_ASSIGNED_CONTEXT ( ( #4854, #4021, #7707 ) ) REPRESENTATION_CONTEXT ( 'NONE', 'WORKASPACE' ) );
#11777 = ORIENTED_EDGE ( 'NONE', *, *, #301, .F. ) ;
#11778 = SURFACE_STYLE_USAGE ( .BOTH. , #9014 ) ;
#11779 = CARTESIAN_POINT ( 'NONE',  ( -2.027292831059733125, -1.010000000000000009, 0.2504884797393431839 ) ) ;
#11780 = ORIENTED_EDGE ( 'NONE', *, *, #2528, .T. ) ;
#11781 = CARTESIAN_POINT ( 'NONE',  ( -1.814181993226108291, -1.010000000000000009, 0.2926345721118238097 ) ) ;
#11782 = SURFACE_SIDE_STYLE ('',( #8127 ) ) ;
#11783 = LINE ( 'NONE', #791, #3919 ) ;
#11784 = FILL_AREA_STYLE_COLOUR ( '', #7489 ) ;
#11785 = CARTESIAN_POINT ( 'NONE',  ( -1.612080643961746107, -1.010000000000000009, 0.2260135723777171035 ) ) ;
#11786 = MECHANICAL_DESIGN_GEOMETRIC_PRESENTATION_REPRESENTATION (  '', ( #9276 ), #6201 ) ;
#11787 = ORIENTED_EDGE ( 'NONE', *, *, #5095, .F. ) ;
#11788 = ORIENTED_EDGE ( 'NONE', *, *, #5129, .T. ) ;
#11789 = EDGE_CURVE ( 'NONE', #6537, #10774, #5547, .T. ) ;
#11790 = EDGE_LOOP ( 'NONE', ( #4446, #6561, #9792, #7853 ) ) ;
#11791 = FILL_AREA_STYLE_COLOUR ( '', #10619 ) ;
#11792 = FACE_OUTER_BOUND ( 'NONE', #7539, .T. ) ;
#11793 = CARTESIAN_POINT ( 'NONE',  ( -1.814181993226108291, -1.000000000000000000, 0.2926345721118238097 ) ) ;
#11794 = CARTESIAN_POINT ( 'NONE',  ( -2.177245856858871953, -1.010000000000000009, 0.4519878781069318618 ) ) ;
#11795 = DIRECTION ( 'NONE',  ( -6.125725020811757155E-15, -0.7071067811865474617, -0.7071067811865474617 ) ) ;
#11796 =( LENGTH_UNIT ( ) NAMED_UNIT ( * ) SI_UNIT ( .MILLI., .METRE. ) );
#11797 = CARTESIAN_POINT ( 'NONE',  ( -2.500000000000000000, 1.000000000000000000, 0.5999999999999999778 ) ) ;
#11798 = UNCERTAINTY_MEASURE_WITH_UNIT (LENGTH_MEASURE( 1.000000000000000082E-05 ), #10799, 'distance_accuracy_value', 'NONE');
#11799 = EDGE_LOOP ( 'NONE', ( #3174, #6101, #11309, #7885 ) ) ;
#11800 = EDGE_CURVE ( 'NONE', #10563, #2708, #5287, .T. ) ;
#11801 = B_SPLINE_CURVE_WITH_KNOTS ( 'NONE', 3,
 ( #7293, #1868, #5526, #7356 ),
 .UNSPECIFIED., .F., .F.,
 ( 4, 4 ),
 ( 2.000000000000000000, 3.000000000000000000 ),
 .UNSPECIFIED. ) ;
#11802 = SURFACE_STYLE_USAGE ( .BOTH. , #2634 ) ;
#11803 = UNCERTAINTY_MEASURE_WITH_UNIT (LENGTH_MEASURE( 1.000000000000000082E-05 ), #8939, 'distance_accuracy_value', 'NONE');
#11804 = VECTOR ( 'NONE', #10098, 1000.000000000000000 ) ;
#11805 = CARTESIAN_POINT ( 'NONE',  ( -1.968382712869549245, -1.010000000000000009, 0.3542506287292847000 ) ) ;
#11806 = CARTESIAN_POINT ( 'NONE',  ( -1.944952550194483987, -1.000000000000000000, 0.2745880781872357956 ) ) ;
#11807 = PRESENTATION_LAYER_ASSIGNMENT (  '', '', ( #37 ) ) ;
#11808 = LINE ( 'NONE', #8805, #4973 ) ;
#11809 = FILL_AREA_STYLE ('',( #10860 ) ) ;
#11810 = UNCERTAINTY_MEASURE_WITH_UNIT (LENGTH_MEASURE( 1.000000000000000082E-05 ), #8927, 'distance_accuracy_value', 'NONE');
#11811 = EDGE_CURVE ( 'NONE', #8784, #4526, #7170, .T. ) ;
#11812 = ORIENTED_EDGE ( 'NONE', *, *, #10114, .T. ) ;
#11813 = ORIENTED_EDGE ( 'NONE', *, *, #11800, .T. ) ;
#11814 = VECTOR ( 'NONE', #8236, 1000.000000000000114 ) ;
#11815 = PRESENTATION_LAYER_ASSIGNMENT (  '', '', ( #10284 ) ) ;
#11816 = CARTESIAN_POINT ( 'NONE',  ( -1.758632402407496631, -1.010000000000000009, 0.2130167010424434126 ) ) ;
#11817 = PRESENTATION_STYLE_ASSIGNMENT (( #2651 ) ) ;
#11818 =( NAMED_UNIT ( * ) SI_UNIT ( $, .STERADIAN. ) SOLID_ANGLE_UNIT ( ) );
#11819 = FACE_BOUND ( 'NONE', #2326, .T. ) ;
#11820 = ORIENTED_EDGE ( 'NONE', *, *, #7869, .F. ) ;
#11821 = CARTESIAN_POINT ( 'NONE',  ( -1.490944989460548209, -1.000000000000000000, 0.4407989053344495423 ) ) ;
#11822 = CARTESIAN_POINT ( 'NONE',  ( -1.760750411069702537, -1.010000000000000009, 0.3699418882765709848 ) ) ;
#11823 =( LENGTH_UNIT ( ) NAMED_UNIT ( * ) SI_UNIT ( .MILLI., .METRE. ) );
#11824 = COLOUR_RGB ( '',0.0000000000000000000, 0.0000000000000000000, 0.0000000000000000000 ) ;
#11825 = PRESENTATION_STYLE_ASSIGNMENT (( #7426 ) ) ;
#11826 = CARTESIAN_POINT ( 'NONE',  ( -1.668135668665369442, -1.010000000000000009, 0.2077216793875679424 ) ) ;
#11827 = AXIS2_PLACEMENT_3D ( 'NONE', #10209, #1952, #4646 ) ;
#11828 = VERTEX_POINT ( 'NONE', #3609 ) ;
#11829 = EDGE_CURVE ( 'NONE', #1594, #4333, #8862, .T. ) ;
#11830 = ORIENTED_EDGE ( 'NONE', *, *, #9187, .T. ) ;
#11831 = CARTESIAN_POINT ( 'NONE',  ( -1.688377092356157405, -1.010000000000000009, 0.2195151367103995166 ) ) ;
#11832 = VECTOR ( 'NONE', #6870, 1000.000000000000000 ) ;
#11833 = ORIENTED_EDGE ( 'NONE', *, *, #10588, .F. ) ;
#11834 = CARTESIAN_POINT ( 'NONE',  ( -1.710375500505164847, -1.010000000000000009, 0.2525849537742598794 ) ) ;
#11835 = ORIENTED_EDGE ( 'NONE', *, *, #10433, .F. ) ;
#11836 = VECTOR ( 'NONE', #10253, 1000.000000000000000 ) ;
#11837 =( NAMED_UNIT ( * ) SI_UNIT ( $, .STERADIAN. ) SOLID_ANGLE_UNIT ( ) );
#11838 =( LENGTH_UNIT ( ) NAMED_UNIT ( * ) SI_UNIT ( .MILLI., .METRE. ) );
#11839 = B_SPLINE_SURFACE_WITH_KNOTS ( 'NONE', 3, 1, ( 
 ( #386, #3299 ),
 ( #4987, #8916 ),
 ( #11499, #10553 ),
 ( #11439, #7901 ) ),
 .UNSPECIFIED., .F., .F., .F.,
 ( 4, 4 ),
 ( 2, 2 ),
 ( 1.000000000000000000, 2.000000000000000000 ),
 ( 0.0000000000000000000, 1.000000000000000000 ),
 .UNSPECIFIED. ) ;
#11840 = CARTESIAN_POINT ( 'NONE',  ( -2.048045250642851034, -1.000000000000000000, 0.2190251388621479445 ) ) ;
#11841 = COLOUR_RGB ( '',0.0000000000000000000, 0.0000000000000000000, 0.0000000000000000000 ) ;
#11842 = PRESENTATION_LAYER_ASSIGNMENT (  '', '', ( #7051 ) ) ;
#11843 = VERTEX_POINT ( 'NONE', #10678 ) ;
#11844 = ORIENTED_EDGE ( 'NONE', *, *, #1062, .T. ) ;
#11845 = LINE ( 'NONE', #2680, #6806 ) ;
#11846 = VERTEX_POINT ( 'NONE', #6265 ) ;
#11847 = CARTESIAN_POINT ( 'NONE',  ( -1.702336694901322556, -1.010000000000000009, 0.4378625751440138325 ) ) ;
#11848 =( GEOMETRIC_REPRESENTATION_CONTEXT ( 3 ) GLOBAL_UNCERTAINTY_ASSIGNED_CONTEXT ( ( #3363 ) ) GLOBAL_UNIT_ASSIGNED_CONTEXT ( ( #7779, #6003, #4212 ) ) REPRESENTATION_CONTEXT ( 'NONE', 'WORKASPACE' ) );
#11849 = DIRECTION ( 'NONE',  ( -1.000000000000000000, -0.0000000000000000000, -0.0000000000000000000 ) ) ;
#11850 = DIRECTION ( 'NONE',  ( -0.0000000000000000000, 1.000000000000000000, -0.0000000000000000000 ) ) ;
#11851 = CARTESIAN_POINT ( 'NONE',  ( -1.552607923462264727, -1.010000000000000009, 0.4403656762897907306 ) ) ;
#11852 = VECTOR ( 'NONE', #10267, 1000.000000000000000 ) ;
#11853 =( NAMED_UNIT ( * ) SI_UNIT ( $, .STERADIAN. ) SOLID_ANGLE_UNIT ( ) );
#11854 = EDGE_CURVE ( 'NONE', #7510, #355, #936, .T. ) ;
#11855 = CARTESIAN_POINT ( 'NONE',  ( -1.470775770610426525, -1.000000000000000000, 0.2926345721118238652 ) ) ;
#11856 = DIRECTION ( 'NONE',  ( -0.0000000000000000000, 1.000000000000000000, -0.0000000000000000000 ) ) ;
#11857 = MECHANICAL_DESIGN_GEOMETRIC_PRESENTATION_REPRESENTATION (  '', ( #2428 ), #6073 ) ;
#11858 = COLOUR_RGB ( '',0.0000000000000000000, 0.0000000000000000000, 0.0000000000000000000 ) ;
#11859 = VECTOR ( 'NONE', #8020, 1000.000000000000000 ) ;
#11860 = DIRECTION ( 'NONE',  ( -0.0000000000000000000, 0.0000000000000000000, 1.000000000000000000 ) ) ;
#11861 = LINE ( 'NONE', #943, #6067 ) ;
#11862 = CARTESIAN_POINT ( 'NONE',  ( -1.471329341056199835, -1.000000000000000000, 0.2200446388759536021 ) ) ;
#11863 = CARTESIAN_POINT ( 'NONE',  ( -1.724647990693872091, -1.010000000000000009, 0.4544215519561667915 ) ) ;
#11864 = CARTESIAN_POINT ( 'NONE',  ( -1.471257136214887629, -1.000000000000000000, 0.2093101858842237595 ) ) ;
#11865 = CARTESIAN_POINT ( 'NONE',  ( -1.686764517579279365, -1.000000000000000000, 0.2727541726243808973 ) ) ;
#11866 = CARTESIAN_POINT ( 'NONE',  ( -1.730568787635512029, -1.000000000000000000, 0.2192263173470791471 ) ) ;
#11867 = FILL_AREA_STYLE_COLOUR ( '', #725 ) ;
#11868 = CARTESIAN_POINT ( 'NONE',  ( -1.624307330328914389, -1.010000000000000009, 0.1908738832120951412 ) ) ;
#11869 = PRESENTATION_STYLE_ASSIGNMENT (( #580 ) ) ;
#11870 = CARTESIAN_POINT ( 'NONE',  ( -1.610323659503531069, -1.000000000000000000, 0.2204778679199694558 ) ) ;
#11871 = ORIENTED_EDGE ( 'NONE', *, *, #11508, .F. ) ;
#11872 = B_SPLINE_CURVE_WITH_KNOTS ( 'NONE', 3,
 ( #6092, #9715, #9781, #1523 ),
 .UNSPECIFIED., .F., .F.,
 ( 4, 4 ),
 ( 17.00000000000000000, 18.00000000000000000 ),
 .UNSPECIFIED. ) ;
#11873 = B_SPLINE_CURVE_WITH_KNOTS ( 'NONE', 3,
 ( #8906, #6246, #10964, #4485 ),
 .UNSPECIFIED., .F., .F.,
 ( 4, 4 ),
 ( 9.000000000000000000, 10.00000000000000000 ),
 .UNSPECIFIED. ) ;
#11874 = PRESENTATION_LAYER_ASSIGNMENT (  '', '', ( #5124 ) ) ;
#11875 = LINE ( 'NONE', #7891, #7316 ) ;
#11876 = FACE_OUTER_BOUND ( 'NONE', #5520, .T. ) ;
#11877 = CARTESIAN_POINT ( 'NONE',  ( -1.762483327247695852, -1.000000000000000000, 0.2165306699588776529 ) ) ;
#11878 = ORIENTED_EDGE ( 'NONE', *, *, #6524, .T. ) ;
#11879 = CARTESIAN_POINT ( 'NONE',  ( -1.772832687755529824, -1.000000000000000000, 0.3898704243238186318 ) ) ;
#11880 =( NAMED_UNIT ( * ) SI_UNIT ( $, .STERADIAN. ) SOLID_ANGLE_UNIT ( ) );
#11881 = CARTESIAN_POINT ( 'NONE',  ( -1.652924515546996265, -1.010000000000000009, 0.2387216243503121338 ) ) ;
#11882 = EDGE_CURVE ( 'NONE', #11217, #2930, #8008, .T. ) ;
#11883 = VECTOR ( 'NONE', #893, 1000.000000000000000 ) ;
#11884 = SURFACE_SIDE_STYLE ('',( #3741 ) ) ;
#11885 = FILL_AREA_STYLE_COLOUR ( '', #4005 ) ;
#11886 = PRESENTATION_LAYER_ASSIGNMENT (  '', '', ( #9963 ) ) ;
#11887 = SURFACE_STYLE_FILL_AREA ( #10818 ) ;
#11888 = VECTOR ( 'NONE', #1751, 1000.000000000000000 ) ;
#11889 = ORIENTED_EDGE ( 'NONE', *, *, #7242, .T. ) ;
#11890 = ORIENTED_EDGE ( 'NONE', *, *, #6309, .F. ) ;
#11891 = FILL_AREA_STYLE_COLOUR ( '', #7578 ) ;
#11892 = PRESENTATION_LAYER_ASSIGNMENT (  '', '', ( #4188 ) ) ;
#11893 = ORIENTED_EDGE ( 'NONE', *, *, #1982, .F. ) ;
#11894 = CARTESIAN_POINT ( 'NONE',  ( -2.025953985050612527, -1.010000000000000009, 0.2504884797393431839 ) ) ;
#11895 = DIRECTION ( 'NONE',  ( -0.5773502691896257311, -0.5773502691896257311, 0.5773502691896257311 ) ) ;
#11896 = SURFACE_STYLE_USAGE ( .BOTH. , #9193 ) ;
#11897 = MECHANICAL_DESIGN_GEOMETRIC_PRESENTATION_REPRESENTATION (  '', ( #6899 ), #10749 ) ;
#11898 = SURFACE_STYLE_FILL_AREA ( #3640 ) ;
#11899 = EDGE_CURVE ( 'NONE', #7302, #10344, #2242, .T. ) ;
#11900 = FILL_AREA_STYLE ('',( #858 ) ) ;
#11901 = ADVANCED_FACE ( 'NONE', ( #4439 ), #3666, .F. ) ;
#11902 =( NAMED_UNIT ( * ) SI_UNIT ( $, .STERADIAN. ) SOLID_ANGLE_UNIT ( ) );
#11903 = ORIENTED_EDGE ( 'NONE', *, *, #7738, .F. ) ;
#11904 = MECHANICAL_DESIGN_GEOMETRIC_PRESENTATION_REPRESENTATION (  '', ( #7091 ), #6702 ) ;
#11905 = FACE_OUTER_BOUND ( 'NONE', #5795, .T. ) ;
#11906 = ORIENTED_EDGE ( 'NONE', *, *, #11141, .T. ) ;
#11907 = B_SPLINE_CURVE_WITH_KNOTS ( 'NONE', 3,
 ( #2776, #5489, #11944, #35 ),
 .UNSPECIFIED., .F., .F.,
 ( 4, 4 ),
 ( 14.00000000000000000, 15.00000000000000000 ),
 .UNSPECIFIED. ) ;
#11908 = FILL_AREA_STYLE_COLOUR ( '', #8922 ) ;
#11909 =( GEOMETRIC_REPRESENTATION_CONTEXT ( 3 ) GLOBAL_UNCERTAINTY_ASSIGNED_CONTEXT ( ( #9062 ) ) GLOBAL_UNIT_ASSIGNED_CONTEXT ( ( #6065, #9684, #8085 ) ) REPRESENTATION_CONTEXT ( 'NONE', 'WORKASPACE' ) );
#11910 =( GEOMETRIC_REPRESENTATION_CONTEXT ( 3 ) GLOBAL_UNCERTAINTY_ASSIGNED_CONTEXT ( ( #6273 ) ) GLOBAL_UNIT_ASSIGNED_CONTEXT ( ( #9087, #1155, #9978 ) ) REPRESENTATION_CONTEXT ( 'NONE', 'WORKASPACE' ) );
#11911 = EDGE_LOOP ( 'NONE', ( #1797, #11244, #849, #8356 ) ) ;
#11912 = PLANE ( 'NONE',  #10796 ) ;
#11913 =( NAMED_UNIT ( * ) PLANE_ANGLE_UNIT ( ) SI_UNIT ( $, .RADIAN. ) );
#11914 = EDGE_CURVE ( 'NONE', #5841, #9496, #3780, .T. ) ;
#11915 = VECTOR ( 'NONE', #4034, 1000.000000000000000 ) ;
#11916 = CARTESIAN_POINT ( 'NONE',  ( -1.737909613111919382, -1.000000000000000000, 0.2409359061334077901 ) ) ;
#11917 = CARTESIAN_POINT ( 'NONE',  ( -1.743445317569346065, -1.000000000000000000, 0.2780973308403431599 ) ) ;
#11918 = COLOUR_RGB ( '',0.0000000000000000000, 0.0000000000000000000, 0.0000000000000000000 ) ;
#11919 = UNCERTAINTY_MEASURE_WITH_UNIT (LENGTH_MEASURE( 1.000000000000000082E-05 ), #4200, 'distance_accuracy_value', 'NONE');
#11920 = ORIENTED_EDGE ( 'NONE', *, *, #10717, .F. ) ;
#11921 = CARTESIAN_POINT ( 'NONE',  ( -1.759234109414038238, -1.000000000000000000, 0.4405582225315766709 ) ) ;
#11922 = VECTOR ( 'NONE', #9353, 1000.000000000000000 ) ;
#11923 = CARTESIAN_POINT ( 'NONE',  ( -2.038673200895065207, -1.000000000000000000, 0.2504884797393431839 ) ) ;
#11924 = FILL_AREA_STYLE_COLOUR ( '', #1124 ) ;
#11925 = DIRECTION ( 'NONE',  ( -0.0000000000000000000, 1.000000000000000000, -0.0000000000000000000 ) ) ;
#11926 = B_SPLINE_CURVE_WITH_KNOTS ( 'NONE', 3,
 ( #10858, #4384, #10681, #7972 ),
 .UNSPECIFIED., .F., .F.,
 ( 4, 4 ),
 ( 2.000000000000000000, 3.000000000000000000 ),
 .UNSPECIFIED. ) ;
#11927 = CARTESIAN_POINT ( 'NONE',  ( -1.689195413884707841, -1.010000000000000009, 0.2090695030813516098 ) ) ;
#11928 = UNCERTAINTY_MEASURE_WITH_UNIT (LENGTH_MEASURE( 1.000000000000000082E-05 ), #1140, 'distance_accuracy_value', 'NONE');
#11929 = CARTESIAN_POINT ( 'NONE',  ( -1.443602682207659527, -1.010000000000000009, 0.2837774449794280285 ) ) ;
#11930 = ORIENTED_EDGE ( 'NONE', *, *, #2898, .F. ) ;
#11931 = LINE ( 'NONE', #7246, #5643 ) ;
#11932 = B_SPLINE_SURFACE_WITH_KNOTS ( 'NONE', 3, 1, ( 
 ( #11851, #873 ),
 ( #992, #1912 ),
 ( #1855, #2860 ),
 ( #10048, #8305 ) ),
 .UNSPECIFIED., .F., .F., .F.,
 ( 4, 4 ),
 ( 2, 2 ),
 ( 2.000000000000000000, 3.000000000000000000 ),
 ( 0.0000000000000000000, 1.000000000000000000 ),
 .UNSPECIFIED. ) ;
#11933 = EDGE_CURVE ( 'NONE', #8106, #11394, #2969, .T. ) ;
#11934 = MECHANICAL_DESIGN_GEOMETRIC_PRESENTATION_REPRESENTATION (  '', ( #7135 ), #4237 ) ;
#11935 = SURFACE_STYLE_USAGE ( .BOTH. , #9954 ) ;
#11936 = CARTESIAN_POINT ( 'NONE',  ( -1.574269375688144956, -1.010000000000000009, 0.3586779331192915810 ) ) ;
#11937 = DIRECTION ( 'NONE',  ( 0.3315284183503998672, -0.0000000000000000000, 0.9434452330824943944 ) ) ;
#11938 = VERTEX_POINT ( 'NONE', #10237 ) ;
#11939 = FILL_AREA_STYLE_COLOUR ( '', #1761 ) ;
#11940 = CARTESIAN_POINT ( 'NONE',  ( -1.668135668665369442, -1.010000000000000009, 0.2474343418007252937 ) ) ;
#11941 = CARTESIAN_POINT ( 'NONE',  ( -1.758632402407496631, -1.000000000000000000, 0.2130167010424434126 ) ) ;
#11942 = FACE_OUTER_BOUND ( 'NONE', #6175, .T. ) ;
#11943 = CARTESIAN_POINT ( 'NONE',  ( -1.588686275558511163, -1.010000000000000009, 0.4420023193468916589 ) ) ;
#11944 = CARTESIAN_POINT ( 'NONE',  ( -1.677859253886438529, -1.010000000000000009, 0.2516703591251381877 ) ) ;
#11945 = ORIENTED_EDGE ( 'NONE', *, *, #578, .T. ) ;
#11946 = ORIENTED_EDGE ( 'NONE', *, *, #6948, .F. ) ;
#11947 = ORIENTED_EDGE ( 'NONE', *, *, #7738, .T. ) ;
#11948 = ADVANCED_FACE ( 'NONE', ( #7292 ), #5582, .T. ) ;
#11949 = CARTESIAN_POINT ( 'NONE',  ( -2.171890396211832552, -1.010000000000000009, 0.2571828119320350159 ) ) ;
#11950 = CARTESIAN_POINT ( 'NONE',  ( -2.500000000000000000, -0.9500000000000007327, 0.5500000000000007105 ) ) ;
#11951 =( GEOMETRIC_REPRESENTATION_CONTEXT ( 3 ) GLOBAL_UNCERTAINTY_ASSIGNED_CONTEXT ( ( #8208 ) ) GLOBAL_UNIT_ASSIGNED_CONTEXT ( ( #454, #6882, #4991 ) ) REPRESENTATION_CONTEXT ( 'NONE', 'WORKASPACE' ) );
#11952 = ADVANCED_FACE ( 'NONE', ( #8257 ), #1842, .F. ) ;
#11953 = SURFACE_STYLE_FILL_AREA ( #11900 ) ;
#11954 = DIRECTION ( 'NONE',  ( 1.000000000000000000, -0.0000000000000000000, -0.0000000000000000000 ) ) ;
#11955 = FILL_AREA_STYLE_COLOUR ( '', #1286 ) ;
#11956 = ORIENTED_EDGE ( 'NONE', *, *, #1718, .T. ) ;
#11957 = CARTESIAN_POINT ( 'NONE',  ( -1.610636547146431896, -1.010000000000000009, 0.2204778679199694558 ) ) ;
#11958 = EDGE_CURVE ( 'NONE', #8767, #191, #5820, .T. ) ;
#11959 = VERTEX_POINT ( 'NONE', #4918 ) ;
#11960 = AXIS2_PLACEMENT_3D ( 'NONE', #7629, #10402, #11243 ) ;
#11961 = ORIENTED_EDGE ( 'NONE', *, *, #3433, .F. ) ;
#11962 = DIRECTION ( 'NONE',  ( -0.0000000000000000000, 1.000000000000000000, -0.0000000000000000000 ) ) ;
#11963 = CARTESIAN_POINT ( 'NONE',  ( -2.450000000000000622, -0.9500000000000007327, 0.0000000000000000000 ) ) ;
ENDSEC;
END-ISO-10303-21;
