ISO-10303-21;
HEADER;
FILE_DESCRIPTION (( 'STEP AP214' ),
    '1' );
FILE_NAME ('Coilcraft-XAL1060.STEP',
    '2018-12-19T13:04:13',
    ( '' ),
    ( '' ),
    'SwSTEP 2.0',
    'SolidWorks 2018',
    '' );
FILE_SCHEMA (( 'AUTOMOTIVE_DESIGN' ));
ENDSEC;

DATA;
#1 = CARTESIAN_POINT ( 'NONE',  ( 4.424999999999998934, -0.1000000000000000056, -4.000000000000000888 ) ) ;
#2 = CARTESIAN_POINT ( 'NONE',  ( 3.153287660958504990, 5.898999999999943178, 1.704809234259435868 ) ) ;
#3 =( GEOMETRIC_REPRESENTATION_CONTEXT ( 3 ) GLOBAL_UNCERTAINTY_ASSIGNED_CONTEXT ( ( #1747 ) ) GLOBAL_UNIT_ASSIGNED_CONTEXT ( ( #383, #757, #2091 ) ) REPRESENTATION_CONTEXT ( 'NONE', 'WORKASPACE' ) );
#4 = VERTEX_POINT ( 'NONE', #100 ) ;
#5 = CARTESIAN_POINT ( 'NONE',  ( 3.653942329830224267, 5.899000000000001798, -0.1216962380109808811 ) ) ;
#6 = EDGE_LOOP ( 'NONE', ( #2317, #834, #1079, #1050 ) ) ;
#7 = CARTESIAN_POINT ( 'NONE',  ( 3.509450231776536366, 5.899000000000000021, -1.741958269322182229 ) ) ;
#8 = CARTESIAN_POINT ( 'NONE',  ( 2.224999999999999645, -0.1000000000000000056, -4.000000000000000888 ) ) ;
#9 = VERTEX_POINT ( 'NONE', #2398 ) ;
#10 = CARTESIAN_POINT ( 'NONE',  ( 1.364926282753376130, 5.899000000000001798, 0.5975375996440512871 ) ) ;
#11 = CARTESIAN_POINT ( 'NONE',  ( 3.772551277807187020, 5.899000000000001798, 1.810730873750906245 ) ) ;
#12 = EDGE_CURVE ( 'NONE', #872, #235, #214, .T. ) ;
#13 =( NAMED_UNIT ( * ) SI_UNIT ( $, .STERADIAN. ) SOLID_ANGLE_UNIT ( ) );
#14 = CARTESIAN_POINT ( 'NONE',  ( -0.2270531523614434943, 5.900000000000000355, -1.474869675771160571 ) ) ;
#15 = CARTESIAN_POINT ( 'NONE',  ( -1.520317719290578351, 5.899000000000001798, -1.298110620653053937 ) ) ;
#16 = CARTESIAN_POINT ( 'NONE',  ( 3.595625898269108056, 5.899000000000004462, -1.728806762964639976 ) ) ;
#17 = FACE_BOUND ( 'NONE', #1523, .T. ) ;
#18 = VECTOR ( 'NONE', #570, 1000.000000000000000 ) ;
#19 = CARTESIAN_POINT ( 'NONE',  ( 3.480122893926430816, 5.899000000000001798, -0.1455073590791929050 ) ) ;
#20 = LINE ( 'NONE', #1728, #1101 ) ;
#21 = SURFACE_STYLE_FILL_AREA ( #1185 ) ;
#22 = DIRECTION ( 'NONE',  ( 0.0000000000000000000, 1.000000000000000000, 0.0000000000000000000 ) ) ;
#23 = B_SPLINE_CURVE_WITH_KNOTS ( 'NONE', 3,
 ( #1176, #2350, #1551, #614 ),
 .UNSPECIFIED., .F., .F.,
 ( 4, 4 ),
 ( 0.0000000000000000000, 0.002200999115295848747 ),
 .UNSPECIFIED. ) ;
#24 = CARTESIAN_POINT ( 'NONE',  ( 1.685439103266197280, 5.900000000000000355, 5.900000000000000355 ) ) ;
#25 = CARTESIAN_POINT ( 'NONE',  ( 1.364926282753376130, 5.899000000000001798, -1.325539323432871841 ) ) ;
#26 = VERTEX_POINT ( 'NONE', #1639 ) ;
#27 = VECTOR ( 'NONE', #332, 1000.000000000000000 ) ;
#28 = EDGE_LOOP ( 'NONE', ( #652, #1983, #511, #892 ) ) ;
#29 = CARTESIAN_POINT ( 'NONE',  ( 4.424999999999998934, -0.1000000000000000056, 4.000000000000000888 ) ) ;
#30 = ORIENTED_EDGE ( 'NONE', *, *, #268, .F. ) ;
#31 = EDGE_CURVE ( 'NONE', #363, #1562, #830, .T. ) ;
#32 = CARTESIAN_POINT ( 'NONE',  ( 1.899900351500870777, 5.899000000000002686, -2.430405918136935295 ) ) ;
#33 = CARTESIAN_POINT ( 'NONE',  ( 3.480122893926430816, 5.899000000000001798, -2.068584282156114895 ) ) ;
#34 = ORIENTED_EDGE ( 'NONE', *, *, #2391, .T. ) ;
#35 = FILL_AREA_STYLE ('',( #42 ) ) ;
#36 = AXIS2_PLACEMENT_3D ( 'NONE', #2218, #1061, #157 ) ;
#37 = ORIENTED_EDGE ( 'NONE', *, *, #2170, .T. ) ;
#38 = CARTESIAN_POINT ( 'NONE',  ( 3.480122893926431260, 5.899000000000001798, 1.777569563997730029 ) ) ;
#39 = DIRECTION ( 'NONE',  ( 1.000000000000000000, 0.0000000000000000000, -0.0000000000000000000 ) ) ;
#40 = CARTESIAN_POINT ( 'NONE',  ( 0.8783127925204510245, 5.899000000000001798, -1.474869675771165234 ) ) ;
#41 = B_SPLINE_CURVE_WITH_KNOTS ( 'NONE', 3,
 ( #296, #1070, #891, #1455, #307, #703, #1282 ),
 .UNSPECIFIED., .F., .F.,
 ( 4, 1, 1, 1, 4 ),
 ( 0.0000000000000000000, 0.0001637018158394682311, 0.0003330302855000959509, 0.0005084940150226902999, 0.0006900945043907352706 ),
 .UNSPECIFIED. ) ;
#42 = FILL_AREA_STYLE_COLOUR ( '', #619 ) ;
#43 = CARTESIAN_POINT ( 'NONE',  ( 1.707812500158861768, 5.899000000000005350, -2.587535428284625461 ) ) ;
#44 = DIRECTION ( 'NONE',  ( 1.000000000000000000, 0.0000000000000000000, -0.0000000000000000000 ) ) ;
#45 = EDGE_CURVE ( 'NONE', #2200, #696, #351, .T. ) ;
#46 = CARTESIAN_POINT ( 'NONE',  ( 2.147975467092748669, 5.899000000000000021, -2.262132107614320820 ) ) ;
#47 = COLOUR_RGB ( '',0.8274509803921568096, 0.8392156862745098200, 0.8274509803921568096 ) ;
#48 = CARTESIAN_POINT ( 'NONE',  ( 3.153287660958504990, 5.900000000000000355, -2.141344611894409944 ) ) ;
#49 = STYLED_ITEM ( 'NONE', ( #233 ), #1692 ) ;
#50 = CARTESIAN_POINT ( 'NONE',  ( 3.832875000702093971, 5.899499999999973987, 0.2129222150286666781 ) ) ;
#51 = VECTOR ( 'NONE', #52, 1000.000000000000000 ) ;
#52 = DIRECTION ( 'NONE',  ( 0.0000000000000000000, -0.0000000000000000000, 1.000000000000000000 ) ) ;
#53 = VECTOR ( 'NONE', #1403, 1000.000000000000000 ) ;
#54 = VECTOR ( 'NONE', #175, 1000.000000000000000 ) ;
#55 = CARTESIAN_POINT ( 'NONE',  ( 3.832875000702093971, 5.898999999999869459, 1.815486317592769128 ) ) ;
#56 = SURFACE_STYLE_FILL_AREA ( #1514 ) ;
#57 = VERTEX_POINT ( 'NONE', #1307 ) ;
#58 = DIRECTION ( 'NONE',  ( -1.000000000000000000, 0.0000000000000000000, -0.0000000000000000000 ) ) ;
#59 = VECTOR ( 'NONE', #243, 1000.000000000000000 ) ;
#60 =( LENGTH_UNIT ( ) NAMED_UNIT ( * ) SI_UNIT ( .MILLI., .METRE. ) );
#61 = VERTEX_POINT ( 'NONE', #508 ) ;
#62 = CARTESIAN_POINT ( 'NONE',  ( 1.839870291257381663, 5.899999999999997691, 1.087545108924057091 ) ) ;
#63 = ORIENTED_EDGE ( 'NONE', *, *, #2337, .T. ) ;
#64 = EDGE_CURVE ( 'NONE', #1388, #272, #596, .T. ) ;
#65 = CARTESIAN_POINT ( 'NONE',  ( -2.535054727164589572, 5.899000000000001798, -0.6680968411254809558 ) ) ;
#66 = DIRECTION ( 'NONE',  ( 0.0000000000000000000, -1.560772332620055356E-13, -1.000000000000000000 ) ) ;
#67 = EDGE_LOOP ( 'NONE', ( #1470, #2292, #486, #1366 ) ) ;
#68 = STYLED_ITEM ( 'NONE', ( #2420 ), #1046 ) ;
#69 =( LENGTH_UNIT ( ) NAMED_UNIT ( * ) SI_UNIT ( .MILLI., .METRE. ) );
#70 = ORIENTED_EDGE ( 'NONE', *, *, #280, .F. ) ;
#71 = CARTESIAN_POINT ( 'NONE',  ( 1.624341346855940227, 5.899000000000012456, 0.9180504201568718825 ) ) ;
#72 = VERTEX_POINT ( 'NONE', #1481 ) ;
#73 = CARTESIAN_POINT ( 'NONE',  ( 2.718287939097328021, 5.899000000000002686, -2.285738483876220251 ) ) ;
#74 = AXIS2_PLACEMENT_3D ( 'NONE', #2237, #1464, #1290 ) ;
#75 = ADVANCED_FACE ( 'NONE', ( #1741 ), #2240, .T. ) ;
#76 = CARTESIAN_POINT ( 'NONE',  ( 1.753156495404467607, 5.899999999999998579, -2.546889751459242568 ) ) ;
#77 = CARTESIAN_POINT ( 'NONE',  ( 2.224999999999999645, 0.0000000000000000000, 4.000000000000000888 ) ) ;
#78 = EDGE_CURVE ( 'NONE', #1179, #504, #681, .T. ) ;
#79 = PLANE ( 'NONE',  #106 ) ;
#80 = CARTESIAN_POINT ( 'NONE',  ( 2.721423823803931441, 5.899999999999999467, -1.965867032632764966 ) ) ;
#81 = EDGE_CURVE ( 'NONE', #955, #2262, #2061, .T. ) ;
#82 = VECTOR ( 'NONE', #1068, 1000.000000000000000 ) ;
#83 = ADVANCED_FACE ( 'NONE', ( #1853 ), #1674, .F. ) ;
#84 = LINE ( 'NONE', #839, #194 ) ;
#85 = VECTOR ( 'NONE', #1855, 1000.000000000000000 ) ;
#86 = COLOUR_RGB ( '',0.1882352941176470562, 0.2039215686274509776, 0.2039215686274509776 ) ;
#87 = CARTESIAN_POINT ( 'NONE',  ( 3.772551277807187020, 5.899999999999995026, 1.810730873750906245 ) ) ;
#88 = ORIENTED_EDGE ( 'NONE', *, *, #479, .T. ) ;
#89 = CARTESIAN_POINT ( 'NONE',  ( -2.059126774408686078, 5.900000000000000355, -0.5386035340388788395 ) ) ;
#90 = VERTEX_POINT ( 'NONE', #1117 ) ;
#91 = EDGE_LOOP ( 'NONE', ( #232, #2351, #2382, #456 ) ) ;
#92 = CARTESIAN_POINT ( 'NONE',  ( 1.624341346855940227, 5.900000000000001243, 0.9180504201568718825 ) ) ;
#93 = ADVANCED_FACE ( 'NONE', ( #1432 ), #310, .F. ) ;
#94 = ORIENTED_EDGE ( 'NONE', *, *, #577, .F. ) ;
#95 = EDGE_CURVE ( 'NONE', #1558, #571, #132, .T. ) ;
#96 = CARTESIAN_POINT ( 'NONE',  ( 3.153287660958504990, 5.900000000000000355, -0.2182676888174871765 ) ) ;
#97 = CARTESIAN_POINT ( 'NONE',  ( -1.787375593306315347, 5.900000000000000355, 1.154840954150104126 ) ) ;
#98 = PLANE ( 'NONE',  #531 ) ;
#99 = ADVANCED_FACE ( 'NONE', ( #1945 ), #1095, .F. ) ;
#100 = CARTESIAN_POINT ( 'NONE',  ( 3.832875000702093082, 5.899500000000000632, -1.710154708048255978 ) ) ;
#101 = UNCERTAINTY_MEASURE_WITH_UNIT (LENGTH_MEASURE( 1.000000000000000082E-05 ), #2468, 'distance_accuracy_value', 'NONE');
#102 = EDGE_CURVE ( 'NONE', #1710, #861, #257, .T. ) ;
#103 = CARTESIAN_POINT ( 'NONE',  ( 2.933717755745862910, 5.899000000000000909, -2.205426817604288825 ) ) ;
#104 = LINE ( 'NONE', #1844, #1735 ) ;
#105 = VECTOR ( 'NONE', #1541, 1000.000000000000000 ) ;
#106 = AXIS2_PLACEMENT_3D ( 'NONE', #1227, #471, #1037 ) ;
#107 = VECTOR ( 'NONE', #1971, 1000.000000000000000 ) ;
#108 = SURFACE_STYLE_USAGE ( .BOTH. , #124 ) ;
#109 = EDGE_LOOP ( 'NONE', ( #2127, #603, #1082, #1589 ) ) ;
#110 = CARTESIAN_POINT ( 'NONE',  ( 1.839870291257381441, 5.899000000000002686, -2.758608737229789387 ) ) ;
#111 = CARTESIAN_POINT ( 'NONE',  ( 2.523684368966614855, 5.899999999999999467, -0.1305213286127180072 ) ) ;
#112 = ORIENTED_EDGE ( 'NONE', *, *, #1415, .F. ) ;
#113 = ADVANCED_FACE ( 'NONE', ( #2057 ), #2065, .F. ) ;
#114 = CARTESIAN_POINT ( 'NONE',  ( -2.793422049999235490, 5.900000000000000355, 0.2299165447012879726 ) ) ;
#115 = EDGE_LOOP ( 'NONE', ( #2490, #1494, #1915, #1501, #2049, #1626, #2288, #1302 ) ) ;
#116 = ORIENTED_EDGE ( 'NONE', *, *, #453, .T. ) ;
#117 = VERTEX_POINT ( 'NONE', #1870 ) ;
#118 = DIRECTION ( 'NONE',  ( -1.000000000000000000, -0.0000000000000000000, 0.0000000000000000000 ) ) ;
#119 = CARTESIAN_POINT ( 'NONE',  ( 1.707812500158861546, 5.900000000000000355, -0.6644585052077012222 ) ) ;
#120 = EDGE_CURVE ( 'NONE', #1614, #1388, #1519, .T. ) ;
#121 = CARTESIAN_POINT ( 'NONE',  ( 0.2832224381897465171, 5.899000000000001798, 1.720008276984740903 ) ) ;
#122 = CARTESIAN_POINT ( 'NONE',  ( 1.691514487058582983, 5.899000000000002686, -0.9475853449883029356 ) ) ;
#123 = AXIS2_PLACEMENT_3D ( 'NONE', #2018, #2220, #690 ) ;
#124 = SURFACE_SIDE_STYLE ('',( #1349 ) ) ;
#125 = CARTESIAN_POINT ( 'NONE',  ( 2.196219315816506867, 5.899000000000003574, -2.536377801513575836 ) ) ;
#126 = CARTESIAN_POINT ( 'NONE',  ( -1.044379530314190285, 5.900000000000000355, 1.357630717929626307 ) ) ;
#127 =( NAMED_UNIT ( * ) SI_UNIT ( $, .STERADIAN. ) SOLID_ANGLE_UNIT ( ) );
#128 = COLOUR_RGB ( '',0.8274509803921568096, 0.8392156862745098200, 0.8274509803921568096 ) ;
#129 = VECTOR ( 'NONE', #220, 1000.000000000000000 ) ;
#130 = EDGE_CURVE ( 'NONE', #1142, #2429, #563, .T. ) ;
#131 = CARTESIAN_POINT ( 'NONE',  ( 0.2832224381897465171, 5.899000000000000909, 1.720008276984740903 ) ) ;
#132 = LINE ( 'NONE', #2448, #977 ) ;
#133 = CARTESIAN_POINT ( 'NONE',  ( 3.092714686928150769, 5.900000000000001243, 0.08550811138365996267 ) ) ;
#134 = LINE ( 'NONE', #1175, #1135 ) ;
#135 = CARTESIAN_POINT ( 'NONE',  ( 3.807988766949104598, 5.899000000000001798, 2.135230369130715289 ) ) ;
#136 = VERTEX_POINT ( 'NONE', #2275 ) ;
#137 = CARTESIAN_POINT ( 'NONE',  ( 2.718287939097328021, 5.899000000000003574, -0.3626615607992972334 ) ) ;
#138 = VECTOR ( 'NONE', #58, 1000.000000000000000 ) ;
#139 = ORIENTED_EDGE ( 'NONE', *, *, #1814, .F. ) ;
#140 = DIRECTION ( 'NONE',  ( 1.000000000000000000, 0.0000000000000000000, -0.0000000000000000000 ) ) ;
#141 = LINE ( 'NONE', #444, #2131 ) ;
#142 = ORIENTED_EDGE ( 'NONE', *, *, #1445, .T. ) ;
#143 = CARTESIAN_POINT ( 'NONE',  ( -5.250000000000000888, 0.0000000000000000000, -5.900000000000000355 ) ) ;
#144 = CARTESIAN_POINT ( 'NONE',  ( 2.061670429302303376, 5.900000000000001243, -0.3946546963766472405 ) ) ;
#145 = ORIENTED_EDGE ( 'NONE', *, *, #973, .T. ) ;
#146 = CARTESIAN_POINT ( 'NONE',  ( 3.756811692833441629, 5.899000000000000021, 2.133649441008143910 ) ) ;
#147 = CARTESIAN_POINT ( 'NONE',  ( 0.5619496035440766368, 5.900000000000000355, -0.04210589624360546596 ) ) ;
#148 = ORIENTED_EDGE ( 'NONE', *, *, #81, .T. ) ;
#149 = CARTESIAN_POINT ( 'NONE',  ( 2.008340250648216418, 5.899999999999999467, 1.198482344435143787 ) ) ;
#150 = VERTEX_POINT ( 'NONE', #355 ) ;
#151 = EDGE_CURVE ( 'NONE', #428, #150, #886, .T. ) ;
#152 = DIRECTION ( 'NONE',  ( 0.0000000000000000000, 0.0000000000000000000, -1.000000000000000000 ) ) ;
#153 = CARTESIAN_POINT ( 'NONE',  ( 3.325592113441856679, 5.899000000000003574, 0.1444819778390906417 ) ) ;
#154 = CARTESIAN_POINT ( 'NONE',  ( -2.224999999999998757, 0.0000000000000000000, 5.900000000000000355 ) ) ;
#155 = CARTESIAN_POINT ( 'NONE',  ( 1.691514487058582983, 5.900000000000000355, 0.9754915780886203036 ) ) ;
#156 = CARTESIAN_POINT ( 'NONE',  ( 0.5619496035440766368, 5.899000000000001798, -0.04210589624360546596 ) ) ;
#157 = DIRECTION ( 'NONE',  ( -1.000000000000000000, 0.0000000000000000000, -0.0000000000000000000 ) ) ;
#158 = B_SPLINE_CURVE_WITH_KNOTS ( 'NONE', 3,
 ( #1413, #2357, #481, #2405 ),
 .UNSPECIFIED., .F., .F.,
 ( 4, 4 ),
 ( 0.0000000000000000000, 0.001101821476191827296 ),
 .UNSPECIFIED. ) ;
#159 = VECTOR ( 'NONE', #1687, 1000.000000000000000 ) ;
#160 = CARTESIAN_POINT ( 'NONE',  ( 2.922600776668799138, 5.899000000000004462, 1.956318701031111829 ) ) ;
#161 = CARTESIAN_POINT ( 'NONE',  ( 3.325592113441856679, 5.899000000000032884, 0.1444819778390906417 ) ) ;
#162 = FACE_OUTER_BOUND ( 'NONE', #1656, .T. ) ;
#163 = VECTOR ( 'NONE', #1188, 1000.000000000000000 ) ;
#164 = CARTESIAN_POINT ( 'NONE',  ( 1.763367084544057661, 5.899000000000001798, 1.031376978045869919 ) ) ;
#165 = ORIENTED_EDGE ( 'NONE', *, *, #1722, .F. ) ;
#166 = VECTOR ( 'NONE', #760, 1000.000000000000000 ) ;
#167 = EDGE_CURVE ( 'NONE', #1437, #2129, #2186, .T. ) ;
#168 = CARTESIAN_POINT ( 'NONE',  ( -1.787375593306315347, 5.900000000000002132, 1.154840954150104126 ) ) ;
#169 = ORIENTED_EDGE ( 'NONE', *, *, #2028, .F. ) ;
#170 = CARTESIAN_POINT ( 'NONE',  ( -2.224999999999998757, -0.1000000000000000056, -4.000000000000000000 ) ) ;
#171 = CARTESIAN_POINT ( 'NONE',  ( 1.978994649354638646, 5.899000000000031108, -0.4507298645721185548 ) ) ;
#172 = VERTEX_POINT ( 'NONE', #2108 ) ;
#173 = STYLED_ITEM ( 'NONE', ( #325 ), #1416 ) ;
#174 = ORIENTED_EDGE ( 'NONE', *, *, #1875, .T. ) ;
#175 = DIRECTION ( 'NONE',  ( 0.0000000000000000000, 1.000000000000000000, 0.0000000000000000000 ) ) ;
#176 = ORIENTED_EDGE ( 'NONE', *, *, #1666, .T. ) ;
#177 = DIRECTION ( 'NONE',  ( 0.0000000000000000000, 0.0000000000000000000, -1.000000000000000000 ) ) ;
#178 = PLANE ( 'NONE',  #693 ) ;
#179 = DIRECTION ( 'NONE',  ( 1.000000000000000000, 0.0000000000000000000, -7.350523203291555004E-17 ) ) ;
#180 = B_SPLINE_CURVE_WITH_KNOTS ( 'NONE', 3,
 ( #933, #131, #2118, #2130 ),
 .UNSPECIFIED., .F., .F.,
 ( 4, 4 ),
 ( 0.0000000000000000000, 0.003019349376119681572 ),
 .UNSPECIFIED. ) ;
#181 = ORIENTED_EDGE ( 'NONE', *, *, #167, .F. ) ;
#182 =( NAMED_UNIT ( * ) SI_UNIT ( $, .STERADIAN. ) SOLID_ANGLE_UNIT ( ) );
#183 = CARTESIAN_POINT ( 'NONE',  ( 1.921736544648319667, 5.899000000000006239, 1.143046748452425598 ) ) ;
#184 = CARTESIAN_POINT ( 'NONE',  ( -4.312341222300321242, 5.899000000000001798, 4.250000000000000000 ) ) ;
#185 = CARTESIAN_POINT ( 'NONE',  ( 1.921736544648319889, 5.899999999999993250, -2.703107097701420880 ) ) ;
#186 = CARTESIAN_POINT ( 'NONE',  ( 3.832875000702093971, 5.899000000000001798, -2.455858444346463276 ) ) ;
#187 = CARTESIAN_POINT ( 'NONE',  ( 1.685439103266196836, 5.899500000000012179, -0.6845136824072309834 ) ) ;
#188 = CARTESIAN_POINT ( 'NONE',  ( -4.312341222300321242, 5.900000000000000355, -4.250000000000000000 ) ) ;
#189 = CARTESIAN_POINT ( 'NONE',  ( 3.419470758207389327, 5.899000000000000021, -1.758674937161941898 ) ) ;
#190 = CARTESIAN_POINT ( 'NONE',  ( 2.504915007154129736, 5.899999999999992362, -2.376401767140395194 ) ) ;
#191 = FACE_OUTER_BOUND ( 'NONE', #109, .T. ) ;
#192 = PLANE ( 'NONE',  #2480 ) ;
#193 = DIRECTION ( 'NONE',  ( 0.6128916609699370799, 0.0000000000000000000, -0.7901669519244092221 ) ) ;
#194 = VECTOR ( 'NONE', #1800, 1000.000000000000000 ) ;
#195 = CARTESIAN_POINT ( 'NONE',  ( 3.153287660958504990, 5.899000000000001798, -2.141344611894409944 ) ) ;
#196 = VERTEX_POINT ( 'NONE', #1140 ) ;
#197 = CARTESIAN_POINT ( 'NONE',  ( 3.153287660958504990, 5.900000000000000355, 1.704809234259435868 ) ) ;
#198 = SURFACE_STYLE_FILL_AREA ( #1755 ) ;
#199 = ORIENTED_EDGE ( 'NONE', *, *, #1258, .T. ) ;
#200 = EDGE_CURVE ( 'NONE', #1330, #747, #1794, .T. ) ;
#201 =( NAMED_UNIT ( * ) PLANE_ANGLE_UNIT ( ) SI_UNIT ( $, .RADIAN. ) );
#202 = CARTESIAN_POINT ( 'NONE',  ( 5.249999999999997335, 0.0000000000000000000, 5.900000000000000355 ) ) ;
#203 = FACE_OUTER_BOUND ( 'NONE', #273, .T. ) ;
#204 = VERTEX_POINT ( 'NONE', #945 ) ;
#205 = CARTESIAN_POINT ( 'NONE',  ( -1.850788979133095369, 5.899000000000001798, -1.233555896243599737 ) ) ;
#206 = FILL_AREA_STYLE_COLOUR ( '', #1201 ) ;
#207 = AXIS2_PLACEMENT_3D ( 'NONE', #831, #311, #261 ) ;
#208 = ORIENTED_EDGE ( 'NONE', *, *, #2268, .T. ) ;
#209 = CARTESIAN_POINT ( 'NONE',  ( 3.153287660958504990, 5.898999999999943178, 1.704809234259435868 ) ) ;
#210 = ORIENTED_EDGE ( 'NONE', *, *, #1636, .T. ) ;
#211 = UNCERTAINTY_MEASURE_WITH_UNIT (LENGTH_MEASURE( 1.000000000000000082E-05 ), #60, 'distance_accuracy_value', 'NONE');
#212 = CARTESIAN_POINT ( 'NONE',  ( 3.092714686928149881, 5.899000000000000021, -1.837568811693262694 ) ) ;
#213 =( NAMED_UNIT ( * ) SI_UNIT ( $, .STERADIAN. ) SOLID_ANGLE_UNIT ( ) );
#214 = B_SPLINE_CURVE_WITH_KNOTS ( 'NONE', 3,
 ( #1058, #2195, #1811, #1254, #660, #1988, #2408, #873, #469, #1447, #1043, #1066, #1428, #1818, #1273, #1249, #491, #666, #2006, #842, #856, #293, #285 ),
 .UNSPECIFIED., .F., .F.,
 ( 4, 1, 1, 1, 1, 1, 1, 1, 1, 1, 1, 1, 1, 1, 1, 1, 1, 1, 1, 1, 4 ),
 ( 0.0000000000000000000, 7.484659302847454748E-05, 0.0001539176107056780822, 0.0002372815645001368141, 0.0003245924514665701950, 0.0004159500460495154381, 0.0005124230709652080173, 0.0006131001354606522387, 0.0007179195956977917894, 0.0009327252450208928149, 0.001147791682967093689, 0.001364177141958066233, 0.001582825677457967272, 0.001690963382965193166, 0.001796323415863594489, 0.001899491958308630914, 0.001999585550036617719, 0.002096675488001852137, 0.002191849773287531718, 0.002284586758926426386, 0.002374912720594843200 ),
 .UNSPECIFIED. ) ;
#215 = SURFACE_STYLE_USAGE ( .BOTH. , #1962 ) ;
#216 = CARTESIAN_POINT ( 'NONE',  ( 3.807988766949105486, 5.899000000000005350, -1.710923477023131634 ) ) ;
#217 = CARTESIAN_POINT ( 'NONE',  ( 3.653942329830224267, 5.900000000000000355, 1.801380685065942400 ) ) ;
#218 = EDGE_CURVE ( 'NONE', #2353, #26, #20, .T. ) ;
#219 = CARTESIAN_POINT ( 'NONE',  ( 1.753156495404467607, 5.899000000000002686, -2.546889751459242568 ) ) ;
#220 = DIRECTION ( 'NONE',  ( -0.0000000000000000000, 0.0000000000000000000, -1.000000000000000000 ) ) ;
#221 = STYLED_ITEM ( 'NONE', ( #2194 ), #1629 ) ;
#222 = CARTESIAN_POINT ( 'NONE',  ( 3.807988766949105486, 5.900000000000000355, 0.2121534460537921329 ) ) ;
#223 = DIRECTION ( 'NONE',  ( -1.000000000000000000, 0.0000000000000000000, 0.0000000000000000000 ) ) ;
#224 = LINE ( 'NONE', #725, #1198 ) ;
#225 = CARTESIAN_POINT ( 'NONE',  ( 3.313413708703465410, 5.900000000000000355, -0.1763049716195677907 ) ) ;
#226 = VECTOR ( 'NONE', #1113, 1000.000000000000114 ) ;
#227 = FACE_OUTER_BOUND ( 'NONE', #67, .T. ) ;
#228 = CARTESIAN_POINT ( 'NONE',  ( 3.153287660958504990, 5.899500000000001521, -0.2182676888174871765 ) ) ;
#229 = VECTOR ( 'NONE', #2256, 1000.000000000000000 ) ;
#230 = CARTESIAN_POINT ( 'NONE',  ( 1.685439103266197058, 5.899000000000001798, -1.325539323432871841 ) ) ;
#231 = CARTESIAN_POINT ( 'NONE',  ( 1.899900351500870777, 5.899000000000005350, -2.430405918136935295 ) ) ;
#232 = ORIENTED_EDGE ( 'NONE', *, *, #783, .T. ) ;
#233 = PRESENTATION_STYLE_ASSIGNMENT (( #1936 ) ) ;
#234 = ORIENTED_EDGE ( 'NONE', *, *, #2068, .T. ) ;
#235 = VERTEX_POINT ( 'NONE', #2481 ) ;
#236 = AXIS2_PLACEMENT_3D ( 'NONE', #330, #525, #1865 ) ;
#237 = CARTESIAN_POINT ( 'NONE',  ( 3.206058409433100831, 5.900000000000001243, -2.127515481495283467 ) ) ;
#238 = ORIENTED_EDGE ( 'NONE', *, *, #2352, .T. ) ;
#239 = CARTESIAN_POINT ( 'NONE',  ( 1.624341346855940449, 5.899000000000002686, -1.005026502920051579 ) ) ;
#240 = SURFACE_STYLE_USAGE ( .BOTH. , #1948 ) ;
#241 = EDGE_LOOP ( 'NONE', ( #1468, #1503, #1779, #1594 ) ) ;
#242 = DIRECTION ( 'NONE',  ( 0.0000000000000000000, -1.000000000000000000, -0.0000000000000000000 ) ) ;
#243 = DIRECTION ( 'NONE',  ( 0.0000000000000000000, 1.000000000000000000, 0.0000000000000000000 ) ) ;
#244 =( NAMED_UNIT ( * ) SI_UNIT ( $, .STERADIAN. ) SOLID_ANGLE_UNIT ( ) );
#245 = CARTESIAN_POINT ( 'NONE',  ( 1.839870291257381663, 5.899000000000003574, -0.8355318141528664810 ) ) ;
#246 = CARTESIAN_POINT ( 'NONE',  ( 2.504915007154129736, 5.900000000000001243, -2.376401767140395194 ) ) ;
#247 = CARTESIAN_POINT ( 'NONE',  ( 2.363062281977600154, 5.899999999999999467, -2.136558430863236158 ) ) ;
#248 = DIRECTION ( 'NONE',  ( -1.000000000000000000, 0.0000000000000000000, 0.0000000000000000000 ) ) ;
#249 = EDGE_CURVE ( 'NONE', #1537, #1266, #380, .T. ) ;
#250 = DIRECTION ( 'NONE',  ( -0.0000000000000000000, -1.000000000000000000, -0.0000000000000000000 ) ) ;
#251 = ADVANCED_FACE ( 'NONE', ( #914 ), #1267, .T. ) ;
#252 = CARTESIAN_POINT ( 'NONE',  ( 0.5668322807094262616, 5.900000000000002132, -0.3954141639601409519 ) ) ;
#253 =( GEOMETRIC_REPRESENTATION_CONTEXT ( 3 ) GLOBAL_UNCERTAINTY_ASSIGNED_CONTEXT ( ( #1813 ) ) GLOBAL_UNIT_ASSIGNED_CONTEXT ( ( #764, #201, #13 ) ) REPRESENTATION_CONTEXT ( 'NONE', 'WORKASPACE' ) );
#254 = VECTOR ( 'NONE', #1981, 1000.000000000000000 ) ;
#255 = DIRECTION ( 'NONE',  ( 0.0000000000000000000, -0.0000000000000000000, 1.000000000000000000 ) ) ;
#256 = FACE_OUTER_BOUND ( 'NONE', #2105, .T. ) ;
#257 = LINE ( 'NONE', #575, #1007 ) ;
#258 = CARTESIAN_POINT ( 'NONE',  ( 3.153287660958504990, 5.900000000000000355, 1.704809234259435868 ) ) ;
#259 = PLANE ( 'NONE',  #658 ) ;
#260 = VECTOR ( 'NONE', #488, 1000.000000000000000 ) ;
#261 = DIRECTION ( 'NONE',  ( -1.000000000000000000, 0.0000000000000000000, -0.0000000000000000000 ) ) ;
#262 = FACE_BOUND ( 'NONE', #1274, .T. ) ;
#263 =( NAMED_UNIT ( * ) PLANE_ANGLE_UNIT ( ) SI_UNIT ( $, .RADIAN. ) );
#264 = ORIENTED_EDGE ( 'NONE', *, *, #1308, .T. ) ;
#265 = CARTESIAN_POINT ( 'NONE',  ( 1.646404036549775407, 5.900000000000003020, -2.909237158329874173 ) ) ;
#266 = VERTEX_POINT ( 'NONE', #998 ) ;
#267 = ADVANCED_FACE ( 'NONE', ( #710 ), #2014, .T. ) ;
#268 = EDGE_CURVE ( 'NONE', #514, #1364, #2484, .T. ) ;
#269 = CARTESIAN_POINT ( 'NONE',  ( 3.325592113441857123, 5.899999999999997691, -1.778594945237832459 ) ) ;
#270 = VERTEX_POINT ( 'NONE', #29 ) ;
#271 = PLANE ( 'NONE',  #207 ) ;
#272 = VERTEX_POINT ( 'NONE', #188 ) ;
#273 = EDGE_LOOP ( 'NONE', ( #2399, #2197, #142, #1409 ) ) ;
#274 = CARTESIAN_POINT ( 'NONE',  ( 2.331515437834766669, 5.900000000000001243, -2.463230196450602705 ) ) ;
#275 = CARTESIAN_POINT ( 'NONE',  ( -2.453308270471680874, 5.899000000000001798, -0.9522492033302086822 ) ) ;
#276 = CARTESIAN_POINT ( 'NONE',  ( 1.077353540551949873, 5.900000000000003908, 0.9188960722603322084 ) ) ;
#277 = ADVANCED_FACE ( 'NONE', ( #446 ), #2011, .T. ) ;
#278 = CARTESIAN_POINT ( 'NONE',  ( -1.131761026377192003, 5.899000000000001798, -0.4942397545113230706 ) ) ;
#279 =( NAMED_UNIT ( * ) SI_UNIT ( $, .STERADIAN. ) SOLID_ANGLE_UNIT ( ) );
#280 = EDGE_CURVE ( 'NONE', #1614, #72, #1579, .T. ) ;
#281 = CARTESIAN_POINT ( 'NONE',  ( 1.691514487058582983, 5.899999999999996803, 0.9754915780886203036 ) ) ;
#282 = EDGE_CURVE ( 'NONE', #72, #1564, #2308, .T. ) ;
#283 = COLOUR_RGB ( '',0.1882352941176470562, 0.2039215686274509776, 0.2039215686274509776 ) ;
#284 = VECTOR ( 'NONE', #635, 1000.000000000000000 ) ;
#285 = CARTESIAN_POINT ( 'NONE',  ( 1.685439103266197058, 5.899500000000012179, 1.238563240669692256 ) ) ;
#286 = FACE_OUTER_BOUND ( 'NONE', #1088, .T. ) ;
#287 = CARTESIAN_POINT ( 'NONE',  ( 0.4259051153550915680, 5.900000000000000355, -1.474869675771165234 ) ) ;
#288 = VECTOR ( 'NONE', #2000, 1000.000000000000000 ) ;
#289 = CARTESIAN_POINT ( 'NONE',  ( 1.899900351500869888, 5.899999999999992362, 1.415747928016910295 ) ) ;
#290 = VERTEX_POINT ( 'NONE', #418 ) ;
#291 = DIRECTION ( 'NONE',  ( 0.0000000000000000000, 0.0000000000000000000, 1.000000000000000000 ) ) ;
#292 = VERTEX_POINT ( 'NONE', #393 ) ;
#293 = CARTESIAN_POINT ( 'NONE',  ( 1.707812500158861546, 5.899000000000028443, 1.258618417869222128 ) ) ;
#294 = ORIENTED_EDGE ( 'NONE', *, *, #2424, .F. ) ;
#295 = DIRECTION ( 'NONE',  ( 1.000000000000000000, 0.0000000000000000000, -0.0000000000000000000 ) ) ;
#296 = CARTESIAN_POINT ( 'NONE',  ( 3.153287660958504990, 5.898999999999943178, -0.2182676888174871765 ) ) ;
#297 = VERTEX_POINT ( 'NONE', #584 ) ;
#298 = EDGE_CURVE ( 'NONE', #395, #547, #916, .T. ) ;
#299 = CARTESIAN_POINT ( 'NONE',  ( 3.153287660958504990, 5.900000000000000355, -0.2182676888174871765 ) ) ;
#300 = CARTESIAN_POINT ( 'NONE',  ( -4.312341222300321242, 5.899000000000001798, -4.250000000000000000 ) ) ;
#301 = ORIENTED_EDGE ( 'NONE', *, *, #479, .F. ) ;
#302 = PRESENTATION_LAYER_ASSIGNMENT (  '', '', ( #1029 ) ) ;
#303 = ADVANCED_FACE ( 'NONE', ( #2454 ), #1363, .T. ) ;
#304 = SURFACE_SIDE_STYLE ('',( #1429 ) ) ;
#305 = EDGE_LOOP ( 'NONE', ( #627, #2094 ) ) ;
#306 = PLANE ( 'NONE',  #705 ) ;
#307 = CARTESIAN_POINT ( 'NONE',  ( 3.653942329830224711, 5.899000000000002686, -0.1216962380109808950 ) ) ;
#308 = CARTESIAN_POINT ( 'NONE',  ( 2.238490862292150663, 5.899999999999995026, 1.637891429838098212 ) ) ;
#309 = DIRECTION ( 'NONE',  ( -0.0000000000000000000, -1.000000000000000000, -0.0000000000000000000 ) ) ;
#310 = PLANE ( 'NONE',  #1487 ) ;
#311 = DIRECTION ( 'NONE',  ( 0.0000000000000000000, 0.0000000000000000000, -1.000000000000000000 ) ) ;
#312 = VERTEX_POINT ( 'NONE', #781 ) ;
#313 = EDGE_CURVE ( 'NONE', #696, #1212, #1289, .T. ) ;
#314 = CARTESIAN_POINT ( 'NONE',  ( 2.504915007154129736, 5.899000000000000909, -2.376401767140395194 ) ) ;
#315 = VECTOR ( 'NONE', #1284, 1000.000000000000000 ) ;
#316 = CARTESIAN_POINT ( 'NONE',  ( 1.045314170473210513, 5.899000000000001798, -0.07946810096801441847 ) ) ;
#317 = CARTESIAN_POINT ( 'NONE',  ( 1.685439103266197058, 5.899000000000001798, 2.520614522720974637 ) ) ;
#318 = VECTOR ( 'NONE', #1149, 1000.000000000000000 ) ;
#319 = FACE_OUTER_BOUND ( 'NONE', #1414, .T. ) ;
#320 = CARTESIAN_POINT ( 'NONE',  ( 4.424999999999998934, -0.1000000000000000056, -4.000000000000000888 ) ) ;
#321 = PRESENTATION_LAYER_ASSIGNMENT (  '', '', ( #425 ) ) ;
#322 = SURFACE_STYLE_FILL_AREA ( #641 ) ;
#323 = CARTESIAN_POINT ( 'NONE',  ( -2.453308270471680874, 5.899000000000000021, -0.9522492033302087933 ) ) ;
#324 = VERTEX_POINT ( 'NONE', #2336 ) ;
#325 = PRESENTATION_STYLE_ASSIGNMENT (( #1906 ) ) ;
#326 = CARTESIAN_POINT ( 'NONE',  ( 3.419470758207388439, 5.899000000000000021, 2.087478908991903914 ) ) ;
#327 = CARTESIAN_POINT ( 'NONE',  ( 0.5496251940952582293, 5.899000000000001798, 0.8481433163548245391 ) ) ;
#328 = EDGE_LOOP ( 'NONE', ( #745, #2295, #234, #1150, #2487, #1229, #1924, #430, #1958, #1392, #962 ) ) ;
#329 = ORIENTED_EDGE ( 'NONE', *, *, #2271, .T. ) ;
#330 = CARTESIAN_POINT ( 'NONE',  ( 2.224999999999999645, -0.1000000000000000056, 4.000000000000000888 ) ) ;
#331 = ORIENTED_EDGE ( 'NONE', *, *, #200, .T. ) ;
#332 = DIRECTION ( 'NONE',  ( 0.0000000000000000000, -1.000000000000000000, -0.0000000000000000000 ) ) ;
#333 = CARTESIAN_POINT ( 'NONE',  ( 2.147975467092749113, 5.899000000000000021, -0.3390551845373978024 ) ) ;
#334 =( GEOMETRIC_REPRESENTATION_CONTEXT ( 3 ) GLOBAL_UNCERTAINTY_ASSIGNED_CONTEXT ( ( #1109 ) ) GLOBAL_UNIT_ASSIGNED_CONTEXT ( ( #880, #2044, #2234 ) ) REPRESENTATION_CONTEXT ( 'NONE', 'WORKASPACE' ) );
#335 = EDGE_LOOP ( 'NONE', ( #2205, #632, #1582, #661 ) ) ;
#336 = CARTESIAN_POINT ( 'NONE',  ( 1.753156495404467607, 5.899000000000001798, 1.299264094694603688 ) ) ;
#337 = CARTESIAN_POINT ( 'NONE',  ( 5.250000000000000888, 5.900000000000000355, 5.900000000000000355 ) ) ;
#338 = MECHANICAL_DESIGN_GEOMETRIC_PRESENTATION_REPRESENTATION (  '', ( #1391 ), #864 ) ;
#339 = DIRECTION ( 'NONE',  ( -0.0000000000000000000, -1.000000000000000000, 0.0000000000000000000 ) ) ;
#340 = FILL_AREA_STYLE ('',( #358 ) ) ;
#341 = CARTESIAN_POINT ( 'NONE',  ( 1.685439103266197058, 5.900000000000000355, -0.6845136824072308723 ) ) ;
#342 = CARTESIAN_POINT ( 'NONE',  ( 2.147975467092749557, 5.899000000000001798, 1.584021738539525659 ) ) ;
#343 = DIRECTION ( 'NONE',  ( -0.0000000000000000000, -1.000000000000000000, -0.0000000000000000000 ) ) ;
#344 = CARTESIAN_POINT ( 'NONE',  ( 2.099708923277392447, 5.899000000000000021, 1.254312802425240125 ) ) ;
#345 = LINE ( 'NONE', #702, #2339 ) ;
#346 = EDGE_CURVE ( 'NONE', #1920, #2470, #2369, .T. ) ;
#347 = PRESENTATION_STYLE_ASSIGNMENT (( #2115 ) ) ;
#348 = CARTESIAN_POINT ( 'NONE',  ( 1.707812500158861546, 5.900000000000001243, -0.6644585052077012222 ) ) ;
#349 = PRESENTATION_STYLE_ASSIGNMENT (( #215 ) ) ;
#350 = DIRECTION ( 'NONE',  ( 0.0000000000000000000, 0.0000000000000000000, -1.000000000000000000 ) ) ;
#351 = LINE ( 'NONE', #1418, #772 ) ;
#352 = AXIS2_PLACEMENT_3D ( 'NONE', #2103, #949, #2359 ) ;
#353 = VECTOR ( 'NONE', #2313, 1000.000000000000000 ) ;
#354 = ORIENTED_EDGE ( 'NONE', *, *, #1757, .T. ) ;
#355 = CARTESIAN_POINT ( 'NONE',  ( 1.685439103266197058, 5.899000000000001798, 2.520614522720974637 ) ) ;
#356 = LINE ( 'NONE', #1598, #2066 ) ;
#357 = ORIENTED_EDGE ( 'NONE', *, *, #1440, .T. ) ;
#358 = FILL_AREA_STYLE_COLOUR ( '', #47 ) ;
#359 = CARTESIAN_POINT ( 'NONE',  ( 1.753156495404467607, 5.899000000000001798, -0.6238128283823194398 ) ) ;
#360 = ORIENTED_EDGE ( 'NONE', *, *, #667, .T. ) ;
#361 = CARTESIAN_POINT ( 'NONE',  ( 1.899900351500869888, 5.898999999999998245, 1.415747928016910295 ) ) ;
#362 = CARTESIAN_POINT ( 'NONE',  ( 3.653942329830224267, 5.899000000000000909, -2.044773161087904079 ) ) ;
#363 = VERTEX_POINT ( 'NONE', #646 ) ;
#364 = CARTESIAN_POINT ( 'NONE',  ( 1.839870291257381663, 5.900000000000002132, 1.087545108924057091 ) ) ;
#365 = VERTEX_POINT ( 'NONE', #1014 ) ;
#366 = DIRECTION ( 'NONE',  ( 0.0000000000000000000, -0.0000000000000000000, 1.000000000000000000 ) ) ;
#367 = PLANE ( 'NONE',  #1148 ) ;
#368 = UNCERTAINTY_MEASURE_WITH_UNIT (LENGTH_MEASURE( 1.000000000000000082E-05 ), #424, 'distance_accuracy_value', 'NONE');
#369 = AXIS2_PLACEMENT_3D ( 'NONE', #621, #2163, #1963 ) ;
#370 = CARTESIAN_POINT ( 'NONE',  ( -0.8208460657472711475, 5.899000000000001798, -0.8950850301018700161 ) ) ;
#371 = CARTESIAN_POINT ( 'NONE',  ( 3.832875000702093526, 5.899499999999973099, 2.135999138105590500 ) ) ;
#372 = SURFACE_SIDE_STYLE ('',( #1327 ) ) ;
#373 = SURFACE_STYLE_USAGE ( .BOTH. , #2483 ) ;
#374 = B_SPLINE_CURVE_WITH_KNOTS ( 'NONE', 3,
 ( #679, #1076, #1458, #1269 ),
 .UNSPECIFIED., .F., .F.,
 ( 4, 4 ),
 ( 0.0000000000000000000, 0.002202379884607377769 ),
 .UNSPECIFIED. ) ;
#375 = LINE ( 'NONE', #2467, #159 ) ;
#376 = CARTESIAN_POINT ( 'NONE',  ( 5.249999999999997335, 5.900000000000000355, 2.520614522720974637 ) ) ;
#377 = CARTESIAN_POINT ( 'NONE',  ( 3.509450231776535478, 5.899000000000029331, 0.1811186537547407882 ) ) ;
#378 = FACE_OUTER_BOUND ( 'NONE', #1591, .T. ) ;
#379 = LINE ( 'NONE', #833, #589 ) ;
#380 = LINE ( 'NONE', #1699, #318 ) ;
#381 = MECHANICAL_DESIGN_GEOMETRIC_PRESENTATION_REPRESENTATION (  '', ( #1217 ), #334 ) ;
#382 = CARTESIAN_POINT ( 'NONE',  ( 3.678172671413531880, 5.899000000000000021, -1.719495398584147905 ) ) ;
#383 =( LENGTH_UNIT ( ) NAMED_UNIT ( * ) SI_UNIT ( .MILLI., .METRE. ) );
#384 = CARTESIAN_POINT ( 'NONE',  ( 3.832875000702093971, 5.900000000000000355, -0.1075906054841537229 ) ) ;
#385 = VERTEX_POINT ( 'NONE', #442 ) ;
#386 = LINE ( 'NONE', #8, #2161 ) ;
#387 = CARTESIAN_POINT ( 'NONE',  ( 1.685439103266197280, 5.900000000000000355, 0.5975375996440510651 ) ) ;
#388 = CARTESIAN_POINT ( 'NONE',  ( 3.678172671413530104, 5.899000000000028443, 0.2035815244927750012 ) ) ;
#389 = B_SPLINE_SURFACE_WITH_KNOTS ( 'NONE', 3, 1, ( 
 ( #239, #1221 ),
 ( #448, #2371 ),
 ( #818, #1767 ),
 ( #811, #1373 ),
 ( #245, #1381 ),
 ( #1947, #613 ),
 ( #1760, #986 ),
 ( #1977, #414 ),
 ( #1008, #823 ),
 ( #2177, #2342 ),
 ( #2360, #2143 ),
 ( #1775, #1573 ),
 ( #801, #1782 ),
 ( #1580, #1020 ),
 ( #1393, #790 ) ),
 .UNSPECIFIED., .F., .F., .F.,
 ( 4, 1, 1, 1, 1, 1, 1, 1, 1, 1, 1, 1, 4 ),
 ( 2, 2 ),
 ( 0.0000000000000000000, 0.05027287497458368670, 0.1027903700748774990, 0.1576131012369288709, 0.2146311133156755535, 0.2740612127265389941, 0.3356974550538850965, 0.4000702787165526519, 0.4668267493853400230, 0.6020780869193702589, 0.7357515335047495331, 0.8682046170340284030, 0.9999999999999998890 ),
 ( 0.0000000000000000000, 1.000000000000000000 ),
 .UNSPECIFIED. ) ;
#390 = EDGE_LOOP ( 'NONE', ( #1750, #181, #2354 ) ) ;
#391 =( GEOMETRIC_REPRESENTATION_CONTEXT ( 3 ) GLOBAL_UNCERTAINTY_ASSIGNED_CONTEXT ( ( #2416 ) ) GLOBAL_UNIT_ASSIGNED_CONTEXT ( ( #2441, #2193, #2386 ) ) REPRESENTATION_CONTEXT ( 'NONE', 'WORKASPACE' ) );
#392 = ORIENTED_EDGE ( 'NONE', *, *, #826, .F. ) ;
#393 = CARTESIAN_POINT ( 'NONE',  ( 1.364926282753376130, 5.899000000000001798, 0.5975375996440512871 ) ) ;
#394 = B_SPLINE_SURFACE_WITH_KNOTS ( 'NONE', 3, 1, ( 
 ( #1048, #700 ),
 ( #1436, #114 ),
 ( #691, #97 ),
 ( #665, #671 ) ),
 .UNSPECIFIED., .F., .F., .F.,
 ( 4, 4 ),
 ( 2, 2 ),
 ( 0.1818181818181818232, 0.2727272727272727071 ),
 ( 0.0000000000000000000, 1.000000000000000000 ),
 .UNSPECIFIED. ) ;
#395 = VERTEX_POINT ( 'NONE', #1934 ) ;
#396 = DIRECTION ( 'NONE',  ( 0.0000000000000000000, -0.0000000000000000000, -1.000000000000000000 ) ) ;
#397 = CARTESIAN_POINT ( 'NONE',  ( 1.763367084544057661, 5.899999999999994138, -2.814776868107977670 ) ) ;
#398 = B_SPLINE_CURVE_WITH_KNOTS ( 'NONE', 3,
 ( #2030, #1665, #2426, #1091, #522, #882, #676 ),
 .UNSPECIFIED., .F., .F.,
 ( 4, 1, 1, 1, 4 ),
 ( 0.0000000000000000000, 0.0001636242594824888718, 0.0003328725070687772194, 0.0005082531078394148753, 0.0006897675610672446235 ),
 .UNSPECIFIED. ) ;
#399 = ORIENTED_EDGE ( 'NONE', *, *, #1555, .F. ) ;
#400 = CARTESIAN_POINT ( 'NONE',  ( -1.131438585432311461, 5.900000000000000355, -1.210478337188482190 ) ) ;
#401 =( LENGTH_UNIT ( ) NAMED_UNIT ( * ) SI_UNIT ( .MILLI., .METRE. ) );
#402 = CARTESIAN_POINT ( 'NONE',  ( 1.364926282753376130, 5.899000000000001798, -1.325539323432871841 ) ) ;
#403 = EDGE_CURVE ( 'NONE', #634, #1437, #84, .T. ) ;
#404 = CARTESIAN_POINT ( 'NONE',  ( -4.424999999999998046, 0.0000000000000000000, 4.000000000000000000 ) ) ;
#405 = DIRECTION ( 'NONE',  ( -1.000000000000000000, 0.0000000000000000000, -0.0000000000000000000 ) ) ;
#406 = B_SPLINE_SURFACE_WITH_KNOTS ( 'NONE', 3, 1, ( 
 ( #1681, #147 ),
 ( #327, #1669 ),
 ( #524, #1869 ),
 ( #1863, #1878 ) ),
 .UNSPECIFIED., .F., .F., .F.,
 ( 4, 4 ),
 ( 2, 2 ),
 ( 0.7272727272727274039, 0.8181818181818183433 ),
 ( 0.0000000000000000000, 1.000000000000000000 ),
 .UNSPECIFIED. ) ;
#407 = DIRECTION ( 'NONE',  ( 0.0000000000000000000, 0.0000000000000000000, 1.000000000000000000 ) ) ;
#408 = DIRECTION ( 'NONE',  ( 1.000000000000000000, 0.0000000000000000000, 0.0000000000000000000 ) ) ;
#409 = DIRECTION ( 'NONE',  ( 0.0000000000000000000, 0.0000000000000000000, 1.000000000000000000 ) ) ;
#410 = VECTOR ( 'NONE', #492, 1000.000000000000000 ) ;
#411 = CARTESIAN_POINT ( 'NONE',  ( 3.153287660958504990, 5.900000000000000355, -0.2182676888174871765 ) ) ;
#412 = B_SPLINE_CURVE_WITH_KNOTS ( 'NONE', 3,
 ( #258, #2363, #838, #1246, #1583, #87, #1784 ),
 .UNSPECIFIED., .F., .F.,
 ( 4, 1, 1, 1, 4 ),
 ( 0.0000000000000000000, 0.0001636242594824887904, 0.0003328725070687770025, 0.0005082531078394145500, 0.0006897675610672441898 ),
 .UNSPECIFIED. ) ;
#413 = VECTOR ( 'NONE', #800, 1000.000000000000000 ) ;
#414 = CARTESIAN_POINT ( 'NONE',  ( 2.099708923277392447, 5.899999999999999467, -0.6687641206516830028 ) ) ;
#415 = FACE_OUTER_BOUND ( 'NONE', #390, .T. ) ;
#416 = CARTESIAN_POINT ( 'NONE',  ( 3.419470758207389327, 5.899000000000002686, -1.758674937161942120 ) ) ;
#417 = ORIENTED_EDGE ( 'NONE', *, *, #1471, .T. ) ;
#418 = CARTESIAN_POINT ( 'NONE',  ( -0.2270531523614436331, 5.899000000000001798, -1.474869675771161903 ) ) ;
#419 = ORIENTED_EDGE ( 'NONE', *, *, #1003, .T. ) ;
#420 = EDGE_CURVE ( 'NONE', #385, #270, #770, .T. ) ;
#421 = CARTESIAN_POINT ( 'NONE',  ( 1.707812500158861768, 5.900000000000000355, -2.587535428284625461 ) ) ;
#422 = LINE ( 'NONE', #1151, #1887 ) ;
#423 = ORIENTED_EDGE ( 'NONE', *, *, #403, .T. ) ;
#424 =( LENGTH_UNIT ( ) NAMED_UNIT ( * ) SI_UNIT ( .MILLI., .METRE. ) );
#425 = STYLED_ITEM ( 'NONE', ( #2341 ), #843 ) ;
#426 = ORIENTED_EDGE ( 'NONE', *, *, #1126, .F. ) ;
#427 = CARTESIAN_POINT ( 'NONE',  ( 3.772551277807187020, 5.900000000000000355, -0.1123460493260166893 ) ) ;
#428 = VERTEX_POINT ( 'NONE', #1585 ) ;
#429 = DIRECTION ( 'NONE',  ( -0.0000000000000000000, -1.000000000000000000, -0.0000000000000000000 ) ) ;
#430 = ORIENTED_EDGE ( 'NONE', *, *, #577, .T. ) ;
#431 = FILL_AREA_STYLE_COLOUR ( '', #1257 ) ;
#432 = CARTESIAN_POINT ( 'NONE',  ( 1.031653934252735327, 5.899000000000000021, -0.5050338489995117586 ) ) ;
#433 = CARTESIAN_POINT ( 'NONE',  ( 3.832875000702093082, 5.899500000000000632, -1.710154708048255978 ) ) ;
#434 = CARTESIAN_POINT ( 'NONE',  ( -1.131761026377192003, 5.899000000000001798, -0.4942397545113230706 ) ) ;
#435 = EDGE_CURVE ( 'NONE', #504, #61, #2124, .T. ) ;
#436 = DIRECTION ( 'NONE',  ( -0.0000000000000000000, 0.0000000000000000000, -1.000000000000000000 ) ) ;
#437 = CARTESIAN_POINT ( 'NONE',  ( -1.412683861022860032, 5.900000000000003020, -0.8137633765585591261 ) ) ;
#438 = CARTESIAN_POINT ( 'NONE',  ( 3.678172671413530104, 5.899999999999997691, 0.2035815244927750012 ) ) ;
#439 = CARTESIAN_POINT ( 'NONE',  ( 2.523684368966614855, 5.899000000000002686, -2.053598251689640275 ) ) ;
#440 = FACE_OUTER_BOUND ( 'NONE', #1325, .T. ) ;
#441 = CARTESIAN_POINT ( 'NONE',  ( 2.523684368966614855, 5.899999999999997691, -2.053598251689640275 ) ) ;
#442 = CARTESIAN_POINT ( 'NONE',  ( 4.424999999999998934, 0.0000000000000000000, 4.000000000000000888 ) ) ;
#443 = LINE ( 'NONE', #1318, #1606 ) ;
#444 = CARTESIAN_POINT ( 'NONE',  ( -5.249999999999999112, 0.0000000000000000000, 5.900000000000000355 ) ) ;
#445 = CARTESIAN_POINT ( 'NONE',  ( 1.364926282753376130, 5.899000000000001798, -2.928103425996974263 ) ) ;
#446 = FACE_OUTER_BOUND ( 'NONE', #568, .T. ) ;
#447 = LINE ( 'NONE', #154, #229 ) ;
#448 = CARTESIAN_POINT ( 'NONE',  ( 1.646404036549775407, 5.899000000000002686, -0.9861602352529510451 ) ) ;
#449 = CARTESIAN_POINT ( 'NONE',  ( 1.624341346855940449, 5.899000000000002686, -2.928103425996974707 ) ) ;
#450 = ORIENTED_EDGE ( 'NONE', *, *, #2268, .F. ) ;
#451 = ADVANCED_FACE ( 'NONE', ( #415 ), #828, .T. ) ;
#452 = COLOUR_RGB ( '',0.1882352941176470562, 0.2039215686274509776, 0.2039215686274509776 ) ;
#453 = EDGE_CURVE ( 'NONE', #514, #2036, #1550, .T. ) ;
#454 = CARTESIAN_POINT ( 'NONE',  ( 5.250000000000000888, 5.900000000000000355, 5.900000000000000355 ) ) ;
#455 = ORIENTED_EDGE ( 'NONE', *, *, #1322, .T. ) ;
#456 = ORIENTED_EDGE ( 'NONE', *, *, #1827, .T. ) ;
#457 = CARTESIAN_POINT ( 'NONE',  ( 2.523684368966614855, 5.899000000000000021, -2.053598251689640275 ) ) ;
#458 = CARTESIAN_POINT ( 'NONE',  ( 0.1928775562999714421, 5.900000000000002132, -1.054590935613691327 ) ) ;
#459 = ORIENTED_EDGE ( 'NONE', *, *, #2028, .T. ) ;
#460 = CARTESIAN_POINT ( 'NONE',  ( 1.646404036549775407, 5.899000000000002686, -2.909237158329874173 ) ) ;
#461 = EDGE_LOOP ( 'NONE', ( #482, #459, #2227, #1930, #741, #844, #1683, #1263 ) ) ;
#462 = CARTESIAN_POINT ( 'NONE',  ( 2.099708923277392447, 5.899999999999993250, -0.6687641206516830028 ) ) ;
#463 = SURFACE_STYLE_USAGE ( .BOTH. , #510 ) ;
#464 = CARTESIAN_POINT ( 'NONE',  ( 2.099708923277392447, 5.899999999999995914, 1.254312802425240125 ) ) ;
#465 = CARTESIAN_POINT ( 'NONE',  ( 2.061670429302302932, 5.899999999999998579, -2.317731619453569980 ) ) ;
#466 = DIRECTION ( 'NONE',  ( 0.0000000000000000000, -1.000000000000000000, -0.0000000000000000000 ) ) ;
#467 = MECHANICAL_DESIGN_GEOMETRIC_PRESENTATION_REPRESENTATION (  '', ( #515 ), #1056 ) ;
#468 = ORIENTED_EDGE ( 'NONE', *, *, #1292, .F. ) ;
#469 = CARTESIAN_POINT ( 'NONE',  ( 3.228008689402142473, 5.899000000000028443, 2.043768227429595630 ) ) ;
#470 = LINE ( 'NONE', #2159, #1098 ) ;
#471 = DIRECTION ( 'NONE',  ( -1.000000000000000000, 0.0000000000000000000, 0.0000000000000000000 ) ) ;
#472 = LINE ( 'NONE', #445, #1992 ) ;
#473 = ADVANCED_FACE ( 'NONE', ( #1168 ), #1228, .F. ) ;
#474 = CARTESIAN_POINT ( 'NONE',  ( 3.419470758207389327, 5.899999999999997691, -1.758674937161941898 ) ) ;
#475 = FACE_OUTER_BOUND ( 'NONE', #1531, .T. ) ;
#476 = COLOUR_RGB ( '',0.8274509803921568096, 0.8392156862745098200, 0.8274509803921568096 ) ;
#477 = EDGE_LOOP ( 'NONE', ( #1077, #2495, #1682, #145 ) ) ;
#478 = ORIENTED_EDGE ( 'NONE', *, *, #218, .T. ) ;
#479 = EDGE_CURVE ( 'NONE', #1805, #2409, #649, .T. ) ;
#480 = DIRECTION ( 'NONE',  ( 0.0000000000000000000, -1.000000000000000000, -0.0000000000000000000 ) ) ;
#481 = CARTESIAN_POINT ( 'NONE',  ( -1.412683861022860032, 5.899000000000000909, -0.8137633765585591261 ) ) ;
#482 = ORIENTED_EDGE ( 'NONE', *, *, #2286, .T. ) ;
#483 = AXIS2_PLACEMENT_3D ( 'NONE', #202, #1901, #2331 ) ;
#484 = ADVANCED_FACE ( 'NONE', ( #1039 ), #259, .F. ) ;
#485 = ORIENTED_EDGE ( 'NONE', *, *, #1801, .F. ) ;
#486 = ORIENTED_EDGE ( 'NONE', *, *, #2208, .F. ) ;
#487 = DIRECTION ( 'NONE',  ( 1.000000000000000000, 0.0000000000000000000, -0.0000000000000000000 ) ) ;
#488 = DIRECTION ( 'NONE',  ( -1.000000000000000000, 0.0000000000000000000, -0.0000000000000000000 ) ) ;
#489 = CARTESIAN_POINT ( 'NONE',  ( 3.595625898269107612, 5.899999999999992362, 2.117347083189204504 ) ) ;
#490 = DIRECTION ( 'NONE',  ( -1.334649084188815245E-13, -1.000000000000000000, 1.560772332620254780E-13 ) ) ;
#491 = CARTESIAN_POINT ( 'NONE',  ( 2.061670429302302932, 5.899000000000027555, 1.528422226700275832 ) ) ;
#492 = DIRECTION ( 'NONE',  ( 0.0000000000000000000, 1.000000000000000000, 0.0000000000000000000 ) ) ;
#493 = CARTESIAN_POINT ( 'NONE',  ( 1.899900351500869888, 5.899999999999997691, -0.5073289950600121667 ) ) ;
#494 = ADVANCED_FACE ( 'NONE', ( #1484 ), #1778, .F. ) ;
#495 =( NAMED_UNIT ( * ) PLANE_ANGLE_UNIT ( ) SI_UNIT ( $, .RADIAN. ) );
#496 = CARTESIAN_POINT ( 'NONE',  ( -4.312341222300321242, 5.899000000000001798, 4.250000000000000000 ) ) ;
#497 = MECHANICAL_DESIGN_GEOMETRIC_PRESENTATION_REPRESENTATION (  '', ( #68 ), #751 ) ;
#498 = SURFACE_STYLE_FILL_AREA ( #340 ) ;
#499 = CARTESIAN_POINT ( 'NONE',  ( -2.224999999999998757, -0.1000000000000000056, 4.000000000000000000 ) ) ;
#500 = LINE ( 'NONE', #40, #284 ) ;
#501 = CARTESIAN_POINT ( 'NONE',  ( 3.153287660958504990, 5.900000000000000355, 1.704809234259435868 ) ) ;
#502 = CARTESIAN_POINT ( 'NONE',  ( 3.092714686928150769, 5.900000000000000355, 0.08550811138365996267 ) ) ;
#503 = CARTESIAN_POINT ( 'NONE',  ( 1.624341346855940227, 5.899000000000001798, -1.005026502920051357 ) ) ;
#504 = VERTEX_POINT ( 'NONE', #813 ) ;
#505 = CARTESIAN_POINT ( 'NONE',  ( -1.850788979133095147, 5.899500000000000632, -1.233555896243599737 ) ) ;
#506 = LINE ( 'NONE', #1771, #1743 ) ;
#507 = ORIENTED_EDGE ( 'NONE', *, *, #640, .F. ) ;
#508 = CARTESIAN_POINT ( 'NONE',  ( 1.624341346855940227, 5.900000000000001243, -1.005026502920051357 ) ) ;
#509 = LINE ( 'NONE', #1309, #1856 ) ;
#510 = SURFACE_SIDE_STYLE ('',( #322 ) ) ;
#511 = ORIENTED_EDGE ( 'NONE', *, *, #31, .T. ) ;
#512 = CARTESIAN_POINT ( 'NONE',  ( 1.031653934252735327, 5.899000000000001798, -0.5050338489995117586 ) ) ;
#513 = PLANE ( 'NONE',  #36 ) ;
#514 = VERTEX_POINT ( 'NONE', #1232 ) ;
#515 = STYLED_ITEM ( 'NONE', ( #919 ), #93 ) ;
#516 = CARTESIAN_POINT ( 'NONE',  ( 3.807988766949104598, 5.899999999999995026, 2.135230369130715289 ) ) ;
#517 = CARTESIAN_POINT ( 'NONE',  ( 3.832875000702093971, 5.899000000000001798, 1.815486317592769128 ) ) ;
#518 = ORIENTED_EDGE ( 'NONE', *, *, #1769, .F. ) ;
#519 =( GEOMETRIC_REPRESENTATION_CONTEXT ( 3 ) GLOBAL_UNCERTAINTY_ASSIGNED_CONTEXT ( ( #1030 ) ) GLOBAL_UNIT_ASSIGNED_CONTEXT ( ( #1956, #1560, #1397 ) ) REPRESENTATION_CONTEXT ( 'NONE', 'WORKASPACE' ) );
#520 = DIRECTION ( 'NONE',  ( -0.0000000000000000000, 0.0000000000000000000, -1.000000000000000000 ) ) ;
#521 = DIRECTION ( 'NONE',  ( -1.000000000000000000, 0.0000000000000000000, 6.973874670985814828E-15 ) ) ;
#522 = CARTESIAN_POINT ( 'NONE',  ( 3.653942329830224267, 5.899999999999995914, -2.044773161087904079 ) ) ;
#523 = CARTESIAN_POINT ( 'NONE',  ( 1.364926282753376130, 5.899000000000001798, 0.5975375996440512871 ) ) ;
#524 = CARTESIAN_POINT ( 'NONE',  ( -0.2763968531488329994, 5.899000000000001798, 1.118671269110727895 ) ) ;
#525 = DIRECTION ( 'NONE',  ( 1.000000000000000000, 0.0000000000000000000, 0.0000000000000000000 ) ) ;
#526 = EDGE_CURVE ( 'NONE', #9, #136, #1165, .T. ) ;
#527 = CARTESIAN_POINT ( 'NONE',  ( -4.424999999999998934, 0.0000000000000000000, -4.000000000000000000 ) ) ;
#528 = CARTESIAN_POINT ( 'NONE',  ( 3.807988766949105486, 5.900000000000001243, 0.2121534460537921329 ) ) ;
#529 = CARTESIAN_POINT ( 'NONE',  ( 3.325592113441856679, 5.900000000000001243, 2.067558900916014242 ) ) ;
#530 = DIRECTION ( 'NONE',  ( -1.000000000000000000, 0.0000000000000000000, -0.0000000000000000000 ) ) ;
#531 = AXIS2_PLACEMENT_3D ( 'NONE', #1823, #2394, #1253 ) ;
#532 = VECTOR ( 'NONE', #2465, 1000.000000000000000 ) ;
#533 = FACE_OUTER_BOUND ( 'NONE', #91, .T. ) ;
#534 = DIRECTION ( 'NONE',  ( 1.000000000000000000, 0.0000000000000000000, -0.0000000000000000000 ) ) ;
#535 = CARTESIAN_POINT ( 'NONE',  ( -1.637737404329943081, 5.899000000000001798, 0.5654649698981365491 ) ) ;
#536 = CARTESIAN_POINT ( 'NONE',  ( 3.832875000702093971, 5.899000000000001798, 0.2129222150286666781 ) ) ;
#537 = ORIENTED_EDGE ( 'NONE', *, *, #1705, .T. ) ;
#538 = CARTESIAN_POINT ( 'NONE',  ( 2.061670429302302932, 5.899000000000001798, 1.528422226700275832 ) ) ;
#539 = CARTESIAN_POINT ( 'NONE',  ( 1.624341346855940227, 5.899000000000012456, -1.005026502920051579 ) ) ;
#540 = ORIENTED_EDGE ( 'NONE', *, *, #814, .F. ) ;
#541 = ORIENTED_EDGE ( 'NONE', *, *, #151, .T. ) ;
#542 = CARTESIAN_POINT ( 'NONE',  ( 2.331515437834766669, 5.899000000000000021, 1.382923649703242663 ) ) ;
#543 = ORIENTED_EDGE ( 'NONE', *, *, #1701, .F. ) ;
#544 = CARTESIAN_POINT ( 'NONE',  ( 1.364926282753376130, 5.899000000000001798, -1.325539323432871841 ) ) ;
#545 = CARTESIAN_POINT ( 'NONE',  ( 2.061670429302303376, 5.899000000000002686, -0.3946546963766472405 ) ) ;
#546 = EDGE_CURVE ( 'NONE', #1881, #571, #2422, .T. ) ;
#547 = VERTEX_POINT ( 'NONE', #55 ) ;
#548 = CARTESIAN_POINT ( 'NONE',  ( 1.978994649354638646, 5.900000000000003908, 1.472347058504805517 ) ) ;
#549 = CARTESIAN_POINT ( 'NONE',  ( -1.520317719290578351, 5.900000000000003908, -1.298110620653053937 ) ) ;
#550 = PRODUCT_DEFINITION_FORMATION_WITH_SPECIFIED_SOURCE ( 'ANY', '', #1379, .NOT_KNOWN. ) ;
#551 = CARTESIAN_POINT ( 'NONE',  ( 2.099708923277392447, 5.899999999999999467, 1.254312802425240125 ) ) ;
#552 = PLANE ( 'NONE',  #1234 ) ;
#553 = CARTESIAN_POINT ( 'NONE',  ( 3.595625898269109388, 5.899000000000002686, 0.1942701601122829302 ) ) ;
#554 = B_SPLINE_CURVE_WITH_KNOTS ( 'NONE', 3,
 ( #639, #664, #1434, #2389, #1980, #827, #1603, #462, #1798, #1987, #1990, #2201, #2209, #1621, #96 ),
 .UNSPECIFIED., .F., .F.,
 ( 4, 1, 1, 1, 1, 1, 1, 1, 1, 1, 1, 1, 4 ),
 ( 0.0000000000000000000, 8.708671100544423070E-05, 0.0001780617332384350855, 0.0002730300704909291269, 0.0003718012496311143365, 0.0004747508401416089714, 0.0005815220885680587098, 0.0006930338629344414770, 0.0008086747820546482573, 0.001042968009781941770, 0.001274527888101373600, 0.001503973755538354998, 0.001732280301245401125 ),
 .UNSPECIFIED. ) ;
#555 = CARTESIAN_POINT ( 'NONE',  ( 3.092714686928150325, 5.899000000000000021, 2.008585034460582897 ) ) ;
#556 = CARTESIAN_POINT ( 'NONE',  ( 2.061670429302303376, 5.899000000000031996, -0.3946546963766472405 ) ) ;
#557 = CARTESIAN_POINT ( 'NONE',  ( 2.933717755745862910, 5.899000000000000021, 1.640727028549557209 ) ) ;
#558 = FACE_OUTER_BOUND ( 'NONE', #2380, .T. ) ;
#559 = EDGE_CURVE ( 'NONE', #1242, #1564, #1259, .T. ) ;
#560 = PLANE ( 'NONE',  #2259 ) ;
#561 = CARTESIAN_POINT ( 'NONE',  ( 3.228008689402141584, 5.899999999999997691, 0.1206913043526730567 ) ) ;
#562 = CARTESIAN_POINT ( 'NONE',  ( 3.832875000702093971, 5.899000000000001798, -2.030667528561076907 ) ) ;
#563 = LINE ( 'NONE', #1502, #620 ) ;
#564 = CARTESIAN_POINT ( 'NONE',  ( 1.825121253129110555, 5.899000000000032884, -0.5655951000215602154 ) ) ;
#565 = ORIENTED_EDGE ( 'NONE', *, *, #991, .F. ) ;
#566 = DIRECTION ( 'NONE',  ( 1.000000000000000000, 0.0000000000000000000, -0.0000000000000000000 ) ) ;
#567 = FACE_OUTER_BOUND ( 'NONE', #802, .T. ) ;
#568 = EDGE_LOOP ( 'NONE', ( #1104, #716, #598, #1753 ) ) ;
#569 = CARTESIAN_POINT ( 'NONE',  ( 3.595625898269108056, 5.899000000000001798, -1.728806762964639976 ) ) ;
#570 = DIRECTION ( 'NONE',  ( 0.0000000000000000000, 0.0000000000000000000, -1.000000000000000000 ) ) ;
#571 = VERTEX_POINT ( 'NONE', #2181 ) ;
#572 = DIRECTION ( 'NONE',  ( 0.0000000000000000000, -0.0000000000000000000, 1.000000000000000000 ) ) ;
#573 = CARTESIAN_POINT ( 'NONE',  ( 2.099708923277392447, 5.899000000000006239, 1.254312802425240125 ) ) ;
#574 = ORIENTED_EDGE ( 'NONE', *, *, #793, .T. ) ;
#575 = CARTESIAN_POINT ( 'NONE',  ( 1.364926282753376130, 5.899000000000001798, -1.005026502920051357 ) ) ;
#576 = ORIENTED_EDGE ( 'NONE', *, *, #798, .T. ) ;
#577 = EDGE_CURVE ( 'NONE', #172, #363, #158, .T. ) ;
#578 = DIRECTION ( 'NONE',  ( 1.000000000000000000, 0.0000000000000000000, -0.0000000000000000000 ) ) ;
#579 = CARTESIAN_POINT ( 'NONE',  ( 5.249999999999997335, 5.900000000000000355, -4.250000000000000000 ) ) ;
#580 = ORIENTED_EDGE ( 'NONE', *, *, #1387, .F. ) ;
#581 = PRESENTATION_LAYER_ASSIGNMENT (  '', '', ( #68 ) ) ;
#582 = CARTESIAN_POINT ( 'NONE',  ( -1.637737404329943081, 5.898999999999999133, 0.5654649698981365491 ) ) ;
#583 = CARTESIAN_POINT ( 'NONE',  ( 3.313413708703465410, 5.899000000000000909, -2.099381894696490392 ) ) ;
#584 = CARTESIAN_POINT ( 'NONE',  ( -1.850788979133095147, 5.899500000000000632, -1.233555896243599737 ) ) ;
#585 = SURFACE_SIDE_STYLE ('',( #2494 ) ) ;
#586 = CARTESIAN_POINT ( 'NONE',  ( -2.793422049999235490, 5.900000000000002132, 0.2299165447012879726 ) ) ;
#587 = PLANE ( 'NONE',  #1691 ) ;
#588 = EDGE_CURVE ( 'NONE', #2470, #1614, #1641, .T. ) ;
#589 = VECTOR ( 'NONE', #1566, 1000.000000000000000 ) ;
#590 = DIRECTION ( 'NONE',  ( 0.0000000000000000000, 0.0000000000000000000, -1.000000000000000000 ) ) ;
#591 = VECTOR ( 'NONE', #1785, 1000.000000000000000 ) ;
#592 = CARTESIAN_POINT ( 'NONE',  ( 3.325592113441857123, 5.899000000000001798, -1.778594945237832459 ) ) ;
#593 = CARTESIAN_POINT ( 'NONE',  ( 3.080219237387048725, 5.899999999999992362, -2.162669873868121595 ) ) ;
#594 = DIRECTION ( 'NONE',  ( -0.0000000000000000000, -1.000000000000000000, 0.0000000000000000000 ) ) ;
#595 = CARTESIAN_POINT ( 'NONE',  ( -1.044379530314190507, 5.899000000000001798, 1.357630717929626973 ) ) ;
#596 = LINE ( 'NONE', #1034, #1237 ) ;
#597 = DIRECTION ( 'NONE',  ( 1.000000000000000000, 0.0000000000000000000, 0.0000000000000000000 ) ) ;
#598 = ORIENTED_EDGE ( 'NONE', *, *, #2286, .F. ) ;
#599 = AXIS2_PLACEMENT_3D ( 'NONE', #604, #409, #578 ) ;
#600 = VECTOR ( 'NONE', #436, 1000.000000000000000 ) ;
#601 = ORIENTED_EDGE ( 'NONE', *, *, #1471, .F. ) ;
#602 = CARTESIAN_POINT ( 'NONE',  ( 3.206058409433100831, 5.900000000000001243, -0.2044385584183596727 ) ) ;
#603 = ORIENTED_EDGE ( 'NONE', *, *, #689, .F. ) ;
#604 = CARTESIAN_POINT ( 'NONE',  ( -4.424999999999998934, -0.1000000000000000056, -4.000000000000000000 ) ) ;
#605 = B_SPLINE_CURVE_WITH_KNOTS ( 'NONE', 3,
 ( #1630, #1645, #1451, #860 ),
 .UNSPECIFIED., .F., .F.,
 ( 4, 4 ),
 ( 0.0000000000000000000, 0.001824097492115389456 ),
 .UNSPECIFIED. ) ;
#606 = ORIENTED_EDGE ( 'NONE', *, *, #1052, .F. ) ;
#607 = CARTESIAN_POINT ( 'NONE',  ( 1.685439103266197280, 5.900000000000000355, 5.900000000000000355 ) ) ;
#608 = CARTESIAN_POINT ( 'NONE',  ( 3.772551277807187020, 5.899000000000001798, 1.810730873750906245 ) ) ;
#609 = EDGE_CURVE ( 'NONE', #1928, #1719, #1908, .T. ) ;
#610 = CARTESIAN_POINT ( 'NONE',  ( 2.061670429302302932, 5.900000000000000355, -2.317731619453569980 ) ) ;
#611 = PLANE ( 'NONE',  #2400 ) ;
#612 = MECHANICAL_DESIGN_GEOMETRIC_PRESENTATION_REPRESENTATION (  '', ( #49 ), #3 ) ;
#613 = CARTESIAN_POINT ( 'NONE',  ( 1.921736544648319667, 5.899999999999999467, -0.7800301746244974188 ) ) ;
#614 = CARTESIAN_POINT ( 'NONE',  ( 0.5619496035440766368, 5.900000000000000355, -0.04210589624360546596 ) ) ;
#615 = ORIENTED_EDGE ( 'NONE', *, *, #95, .T. ) ;
#616 = CARTESIAN_POINT ( 'NONE',  ( -4.312341222300321242, 5.899000000000001798, 4.250000000000000000 ) ) ;
#617 = CARTESIAN_POINT ( 'NONE',  ( 1.753156495404467607, 5.900000000000000355, -2.546889751459242568 ) ) ;
#618 =( NAMED_UNIT ( * ) PLANE_ANGLE_UNIT ( ) SI_UNIT ( $, .RADIAN. ) );
#619 = COLOUR_RGB ( '',0.1882352941176470562, 0.2039215686274509776, 0.2039215686274509776 ) ;
#620 = VECTOR ( 'NONE', #736, 1000.000000000000000 ) ;
#621 = CARTESIAN_POINT ( 'NONE',  ( -0.8208460657472711475, 5.899000000000001798, -0.8950850301018700161 ) ) ;
#622 = ORIENTED_EDGE ( 'NONE', *, *, #814, .T. ) ;
#623 = AXIS2_PLACEMENT_3D ( 'NONE', #1213, #223, #997 ) ;
#624 = CARTESIAN_POINT ( 'NONE',  ( 1.685439103266197058, 5.899000000000001798, 2.520614522720974637 ) ) ;
#625 = FACE_OUTER_BOUND ( 'NONE', #774, .T. ) ;
#626 = CARTESIAN_POINT ( 'NONE',  ( 3.653942329830224267, 5.899000000000001798, -2.044773161087904079 ) ) ;
#627 = ORIENTED_EDGE ( 'NONE', *, *, #2238, .F. ) ;
#628 = CARTESIAN_POINT ( 'NONE',  ( 0.4259051153550916791, 5.899000000000001798, -1.474869675771165234 ) ) ;
#629 = FILL_AREA_STYLE_COLOUR ( '', #283 ) ;
#630 = ORIENTED_EDGE ( 'NONE', *, *, #653, .F. ) ;
#631 = CARTESIAN_POINT ( 'NONE',  ( -2.181239766534675439, 5.899000000000001798, -1.169006289944391153 ) ) ;
#632 = ORIENTED_EDGE ( 'NONE', *, *, #1181, .F. ) ;
#633 = DIRECTION ( 'NONE',  ( -1.000000000000000000, -0.0000000000000000000, 0.0000000000000000000 ) ) ;
#634 = VERTEX_POINT ( 'NONE', #1631 ) ;
#635 = DIRECTION ( 'NONE',  ( -1.000000000000000000, -0.0000000000000000000, 0.0000000000000000000 ) ) ;
#636 = ORIENTED_EDGE ( 'NONE', *, *, #783, .F. ) ;
#637 = CARTESIAN_POINT ( 'NONE',  ( 3.756811692833441629, 5.900000000000000355, 0.2105725179312210038 ) ) ;
#638 = CARTESIAN_POINT ( 'NONE',  ( 2.196219315816506867, 5.899000000000002686, -2.536377801513575836 ) ) ;
#639 = CARTESIAN_POINT ( 'NONE',  ( 1.624341346855940227, 5.900000000000001243, -1.005026502920051357 ) ) ;
#640 = EDGE_CURVE ( 'NONE', #2036, #1805, #1667, .T. ) ;
#641 = FILL_AREA_STYLE ('',( #1028 ) ) ;
#642 = CARTESIAN_POINT ( 'NONE',  ( -4.312341222300321242, 5.899000000000001798, -4.250000000000000000 ) ) ;
#643 = CARTESIAN_POINT ( 'NONE',  ( 1.839870291257381441, 5.900000000000002132, -2.758608737229789387 ) ) ;
#644 = ADVANCED_FACE ( 'NONE', ( #378 ), #394, .F. ) ;
#645 = CARTESIAN_POINT ( 'NONE',  ( 3.595625898269108056, 5.899999999999997691, -1.728806762964639976 ) ) ;
#646 = CARTESIAN_POINT ( 'NONE',  ( -1.131761026377192003, 5.899000000000001798, -0.4942397545113230706 ) ) ;
#647 = LINE ( 'NONE', #2062, #226 ) ;
#648 = DIRECTION ( 'NONE',  ( 0.0000000000000000000, 0.0000000000000000000, 1.000000000000000000 ) ) ;
#649 = LINE ( 'NONE', #1032, #1993 ) ;
#650 = VECTOR ( 'NONE', #2158, 1000.000000000000000 ) ;
#651 = CARTESIAN_POINT ( 'NONE',  ( 1.763367084544057661, 5.900000000000003020, -2.814776868107977670 ) ) ;
#652 = ORIENTED_EDGE ( 'NONE', *, *, #526, .F. ) ;
#653 = EDGE_CURVE ( 'NONE', #1925, #1777, #1155, .T. ) ;
#654 = ORIENTED_EDGE ( 'NONE', *, *, #1504, .F. ) ;
#655 = DIRECTION ( 'NONE',  ( 0.0000000000000000000, 0.0000000000000000000, 1.000000000000000000 ) ) ;
#656 = FACE_OUTER_BOUND ( 'NONE', #1045, .T. ) ;
#657 = VERTEX_POINT ( 'NONE', #853 ) ;
#658 = AXIS2_PLACEMENT_3D ( 'NONE', #1223, #2188, #66 ) ;
#659 = ADVANCED_FACE ( 'NONE', ( #707 ), #98, .T. ) ;
#660 = CARTESIAN_POINT ( 'NONE',  ( 3.595625898269107612, 5.899000000000024002, 2.117347083189204504 ) ) ;
#661 = ORIENTED_EDGE ( 'NONE', *, *, #1352, .F. ) ;
#662 = CARTESIAN_POINT ( 'NONE',  ( 2.099708923277393779, 5.900000000000003908, -2.591841043728606131 ) ) ;
#663 = EDGE_LOOP ( 'NONE', ( #2230, #1465, #1122, #1976 ) ) ;
#664 = CARTESIAN_POINT ( 'NONE',  ( 1.646404036549775407, 5.899999999999995026, -0.9861602352529510451 ) ) ;
#665 = CARTESIAN_POINT ( 'NONE',  ( -1.044379530314190285, 5.899000000000001798, 1.357630717929626307 ) ) ;
#666 = CARTESIAN_POINT ( 'NONE',  ( 1.978994649354638646, 5.899000000000030219, 1.472347058504805517 ) ) ;
#667 = EDGE_CURVE ( 'NONE', #365, #4, #104, .T. ) ;
#668 = CARTESIAN_POINT ( 'NONE',  ( 1.763367084544057661, 5.899000000000002686, -2.814776868107977670 ) ) ;
#669 = ADVANCED_FACE ( 'NONE', ( #286 ), #2214, .T. ) ;
#670 = CARTESIAN_POINT ( 'NONE',  ( 2.061670429302302932, 5.899999999999995026, 1.528422226700275832 ) ) ;
#671 = CARTESIAN_POINT ( 'NONE',  ( -1.044379530314190285, 5.900000000000000355, 1.357630717929626307 ) ) ;
#672 = EDGE_CURVE ( 'NONE', #2036, #657, #2023, .T. ) ;
#673 = SURFACE_SIDE_STYLE ('',( #708 ) ) ;
#674 = LINE ( 'NONE', #1314, #1132 ) ;
#675 = CARTESIAN_POINT ( 'NONE',  ( 3.080219237387048725, 5.899999999999995914, 1.683483972285724217 ) ) ;
#676 = CARTESIAN_POINT ( 'NONE',  ( 3.832875000702093971, 5.900000000000000355, -2.030667528561076907 ) ) ;
#677 = SURFACE_STYLE_FILL_AREA ( #1574 ) ;
#678 = CARTESIAN_POINT ( 'NONE',  ( 3.092714686928150325, 5.899999999999994138, 2.008585034460582897 ) ) ;
#679 = CARTESIAN_POINT ( 'NONE',  ( 0.5619496035440766368, 5.899000000000001798, -0.04210589624360546596 ) ) ;
#680 = FACE_OUTER_BOUND ( 'NONE', #869, .T. ) ;
#681 = LINE ( 'NONE', #715, #85 ) ;
#682 = ADVANCED_FACE ( 'NONE', ( #162 ), #1261, .F. ) ;
#683 = COLOUR_RGB ( '',0.8274509803921568096, 0.8392156862745098200, 0.8274509803921568096 ) ;
#684 = APPLICATION_CONTEXT ( 'automotive_design' ) ;
#685 = ORIENTED_EDGE ( 'NONE', *, *, #1858, .T. ) ;
#686 = CARTESIAN_POINT ( 'NONE',  ( 5.249999999999997335, 0.0000000000000000000, -4.000000000000000000 ) ) ;
#687 = CARTESIAN_POINT ( 'NONE',  ( 1.825121253129110555, 5.900000000000001243, -0.5655951000215602154 ) ) ;
#688 = EDGE_LOOP ( 'NONE', ( #2282, #1016, #2100, #636, #2437, #1446, #714, #1270 ) ) ;
#689 = EDGE_CURVE ( 'NONE', #1272, #204, #374, .T. ) ;
#690 = DIRECTION ( 'NONE',  ( 0.0000000000000000000, 0.0000000000000000000, -1.000000000000000000 ) ) ;
#691 = CARTESIAN_POINT ( 'NONE',  ( -1.787375593306315347, 5.899000000000001798, 1.154840954150104126 ) ) ;
#692 = VERTEX_POINT ( 'NONE', #871 ) ;
#693 = AXIS2_PLACEMENT_3D ( 'NONE', #2119, #2493, #405 ) ;
#694 = ORIENTED_EDGE ( 'NONE', *, *, #298, .T. ) ;
#695 = DIRECTION ( 'NONE',  ( 1.000000000000000000, 0.0000000000000000000, -0.0000000000000000000 ) ) ;
#696 = VERTEX_POINT ( 'NONE', #1064 ) ;
#697 = CARTESIAN_POINT ( 'NONE',  ( 1.045314170473210513, 5.900000000000000355, -0.07946810096801441847 ) ) ;
#698 = DIRECTION ( 'NONE',  ( 0.0000000000000000000, 0.0000000000000000000, -1.000000000000000000 ) ) ;
#699 =( NAMED_UNIT ( * ) SI_UNIT ( $, .STERADIAN. ) SOLID_ANGLE_UNIT ( ) );
#700 = CARTESIAN_POINT ( 'NONE',  ( -2.535054727164589572, 5.900000000000000355, -0.6680968411254809558 ) ) ;
#701 = EDGE_CURVE ( 'NONE', #9, #297, #2280, .T. ) ;
#702 = CARTESIAN_POINT ( 'NONE',  ( -4.062341222300320354, 5.899000000000001798, -4.250000000000000000 ) ) ;
#703 = CARTESIAN_POINT ( 'NONE',  ( 3.772551277807187020, 5.899000000000002686, -0.1123460493260166893 ) ) ;
#704 = FILL_AREA_STYLE ('',( #1312 ) ) ;
#705 = AXIS2_PLACEMENT_3D ( 'NONE', #890, #2402, #521 ) ;
#706 = ORIENTED_EDGE ( 'NONE', *, *, #1504, .T. ) ;
#707 = FACE_OUTER_BOUND ( 'NONE', #1717, .T. ) ;
#708 = SURFACE_STYLE_FILL_AREA ( #865 ) ;
#709 = CARTESIAN_POINT ( 'NONE',  ( -5.250000000000000000, 0.0000000000000000000, -5.900000000000000355 ) ) ;
#710 = FACE_OUTER_BOUND ( 'NONE', #1417, .T. ) ;
#711 = CARTESIAN_POINT ( 'NONE',  ( 1.624341346855940227, 5.900000000000002132, -2.928103425996974263 ) ) ;
#712 = ORIENTED_EDGE ( 'NONE', *, *, #1195, .F. ) ;
#713 = CARTESIAN_POINT ( 'NONE',  ( -2.224999999999998757, -0.1000000000000000056, -4.000000000000000000 ) ) ;
#714 = ORIENTED_EDGE ( 'NONE', *, *, #1570, .F. ) ;
#715 = CARTESIAN_POINT ( 'NONE',  ( 1.364926282753376130, 5.900000000000000355, 5.900000000000000355 ) ) ;
#716 = ORIENTED_EDGE ( 'NONE', *, *, #81, .F. ) ;
#717 = CARTESIAN_POINT ( 'NONE',  ( 3.595625898269109388, 5.900000000000001243, 0.1942701601122829302 ) ) ;
#718 = ORIENTED_EDGE ( 'NONE', *, *, #420, .T. ) ;
#719 = STYLED_ITEM ( 'NONE', ( #1849 ), #99 ) ;
#720 = CARTESIAN_POINT ( 'NONE',  ( 3.832875000702093971, 5.899000000000001798, 2.135999138105590500 ) ) ;
#721 = CARTESIAN_POINT ( 'NONE',  ( 1.624341346855940227, 5.899000000000012456, -1.005026502920051579 ) ) ;
#722 = ORIENTED_EDGE ( 'NONE', *, *, #672, .T. ) ;
#723 =( GEOMETRIC_REPRESENTATION_CONTEXT ( 3 ) GLOBAL_UNCERTAINTY_ASSIGNED_CONTEXT ( ( #2075 ) ) GLOBAL_UNIT_ASSIGNED_CONTEXT ( ( #69, #948, #1184 ) ) REPRESENTATION_CONTEXT ( 'NONE', 'WORKASPACE' ) );
#724 = CARTESIAN_POINT ( 'NONE',  ( 1.364926282753376130, 5.899000000000001798, -1.005026502920051357 ) ) ;
#725 = CARTESIAN_POINT ( 'NONE',  ( -5.250000000000000888, 5.900000000000000355, 5.900000000000000355 ) ) ;
#726 = CARTESIAN_POINT ( 'NONE',  ( 3.678172671413530104, 5.898999999999999133, 0.2035815244927750012 ) ) ;
#727 = CARTESIAN_POINT ( 'NONE',  ( 2.061670429302302932, 5.900000000000001243, 1.528422226700275832 ) ) ;
#728 = CARTESIAN_POINT ( 'NONE',  ( 2.224999999999999645, -0.1000000000000000056, 4.000000000000000888 ) ) ;
#729 = CARTESIAN_POINT ( 'NONE',  ( 1.624341346855940449, 5.900000000000001243, 0.9180504201568719935 ) ) ;
#730 = EDGE_CURVE ( 'NONE', #272, #2470, #1344, .T. ) ;
#731 = DIRECTION ( 'NONE',  ( 0.0000000000000000000, 0.0000000000000000000, 1.000000000000000000 ) ) ;
#732 = FACE_OUTER_BOUND ( 'NONE', #923, .T. ) ;
#733 = CARTESIAN_POINT ( 'NONE',  ( 3.595625898269107612, 5.899999999999998579, 2.117347083189204504 ) ) ;
#734 = CARTESIAN_POINT ( 'NONE',  ( -1.850788979133095147, 5.899500000000000632, -1.233555896243599737 ) ) ;
#735 = VECTOR ( 'NONE', #1202, 1000.000000000000000 ) ;
#736 = DIRECTION ( 'NONE',  ( 0.0000000000000000000, 0.0000000000000000000, -1.000000000000000000 ) ) ;
#737 = VECTOR ( 'NONE', #2413, 1000.000000000000000 ) ;
#738 = SURFACE_STYLE_USAGE ( .BOTH. , #1495 ) ;
#739 = CARTESIAN_POINT ( 'NONE',  ( 3.228008689402141584, 5.898999999999998245, 0.1206913043526730567 ) ) ;
#740 = B_SPLINE_CURVE_WITH_KNOTS ( 'NONE', 3,
 ( #50, #222, #637, #438, #1097, #1081, #1635, #1837, #2022, #502, #1265, #876, #111, #2417, #2046, #1449, #2229, #2040, #493, #687, #1850, #119, #1442 ),
 .UNSPECIFIED., .F., .F.,
 ( 4, 1, 1, 1, 1, 1, 1, 1, 1, 1, 1, 1, 1, 1, 1, 1, 1, 1, 1, 1, 4 ),
 ( 0.0000000000000000000, 7.468482994227853557E-05, 0.0001535849544454499598, 0.0002367687369068172446, 0.0003238909221840657817, 0.0004150510690830320950, 0.0005113155905303158697, 0.0006117750655269868889, 0.0007163679834634648341, 0.0009307093815312867573, 0.001145311004589705988, 0.001361228797943032096, 0.001579404776704361815, 0.001687308768314011364, 0.001792441090592680362, 0.001895386658802698365, 0.001995263922069345948, 0.002092144023255531823, 0.002187112611989219454, 0.002279649168718868215, 0.002369779912332168822 ),
 .UNSPECIFIED. ) ;
#741 = ORIENTED_EDGE ( 'NONE', *, *, #1195, .T. ) ;
#742 = CARTESIAN_POINT ( 'NONE',  ( 2.238490862292150663, 5.900000000000001243, 1.637891429838098212 ) ) ;
#743 = CARTESIAN_POINT ( 'NONE',  ( 2.363062281977600598, 5.899000000000031996, -0.2134815077863128907 ) ) ;
#744 = ORIENTED_EDGE ( 'NONE', *, *, #2017, .F. ) ;
#745 = ORIENTED_EDGE ( 'NONE', *, *, #2383, .T. ) ;
#746 = CARTESIAN_POINT ( 'NONE',  ( 3.080219237387048725, 5.899000000000000021, 1.683483972285724217 ) ) ;
#747 = VERTEX_POINT ( 'NONE', #2033 ) ;
#748 = PLANE ( 'NONE',  #599 ) ;
#749 = CARTESIAN_POINT ( 'NONE',  ( 0.5619496035440766368, 5.899000000000001798, -0.04210589624360546596 ) ) ;
#750 = CARTESIAN_POINT ( 'NONE',  ( 1.364926282753376130, 5.900000000000000355, -1.325539323432871397 ) ) ;
#751 =( GEOMETRIC_REPRESENTATION_CONTEXT ( 3 ) GLOBAL_UNCERTAINTY_ASSIGNED_CONTEXT ( ( #1816 ) ) GLOBAL_UNIT_ASSIGNED_CONTEXT ( ( #2207, #1244, #1806 ) ) REPRESENTATION_CONTEXT ( 'NONE', 'WORKASPACE' ) );
#752 = VERTEX_POINT ( 'NONE', #89 ) ;
#753 = DIRECTION ( 'NONE',  ( -0.0000000000000000000, -1.000000000000000000, 0.0000000000000000000 ) ) ;
#754 = CARTESIAN_POINT ( 'NONE',  ( 2.721423823803930553, 5.899000000000031996, -0.04279010955584168496 ) ) ;
#755 = CARTESIAN_POINT ( 'NONE',  ( 1.685439103266197058, 5.899000000000001798, -1.325539323432871841 ) ) ;
#756 = PLANE ( 'NONE',  #2053 ) ;
#757 =( NAMED_UNIT ( * ) PLANE_ANGLE_UNIT ( ) SI_UNIT ( $, .RADIAN. ) );
#758 = PLANE ( 'NONE',  #1529 ) ;
#759 = B_SPLINE_CURVE_WITH_KNOTS ( 'NONE', 3,
 ( #877, #516, #2043, #1074, #489, #1830, #1092, #1822, #2438, #678, #1260, #1444, #2418, #1276, #308, #1293, #670, #2010, #289, #1136, #1896, #1311, #936 ),
 .UNSPECIFIED., .F., .F.,
 ( 4, 1, 1, 1, 1, 1, 1, 1, 1, 1, 1, 1, 1, 1, 1, 1, 1, 1, 1, 1, 4 ),
 ( 0.0000000000000000000, 7.468482994227845426E-05, 0.0001535849544454498243, 0.0002367687369068170278, 0.0003238909221840654564, 0.0004150510690830317697, 0.0005113155905303153276, 0.0006117750655269863468, 0.0007163679834634641835, 0.0009307093815312857815, 0.001145311004589704687, 0.001361228797943030795, 0.001579404776704360297, 0.001687308768314009630, 0.001792441090592678844, 0.001895386658802696630, 0.001995263922069343780, 0.002092144023255529655, 0.002187112611989216852, 0.002279649168718865613, 0.002369779912332166220 ),
 .UNSPECIFIED. ) ;
#760 = DIRECTION ( 'NONE',  ( 0.0000000000000000000, -0.0000000000000000000, 1.000000000000000000 ) ) ;
#761 = CARTESIAN_POINT ( 'NONE',  ( 2.196219315816507311, 5.899000000000009791, 1.309776044640271087 ) ) ;
#762 = CARTESIAN_POINT ( 'NONE',  ( 1.685439103266197058, 5.899000000000001798, 2.520614522720974637 ) ) ;
#763 = PRESENTATION_LAYER_ASSIGNMENT (  '', '', ( #515 ) ) ;
#764 =( LENGTH_UNIT ( ) NAMED_UNIT ( * ) SI_UNIT ( .MILLI., .METRE. ) );
#765 = CARTESIAN_POINT ( 'NONE',  ( 1.624341346855940227, 5.900000000000002132, -2.928103425996974263 ) ) ;
#766 = VECTOR ( 'NONE', #343, 1000.000000000000000 ) ;
#767 = CARTESIAN_POINT ( 'NONE',  ( -1.850788979133095147, 5.899500000000000632, -1.233555896243599737 ) ) ;
#768 = FACE_OUTER_BOUND ( 'NONE', #1331, .T. ) ;
#769 = FILL_AREA_STYLE_COLOUR ( '', #1208 ) ;
#770 = LINE ( 'NONE', #2364, #1943 ) ;
#771 = CARTESIAN_POINT ( 'NONE',  ( 2.147975467092749113, 5.899000000000029331, -0.3390551845373978024 ) ) ;
#772 = VECTOR ( 'NONE', #2206, 1000.000000000000000 ) ;
#773 = CARTESIAN_POINT ( 'NONE',  ( 3.313413708703465410, 5.899000000000001798, 1.746771951457355199 ) ) ;
#774 = EDGE_LOOP ( 'NONE', ( #139, #1657, #1147, #1205 ) ) ;
#775 = SURFACE_STYLE_USAGE ( .BOTH. , #2293 ) ;
#776 = DIRECTION ( 'NONE',  ( 1.000000000000000000, 0.0000000000000000000, -0.0000000000000000000 ) ) ;
#777 = DIRECTION ( 'NONE',  ( 0.0000000000000000000, -0.0000000000000000000, -1.000000000000000000 ) ) ;
#778 = ORIENTED_EDGE ( 'NONE', *, *, #2050, .T. ) ;
#779 = CARTESIAN_POINT ( 'NONE',  ( 3.228008689402141584, 5.899000000000027555, 0.1206913043526730567 ) ) ;
#780 = ORIENTED_EDGE ( 'NONE', *, *, #588, .F. ) ;
#781 = CARTESIAN_POINT ( 'NONE',  ( 3.153287660958504990, 5.899000000000001798, -2.141344611894409944 ) ) ;
#782 = ORIENTED_EDGE ( 'NONE', *, *, #1893, .F. ) ;
#783 = EDGE_CURVE ( 'NONE', #861, #965, #1346, .T. ) ;
#784 = CARTESIAN_POINT ( 'NONE',  ( 3.228008689402142029, 5.899000000000001798, -1.802385618724249960 ) ) ;
#785 = CARTESIAN_POINT ( 'NONE',  ( 3.153287660958504990, 5.900000000000000355, -2.141344611894409944 ) ) ;
#786 = CARTESIAN_POINT ( 'NONE',  ( 3.832875000702093971, 5.900000000000000355, 5.900000000000000355 ) ) ;
#787 = CARTESIAN_POINT ( 'NONE',  ( 3.772551277807187020, 5.899000000000001798, -0.1123460493260166893 ) ) ;
#788 = CARTESIAN_POINT ( 'NONE',  ( 2.922600776668797806, 5.900000000000000355, -1.889835145122735538 ) ) ;
#789 = B_SPLINE_CURVE_WITH_KNOTS ( 'NONE', 3,
 ( #433, #216, #971, #1957, #16, #1561, #416, #1382, #978, #1761, #987, #2144, #439, #2335, #2343, #1776, #1374, #1194, #231, #2150, #1189, #43, #1369 ),
 .UNSPECIFIED., .F., .F.,
 ( 4, 1, 1, 1, 1, 1, 1, 1, 1, 1, 1, 1, 1, 1, 1, 1, 1, 1, 1, 1, 4 ),
 ( 0.0000000000000000000, 7.468482994227872531E-05, 0.0001535849544454502850, 0.0002367687369068177596, 0.0003238909221840664864, 0.0004150510690830330708, 0.0005113155905303169539, 0.0006117750655269881899, 0.0007163679834634663519, 0.0009307093815312888173, 0.001145311004589708590, 0.001361228797943035349, 0.001579404776704365502, 0.001687308768314015267, 0.001792441090592684265, 0.001895386658802702485, 0.001995263922069350285, 0.002092144023255536160, 0.002187112611989223358, 0.002279649168718872552, 0.002369779912332173593 ),
 .UNSPECIFIED. ) ;
#790 = CARTESIAN_POINT ( 'NONE',  ( 3.153287660958504990, 5.900000000000000355, -0.2182676888174871765 ) ) ;
#791 = CARTESIAN_POINT ( 'NONE',  ( 3.832875000702093971, 5.900000000000000355, -0.1075906054841537229 ) ) ;
#792 = FACE_OUTER_BOUND ( 'NONE', #956, .T. ) ;
#793 = EDGE_CURVE ( 'NONE', #1212, #1394, #1134, .T. ) ;
#794 = VECTOR ( 'NONE', #1522, 1000.000000000000000 ) ;
#795 = CARTESIAN_POINT ( 'NONE',  ( 3.153287660958504990, 5.899000000000001798, 1.704809234259435868 ) ) ;
#796 = CARTESIAN_POINT ( 'NONE',  ( -4.312341222300321242, 5.899000000000001798, 4.250000000000000000 ) ) ;
#797 = VECTOR ( 'NONE', #1968, 1000.000000000000000 ) ;
#798 = EDGE_CURVE ( 'NONE', #297, #136, #2148, .T. ) ;
#799 = CARTESIAN_POINT ( 'NONE',  ( 2.238490862292151107, 5.899999999999998579, -2.208262416315748045 ) ) ;
#800 = DIRECTION ( 'NONE',  ( -1.000000000000000000, -0.0000000000000000000, 0.0000000000000000000 ) ) ;
#801 = CARTESIAN_POINT ( 'NONE',  ( 2.933717755745862910, 5.899000000000000021, -0.2823498945273659189 ) ) ;
#802 = EDGE_LOOP ( 'NONE', ( #1973, #1332, #841, #294 ) ) ;
#803 = PRESENTATION_LAYER_ASSIGNMENT (  '', '', ( #2274 ) ) ;
#804 = LINE ( 'NONE', #228, #952 ) ;
#805 = ORIENTED_EDGE ( 'NONE', *, *, #609, .F. ) ;
#806 = DIRECTION ( 'NONE',  ( 1.000000000000000000, 0.0000000000000000000, -0.0000000000000000000 ) ) ;
#807 = VERTEX_POINT ( 'NONE', #1622 ) ;
#808 = CARTESIAN_POINT ( 'NONE',  ( 2.363062281977600154, 5.899000000000003574, -2.136558430863236158 ) ) ;
#809 = CARTESIAN_POINT ( 'NONE',  ( 0.0000000000000000000, 0.0000000000000000000, 0.0000000000000000000 ) ) ;
#810 = ORIENTED_EDGE ( 'NONE', *, *, #1701, .T. ) ;
#811 = CARTESIAN_POINT ( 'NONE',  ( 1.763367084544057661, 5.899000000000001798, -0.8916999450310536535 ) ) ;
#812 = VERTEX_POINT ( 'NONE', #1663 ) ;
#813 = CARTESIAN_POINT ( 'NONE',  ( 1.364926282753376130, 5.900000000000000355, -1.005026502920051135 ) ) ;
#814 = EDGE_CURVE ( 'NONE', #2233, #2071, #2243, .T. ) ;
#815 = ORIENTED_EDGE ( 'NONE', *, *, #1650, .T. ) ;
#816 = CARTESIAN_POINT ( 'NONE',  ( 0.5619496035440766368, 5.900000000000000355, -0.04210589624360546596 ) ) ;
#817 = PRESENTATION_LAYER_ASSIGNMENT (  '', '', ( #1419 ) ) ;
#818 = CARTESIAN_POINT ( 'NONE',  ( 1.691514487058582983, 5.899000000000001798, -0.9475853449883029356 ) ) ;
#819 = CARTESIAN_POINT ( 'NONE',  ( 2.224999999999999645, 0.0000000000000000000, -4.000000000000001776 ) ) ;
#820 = CARTESIAN_POINT ( 'NONE',  ( -1.412683861022860032, 5.899000000000001798, -0.8137633765585591261 ) ) ;
#821 = CARTESIAN_POINT ( 'NONE',  ( 2.061670429302302932, 5.899000000000002686, -2.317731619453569980 ) ) ;
#822 = CARTESIAN_POINT ( 'NONE',  ( -1.901340553936240241, 5.900000000000003020, -0.8863279434876946139 ) ) ;
#823 = CARTESIAN_POINT ( 'NONE',  ( 2.196219315816507311, 5.900000000000002132, -0.6133008784366528188 ) ) ;
#824 = VECTOR ( 'NONE', #2445, 1000.000000000000000 ) ;
#825 = CARTESIAN_POINT ( 'NONE',  ( 1.921736544648319889, 5.899000000000001798, -2.703107097701420880 ) ) ;
#826 = EDGE_CURVE ( 'NONE', #1799, #547, #2089, .T. ) ;
#827 = CARTESIAN_POINT ( 'NONE',  ( 1.921736544648319667, 5.899999999999993250, -0.7800301746244974188 ) ) ;
#828 = PLANE ( 'NONE',  #1559 ) ;
#829 = FACE_OUTER_BOUND ( 'NONE', #1829, .T. ) ;
#830 = LINE ( 'NONE', #278, #888 ) ;
#831 = CARTESIAN_POINT ( 'NONE',  ( 4.424999999999998934, -0.1000000000000000056, 4.000000000000000888 ) ) ;
#832 = ADVANCED_FACE ( 'NONE', ( #1457 ), #1500, .T. ) ;
#833 = CARTESIAN_POINT ( 'NONE',  ( 4.424999999999998934, -0.1000000000000000056, -4.000000000000000888 ) ) ;
#834 = ORIENTED_EDGE ( 'NONE', *, *, #1827, .F. ) ;
#835 = COLOUR_RGB ( '',0.8274509803921568096, 0.8392156862745098200, 0.8274509803921568096 ) ;
#836 = CARTESIAN_POINT ( 'NONE',  ( 1.921736544648319889, 5.900000000000002132, -2.703107097701420880 ) ) ;
#837 = EDGE_LOOP ( 'NONE', ( #1297, #899, #1712, #932 ) ) ;
#838 = CARTESIAN_POINT ( 'NONE',  ( 3.313413708703465410, 5.899999999999995026, 1.746771951457355199 ) ) ;
#839 = CARTESIAN_POINT ( 'NONE',  ( 1.685439103266197280, 5.900000000000000355, 5.900000000000000355 ) ) ;
#840 = ORIENTED_EDGE ( 'NONE', *, *, #2003, .F. ) ;
#841 = ORIENTED_EDGE ( 'NONE', *, *, #2101, .T. ) ;
#842 = CARTESIAN_POINT ( 'NONE',  ( 1.825121253129110555, 5.899000000000029331, 1.357481823055363357 ) ) ;
#843 = ADVANCED_BREP_SHAPE_REPRESENTATION ( 'Coilcraft-XAL1060', ( #2266, #1280 ), #2179 ) ;
#844 = ORIENTED_EDGE ( 'NONE', *, *, #78, .T. ) ;
#845 = EDGE_CURVE ( 'NONE', #812, #1394, #1233, .T. ) ;
#846 = SURFACE_STYLE_USAGE ( .BOTH. , #1410 ) ;
#847 = ADVANCED_FACE ( 'NONE', ( #2215 ), #2439, .T. ) ;
#848 = CARTESIAN_POINT ( 'NONE',  ( 3.678172671413531880, 5.899999999999997691, -1.719495398584147905 ) ) ;
#849 = CARTESIAN_POINT ( 'NONE',  ( -1.131761026377192003, 5.900000000000000355, -0.4942397545113230706 ) ) ;
#850 = EDGE_CURVE ( 'NONE', #2129, #2232, #443, .T. ) ;
#851 = CARTESIAN_POINT ( 'NONE',  ( 2.933717755745862910, 5.899000000000000021, -2.205426817604288825 ) ) ;
#852 = CARTESIAN_POINT ( 'NONE',  ( -1.850788979133095369, 5.900000000000000355, -1.233555896243599737 ) ) ;
#853 = CARTESIAN_POINT ( 'NONE',  ( 1.624341346855940227, 5.900000000000001243, 0.9180504201568718825 ) ) ;
#854 = LINE ( 'NONE', #867, #1065 ) ;
#855 = ADVANCED_FACE ( 'NONE', ( #191 ), #406, .F. ) ;
#856 = CARTESIAN_POINT ( 'NONE',  ( 1.753156495404467607, 5.899000000000027555, 1.299264094694603688 ) ) ;
#857 = CARTESIAN_POINT ( 'NONE',  ( 0.5668322807094263727, 5.898999999999999133, -0.3954141639601409519 ) ) ;
#858 = LINE ( 'NONE', #2404, #2309 ) ;
#859 = EDGE_CURVE ( 'NONE', #136, #1562, #647, .T. ) ;
#860 = CARTESIAN_POINT ( 'NONE',  ( -1.050408664172459927, 5.900000000000000355, 0.8041224502130936980 ) ) ;
#861 = VERTEX_POINT ( 'NONE', #539 ) ;
#862 = CARTESIAN_POINT ( 'NONE',  ( 1.364926282753376130, 5.899000000000001798, 0.5975375996440512871 ) ) ;
#863 = EDGE_LOOP ( 'NONE', ( #238, #169, #148 ) ) ;
#864 =( GEOMETRIC_REPRESENTATION_CONTEXT ( 3 ) GLOBAL_UNCERTAINTY_ASSIGNED_CONTEXT ( ( #1301 ) ) GLOBAL_UNIT_ASSIGNED_CONTEXT ( ( #2325, #2114, #182 ) ) REPRESENTATION_CONTEXT ( 'NONE', 'WORKASPACE' ) );
#865 = FILL_AREA_STYLE ('',( #431 ) ) ;
#866 = VERTEX_POINT ( 'NONE', #728 ) ;
#867 = CARTESIAN_POINT ( 'NONE',  ( 5.249999999999997335, 5.900000000000000355, 0.5975375996440509541 ) ) ;
#868 = CARTESIAN_POINT ( 'NONE',  ( -5.249999999999999112, 0.0000000000000000000, 5.900000000000000355 ) ) ;
#869 = EDGE_LOOP ( 'NONE', ( #1803, #507, #951, #1861 ) ) ;
#870 = FILL_AREA_STYLE ('',( #1268 ) ) ;
#871 = CARTESIAN_POINT ( 'NONE',  ( 3.832875000702093971, 5.899499999999973987, 0.2129222150286666781 ) ) ;
#872 = VERTEX_POINT ( 'NONE', #371 ) ;
#873 = CARTESIAN_POINT ( 'NONE',  ( 3.325592113441856679, 5.899000000000027555, 2.067558900916014242 ) ) ;
#874 = APPLICATION_PROTOCOL_DEFINITION ( 'draft international standard', 'automotive_design', 1998, #1640 ) ;
#875 = CARTESIAN_POINT ( 'NONE',  ( 1.763367084544057661, 5.899000000000003574, -2.814776868107977670 ) ) ;
#876 = CARTESIAN_POINT ( 'NONE',  ( 2.721423823803930553, 5.900000000000000355, -0.04279010955584168496 ) ) ;
#877 = CARTESIAN_POINT ( 'NONE',  ( 3.832875000702093526, 5.899499999999973099, 2.135999138105590500 ) ) ;
#878 = DIRECTION ( 'NONE',  ( 1.000000000000000000, 0.0000000000000000000, -0.0000000000000000000 ) ) ;
#879 = ADVANCED_FACE ( 'NONE', ( #1847 ), #587, .F. ) ;
#880 =( LENGTH_UNIT ( ) NAMED_UNIT ( * ) SI_UNIT ( .MILLI., .METRE. ) );
#881 = LINE ( 'NONE', #1634, #2055 ) ;
#882 = CARTESIAN_POINT ( 'NONE',  ( 3.772551277807187020, 5.899999999999995914, -2.035422972402939124 ) ) ;
#883 = VECTOR ( 'NONE', #1004, 1000.000000000000000 ) ;
#884 = UNCERTAINTY_MEASURE_WITH_UNIT (LENGTH_MEASURE( 1.000000000000000082E-05 ), #1083, 'distance_accuracy_value', 'NONE');
#885 = LINE ( 'NONE', #1372, #1288 ) ;
#886 = LINE ( 'NONE', #762, #532 ) ;
#887 = FACE_OUTER_BOUND ( 'NONE', #1187, .T. ) ;
#888 = VECTOR ( 'NONE', #1632, 1000.000000000000000 ) ;
#889 = VECTOR ( 'NONE', #1395, 1000.000000000000000 ) ;
#890 = CARTESIAN_POINT ( 'NONE',  ( -0.2270531523614435776, 5.899000000000001798, -1.474869675771160793 ) ) ;
#891 = CARTESIAN_POINT ( 'NONE',  ( 3.313413708703465410, 5.899000000000002686, -0.1763049716195677907 ) ) ;
#892 = ORIENTED_EDGE ( 'NONE', *, *, #859, .F. ) ;
#893 = EDGE_CURVE ( 'NONE', #692, #196, #2333, .T. ) ;
#894 = LINE ( 'NONE', #1676, #27 ) ;
#895 = CARTESIAN_POINT ( 'NONE',  ( 1.077353540551949873, 5.900000000000000355, 0.9188960722603322084 ) ) ;
#896 = CARTESIAN_POINT ( 'NONE',  ( 2.331515437834766669, 5.899000000000000909, -0.5401532733736802427 ) ) ;
#897 = ORIENTED_EDGE ( 'NONE', *, *, #2003, .T. ) ;
#898 = MECHANICAL_DESIGN_GEOMETRIC_PRESENTATION_REPRESENTATION (  '', ( #173 ), #1130 ) ;
#899 = ORIENTED_EDGE ( 'NONE', *, *, #130, .F. ) ;
#900 =( NAMED_UNIT ( * ) SI_UNIT ( $, .STERADIAN. ) SOLID_ANGLE_UNIT ( ) );
#901 = ORIENTED_EDGE ( 'NONE', *, *, #701, .F. ) ;
#902 = DIRECTION ( 'NONE',  ( -1.000000000000000000, -0.0000000000000000000, 0.0000000000000000000 ) ) ;
#903 = PLANE ( 'NONE',  #74 ) ;
#904 = CARTESIAN_POINT ( 'NONE',  ( 1.031653934252735327, 5.900000000000003908, -0.5050338489995117586 ) ) ;
#905 = CARTESIAN_POINT ( 'NONE',  ( 2.099708923277392447, 5.899000000000000909, -0.6687641206516830028 ) ) ;
#906 = FILL_AREA_STYLE_COLOUR ( '', #452 ) ;
#907 = EDGE_CURVE ( 'NONE', #312, #807, #1334, .T. ) ;
#908 = CARTESIAN_POINT ( 'NONE',  ( 2.363062281977600598, 5.900000000000001243, -0.2134815077863128907 ) ) ;
#909 = CARTESIAN_POINT ( 'NONE',  ( 3.832875000702093971, 5.900000000000001243, 2.135999138105590500 ) ) ;
#910 = CARTESIAN_POINT ( 'NONE',  ( 2.008340250648216418, 5.899000000000000909, -0.7245945786417794521 ) ) ;
#911 =( LENGTH_UNIT ( ) NAMED_UNIT ( * ) SI_UNIT ( .MILLI., .METRE. ) );
#912 = LINE ( 'NONE', #2425, #410 ) ;
#913 = DIRECTION ( 'NONE',  ( 0.0000000000000000000, -0.0000000000000000000, 1.000000000000000000 ) ) ;
#914 = FACE_OUTER_BOUND ( 'NONE', #1173, .T. ) ;
#915 = CARTESIAN_POINT ( 'NONE',  ( 2.238490862292150663, 5.899000000000001798, -0.2851854932388245278 ) ) ;
#916 = B_SPLINE_CURVE_WITH_KNOTS ( 'NONE', 3,
 ( #209, #981, #2116, #38, #967, #11, #1756 ),
 .UNSPECIFIED., .F., .F.,
 ( 4, 1, 1, 1, 4 ),
 ( 0.0000000000000000000, 0.0001637018158394683124, 0.0003330302855000961135, 0.0005084940150226906251, 0.0006900945043907355959 ),
 .UNSPECIFIED. ) ;
#917 = FACE_OUTER_BOUND ( 'NONE', #1492, .T. ) ;
#918 = CARTESIAN_POINT ( 'NONE',  ( 1.825121253129110555, 5.899000000000003574, 1.357481823055363579 ) ) ;
#919 = PRESENTATION_STYLE_ASSIGNMENT (( #1286 ) ) ;
#920 = DIRECTION ( 'NONE',  ( -1.000000000000000000, 0.0000000000000000000, 0.0000000000000000000 ) ) ;
#921 = LINE ( 'NONE', #2384, #2370 ) ;
#922 = ORIENTED_EDGE ( 'NONE', *, *, #1705, .F. ) ;
#923 = EDGE_LOOP ( 'NONE', ( #2319, #2001, #815, #485 ) ) ;
#924 = CARTESIAN_POINT ( 'NONE',  ( -2.260621656298445803, 5.900000000000000355, -0.09455628994437857704 ) ) ;
#925 = CARTESIAN_POINT ( 'NONE',  ( 3.807988766949105486, 5.899000000000002686, 0.2121534460537921329 ) ) ;
#926 = VERTEX_POINT ( 'NONE', #1912 ) ;
#927 = AXIS2_PLACEMENT_3D ( 'NONE', #724, #2421, #695 ) ;
#928 = CARTESIAN_POINT ( 'NONE',  ( 3.678172671413533212, 5.900000000000003908, 2.126658447569699018 ) ) ;
#929 = CARTESIAN_POINT ( 'NONE',  ( 3.080219237387048725, 5.899000000000000909, -0.2395929507911984668 ) ) ;
#930 = ORIENTED_EDGE ( 'NONE', *, *, #151, .F. ) ;
#931 = CARTESIAN_POINT ( 'NONE',  ( 1.646404036549775407, 5.899000000000002686, 0.9369166878239723051 ) ) ;
#932 = ORIENTED_EDGE ( 'NONE', *, *, #249, .T. ) ;
#933 = CARTESIAN_POINT ( 'NONE',  ( -1.044379530314190507, 5.899000000000001798, 1.357630717929626973 ) ) ;
#934 =( NAMED_UNIT ( * ) SI_UNIT ( $, .STERADIAN. ) SOLID_ANGLE_UNIT ( ) );
#935 = B_SPLINE_CURVE_WITH_KNOTS ( 'NONE', 3,
 ( #1275, #2242, #323, #1660 ),
 .UNSPECIFIED., .F., .F.,
 ( 4, 4 ),
 ( 0.0000000000000000000, 0.0009329585274982787890 ),
 .UNSPECIFIED. ) ;
#936 = CARTESIAN_POINT ( 'NONE',  ( 1.685439103266197058, 5.899500000000012179, 1.238563240669692256 ) ) ;
#937 = CARTESIAN_POINT ( 'NONE',  ( 3.153287660958504990, 5.899000000000001798, 1.704809234259435868 ) ) ;
#938 = EDGE_CURVE ( 'NONE', #2409, #395, #1121, .T. ) ;
#939 = DIRECTION ( 'NONE',  ( 0.0000000000000000000, 0.0000000000000000000, 1.000000000000000000 ) ) ;
#940 = DIRECTION ( 'NONE',  ( 0.0000000000000000000, 1.000000000000000000, 0.0000000000000000000 ) ) ;
#941 = CARTESIAN_POINT ( 'NONE',  ( 2.922600776668797362, 5.899000000000000021, 0.03324177795418781223 ) ) ;
#942 = CARTESIAN_POINT ( 'NONE',  ( -2.260621656298445803, 5.898999999999999133, -0.09455628994437857704 ) ) ;
#943 = AXIS2_PLACEMENT_3D ( 'NONE', #2045, #1713, #2083 ) ;
#944 = VECTOR ( 'NONE', #309, 1000.000000000000000 ) ;
#945 = CARTESIAN_POINT ( 'NONE',  ( -1.050408664172459927, 5.899000000000001798, 0.8041224502130936980 ) ) ;
#946 = LINE ( 'NONE', #24, #1795 ) ;
#947 = CARTESIAN_POINT ( 'NONE',  ( -4.062341222300320354, 5.899000000000001798, -4.250000000000000000 ) ) ;
#948 =( NAMED_UNIT ( * ) PLANE_ANGLE_UNIT ( ) SI_UNIT ( $, .RADIAN. ) );
#949 = DIRECTION ( 'NONE',  ( 0.0000000000000000000, 0.0000000000000000000, -1.000000000000000000 ) ) ;
#950 =( NAMED_UNIT ( * ) PLANE_ANGLE_UNIT ( ) SI_UNIT ( $, .RADIAN. ) );
#951 = ORIENTED_EDGE ( 'NONE', *, *, #453, .F. ) ;
#952 = VECTOR ( 'NONE', #429, 1000.000000000000000 ) ;
#953 = CARTESIAN_POINT ( 'NONE',  ( -2.535054727164589572, 5.899500000000000632, -0.6680968411254808448 ) ) ;
#954 = CARTESIAN_POINT ( 'NONE',  ( 2.331515437834766669, 5.899000000000006239, 1.382923649703242663 ) ) ;
#955 = VERTEX_POINT ( 'NONE', #791 ) ;
#956 = EDGE_LOOP ( 'NONE', ( #1857, #468, #543, #2041 ) ) ;
#957 = CARTESIAN_POINT ( 'NONE',  ( 1.646404036549775407, 5.900000000000001243, 0.9369166878239723051 ) ) ;
#958 = EDGE_CURVE ( 'NONE', #634, #2129, #1319, .T. ) ;
#959 = EDGE_LOOP ( 'NONE', ( #1023, #70, #1949, #1462 ) ) ;
#960 = CARTESIAN_POINT ( 'NONE',  ( 3.832875000702093971, 5.899999999999999467, -1.710154708048256200 ) ) ;
#961 = CARTESIAN_POINT ( 'NONE',  ( 1.624341346855940227, 5.899000000000001798, 0.9180504201568718825 ) ) ;
#962 = ORIENTED_EDGE ( 'NONE', *, *, #2136, .T. ) ;
#963 = PLANE ( 'NONE',  #1543 ) ;
#964 = CARTESIAN_POINT ( 'NONE',  ( 3.807988766949105486, 5.899000000000031996, 0.2121534460537921329 ) ) ;
#965 = VERTEX_POINT ( 'NONE', #2356 ) ;
#966 = PRODUCT_RELATED_PRODUCT_CATEGORY ( 'part', '', ( #1379 ) ) ;
#967 = CARTESIAN_POINT ( 'NONE',  ( 3.653942329830224267, 5.899000000000001798, 1.801380685065942400 ) ) ;
#968 = CARTESIAN_POINT ( 'NONE',  ( 2.331515437834766669, 5.899999999999992362, -2.463230196450602705 ) ) ;
#969 = DIRECTION ( 'NONE',  ( -0.0000000000000000000, 1.000000000000000000, 0.0000000000000000000 ) ) ;
#970 = DIRECTION ( 'NONE',  ( 0.0000000000000000000, 1.000000000000000000, 0.0000000000000000000 ) ) ;
#971 = CARTESIAN_POINT ( 'NONE',  ( 3.756811692833441629, 5.899000000000005350, -1.712504405145703013 ) ) ;
#972 = CARTESIAN_POINT ( 'NONE',  ( 3.832875000702093971, 5.899000000000001798, 1.815486317592769128 ) ) ;
#973 = EDGE_CURVE ( 'NONE', #2221, #2232, #2120, .T. ) ;
#974 = FILL_AREA_STYLE ('',( #1477 ) ) ;
#975 = VECTOR ( 'NONE', #1619, 1000.000000000000000 ) ;
#976 = CARTESIAN_POINT ( 'NONE',  ( 1.685439103266197058, 5.899000000000001798, -0.6845136824072308723 ) ) ;
#977 = VECTOR ( 'NONE', #534, 1000.000000000000000 ) ;
#978 = CARTESIAN_POINT ( 'NONE',  ( 3.228008689402142029, 5.899000000000004462, -1.802385618724249960 ) ) ;
#979 = PRODUCT_DEFINITION ( 'UNKNOWN', '', #550, #1618 ) ;
#980 = FACE_OUTER_BOUND ( 'NONE', #1864, .T. ) ;
#981 = CARTESIAN_POINT ( 'NONE',  ( 3.206058409433100831, 5.899000000000002686, 1.718638364658563678 ) ) ;
#982 = EDGE_LOOP ( 'NONE', ( #1443, #780, #1489, #1623 ) ) ;
#983 = CARTESIAN_POINT ( 'NONE',  ( 2.721423823803931441, 5.900000000000001243, -1.965867032632764966 ) ) ;
#984 = DIRECTION ( 'NONE',  ( -0.0000000000000000000, 0.0000000000000000000, 1.000000000000000000 ) ) ;
#985 = ORIENTED_EDGE ( 'NONE', *, *, #845, .T. ) ;
#986 = CARTESIAN_POINT ( 'NONE',  ( 2.008340250648216418, 5.899999999999999467, -0.7245945786417793411 ) ) ;
#987 = CARTESIAN_POINT ( 'NONE',  ( 2.922600776668797806, 5.899000000000005350, -1.889835145122735538 ) ) ;
#988 = VERTEX_POINT ( 'NONE', #819 ) ;
#989 = CARTESIAN_POINT ( 'NONE',  ( 3.313413708703465410, 5.899000000000001798, -0.1763049716195677907 ) ) ;
#990 = ORIENTED_EDGE ( 'NONE', *, *, #2271, .F. ) ;
#991 = EDGE_CURVE ( 'NONE', #235, #428, #1515, .T. ) ;
#992 = CARTESIAN_POINT ( 'NONE',  ( 2.721423823803931441, 5.899000000000003574, -1.965867032632764966 ) ) ;
#993 = ORIENTED_EDGE ( 'NONE', *, *, #1555, .T. ) ;
#994 = CARTESIAN_POINT ( 'NONE',  ( 3.206058409433100831, 5.899000000000002686, -2.127515481495283467 ) ) ;
#995 = AXIS2_PLACEMENT_3D ( 'NONE', #1754, #597, #1938 ) ;
#996 = CARTESIAN_POINT ( 'NONE',  ( -0.2270531523614435776, 5.899000000000001798, -1.474869675771160793 ) ) ;
#997 = DIRECTION ( 'NONE',  ( 0.0000000000000000000, 0.0000000000000000000, 1.000000000000000000 ) ) ;
#998 = CARTESIAN_POINT ( 'NONE',  ( 0.5619496035440766368, 5.900000000000000355, -0.04210589624360546596 ) ) ;
#999 = CARTESIAN_POINT ( 'NONE',  ( 1.825121253129109666, 5.899999999999998579, -2.488672023098483344 ) ) ;
#1000 = CARTESIAN_POINT ( 'NONE',  ( 3.153287660958504990, 5.899000000000001798, -2.141344611894409944 ) ) ;
#1001 = PLANE ( 'NONE',  #1476 ) ;
#1002 = FACE_OUTER_BOUND ( 'NONE', #328, .T. ) ;
#1003 = EDGE_CURVE ( 'NONE', #4, #634, #789, .T. ) ;
#1004 = DIRECTION ( 'NONE',  ( 0.0000000000000000000, -0.0000000000000000000, 1.000000000000000000 ) ) ;
#1005 = CARTESIAN_POINT ( 'NONE',  ( 2.922600776668797806, 5.899000000000002686, -1.889835145122735538 ) ) ;
#1006 = CARTESIAN_POINT ( 'NONE',  ( -4.424999999999999822, -0.1000000000000000056, -4.000000000000000000 ) ) ;
#1007 = VECTOR ( 'NONE', #2299, 1000.000000000000000 ) ;
#1008 = CARTESIAN_POINT ( 'NONE',  ( 2.196219315816507311, 5.899000000000003574, -0.6133008784366528188 ) ) ;
#1009 = CARTESIAN_POINT ( 'NONE',  ( 2.331515437834766669, 5.899000000000000021, -2.463230196450602705 ) ) ;
#1010 = ORIENTED_EDGE ( 'NONE', *, *, #64, .T. ) ;
#1011 = LINE ( 'NONE', #1017, #59 ) ;
#1012 = CARTESIAN_POINT ( 'NONE',  ( 1.978994649354638646, 5.899999999999997691, -2.373806787649042072 ) ) ;
#1013 = ORIENTED_EDGE ( 'NONE', *, *, #1482, .T. ) ;
#1014 = CARTESIAN_POINT ( 'NONE',  ( 3.832875000702093971, 5.900000000000000355, -2.030667528561076907 ) ) ;
#1015 = VECTOR ( 'NONE', #2287, 1000.000000000000000 ) ;
#1016 = ORIENTED_EDGE ( 'NONE', *, *, #2352, .F. ) ;
#1017 = CARTESIAN_POINT ( 'NONE',  ( -4.424999999999998934, -0.1000000000000000056, 4.000000000000000000 ) ) ;
#1018 = CARTESIAN_POINT ( 'NONE',  ( 3.653942329830224267, 5.900000000000000355, -2.044773161087904079 ) ) ;
#1019 = ORIENTED_EDGE ( 'NONE', *, *, #2458, .T. ) ;
#1020 = CARTESIAN_POINT ( 'NONE',  ( 3.080219237387048725, 5.899999999999999467, -0.2395929507911984391 ) ) ;
#1021 = CARTESIAN_POINT ( 'NONE',  ( 5.249999999999997335, 5.900000000000000355, 5.900000000000000355 ) ) ;
#1022 = ADVANCED_FACE ( 'NONE', ( #1287 ), #2326, .F. ) ;
#1023 = ORIENTED_EDGE ( 'NONE', *, *, #282, .F. ) ;
#1024 = CARTESIAN_POINT ( 'NONE',  ( 2.238490862292151107, 5.899999999999997691, -2.208262416315748045 ) ) ;
#1025 = CARTESIAN_POINT ( 'NONE',  ( 5.249999999999997335, 5.900000000000000355, -1.005026502920051135 ) ) ;
#1026 = EDGE_CURVE ( 'NONE', #117, #266, #23, .T. ) ;
#1027 = ORIENTED_EDGE ( 'NONE', *, *, #938, .T. ) ;
#1028 = FILL_AREA_STYLE_COLOUR ( '', #1974 ) ;
#1029 = STYLED_ITEM ( 'NONE', ( #1802 ), #1423 ) ;
#1030 = UNCERTAINTY_MEASURE_WITH_UNIT (LENGTH_MEASURE( 1.000000000000000082E-05 ), #1956, 'distance_accuracy_value', 'NONE');
#1031 = CARTESIAN_POINT ( 'NONE',  ( 2.099708923277393779, 5.899000000000003574, -2.591841043728606131 ) ) ;
#1032 = CARTESIAN_POINT ( 'NONE',  ( 1.364926282753376130, 5.899000000000001798, 0.9180504201568718825 ) ) ;
#1033 = ADVANCED_FACE ( 'NONE', ( #558 ), #1001, .T. ) ;
#1034 = CARTESIAN_POINT ( 'NONE',  ( -4.312341222300321242, 5.900000000000000355, 5.900000000000000355 ) ) ;
#1035 = APPLICATION_PROTOCOL_DEFINITION ( 'draft international standard', 'automotive_design', 1998, #684 ) ;
#1036 = FACE_BOUND ( 'NONE', #1675, .T. ) ;
#1037 = DIRECTION ( 'NONE',  ( 0.0000000000000000000, 0.0000000000000000000, 1.000000000000000000 ) ) ;
#1038 = EDGE_CURVE ( 'NONE', #1564, #1388, #470, .T. ) ;
#1039 = FACE_OUTER_BOUND ( 'NONE', #688, .T. ) ;
#1040 = CARTESIAN_POINT ( 'NONE',  ( 1.364926282753376130, 5.899000000000001798, 0.9180504201568718825 ) ) ;
#1041 = CARTESIAN_POINT ( 'NONE',  ( -2.059126774408686078, 5.899000000000001798, -0.5386035340388788395 ) ) ;
#1042 =( GEOMETRIC_REPRESENTATION_CONTEXT ( 3 ) GLOBAL_UNCERTAINTY_ASSIGNED_CONTEXT ( ( #2189 ) ) GLOBAL_UNIT_ASSIGNED_CONTEXT ( ( #911, #2433, #127 ) ) REPRESENTATION_CONTEXT ( 'NONE', 'WORKASPACE' ) );
#1043 = CARTESIAN_POINT ( 'NONE',  ( 2.922600776668799138, 5.899000000000030219, 1.956318701031111829 ) ) ;
#1044 = ORIENTED_EDGE ( 'NONE', *, *, #1686, .F. ) ;
#1045 = EDGE_LOOP ( 'NONE', ( #419, #922 ) ) ;
#1046 = ADVANCED_FACE ( 'NONE', ( #17, #1453, #1876, #440, #1036, #2451 ), #1820, .T. ) ;
#1047 = CARTESIAN_POINT ( 'NONE',  ( 3.509450231776536366, 5.899999999999997691, -1.741958269322182229 ) ) ;
#1048 = CARTESIAN_POINT ( 'NONE',  ( -2.535054727164589572, 5.899000000000001798, -0.6680968411254809558 ) ) ;
#1049 = EDGE_LOOP ( 'NONE', ( #2097, #94, #2074, #1620 ) ) ;
#1050 = ORIENTED_EDGE ( 'NONE', *, *, #1387, .T. ) ;
#1051 = ORIENTED_EDGE ( 'NONE', *, *, #1959, .F. ) ;
#1052 = EDGE_CURVE ( 'NONE', #1707, #1777, #1317, .T. ) ;
#1053 = CARTESIAN_POINT ( 'NONE',  ( 1.624341346855940227, 5.899000000000002686, -2.928103425996974263 ) ) ;
#1054 = CARTESIAN_POINT ( 'NONE',  ( -1.044379530314190285, 5.900000000000000355, 1.357630717929626307 ) ) ;
#1055 = DIRECTION ( 'NONE',  ( 1.000000000000000000, 0.0000000000000000000, 0.0000000000000000000 ) ) ;
#1056 =( GEOMETRIC_REPRESENTATION_CONTEXT ( 3 ) GLOBAL_UNCERTAINTY_ASSIGNED_CONTEXT ( ( #2346 ) ) GLOBAL_UNIT_ASSIGNED_CONTEXT ( ( #1103, #2261, #900 ) ) REPRESENTATION_CONTEXT ( 'NONE', 'WORKASPACE' ) );
#1057 = ADVANCED_FACE ( 'NONE', ( #1964 ), #79, .T. ) ;
#1058 = CARTESIAN_POINT ( 'NONE',  ( 3.832875000702093526, 5.899499999999973099, 2.135999138105590500 ) ) ;
#1059 = AXIS2_PLACEMENT_3D ( 'NONE', #1256, #2167, #1567 ) ;
#1060 = CARTESIAN_POINT ( 'NONE',  ( 2.331515437834766669, 5.899000000000000909, -2.463230196450602705 ) ) ;
#1061 = DIRECTION ( 'NONE',  ( 0.0000000000000000000, 0.0000000000000000000, -1.000000000000000000 ) ) ;
#1062 = PRESENTATION_STYLE_ASSIGNMENT (( #738 ) ) ;
#1063 = SURFACE_STYLE_USAGE ( .BOTH. , #1852 ) ;
#1064 = CARTESIAN_POINT ( 'NONE',  ( -5.249999999999999112, 5.900000000000000355, 5.900000000000000355 ) ) ;
#1065 = VECTOR ( 'NONE', #118, 1000.000000000000000 ) ;
#1066 = CARTESIAN_POINT ( 'NONE',  ( 2.721423823803929665, 5.899000000000024890, 1.880286813521081069 ) ) ;
#1067 = SURFACE_STYLE_FILL_AREA ( #1688 ) ;
#1068 = DIRECTION ( 'NONE',  ( -7.350523203291555004E-17, 0.0000000000000000000, -1.000000000000000000 ) ) ;
#1069 = COLOUR_RGB ( '',0.8274509803921568096, 0.8392156862745098200, 0.8274509803921568096 ) ;
#1070 = CARTESIAN_POINT ( 'NONE',  ( 3.206058409433101275, 5.899000000000003574, -0.2044385584183596727 ) ) ;
#1071 = ADVANCED_FACE ( 'NONE', ( #792 ), #2088, .T. ) ;
#1072 = SURFACE_STYLE_FILL_AREA ( #870 ) ;
#1073 = EDGE_CURVE ( 'NONE', #657, #90, #1766, .T. ) ;
#1074 = CARTESIAN_POINT ( 'NONE',  ( 3.678172671413533212, 5.899999999999997691, 2.126658447569699018 ) ) ;
#1075 = ORIENTED_EDGE ( 'NONE', *, *, #1833, .F. ) ;
#1076 = CARTESIAN_POINT ( 'NONE',  ( 0.5496251940952582293, 5.898999999999998245, 0.8481433163548245391 ) ) ;
#1077 = ORIENTED_EDGE ( 'NONE', *, *, #1247, .T. ) ;
#1078 = AXIS2_PLACEMENT_3D ( 'NONE', #947, #1354, #396 ) ;
#1079 = ORIENTED_EDGE ( 'NONE', *, *, #435, .F. ) ;
#1080 = CARTESIAN_POINT ( 'NONE',  ( 0.4259051153550915680, 5.899000000000001798, -1.474869675771165234 ) ) ;
#1081 = CARTESIAN_POINT ( 'NONE',  ( 3.509450231776535478, 5.899999999999998579, 0.1811186537547407882 ) ) ;
#1082 = ORIENTED_EDGE ( 'NONE', *, *, #1986, .T. ) ;
#1083 =( LENGTH_UNIT ( ) NAMED_UNIT ( * ) SI_UNIT ( .MILLI., .METRE. ) );
#1084 = CARTESIAN_POINT ( 'NONE',  ( -0.8208460657472711475, 5.900000000000000355, -0.8950850301018701272 ) ) ;
#1085 = ORIENTED_EDGE ( 'NONE', *, *, #1089, .F. ) ;
#1086 = ADVANCED_FACE ( 'NONE', ( #1845 ), #2109, .F. ) ;
#1087 = CARTESIAN_POINT ( 'NONE',  ( 3.832875000702093971, 5.899000000000001798, -0.1075906054841538756 ) ) ;
#1088 = EDGE_LOOP ( 'NONE', ( #1678, #580, #1294, #1407 ) ) ;
#1089 = EDGE_CURVE ( 'NONE', #2200, #1330, #2362, .T. ) ;
#1090 = CARTESIAN_POINT ( 'NONE',  ( 2.099708923277393779, 5.899000000000004462, -2.591841043728606131 ) ) ;
#1091 = CARTESIAN_POINT ( 'NONE',  ( 3.480122893926430816, 5.899999999999995914, -2.068584282156114895 ) ) ;
#1092 = CARTESIAN_POINT ( 'NONE',  ( 3.419470758207388439, 5.899999999999994138, 2.087478908991903914 ) ) ;
#1093 = DIRECTION ( 'NONE',  ( 0.0000000000000000000, 0.0000000000000000000, 1.000000000000000000 ) ) ;
#1094 = STYLED_ITEM ( 'NONE', ( #1062 ), #1320 ) ;
#1095 = PLANE ( 'NONE',  #236 ) ;
#1096 = CARTESIAN_POINT ( 'NONE',  ( 1.364926282753376130, 5.899000000000001798, 2.520614522720974637 ) ) ;
#1097 = CARTESIAN_POINT ( 'NONE',  ( 3.595625898269109388, 5.900000000000000355, 0.1942701601122829302 ) ) ;
#1098 = VECTOR ( 'NONE', #1939, 1000.000000000000000 ) ;
#1099 = CARTESIAN_POINT ( 'NONE',  ( 2.238490862292150663, 5.899000000000001798, 1.637891429838098212 ) ) ;
#1100 = CARTESIAN_POINT ( 'NONE',  ( 1.646404036549775407, 5.899000000000003574, -0.9861602352529510451 ) ) ;
#1101 = VECTOR ( 'NONE', #566, 1000.000000000000000 ) ;
#1102 = LINE ( 'NONE', #1368, #2216 ) ;
#1103 =( LENGTH_UNIT ( ) NAMED_UNIT ( * ) SI_UNIT ( .MILLI., .METRE. ) );
#1104 = ORIENTED_EDGE ( 'NONE', *, *, #2139, .T. ) ;
#1105 = LINE ( 'NONE', #1929, #1914 ) ;
#1106 = CARTESIAN_POINT ( 'NONE',  ( -4.062341222300321242, 5.900000000000000355, -4.250000000000000000 ) ) ;
#1107 = DIRECTION ( 'NONE',  ( -1.000000000000000000, -0.0000000000000000000, 0.0000000000000000000 ) ) ;
#1108 = ORIENTED_EDGE ( 'NONE', *, *, #938, .F. ) ;
#1109 = UNCERTAINTY_MEASURE_WITH_UNIT (LENGTH_MEASURE( 1.000000000000000082E-05 ), #880, 'distance_accuracy_value', 'NONE');
#1110 = EDGE_CURVE ( 'NONE', #290, #1272, #1316, .T. ) ;
#1111 = LINE ( 'NONE', #1544, #600 ) ;
#1112 = CARTESIAN_POINT ( 'NONE',  ( 3.678172671413533212, 5.899000000000004462, 2.126658447569699018 ) ) ;
#1113 = DIRECTION ( 'NONE',  ( -0.6128916609699364137, 0.0000000000000000000, 0.7901669519244096662 ) ) ;
#1114 = ORIENTED_EDGE ( 'NONE', *, *, #2152, .T. ) ;
#1115 = MECHANICAL_DESIGN_GEOMETRIC_PRESENTATION_REPRESENTATION (  '', ( #1788 ), #2038 ) ;
#1116 = ORIENTED_EDGE ( 'NONE', *, *, #1038, .T. ) ;
#1117 = CARTESIAN_POINT ( 'NONE',  ( 3.153287660958504990, 5.900000000000000355, 1.704809234259435868 ) ) ;
#1118 = ORIENTED_EDGE ( 'NONE', *, *, #859, .T. ) ;
#1119 = CARTESIAN_POINT ( 'NONE',  ( -4.312341222300321242, 5.899000000000001798, 4.250000000000000000 ) ) ;
#1120 = CARTESIAN_POINT ( 'NONE',  ( 2.363062281977600598, 5.899000000000002686, -0.2134815077863128907 ) ) ;
#1121 = B_SPLINE_CURVE_WITH_KNOTS ( 'NONE', 3,
 ( #2472, #1329, #2298, #2485, #1341, #183, #1526, #573, #761, #954, #1536, #2304, #1157, #1347, #2 ),
 .UNSPECIFIED., .F., .F.,
 ( 4, 1, 1, 1, 1, 1, 1, 1, 1, 1, 1, 1, 4 ),
 ( 2.424349759030540154E-19, 8.711445288421247883E-05, 0.0001781184556356839180, 0.0002731170454958196437, 0.0003719196886567015573, 0.0004749020742403616078, 0.0005817073351469654024, 0.0006932546321101940761, 0.0008089323891856044788, 0.001043300252115499311, 0.001274933894916305136, 0.001504452853406614563, 0.001732832127230727161 ),
 .UNSPECIFIED. ) ;
#1122 = ORIENTED_EDGE ( 'NONE', *, *, #45, .F. ) ;
#1123 = CARTESIAN_POINT ( 'NONE',  ( 1.707812500158861546, 5.899000000000002686, 1.258618417869222128 ) ) ;
#1124 = CARTESIAN_POINT ( 'NONE',  ( 5.250000000000000000, 0.0000000000000000000, -5.900000000000000355 ) ) ;
#1125 = DIRECTION ( 'NONE',  ( -0.0000000000000000000, -1.000000000000000000, -0.0000000000000000000 ) ) ;
#1126 = EDGE_CURVE ( 'NONE', #926, #1881, #881, .T. ) ;
#1127 =( NAMED_UNIT ( * ) SI_UNIT ( $, .STERADIAN. ) SOLID_ANGLE_UNIT ( ) );
#1128 = SURFACE_STYLE_USAGE ( .BOTH. , #1300 ) ;
#1129 = CARTESIAN_POINT ( 'NONE',  ( 3.480122893926430816, 5.899000000000000909, -2.068584282156114895 ) ) ;
#1130 =( GEOMETRIC_REPRESENTATION_CONTEXT ( 3 ) GLOBAL_UNCERTAINTY_ASSIGNED_CONTEXT ( ( #1474 ) ) GLOBAL_UNIT_ASSIGNED_CONTEXT ( ( #2492, #1170, #2330 ) ) REPRESENTATION_CONTEXT ( 'NONE', 'WORKASPACE' ) );
#1131 = CARTESIAN_POINT ( 'NONE',  ( 2.504915007154129736, 5.899999999999999467, 1.469752079013450619 ) ) ;
#1132 = VECTOR ( 'NONE', #152, 1000.000000000000000 ) ;
#1133 = CARTESIAN_POINT ( 'NONE',  ( 1.685439103266197058, 5.899000000000001798, 1.238563240669692256 ) ) ;
#1134 = LINE ( 'NONE', #337, #766 ) ;
#1135 = VECTOR ( 'NONE', #193, 1000.000000000000114 ) ;
#1136 = CARTESIAN_POINT ( 'NONE',  ( 1.825121253129110555, 5.899999999999996803, 1.357481823055363579 ) ) ;
#1137 = VECTOR ( 'NONE', #2137, 1000.000000000000000 ) ;
#1138 = CARTESIAN_POINT ( 'NONE',  ( -4.424999999999998934, -0.1000000000000000056, -4.000000000000000000 ) ) ;
#1139 = ORIENTED_EDGE ( 'NONE', *, *, #1073, .T. ) ;
#1140 = CARTESIAN_POINT ( 'NONE',  ( 1.685439103266196836, 5.899500000000012179, -0.6845136824072309834 ) ) ;
#1141 = EDGE_CURVE ( 'NONE', #57, #1925, #912, .T. ) ;
#1142 = VERTEX_POINT ( 'NONE', #1281 ) ;
#1143 = DIRECTION ( 'NONE',  ( 1.000000000000000000, 0.0000000000000000000, -0.0000000000000000000 ) ) ;
#1144 = CARTESIAN_POINT ( 'NONE',  ( -5.250000000000000000, 5.900000000000000355, -5.900000000000000355 ) ) ;
#1145 = ORIENTED_EDGE ( 'NONE', *, *, #1073, .F. ) ;
#1146 = SURFACE_SIDE_STYLE ('',( #56 ) ) ;
#1147 = ORIENTED_EDGE ( 'NONE', *, *, #420, .F. ) ;
#1148 = AXIS2_PLACEMENT_3D ( 'NONE', #1144, #179, #2104 ) ;
#1149 = DIRECTION ( 'NONE',  ( -0.0000000000000000000, 0.0000000000000000000, -1.000000000000000000 ) ) ;
#1150 = ORIENTED_EDGE ( 'NONE', *, *, #2412, .T. ) ;
#1151 = CARTESIAN_POINT ( 'NONE',  ( -2.059126774408686078, 5.899500000000001521, -0.5386035340388788395 ) ) ;
#1152 = CARTESIAN_POINT ( 'NONE',  ( 0.5619496035440766368, 5.900000000000000355, -0.04210589624360546596 ) ) ;
#1153 = ORIENTED_EDGE ( 'NONE', *, *, #1141, .T. ) ;
#1154 = CARTESIAN_POINT ( 'NONE',  ( -2.181239766534675439, 5.900000000000004796, -1.169006289944391153 ) ) ;
#1155 = B_SPLINE_CURVE_WITH_KNOTS ( 'NONE', 3,
 ( #2239, #276, #2002, #1655 ),
 .UNSPECIFIED., .F., .F.,
 ( 4, 4 ),
 ( 0.0000000000000000000, 0.003019444079857543355 ),
 .UNSPECIFIED. ) ;
#1156 = CARTESIAN_POINT ( 'NONE',  ( -1.850788979133095369, 5.900000000000000355, -1.233555896243599737 ) ) ;
#1157 = CARTESIAN_POINT ( 'NONE',  ( 2.933717755745862910, 5.899000000000006239, 1.640727028549557209 ) ) ;
#1158 = CARTESIAN_POINT ( 'NONE',  ( 1.763367084544057661, 5.900000000000000355, 1.031376978045869919 ) ) ;
#1159 = EDGE_CURVE ( 'NONE', #1920, #1242, #345, .T. ) ;
#1160 = CARTESIAN_POINT ( 'NONE',  ( 3.756811692833441629, 5.899000000000002686, -1.712504405145702790 ) ) ;
#1161 = CARTESIAN_POINT ( 'NONE',  ( -0.2270531523614435776, 5.899000000000001798, -1.474869675771160793 ) ) ;
#1162 = DIRECTION ( 'NONE',  ( 1.000000000000000000, 0.0000000000000000000, -0.0000000000000000000 ) ) ;
#1163 = CARTESIAN_POINT ( 'NONE',  ( 2.922600776668797362, 5.899000000000029331, 0.03324177795418781223 ) ) ;
#1164 = MECHANICAL_DESIGN_GEOMETRIC_PRESENTATION_REPRESENTATION (  '', ( #221 ), #723 ) ;
#1165 = LINE ( 'NONE', #1241, #254 ) ;
#1166 = LINE ( 'NONE', #10, #794 ) ;
#1167 = CARTESIAN_POINT ( 'NONE',  ( -4.062341222300320354, 5.899000000000001798, 4.250000000000000000 ) ) ;
#1168 = FACE_OUTER_BOUND ( 'NONE', #1049, .T. ) ;
#1169 = VECTOR ( 'NONE', #984, 1000.000000000000000 ) ;
#1170 =( NAMED_UNIT ( * ) PLANE_ANGLE_UNIT ( ) SI_UNIT ( $, .RADIAN. ) );
#1171 = CARTESIAN_POINT ( 'NONE',  ( 2.933717755745862910, 5.899999999999992362, -2.205426817604288825 ) ) ;
#1172 = CARTESIAN_POINT ( 'NONE',  ( 1.364926282753376130, 5.899000000000001798, -1.325539323432871841 ) ) ;
#1173 = EDGE_LOOP ( 'NONE', ( #1027, #399, #1145, #176 ) ) ;
#1174 = LINE ( 'NONE', #2165, #138 ) ;
#1175 = CARTESIAN_POINT ( 'NONE',  ( -0.8208460657472711475, 5.899000000000001798, -0.8950850301018700161 ) ) ;
#1176 = CARTESIAN_POINT ( 'NONE',  ( -1.050408664172459927, 5.900000000000000355, 0.8041224502130936980 ) ) ;
#1177 = ORIENTED_EDGE ( 'NONE', *, *, #1686, .T. ) ;
#1178 = B_SPLINE_SURFACE_WITH_KNOTS ( 'NONE', 3, 1, ( 
 ( #536, #1310 ),
 ( #925, #528 ),
 ( #2476, #1874 ),
 ( #726, #1324 ),
 ( #553, #717 ),
 ( #1715, #1506 ),
 ( #1485, #1478 ),
 ( #153, #1511 ),
 ( #739, #561 ),
 ( #1867, #133 ),
 ( #941, #1695 ),
 ( #1902, #1496 ),
 ( #2279, #2070 ),
 ( #1120, #908 ),
 ( #915, #2296 ),
 ( #333, #2270 ),
 ( #545, #144 ),
 ( #1315, #2459 ),
 ( #1333, #2084 ),
 ( #1894, #2264 ),
 ( #359, #1677 ),
 ( #2058, #348 ),
 ( #1884, #341 ) ),
 .UNSPECIFIED., .F., .F., .F.,
 ( 4, 1, 1, 1, 1, 1, 1, 1, 1, 1, 1, 1, 1, 1, 1, 1, 1, 1, 1, 1, 4 ),
 ( 2, 2 ),
 ( 0.0000000000000000000, 0.03151551312998473325, 0.06480979674365733301, 0.09991169883527550866, 0.1366755286001708758, 0.1751432978746825242, 0.2157650117082456909, 0.2581569125231217843, 0.3022930440652045192, 0.3927408518774002100, 0.4832984694610616416, 0.5744114847371659671, 0.6664774093514971298, 0.7120107481430552054, 0.7563744975915031032, 0.7998154803065208318, 0.8419616993485902201, 0.8828431755911849699, 0.9229180315891946096, 0.9619666184423850686, 1.000000000000000000 ),
 ( 0.0000000000000000000, 1.000000000000000000 ),
 .UNSPECIFIED. ) ;
#1179 = VERTEX_POINT ( 'NONE', #2217 ) ;
#1180 = CARTESIAN_POINT ( 'NONE',  ( 3.153287660958504990, 5.900000000000000355, -0.2182676888174871765 ) ) ;
#1181 = EDGE_CURVE ( 'NONE', #1266, #2233, #1513, .T. ) ;
#1182 = ORIENTED_EDGE ( 'NONE', *, *, #526, .T. ) ;
#1183 = CARTESIAN_POINT ( 'NONE',  ( 3.832875000702093971, 5.899000000000001798, -1.710154708048256200 ) ) ;
#1184 =( NAMED_UNIT ( * ) SI_UNIT ( $, .STERADIAN. ) SOLID_ANGLE_UNIT ( ) );
#1185 = FILL_AREA_STYLE ('',( #2302 ) ) ;
#1186 = AXIS2_PLACEMENT_3D ( 'NONE', #2019, #490, #1831 ) ;
#1187 = EDGE_LOOP ( 'NONE', ( #1627, #2141, #1435, #2192 ) ) ;
#1188 = DIRECTION ( 'NONE',  ( 0.0000000000000000000, -0.0000000000000000000, 1.000000000000000000 ) ) ;
#1189 = CARTESIAN_POINT ( 'NONE',  ( 1.753156495404467607, 5.899000000000005350, -2.546889751459242568 ) ) ;
#1190 = CARTESIAN_POINT ( 'NONE',  ( 3.832875000702093971, 5.900000000000000355, 1.815486317592769128 ) ) ;
#1191 = CARTESIAN_POINT ( 'NONE',  ( 1.978994649354638646, 5.899000000000000021, -2.373806787649042072 ) ) ;
#1192 = CARTESIAN_POINT ( 'NONE',  ( 3.313413708703465410, 5.899000000000001798, -2.099381894696490392 ) ) ;
#1193 = CARTESIAN_POINT ( 'NONE',  ( 1.364926282753376130, 5.900000000000000355, 0.9180504201568721045 ) ) ;
#1194 = CARTESIAN_POINT ( 'NONE',  ( 1.978994649354638646, 5.899000000000002686, -2.373806787649042072 ) ) ;
#1195 = EDGE_CURVE ( 'NONE', #1928, #1179, #854, .T. ) ;
#1196 = PRESENTATION_LAYER_ASSIGNMENT (  '', '', ( #719 ) ) ;
#1197 = DIRECTION ( 'NONE',  ( -1.000000000000000000, 0.0000000000000000000, -0.0000000000000000000 ) ) ;
#1198 = VECTOR ( 'NONE', #366, 1000.000000000000000 ) ;
#1199 = CARTESIAN_POINT ( 'NONE',  ( -2.059126774408686078, 5.900000000000000355, -0.5386035340388788395 ) ) ;
#1200 = CARTESIAN_POINT ( 'NONE',  ( 4.424999999999998934, 0.0000000000000000000, 5.900000000000000355 ) ) ;
#1201 = COLOUR_RGB ( '',0.8274509803921568096, 0.8392156862745098200, 0.8274509803921568096 ) ;
#1202 = DIRECTION ( 'NONE',  ( 0.0000000000000000000, -1.000000000000000000, -0.0000000000000000000 ) ) ;
#1203 =( GEOMETRIC_REPRESENTATION_CONTEXT ( 3 ) GLOBAL_UNCERTAINTY_ASSIGNED_CONTEXT ( ( #2154 ) ) GLOBAL_UNIT_ASSIGNED_CONTEXT ( ( #1633, #263, #279 ) ) REPRESENTATION_CONTEXT ( 'NONE', 'WORKASPACE' ) );
#1204 = LINE ( 'NONE', #786, #163 ) ;
#1205 = ORIENTED_EDGE ( 'NONE', *, *, #2491, .T. ) ;
#1206 = B_SPLINE_SURFACE_WITH_KNOTS ( 'NONE', 3, 1, ( 
 ( #1283, #1054 ),
 ( #121, #2231 ),
 ( #2032, #895 ),
 ( #316, #1637 ) ),
 .UNSPECIFIED., .F., .F., .F.,
 ( 4, 4 ),
 ( 2, 2 ),
 ( 0.09090909090909091161, 0.1818181818181818232 ),
 ( 0.0000000000000000000, 1.000000000000000000 ),
 .UNSPECIFIED. ) ;
#1207 = CARTESIAN_POINT ( 'NONE',  ( -2.059126774408686078, 5.900000000000000355, -0.5386035340388788395 ) ) ;
#1208 = COLOUR_RGB ( '',0.8274509803921568096, 0.8392156862745098200, 0.8274509803921568096 ) ;
#1209 = ORIENTED_EDGE ( 'NONE', *, *, #2491, .F. ) ;
#1210 = LINE ( 'NONE', #1378, #2095 ) ;
#1211 = CARTESIAN_POINT ( 'NONE',  ( 4.424999999999998934, -0.1000000000000000056, 4.000000000000000888 ) ) ;
#1212 = VERTEX_POINT ( 'NONE', #2212 ) ;
#1213 = CARTESIAN_POINT ( 'NONE',  ( -2.224999999999998757, -0.1000000000000000056, 4.000000000000000000 ) ) ;
#1214 = EDGE_LOOP ( 'NONE', ( #88, #1299, #2077, #2138 ) ) ;
#1215 = CARTESIAN_POINT ( 'NONE',  ( 1.364926282753376130, 5.899000000000001798, 0.9180504201568718825 ) ) ;
#1216 = ORIENTED_EDGE ( 'NONE', *, *, #1942, .F. ) ;
#1217 = STYLED_ITEM ( 'NONE', ( #2156 ), #83 ) ;
#1218 = CARTESIAN_POINT ( 'NONE',  ( 2.238490862292151107, 5.899000000000000021, -2.208262416315748045 ) ) ;
#1219 = ORIENTED_EDGE ( 'NONE', *, *, #2337, .F. ) ;
#1220 = DIRECTION ( 'NONE',  ( 0.0000000000000000000, 0.0000000000000000000, 1.000000000000000000 ) ) ;
#1221 = CARTESIAN_POINT ( 'NONE',  ( 1.624341346855940449, 5.900000000000001243, -1.005026502920051579 ) ) ;
#1222 = CARTESIAN_POINT ( 'NONE',  ( -1.850788979133095369, 5.899000000000001798, -1.233555896243599737 ) ) ;
#1223 = CARTESIAN_POINT ( 'NONE',  ( 2.347893693179199825, 5.899000000000001798, -0.5327815212695403702 ) ) ;
#1224 = CARTESIAN_POINT ( 'NONE',  ( 1.707812500158861768, 5.899000000000002686, -2.587535428284625461 ) ) ;
#1225 = ADVANCED_FACE ( 'NONE', ( #2276 ), #306, .F. ) ;
#1226 = B_SPLINE_SURFACE_WITH_KNOTS ( 'NONE', 3, 1, ( 
 ( #1183, #960 ),
 ( #1751, #1532 ),
 ( #1160, #1723 ),
 ( #382, #1758 ),
 ( #569, #1729 ),
 ( #7, #2300 ),
 ( #189, #1539 ),
 ( #592, #1935 ),
 ( #784, #1371 ),
 ( #212, #1557 ),
 ( #1005, #788 ),
 ( #992, #983 ),
 ( #457, #1763 ),
 ( #808, #2338 ),
 ( #1218, #799 ),
 ( #46, #1791 ),
 ( #821, #610 ),
 ( #1191, #1953 ),
 ( #32, #1565 ),
 ( #2140, #999 ),
 ( #219, #617 ),
 ( #1224, #421 ),
 ( #1590, #2147 ) ),
 .UNSPECIFIED., .F., .F., .F.,
 ( 4, 1, 1, 1, 1, 1, 1, 1, 1, 1, 1, 1, 1, 1, 1, 1, 1, 1, 1, 1, 4 ),
 ( 2, 2 ),
 ( 0.0000000000000000000, 0.03151551312998474713, 0.06480979674365734688, 0.09991169883527552253, 0.1366755286001709035, 0.1751432978746825797, 0.2157650117082457186, 0.2581569125231217843, 0.3022930440652045747, 0.3927408518774002655, 0.4832984694610617527, 0.5744114847371661892, 0.6664774093514973519, 0.7120107481430554275, 0.7563744975915032143, 0.7998154803065209428, 0.8419616993485903311, 0.8828431755911850809, 0.9229180315891944986, 0.9619666184423849575, 1.000000000000000000 ),
 ( 0.0000000000000000000, 1.000000000000000000 ),
 .UNSPECIFIED. ) ;
#1227 = CARTESIAN_POINT ( 'NONE',  ( 3.832875000702093971, 5.899000000000001798, -0.1075906054841538756 ) ) ;
#1228 = B_SPLINE_SURFACE_WITH_KNOTS ( 'NONE', 3, 1, ( 
 ( #1041, #1207 ),
 ( #2385, #1575 ),
 ( #820, #1790 ),
 ( #434, #849 ) ),
 .UNSPECIFIED., .F., .F., .F.,
 ( 4, 4 ),
 ( 2, 2 ),
 ( 0.5454545454545455252, 0.6363636363636364646 ),
 ( 0.0000000000000000000, 1.000000000000000000 ),
 .UNSPECIFIED. ) ;
#1229 = ORIENTED_EDGE ( 'NONE', *, *, #689, .T. ) ;
#1230 = EDGE_CURVE ( 'NONE', #571, #312, #2348, .T. ) ;
#1231 = CARTESIAN_POINT ( 'NONE',  ( -2.453308270471680874, 5.900000000000000355, -0.9522492033302086822 ) ) ;
#1232 = CARTESIAN_POINT ( 'NONE',  ( 1.364926282753376130, 5.900000000000000355, 2.520614522720974637 ) ) ;
#1233 = LINE ( 'NONE', #1124, #2306 ) ;
#1234 = AXIS2_PLACEMENT_3D ( 'NONE', #1119, #731, #1483 ) ;
#1235 = PRESENTATION_STYLE_ASSIGNMENT (( #1128 ) ) ;
#1236 = CARTESIAN_POINT ( 'NONE',  ( 3.153287660958504990, 5.899000000000001798, -2.141344611894409944 ) ) ;
#1237 = VECTOR ( 'NONE', #520, 1000.000000000000000 ) ;
#1238 = ADVANCED_FACE ( 'NONE', ( #732 ), #1291, .F. ) ;
#1239 = CARTESIAN_POINT ( 'NONE',  ( 3.756811692833441629, 5.899999999999998579, -1.712504405145702790 ) ) ;
#1240 = ORIENTED_EDGE ( 'NONE', *, *, #1518, .T. ) ;
#1241 = CARTESIAN_POINT ( 'NONE',  ( -0.8208460657472711475, 5.899000000000001798, -0.8950850301018700161 ) ) ;
#1242 = VERTEX_POINT ( 'NONE', #1106 ) ;
#1243 = ORIENTED_EDGE ( 'NONE', *, *, #2365, .F. ) ;
#1244 =( NAMED_UNIT ( * ) PLANE_ANGLE_UNIT ( ) SI_UNIT ( $, .RADIAN. ) );
#1245 = ORIENTED_EDGE ( 'NONE', *, *, #1814, .T. ) ;
#1246 = CARTESIAN_POINT ( 'NONE',  ( 3.480122893926430816, 5.899999999999995026, 1.777569563997730029 ) ) ;
#1247 = EDGE_CURVE ( 'NONE', #2232, #1558, #1700, .T. ) ;
#1248 = ADVANCED_FACE ( 'NONE', ( #1002 ), #560, .T. ) ;
#1249 = CARTESIAN_POINT ( 'NONE',  ( 2.147975467092749557, 5.899000000000027555, 1.584021738539525659 ) ) ;
#1250 = DIRECTION ( 'NONE',  ( 1.000000000000000000, 0.0000000000000000000, 0.0000000000000000000 ) ) ;
#1251 = CARTESIAN_POINT ( 'NONE',  ( -2.181239766534675439, 5.900000000000000355, -1.169006289944391153 ) ) ;
#1252 = B_SPLINE_SURFACE_WITH_KNOTS ( 'NONE', 3, 1, ( 
 ( #1161, #2301 ),
 ( #1343, #1338 ),
 ( #2102, #1714 ),
 ( #749, #1152 ) ),
 .UNSPECIFIED., .F., .F., .F.,
 ( 4, 4 ),
 ( 2, 2 ),
 ( 0.8181818181818183433, 0.9090909090909092827 ),
 ( 0.0000000000000000000, 1.000000000000000000 ),
 .UNSPECIFIED. ) ;
#1253 = DIRECTION ( 'NONE',  ( 1.000000000000000000, 0.0000000000000000000, -0.0000000000000000000 ) ) ;
#1254 = CARTESIAN_POINT ( 'NONE',  ( 3.678172671413532768, 5.899000000000030219, 2.126658447569699018 ) ) ;
#1255 = FACE_OUTER_BOUND ( 'NONE', #1797, .T. ) ;
#1256 = CARTESIAN_POINT ( 'NONE',  ( 5.250000000000000000, 5.900000000000000355, -5.900000000000000355 ) ) ;
#1257 = COLOUR_RGB ( '',1.000000000000000000, 1.000000000000000000, 1.000000000000000000 ) ;
#1258 = EDGE_CURVE ( 'NONE', #747, #696, #224, .T. ) ;
#1259 = LINE ( 'NONE', #1612, #883 ) ;
#1260 = CARTESIAN_POINT ( 'NONE',  ( 2.922600776668799138, 5.899999999999997691, 1.956318701031111829 ) ) ;
#1261 = PLANE ( 'NONE',  #1186 ) ;
#1262 = PRESENTATION_LAYER_ASSIGNMENT (  '', '', ( #1509 ) ) ;
#1263 = ORIENTED_EDGE ( 'NONE', *, *, #1737, .T. ) ;
#1264 = CARTESIAN_POINT ( 'NONE',  ( 2.718287939097328021, 5.899000000000003574, -2.285738483876220251 ) ) ;
#1265 = CARTESIAN_POINT ( 'NONE',  ( 2.922600776668797362, 5.899999999999998579, 0.03324177795418781223 ) ) ;
#1266 = VERTEX_POINT ( 'NONE', #527 ) ;
#1267 = B_SPLINE_SURFACE_WITH_KNOTS ( 'NONE', 3, 1, ( 
 ( #2082, #729 ),
 ( #931, #957 ),
 ( #1493, #155 ),
 ( #164, #1158 ),
 ( #1720, #364 ),
 ( #1313, #2488 ),
 ( #1711, #149 ),
 ( #344, #551 ),
 ( #1693, #1905 ),
 ( #542, #2283 ),
 ( #2076, #1131 ),
 ( #1510, #2099 ),
 ( #557, #1899 ),
 ( #746, #2090 ),
 ( #937, #197 ) ),
 .UNSPECIFIED., .F., .F., .F.,
 ( 4, 1, 1, 1, 1, 1, 1, 1, 1, 1, 1, 1, 4 ),
 ( 2, 2 ),
 ( 0.0000000000000000000, 0.05027287497458368670, 0.1027903700748774990, 0.1576131012369288709, 0.2146311133156755535, 0.2740612127265389941, 0.3356974550538850965, 0.4000702787165526519, 0.4668267493853400230, 0.6020780869193702589, 0.7357515335047495331, 0.8682046170340284030, 0.9999999999999998890 ),
 ( 0.0000000000000000000, 1.000000000000000000 ),
 .UNSPECIFIED. ) ;
#1268 = FILL_AREA_STYLE_COLOUR ( '', #683 ) ;
#1269 = CARTESIAN_POINT ( 'NONE',  ( -1.050408664172459927, 5.899000000000001798, 0.8041224502130936980 ) ) ;
#1270 = ORIENTED_EDGE ( 'NONE', *, *, #1518, .F. ) ;
#1271 = ADVANCED_FACE ( 'NONE', ( #1401 ), #552, .F. ) ;
#1272 = VERTEX_POINT ( 'NONE', #156 ) ;
#1273 = CARTESIAN_POINT ( 'NONE',  ( 2.238490862292150663, 5.899000000000027555, 1.637891429838098212 ) ) ;
#1274 = EDGE_LOOP ( 'NONE', ( #2133, #450, #601, #1209 ) ) ;
#1275 = CARTESIAN_POINT ( 'NONE',  ( -1.850788979133095147, 5.899500000000000632, -1.233555896243599737 ) ) ;
#1276 = CARTESIAN_POINT ( 'NONE',  ( 2.363062281977599710, 5.899999999999995914, 1.709595415290610987 ) ) ;
#1277 = DIRECTION ( 'NONE',  ( 0.0000000000000000000, -0.0000000000000000000, 1.000000000000000000 ) ) ;
#1278 = PRESENTATION_LAYER_ASSIGNMENT (  '', '', ( #2035 ) ) ;
#1279 = DIRECTION ( 'NONE',  ( 0.0000000000000000000, 1.000000000000000000, 0.0000000000000000000 ) ) ;
#1280 = AXIS2_PLACEMENT_3D ( 'NONE', #809, #648, #1250 ) ;
#1281 = CARTESIAN_POINT ( 'NONE',  ( -4.424999999999998934, -0.1000000000000000056, 4.000000000000000000 ) ) ;
#1282 = CARTESIAN_POINT ( 'NONE',  ( 3.832875000702093971, 5.898999999999869459, -0.1075906054841538756 ) ) ;
#1283 = CARTESIAN_POINT ( 'NONE',  ( -1.044379530314190285, 5.899000000000001798, 1.357630717929626307 ) ) ;
#1284 = DIRECTION ( 'NONE',  ( -0.0000000000000000000, -1.000000000000000000, 0.0000000000000000000 ) ) ;
#1285 = ORIENTED_EDGE ( 'NONE', *, *, #1181, .T. ) ;
#1286 = SURFACE_STYLE_USAGE ( .BOTH. , #2456 ) ;
#1287 = FACE_OUTER_BOUND ( 'NONE', #1306, .T. ) ;
#1288 = VECTOR ( 'NONE', #1162, 1000.000000000000000 ) ;
#1289 = LINE ( 'NONE', #1762, #1738 ) ;
#1290 = DIRECTION ( 'NONE',  ( 1.000000000000000000, 0.0000000000000000000, -0.0000000000000000000 ) ) ;
#1291 = B_SPLINE_SURFACE_WITH_KNOTS ( 'NONE', 3, 1, ( 
 ( #1643, #1842 ),
 ( #535, #1702 ),
 ( #2056, #924 ),
 ( #2269, #2069 ) ),
 .UNSPECIFIED., .F., .F., .F.,
 ( 4, 4 ),
 ( 2, 2 ),
 ( 0.6363636363636364646, 0.7272727272727274039 ),
 ( 0.0000000000000000000, 1.000000000000000000 ),
 .UNSPECIFIED. ) ;
#1292 = EDGE_CURVE ( 'NONE', #2447, #312, #375, .T. ) ;
#1293 = CARTESIAN_POINT ( 'NONE',  ( 2.147975467092749557, 5.899999999999995026, 1.584021738539525659 ) ) ;
#1294 = ORIENTED_EDGE ( 'NONE', *, *, #78, .F. ) ;
#1295 = DIRECTION ( 'NONE',  ( 0.0000000000000000000, 0.0000000000000000000, -1.000000000000000000 ) ) ;
#1296 = PRESENTATION_STYLE_ASSIGNMENT (( #463 ) ) ;
#1297 = ORIENTED_EDGE ( 'NONE', *, *, #1893, .T. ) ;
#1298 = SURFACE_STYLE_USAGE ( .BOTH. , #304 ) ;
#1299 = ORIENTED_EDGE ( 'NONE', *, *, #1666, .F. ) ;
#1300 = SURFACE_SIDE_STYLE ('',( #1067 ) ) ;
#1301 = UNCERTAINTY_MEASURE_WITH_UNIT (LENGTH_MEASURE( 1.000000000000000082E-05 ), #2325, 'distance_accuracy_value', 'NONE');
#1302 = ORIENTED_EDGE ( 'NONE', *, *, #958, .F. ) ;
#1303 = CARTESIAN_POINT ( 'NONE',  ( 2.523684368966615743, 5.899000000000001798, 1.792555594464205315 ) ) ;
#1304 = CARTESIAN_POINT ( 'NONE',  ( -1.131438585432311461, 5.900000000000003908, -1.210478337188482190 ) ) ;
#1305 = ORIENTED_EDGE ( 'NONE', *, *, #893, .T. ) ;
#1306 = EDGE_LOOP ( 'NONE', ( #357, #1685, #540, #174 ) ) ;
#1307 = CARTESIAN_POINT ( 'NONE',  ( 1.045314170473210513, 5.899000000000001798, -0.07946810096801441847 ) ) ;
#1308 = EDGE_CURVE ( 'NONE', #866, #2435, #674, .T. ) ;
#1309 = CARTESIAN_POINT ( 'NONE',  ( 5.249999999999997335, 0.0000000000000000000, 4.000000000000000000 ) ) ;
#1310 = CARTESIAN_POINT ( 'NONE',  ( 3.832875000702093971, 5.900000000000000355, 0.2129222150286666781 ) ) ;
#1311 = CARTESIAN_POINT ( 'NONE',  ( 1.707812500158861546, 5.899999999999995914, 1.258618417869222128 ) ) ;
#1312 = FILL_AREA_STYLE_COLOUR ( '', #128 ) ;
#1313 = CARTESIAN_POINT ( 'NONE',  ( 1.921736544648319667, 5.899000000000000021, 1.143046748452425598 ) ) ;
#1314 = CARTESIAN_POINT ( 'NONE',  ( 2.224999999999999645, -0.1000000000000000056, 4.000000000000000888 ) ) ;
#1315 = CARTESIAN_POINT ( 'NONE',  ( 1.978994649354638646, 5.899000000000001798, -0.4507298645721185548 ) ) ;
#1316 = B_SPLINE_CURVE_WITH_KNOTS ( 'NONE', 3,
 ( #2228, #1454, #857, #1848 ),
 .UNSPECIFIED., .F., .F.,
 ( 4, 4 ),
 ( 8.643920388003446770E-19, 0.001665476088435674301 ),
 .UNSPECIFIED. ) ;
#1317 = LINE ( 'NONE', #2372, #975 ) ;
#1318 = CARTESIAN_POINT ( 'NONE',  ( 1.685439103266197058, 5.899000000000001798, -1.325539323432871841 ) ) ;
#1319 = LINE ( 'NONE', #1726, #797 ) ;
#1320 = ADVANCED_FACE ( 'NONE', ( #1255 ), #1900, .F. ) ;
#1321 = CARTESIAN_POINT ( 'NONE',  ( -5.250000000000000000, 5.900000000000000355, -5.900000000000000355 ) ) ;
#1322 = EDGE_CURVE ( 'NONE', #2466, #270, #1748, .T. ) ;
#1323 =( NAMED_UNIT ( * ) PLANE_ANGLE_UNIT ( ) SI_UNIT ( $, .RADIAN. ) );
#1324 = CARTESIAN_POINT ( 'NONE',  ( 3.678172671413530104, 5.899999999999998579, 0.2035815244927750012 ) ) ;
#1325 = EDGE_LOOP ( 'NONE', ( #199, #2273, #2254, #706 ) ) ;
#1326 = EDGE_CURVE ( 'NONE', #235, #150, #2377, .T. ) ;
#1327 = SURFACE_STYLE_FILL_AREA ( #2294 ) ;
#1328 = CARTESIAN_POINT ( 'NONE',  ( 3.228008689402142473, 5.900000000000002132, 2.043768227429596074 ) ) ;
#1329 = CARTESIAN_POINT ( 'NONE',  ( 1.646404036549775407, 5.899000000000008903, 0.9369166878239723051 ) ) ;
#1330 = VERTEX_POINT ( 'NONE', #143 ) ;
#1331 = EDGE_LOOP ( 'NONE', ( #2249, #930, #565 ) ) ;
#1332 = ORIENTED_EDGE ( 'NONE', *, *, #1110, .F. ) ;
#1333 = CARTESIAN_POINT ( 'NONE',  ( 1.899900351500869888, 5.898999999999999133, -0.5073289950600121667 ) ) ;
#1334 = B_SPLINE_CURVE_WITH_KNOTS ( 'NONE', 3,
 ( #195, #1361, #583, #1129, #362, #1897, #2290 ),
 .UNSPECIFIED., .F., .F.,
 ( 4, 1, 1, 1, 4 ),
 ( 0.0000000000000000000, 0.0001636243815957162792, 0.0003328727554924295826, 0.0005082534871500840124, 0.0006897680758426410867 ),
 .UNSPECIFIED. ) ;
#1335 = ORIENTED_EDGE ( 'NONE', *, *, #1942, .T. ) ;
#1336 = CARTESIAN_POINT ( 'NONE',  ( 2.721423823803929665, 5.898999999999999133, 1.880286813521081069 ) ) ;
#1337 = PRESENTATION_LAYER_ASSIGNMENT (  '', '', ( #1217 ) ) ;
#1338 = CARTESIAN_POINT ( 'NONE',  ( 0.1928775562999714421, 5.900000000000000355, -1.054590935613691327 ) ) ;
#1339 = CARTESIAN_POINT ( 'NONE',  ( 3.832875000702093971, 5.898999999999802846, -0.5327815212695403702 ) ) ;
#1340 = CARTESIAN_POINT ( 'NONE',  ( -2.059126774408686078, 5.899000000000001798, -0.5386035340388788395 ) ) ;
#1341 = CARTESIAN_POINT ( 'NONE',  ( 1.839870291257381663, 5.899000000000009791, 1.087545108924057091 ) ) ;
#1342 = PLANE ( 'NONE',  #1078 ) ;
#1343 = CARTESIAN_POINT ( 'NONE',  ( 0.1928775562999714421, 5.899000000000001798, -1.054590935613691327 ) ) ;
#1344 = LINE ( 'NONE', #300, #944 ) ;
#1345 = CARTESIAN_POINT ( 'NONE',  ( 3.313413708703465410, 5.899999999999994138, -0.1763049716195677907 ) ) ;
#1346 = B_SPLINE_CURVE_WITH_KNOTS ( 'NONE', 3,
 ( #721, #1100, #122, #1490, #2430, #1467, #910, #905, #1698, #896, #2245, #137, #2081, #929, #1889 ),
 .UNSPECIFIED., .F., .F.,
 ( 4, 1, 1, 1, 1, 1, 1, 1, 1, 1, 1, 1, 4 ),
 ( 2.168404344971008868E-19, 8.711445288421245173E-05, 0.0001781184556356838909, 0.0002731170454958196437, 0.0003719196886567015573, 0.0004749020742403616078, 0.0005817073351469654024, 0.0006932546321101940761, 0.0008089323891856044788, 0.001043300252115499311, 0.001274933894916305136, 0.001504452853406614563, 0.001732832127230727161 ),
 .UNSPECIFIED. ) ;
#1347 = CARTESIAN_POINT ( 'NONE',  ( 3.080219237387048725, 5.899000000000006239, 1.683483972285724217 ) ) ;
#1348 = LINE ( 'NONE', #503, #2486 ) ;
#1349 = SURFACE_STYLE_FILL_AREA ( #2037 ) ;
#1350 = DIRECTION ( 'NONE',  ( -0.0000000000000000000, 1.000000000000000000, 0.0000000000000000000 ) ) ;
#1351 = LINE ( 'NONE', #1389, #889 ) ;
#1352 = EDGE_CURVE ( 'NONE', #1556, #1537, #509, .T. ) ;
#1353 = ORIENTED_EDGE ( 'NONE', *, *, #991, .T. ) ;
#1354 = DIRECTION ( 'NONE',  ( 0.0000000000000000000, -1.000000000000000000, 0.0000000000000000000 ) ) ;
#1355 = CARTESIAN_POINT ( 'NONE',  ( 2.196219315816506867, 5.899999999999994138, -2.536377801513575836 ) ) ;
#1356 = VECTOR ( 'NONE', #2475, 1000.000000000000000 ) ;
#1357 = CARTESIAN_POINT ( 'NONE',  ( -2.793422049999235490, 5.899000000000000021, 0.2299165447012879726 ) ) ;
#1358 = EDGE_LOOP ( 'NONE', ( #1746, #2440, #840, #1385 ) ) ;
#1359 = PRESENTATION_LAYER_ASSIGNMENT (  '', '', ( #1094 ) ) ;
#1360 = CARTESIAN_POINT ( 'NONE',  ( 0.4259051153550917346, 5.899000000000001798, -1.474869675771165234 ) ) ;
#1361 = CARTESIAN_POINT ( 'NONE',  ( 3.206058409433100831, 5.899000000000001798, -2.127515481495283467 ) ) ;
#1362 = EDGE_LOOP ( 'NONE', ( #331, #654, #1219, #2169 ) ) ;
#1363 = PLANE ( 'NONE',  #2073 ) ;
#1364 = VERTEX_POINT ( 'NONE', #1096 ) ;
#1365 = CARTESIAN_POINT ( 'NONE',  ( -2.224999999999998757, -0.1000000000000000056, 4.000000000000000000 ) ) ;
#1366 = ORIENTED_EDGE ( 'NONE', *, *, #167, .T. ) ;
#1367 = DIRECTION ( 'NONE',  ( 0.0000000000000000000, -1.000000000000000000, 0.0000000000000000000 ) ) ;
#1368 = CARTESIAN_POINT ( 'NONE',  ( 0.5619496035440766368, 5.899500000000001521, -0.04210589624360546596 ) ) ;
#1369 = CARTESIAN_POINT ( 'NONE',  ( 1.685439103266197280, 5.899500000000001521, -2.607590605484154445 ) ) ;
#1370 = CARTESIAN_POINT ( 'NONE',  ( 3.206058409433100831, 5.899000000000002686, -0.2044385584183596727 ) ) ;
#1371 = CARTESIAN_POINT ( 'NONE',  ( 3.228008689402142029, 5.899999999999999467, -1.802385618724249960 ) ) ;
#1372 = CARTESIAN_POINT ( 'NONE',  ( 5.249999999999997335, 0.0000000000000000000, -4.000000000000001776 ) ) ;
#1373 = CARTESIAN_POINT ( 'NONE',  ( 1.763367084544057661, 5.900000000000000355, -0.8916999450310536535 ) ) ;
#1374 = CARTESIAN_POINT ( 'NONE',  ( 2.061670429302302932, 5.899000000000005350, -2.317731619453569980 ) ) ;
#1375 = UNCERTAINTY_MEASURE_WITH_UNIT (LENGTH_MEASURE( 1.000000000000000082E-05 ), #2332, 'distance_accuracy_value', 'NONE');
#1376 = CARTESIAN_POINT ( 'NONE',  ( 3.206058409433100831, 5.899000000000002686, 1.718638364658563678 ) ) ;
#1377 = PRESENTATION_STYLE_ASSIGNMENT (( #373 ) ) ;
#1378 = CARTESIAN_POINT ( 'NONE',  ( 4.424999999999998934, -0.1000000000000000056, -4.000000000000000000 ) ) ;
#1379 = PRODUCT ( 'Coilcraft-XAL1060', 'Coilcraft-XAL1060', '', ( #2196 ) ) ;
#1380 = VECTOR ( 'NONE', #2134, 1000.000000000000000 ) ;
#1381 = CARTESIAN_POINT ( 'NONE',  ( 1.839870291257381663, 5.900000000000002132, -0.8355318141528664810 ) ) ;
#1382 = CARTESIAN_POINT ( 'NONE',  ( 3.325592113441857123, 5.899000000000004462, -1.778594945237832459 ) ) ;
#1383 = ORIENTED_EDGE ( 'NONE', *, *, #2474, .T. ) ;
#1384 = FACE_OUTER_BOUND ( 'NONE', #2135, .T. ) ;
#1385 = ORIENTED_EDGE ( 'NONE', *, *, #218, .F. ) ;
#1386 = CARTESIAN_POINT ( 'NONE',  ( 3.206058409433100831, 5.900000000000001243, 1.718638364658563678 ) ) ;
#1387 = EDGE_CURVE ( 'NONE', #504, #1710, #894, .T. ) ;
#1388 = VERTEX_POINT ( 'NONE', #2252 ) ;
#1389 = CARTESIAN_POINT ( 'NONE',  ( 1.685439103266197058, 5.899000000000001798, -0.6845136824072308723 ) ) ;
#1390 = CARTESIAN_POINT ( 'NONE',  ( 2.224999999999999645, -0.1000000000000000056, -4.000000000000000888 ) ) ;
#1391 = STYLED_ITEM ( 'NONE', ( #2157 ), #1979 ) ;
#1392 = ORIENTED_EDGE ( 'NONE', *, *, #701, .T. ) ;
#1393 = CARTESIAN_POINT ( 'NONE',  ( 3.153287660958504990, 5.899000000000001798, -0.2182676888174871765 ) ) ;
#1394 = VERTEX_POINT ( 'NONE', #2449 ) ;
#1395 = DIRECTION ( 'NONE',  ( 0.0000000000000000000, 0.0000000000000000000, 1.000000000000000000 ) ) ;
#1396 = CARTESIAN_POINT ( 'NONE',  ( 4.424999999999998934, -0.1000000000000000056, -4.000000000000000000 ) ) ;
#1397 =( NAMED_UNIT ( * ) SI_UNIT ( $, .STERADIAN. ) SOLID_ANGLE_UNIT ( ) );
#1398 =( NAMED_UNIT ( * ) SI_UNIT ( $, .STERADIAN. ) SOLID_ANGLE_UNIT ( ) );
#1399 = CARTESIAN_POINT ( 'NONE',  ( 1.364926282753376130, 5.900000000000000355, 5.900000000000000355 ) ) ;
#1400 = DIRECTION ( 'NONE',  ( -1.000000000000000000, 0.0000000000000000000, -0.0000000000000000000 ) ) ;
#1401 = FACE_OUTER_BOUND ( 'NONE', #959, .T. ) ;
#1402 =( NAMED_UNIT ( * ) PLANE_ANGLE_UNIT ( ) SI_UNIT ( $, .RADIAN. ) );
#1403 = DIRECTION ( 'NONE',  ( 0.0000000000000000000, -0.0000000000000000000, 1.000000000000000000 ) ) ;
#1404 = VECTOR ( 'NONE', #2210, 1000.000000000000000 ) ;
#1405 = CARTESIAN_POINT ( 'NONE',  ( 2.008340250648216418, 5.899999999999995914, 1.198482344435143787 ) ) ;
#1406 = CARTESIAN_POINT ( 'NONE',  ( 2.922600776668797806, 5.899999999999998579, -1.889835145122735538 ) ) ;
#1407 = ORIENTED_EDGE ( 'NONE', *, *, #2365, .T. ) ;
#1408 = CARTESIAN_POINT ( 'NONE',  ( 5.249999999999997335, 5.900000000000000355, -5.900000000000000355 ) ) ;
#1409 = ORIENTED_EDGE ( 'NONE', *, *, #346, .T. ) ;
#1410 = SURFACE_SIDE_STYLE ('',( #1819 ) ) ;
#1411 = ORIENTED_EDGE ( 'NONE', *, *, #907, .T. ) ;
#1412 = CARTESIAN_POINT ( 'NONE',  ( 1.364926282753376130, 5.899000000000001798, -1.005026502920051135 ) ) ;
#1413 = CARTESIAN_POINT ( 'NONE',  ( -2.059126774408686078, 5.899000000000001798, -0.5386035340388788395 ) ) ;
#1414 = EDGE_LOOP ( 'NONE', ( #718, #2162, #2407, #778 ) ) ;
#1415 = EDGE_CURVE ( 'NONE', #1707, #57, #180, .T. ) ;
#1416 = ADVANCED_FACE ( 'NONE', ( #1384 ), #748, .F. ) ;
#1417 = EDGE_LOOP ( 'NONE', ( #694, #392, #1653, #993 ) ) ;
#1418 = CARTESIAN_POINT ( 'NONE',  ( -5.249999999999999112, 5.900000000000000355, 5.900000000000000355 ) ) ;
#1419 = STYLED_ITEM ( 'NONE', ( #1709 ), #1807 ) ;
#1420 = CARTESIAN_POINT ( 'NONE',  ( 3.153287660958504990, 5.900000000000002132, -2.141344611894409944 ) ) ;
#1421 = CARTESIAN_POINT ( 'NONE',  ( 1.685439103266197280, 5.899500000000001521, -2.607590605484154445 ) ) ;
#1422 = CARTESIAN_POINT ( 'NONE',  ( 2.196219315816506867, 5.900000000000003020, -2.536377801513575836 ) ) ;
#1423 = ADVANCED_FACE ( 'NONE', ( #2401 ), #756, .F. ) ;
#1424 = EDGE_CURVE ( 'NONE', #172, #752, #422, .T. ) ;
#1425 = CARTESIAN_POINT ( 'NONE',  ( 1.899900351500870777, 5.899999999999998579, -2.430405918136935295 ) ) ;
#1426 = CARTESIAN_POINT ( 'NONE',  ( 5.249999999999997335, 5.900000000000000355, 0.9180504201568721045 ) ) ;
#1427 = MECHANICAL_DESIGN_GEOMETRIC_PRESENTATION_REPRESENTATION (  '', ( #2035 ), #2174 ) ;
#1428 = CARTESIAN_POINT ( 'NONE',  ( 2.523684368966615743, 5.899000000000027555, 1.792555594464205315 ) ) ;
#1429 = SURFACE_STYLE_FILL_AREA ( #1452 ) ;
#1430 = VECTOR ( 'NONE', #1652, 1000.000000000000000 ) ;
#1431 = FILL_AREA_STYLE ('',( #629 ) ) ;
#1432 = FACE_OUTER_BOUND ( 'NONE', #1648, .T. ) ;
#1433 = LINE ( 'NONE', #2428, #737 ) ;
#1434 = CARTESIAN_POINT ( 'NONE',  ( 1.691514487058582983, 5.899999999999994138, -0.9475853449883029356 ) ) ;
#1435 = ORIENTED_EDGE ( 'NONE', *, *, #282, .T. ) ;
#1436 = CARTESIAN_POINT ( 'NONE',  ( -2.793422049999235490, 5.899000000000001798, 0.2299165447012879726 ) ) ;
#1437 = VERTEX_POINT ( 'NONE', #2110 ) ;
#1438 = ADVANCED_FACE ( 'NONE', ( #203 ), #1342, .F. ) ;
#1439 = ORIENTED_EDGE ( 'NONE', *, *, #2474, .F. ) ;
#1440 = EDGE_CURVE ( 'NONE', #1556, #1854, #2347, .T. ) ;
#1441 = CARTESIAN_POINT ( 'NONE',  ( 2.008340250648215974, 5.899000000000000909, -2.647671501718701581 ) ) ;
#1442 = CARTESIAN_POINT ( 'NONE',  ( 1.685439103266196836, 5.899500000000012179, -0.6845136824072309834 ) ) ;
#1443 = ORIENTED_EDGE ( 'NONE', *, *, #120, .F. ) ;
#1444 = CARTESIAN_POINT ( 'NONE',  ( 2.721423823803929665, 5.899999999999993250, 1.880286813521081069 ) ) ;
#1445 = EDGE_CURVE ( 'NONE', #72, #1920, #2198, .T. ) ;
#1446 = ORIENTED_EDGE ( 'NONE', *, *, #1843, .F. ) ;
#1447 = CARTESIAN_POINT ( 'NONE',  ( 3.092714686928150325, 5.899000000000025778, 2.008585034460582897 ) ) ;
#1448 = CARTESIAN_POINT ( 'NONE',  ( 0.8201070838590328593, 5.900000000000000355, -0.9868220379758848582 ) ) ;
#1449 = CARTESIAN_POINT ( 'NONE',  ( 2.147975467092749113, 5.899999999999998579, -0.3390551845373978024 ) ) ;
#1450 = ADVANCED_FACE ( 'NONE', ( #656 ), #1226, .T. ) ;
#1451 = CARTESIAN_POINT ( 'NONE',  ( -1.637737404329943081, 5.900000000000003020, 0.5654649698981365491 ) ) ;
#1452 = FILL_AREA_STYLE ('',( #2267 ) ) ;
#1453 = FACE_BOUND ( 'NONE', #461, .T. ) ;
#1454 = CARTESIAN_POINT ( 'NONE',  ( 0.1928775562999714421, 5.898999999999999133, -1.054590935613691327 ) ) ;
#1455 = CARTESIAN_POINT ( 'NONE',  ( 3.480122893926430816, 5.899000000000002686, -0.1455073590791929050 ) ) ;
#1456 = EDGE_CURVE ( 'NONE', #1394, #2200, #141, .T. ) ;
#1457 = FACE_OUTER_BOUND ( 'NONE', #1834, .T. ) ;
#1458 = CARTESIAN_POINT ( 'NONE',  ( -0.2763968531488329994, 5.898999999999998245, 1.118671269110727673 ) ) ;
#1459 = FACE_OUTER_BOUND ( 'NONE', #115, .T. ) ;
#1460 = PRESENTATION_LAYER_ASSIGNMENT (  '', '', ( #49 ) ) ;
#1461 = DIRECTION ( 'NONE',  ( 0.0000000000000000000, -0.0000000000000000000, 1.000000000000000000 ) ) ;
#1462 = ORIENTED_EDGE ( 'NONE', *, *, #1038, .F. ) ;
#1463 = CARTESIAN_POINT ( 'NONE',  ( 1.921736544648319889, 5.899000000000002686, -2.703107097701420880 ) ) ;
#1464 = DIRECTION ( 'NONE',  ( 0.0000000000000000000, 0.0000000000000000000, 1.000000000000000000 ) ) ;
#1465 = ORIENTED_EDGE ( 'NONE', *, *, #313, .F. ) ;
#1466 = CARTESIAN_POINT ( 'NONE',  ( 3.832875000702093971, 5.900000000000000355, 1.815486317592769350 ) ) ;
#1467 = CARTESIAN_POINT ( 'NONE',  ( 1.921736544648319667, 5.899000000000000909, -0.7800301746244974188 ) ) ;
#1468 = ORIENTED_EDGE ( 'NONE', *, *, #730, .T. ) ;
#1469 = ORIENTED_EDGE ( 'NONE', *, *, #1587, .F. ) ;
#1470 = ORIENTED_EDGE ( 'NONE', *, *, #850, .T. ) ;
#1471 = EDGE_CURVE ( 'NONE', #1617, #988, #1111, .T. ) ;
#1472 = CARTESIAN_POINT ( 'NONE',  ( 3.153287660958504990, 5.899000000000001798, -2.141344611894409944 ) ) ;
#1473 = CARTESIAN_POINT ( 'NONE',  ( 1.685439103266197058, 5.899000000000001798, 0.5975375996440512871 ) ) ;
#1474 = UNCERTAINTY_MEASURE_WITH_UNIT (LENGTH_MEASURE( 1.000000000000000082E-05 ), #2492, 'distance_accuracy_value', 'NONE');
#1475 = CARTESIAN_POINT ( 'NONE',  ( 2.363062281977599710, 5.900000000000002132, 1.709595415290610987 ) ) ;
#1476 = AXIS2_PLACEMENT_3D ( 'NONE', #1581, #1783, #407 ) ;
#1477 = FILL_AREA_STYLE_COLOUR ( '', #835 ) ;
#1478 = CARTESIAN_POINT ( 'NONE',  ( 3.419470758207391548, 5.900000000000001243, 0.1644019859149808416 ) ) ;
#1479 = CARTESIAN_POINT ( 'NONE',  ( 2.363062281977599710, 5.899000000000002686, 1.709595415290610987 ) ) ;
#1480 = CARTESIAN_POINT ( 'NONE',  ( 3.832875000702093971, 5.899000000000001798, -2.030667528561076907 ) ) ;
#1481 = CARTESIAN_POINT ( 'NONE',  ( -4.062341222300320354, 5.899000000000001798, 4.250000000000000000 ) ) ;
#1482 = EDGE_CURVE ( 'NONE', #1330, #812, #356, .T. ) ;
#1483 = DIRECTION ( 'NONE',  ( 1.000000000000000000, 0.0000000000000000000, -0.0000000000000000000 ) ) ;
#1484 = FACE_OUTER_BOUND ( 'NONE', #28, .T. ) ;
#1485 = CARTESIAN_POINT ( 'NONE',  ( 3.419470758207391548, 5.899000000000002686, 0.1644019859149808416 ) ) ;
#1486 = LINE ( 'NONE', #2450, #2025 ) ;
#1487 = AXIS2_PLACEMENT_3D ( 'NONE', #320, #2248, #140 ) ;
#1488 = CARTESIAN_POINT ( 'NONE',  ( 2.523684368966615743, 5.900000000000001243, 1.792555594464205315 ) ) ;
#1489 = ORIENTED_EDGE ( 'NONE', *, *, #730, .F. ) ;
#1490 = CARTESIAN_POINT ( 'NONE',  ( 1.763367084544057661, 5.899000000000002686, -0.8916999450310536535 ) ) ;
#1491 = VECTOR ( 'NONE', #350, 1000.000000000000000 ) ;
#1492 = EDGE_LOOP ( 'NONE', ( #1305, #1891 ) ) ;
#1493 = CARTESIAN_POINT ( 'NONE',  ( 1.691514487058582983, 5.899000000000001798, 0.9754915780886203036 ) ) ;
#1494 = ORIENTED_EDGE ( 'NONE', *, *, #2251, .F. ) ;
#1495 = SURFACE_SIDE_STYLE ('',( #498 ) ) ;
#1496 = CARTESIAN_POINT ( 'NONE',  ( 2.721423823803930553, 5.900000000000001243, -0.04279010955584168496 ) ) ;
#1497 = B_SPLINE_CURVE_WITH_KNOTS ( 'NONE', 3,
 ( #2080, #2051, #904, #1706 ),
 .UNSPECIFIED., .F., .F.,
 ( 4, 4 ),
 ( 1.084202172485504434E-18, 0.001552650576543333945 ),
 .UNSPECIFIED. ) ;
#1498 = ORIENTED_EDGE ( 'NONE', *, *, #1926, .F. ) ;
#1499 = CARTESIAN_POINT ( 'NONE',  ( 3.228008689402142473, 5.899000000000002686, 2.043768227429596074 ) ) ;
#1500 = PLANE ( 'NONE',  #1909 ) ;
#1501 = ORIENTED_EDGE ( 'NONE', *, *, #1230, .F. ) ;
#1502 = CARTESIAN_POINT ( 'NONE',  ( -4.424999999999998934, -0.1000000000000000056, -4.000000000000000000 ) ) ;
#1503 = ORIENTED_EDGE ( 'NONE', *, *, #346, .F. ) ;
#1504 = EDGE_CURVE ( 'NONE', #324, #747, #1826, .T. ) ;
#1505 = SURFACE_STYLE_USAGE ( .BOTH. , #2392 ) ;
#1506 = CARTESIAN_POINT ( 'NONE',  ( 3.509450231776535478, 5.899999999999999467, 0.1811186537547407882 ) ) ;
#1507 = CARTESIAN_POINT ( 'NONE',  ( 1.899900351500869888, 5.899999999999998579, 1.415747928016910295 ) ) ;
#1508 = CARTESIAN_POINT ( 'NONE',  ( 1.753156495404467607, 5.899000000000031108, -0.6238128283823194398 ) ) ;
#1509 = STYLED_ITEM ( 'NONE', ( #349 ), #2048 ) ;
#1510 = CARTESIAN_POINT ( 'NONE',  ( 2.718287939097328021, 5.899000000000002686, 1.560415362277626450 ) ) ;
#1511 = CARTESIAN_POINT ( 'NONE',  ( 3.325592113441856679, 5.900000000000002132, 0.1444819778390906417 ) ) ;
#1512 = B_SPLINE_CURVE_WITH_KNOTS ( 'NONE', 3,
 ( #1918, #1740, #1154, #767 ),
 .UNSPECIFIED., .F., .F.,
 ( 4, 4 ),
 ( 0.0000000000000000000, 0.0009329665855740841476 ),
 .UNSPECIFIED. ) ;
#1513 = LINE ( 'NONE', #686, #1764 ) ;
#1514 = FILL_AREA_STYLE ('',( #769 ) ) ;
#1515 = LINE ( 'NONE', #607, #51 ) ;
#1516 = LINE ( 'NONE', #562, #2126 ) ;
#1517 = DIRECTION ( 'NONE',  ( -1.000000000000000000, 0.0000000000000000000, 0.0000000000000000000 ) ) ;
#1518 = EDGE_CURVE ( 'NONE', #196, #1719, #1351, .T. ) ;
#1519 = LINE ( 'NONE', #184, #1911 ) ;
#1520 = FACE_OUTER_BOUND ( 'NONE', #1836, .T. ) ;
#1521 = DIRECTION ( 'NONE',  ( -0.0000000000000000000, -1.000000000000000000, -0.0000000000000000000 ) ) ;
#1522 = DIRECTION ( 'NONE',  ( 0.0000000000000000000, -1.000000000000000000, -0.0000000000000000000 ) ) ;
#1523 = EDGE_LOOP ( 'NONE', ( #37, #360, #537, #423, #1810, #34, #2034, #810 ) ) ;
#1524 = AXIS2_PLACEMENT_3D ( 'NONE', #1841, #1517, #1913 ) ;
#1525 = FACE_BOUND ( 'NONE', #335, .T. ) ;
#1526 = CARTESIAN_POINT ( 'NONE',  ( 2.008340250648216418, 5.899000000000006239, 1.198482344435143787 ) ) ;
#1527 = ORIENTED_EDGE ( 'NONE', *, *, #559, .T. ) ;
#1528 = VECTOR ( 'NONE', #1521, 1000.000000000000000 ) ;
#1529 = AXIS2_PLACEMENT_3D ( 'NONE', #2142, #1367, #777 ) ;
#1530 = ORIENTED_EDGE ( 'NONE', *, *, #845, .F. ) ;
#1531 = EDGE_LOOP ( 'NONE', ( #2258, #901, #1182 ) ) ;
#1532 = CARTESIAN_POINT ( 'NONE',  ( 3.807988766949105042, 5.900000000000000355, -1.710923477023131634 ) ) ;
#1533 = CARTESIAN_POINT ( 'NONE',  ( 1.691514487058583205, 5.899999999999995026, -2.870662268065226286 ) ) ;
#1534 = CARTESIAN_POINT ( 'NONE',  ( -2.535054727164589572, 5.899500000000000632, -0.6680968411254808448 ) ) ;
#1535 = ORIENTED_EDGE ( 'NONE', *, *, #1769, .T. ) ;
#1536 = CARTESIAN_POINT ( 'NONE',  ( 2.504915007154129736, 5.899000000000006239, 1.469752079013450619 ) ) ;
#1537 = VERTEX_POINT ( 'NONE', #404 ) ;
#1538 = EDGE_CURVE ( 'NONE', #1142, #1537, #1011, .T. ) ;
#1539 = CARTESIAN_POINT ( 'NONE',  ( 3.419470758207389327, 5.899999999999998579, -1.758674937161941898 ) ) ;
#1540 = CARTESIAN_POINT ( 'NONE',  ( -1.787375593306315347, 5.899000000000000021, 1.154840954150104126 ) ) ;
#1541 = DIRECTION ( 'NONE',  ( -0.0000000000000000000, -1.000000000000000000, -0.0000000000000000000 ) ) ;
#1542 = CARTESIAN_POINT ( 'NONE',  ( 2.523684368966614855, 5.899000000000031108, -0.1305213286127180072 ) ) ;
#1543 = AXIS2_PLACEMENT_3D ( 'NONE', #1, #2297, #2123 ) ;
#1544 = CARTESIAN_POINT ( 'NONE',  ( 2.224999999999999645, 0.0000000000000000000, 5.900000000000000355 ) ) ;
#1545 = DIRECTION ( 'NONE',  ( 0.0000000000000000000, -1.000000000000000000, -0.0000000000000000000 ) ) ;
#1546 = VECTOR ( 'NONE', #1883, 1000.000000000000000 ) ;
#1547 = CARTESIAN_POINT ( 'NONE',  ( 3.206058409433100831, 5.899999999999995026, -0.2044385584183596727 ) ) ;
#1548 = B_SPLINE_CURVE_WITH_KNOTS ( 'NONE', 3,
 ( #1752, #2187, #1239, #848, #645, #1047, #474, #269, #2180, #1611, #1406, #80, #441, #247, #1024, #2393, #465, #1012, #1425, #2374, #76, #1815, #1421 ),
 .UNSPECIFIED., .F., .F.,
 ( 4, 1, 1, 1, 1, 1, 1, 1, 1, 1, 1, 1, 1, 1, 1, 1, 1, 1, 1, 1, 4 ),
 ( 0.0000000000000000000, 7.470694183970098270E-05, 0.0001536304262602877324, 0.0002368388368993775556, 0.0003239868163951515798, 0.0004151739530297684014, 0.0005114669754621290658, 0.0006119561934415176669, 0.0007165800781469407145, 0.0009309849361571781879, 0.001145650096202686236, 0.001361631816220932288, 0.001579872390226920616, 0.001687808328913316131, 0.001792971777662083575, 0.001895947824911099321, 0.001995854658785350521, 0.002092763443210975821, 0.002187760149243638246, 0.002280324103221855782, 0.002370481531795930012 ),
 .UNSPECIFIED. ) ;
#1549 = SHAPE_DEFINITION_REPRESENTATION ( #2305, #843 ) ;
#1550 = LINE ( 'NONE', #1399, #107 ) ;
#1551 = CARTESIAN_POINT ( 'NONE',  ( 0.5496251940952582293, 5.900000000000003908, 0.8481433163548245391 ) ) ;
#1552 = FACE_OUTER_BOUND ( 'NONE', #1825, .T. ) ;
#1553 = COLOUR_RGB ( '',0.8274509803921568096, 0.8392156862745098200, 0.8274509803921568096 ) ;
#1554 = CARTESIAN_POINT ( 'NONE',  ( 3.153287660958504990, 5.900000000000000355, 1.704809234259435868 ) ) ;
#1555 = EDGE_CURVE ( 'NONE', #90, #395, #506, .T. ) ;
#1556 = VERTEX_POINT ( 'NONE', #2358 ) ;
#1557 = CARTESIAN_POINT ( 'NONE',  ( 3.092714686928149881, 5.899999999999998579, -1.837568811693262694 ) ) ;
#1558 = VERTEX_POINT ( 'NONE', #1577 ) ;
#1559 = AXIS2_PLACEMENT_3D ( 'NONE', #1604, #248, #655 ) ;
#1560 =( NAMED_UNIT ( * ) PLANE_ANGLE_UNIT ( ) SI_UNIT ( $, .RADIAN. ) );
#1561 = CARTESIAN_POINT ( 'NONE',  ( 3.509450231776536366, 5.899000000000002686, -1.741958269322182229 ) ) ;
#1562 = VERTEX_POINT ( 'NONE', #1571 ) ;
#1563 = CARTESIAN_POINT ( 'NONE',  ( 3.653942329830224267, 5.899000000000001798, 1.801380685065942400 ) ) ;
#1564 = VERTEX_POINT ( 'NONE', #2367 ) ;
#1565 = CARTESIAN_POINT ( 'NONE',  ( 1.899900351500870777, 5.900000000000000355, -2.430405918136935295 ) ) ;
#1566 = DIRECTION ( 'NONE',  ( 1.000000000000000000, 0.0000000000000000000, -0.0000000000000000000 ) ) ;
#1567 = DIRECTION ( 'NONE',  ( 7.350523203291555004E-17, 0.0000000000000000000, 1.000000000000000000 ) ) ;
#1568 = EDGE_CURVE ( 'NONE', #1773, #965, #804, .T. ) ;
#1569 = CARTESIAN_POINT ( 'NONE',  ( 3.313413708703465410, 5.900000000000000355, 1.746771951457355199 ) ) ;
#1570 = EDGE_CURVE ( 'NONE', #1719, #292, #1174, .T. ) ;
#1571 = CARTESIAN_POINT ( 'NONE',  ( -1.131761026377192225, 5.900000000000000355, -0.4942397545113230706 ) ) ;
#1572 = DIRECTION ( 'NONE',  ( 0.0000000000000000000, -1.000000000000000000, -0.0000000000000000000 ) ) ;
#1573 = CARTESIAN_POINT ( 'NONE',  ( 2.718287939097328021, 5.900000000000001243, -0.3626615607992972334 ) ) ;
#1574 = FILL_AREA_STYLE ('',( #206 ) ) ;
#1575 = CARTESIAN_POINT ( 'NONE',  ( -1.901340553936240241, 5.900000000000000355, -0.8863279434876946139 ) ) ;
#1576 = SURFACE_STYLE_FILL_AREA ( #35 ) ;
#1577 = CARTESIAN_POINT ( 'NONE',  ( 1.364926282753376130, 5.899000000000001798, -2.928103425996974263 ) ) ;
#1578 = CARTESIAN_POINT ( 'NONE',  ( -1.131761026377192225, 5.900000000000000355, -0.4942397545113230706 ) ) ;
#1579 = LINE ( 'NONE', #616, #1969 ) ;
#1580 = CARTESIAN_POINT ( 'NONE',  ( 3.080219237387048725, 5.899000000000000021, -0.2395929507911984391 ) ) ;
#1581 = CARTESIAN_POINT ( 'NONE',  ( 3.832875000702093971, 5.899000000000001798, 1.815486317592769128 ) ) ;
#1582 = ORIENTED_EDGE ( 'NONE', *, *, #249, .F. ) ;
#1583 = CARTESIAN_POINT ( 'NONE',  ( 3.653942329830224267, 5.899999999999995026, 1.801380685065942400 ) ) ;
#1584 = ORIENTED_EDGE ( 'NONE', *, *, #12, .F. ) ;
#1585 = CARTESIAN_POINT ( 'NONE',  ( 1.685439103266197280, 5.900000000000000355, 2.520614522720974637 ) ) ;
#1586 = PLANE ( 'NONE',  #352 ) ;
#1587 = EDGE_CURVE ( 'NONE', #150, #1364, #2489, .T. ) ;
#1588 = VECTOR ( 'NONE', #633, 1000.000000000000000 ) ;
#1589 = ORIENTED_EDGE ( 'NONE', *, *, #1026, .F. ) ;
#1590 = CARTESIAN_POINT ( 'NONE',  ( 1.685439103266197280, 5.899000000000002686, -2.607590605484154445 ) ) ;
#1591 = EDGE_LOOP ( 'NONE', ( #606, #1808, #990 ) ) ;
#1592 = PLANE ( 'NONE',  #1059 ) ;
#1593 = CARTESIAN_POINT ( 'NONE',  ( 2.196219315816507311, 5.899999999999997691, 1.309776044640271087 ) ) ;
#1594 = ORIENTED_EDGE ( 'NONE', *, *, #1636, .F. ) ;
#1595 = CARTESIAN_POINT ( 'NONE',  ( 1.685439103266197058, 5.899000000000001798, 0.5975375996440513982 ) ) ;
#1596 = DIRECTION ( 'NONE',  ( 1.000000000000000000, 0.0000000000000000000, -0.0000000000000000000 ) ) ;
#1597 = ORIENTED_EDGE ( 'NONE', *, *, #1052, .T. ) ;
#1598 = CARTESIAN_POINT ( 'NONE',  ( -5.250000000000000000, 0.0000000000000000000, -5.900000000000000355 ) ) ;
#1599 = DIRECTION ( 'NONE',  ( -1.000000000000000000, 0.0000000000000000000, 0.0000000000000000000 ) ) ;
#1600 = CARTESIAN_POINT ( 'NONE',  ( 1.646404036549775407, 5.899999999999997691, 0.9369166878239723051 ) ) ;
#1601 = ADVANCED_FACE ( 'NONE', ( #625 ), #271, .F. ) ;
#1602 = EDGE_CURVE ( 'NONE', #2173, #2466, #1210, .T. ) ;
#1603 = CARTESIAN_POINT ( 'NONE',  ( 2.008340250648216418, 5.899999999999993250, -0.7245945786417793411 ) ) ;
#1604 = CARTESIAN_POINT ( 'NONE',  ( 1.685439103266197058, 5.899000000000001798, -2.607590605484154000 ) ) ;
#1605 = AXIS2_PLACEMENT_3D ( 'NONE', #317, #1295, #2257 ) ;
#1606 = VECTOR ( 'NONE', #530, 1000.000000000000000 ) ;
#1607 = CARTESIAN_POINT ( 'NONE',  ( 3.080219237387048725, 5.900000000000001243, -2.162669873868121595 ) ) ;
#1608 = MECHANICAL_DESIGN_GEOMETRIC_PRESENTATION_REPRESENTATION (  '', ( #425 ), #1203 ) ;
#1609 = LINE ( 'NONE', #1211, #2277 ) ;
#1610 = VECTOR ( 'NONE', #1596, 1000.000000000000000 ) ;
#1611 = CARTESIAN_POINT ( 'NONE',  ( 3.092714686928149881, 5.899999999999997691, -1.837568811693262694 ) ) ;
#1612 = CARTESIAN_POINT ( 'NONE',  ( -4.062341222300321242, 5.900000000000000355, 5.900000000000000355 ) ) ;
#1613 = FACE_OUTER_BOUND ( 'NONE', #2403, .T. ) ;
#1614 = VERTEX_POINT ( 'NONE', #796 ) ;
#1615 = ADVANCED_FACE ( 'NONE', ( #1616 ), #1586, .F. ) ;
#1616 = FACE_OUTER_BOUND ( 'NONE', #241, .T. ) ;
#1617 = VERTEX_POINT ( 'NONE', #77 ) ;
#1618 = PRODUCT_DEFINITION_CONTEXT ( 'detailed design', #684, 'design' ) ;
#1619 = DIRECTION ( 'NONE',  ( 0.0000000000000000000, 1.000000000000000000, 0.0000000000000000000 ) ) ;
#1620 = ORIENTED_EDGE ( 'NONE', *, *, #2395, .F. ) ;
#1621 = CARTESIAN_POINT ( 'NONE',  ( 3.080219237387048725, 5.899999999999993250, -0.2395929507911984391 ) ) ;
#1622 = CARTESIAN_POINT ( 'NONE',  ( 3.832875000702093971, 5.899000000000001798, -2.030667528561076907 ) ) ;
#1623 = ORIENTED_EDGE ( 'NONE', *, *, #64, .F. ) ;
#1624 = AXIS2_PLACEMENT_3D ( 'NONE', #499, #1279, #1461 ) ;
#1625 = EDGE_LOOP ( 'NONE', ( #1177, #1895, #1245, #417 ) ) ;
#1626 = ORIENTED_EDGE ( 'NONE', *, *, #1247, .F. ) ;
#1627 = ORIENTED_EDGE ( 'NONE', *, *, #1159, .F. ) ;
#1628 = CARTESIAN_POINT ( 'NONE',  ( 2.008340250648215974, 5.900000000000001243, -2.647671501718701581 ) ) ;
#1629 = ADVANCED_FACE ( 'NONE', ( #1525, #2284, #262 ), #2111, .F. ) ;
#1630 = CARTESIAN_POINT ( 'NONE',  ( -2.059126774408686078, 5.900000000000000355, -0.5386035340388788395 ) ) ;
#1631 = CARTESIAN_POINT ( 'NONE',  ( 1.685439103266197280, 5.899500000000001521, -2.607590605484154445 ) ) ;
#1632 = DIRECTION ( 'NONE',  ( -0.0000000000000000000, 1.000000000000000000, 0.0000000000000000000 ) ) ;
#1633 =( LENGTH_UNIT ( ) NAMED_UNIT ( * ) SI_UNIT ( .MILLI., .METRE. ) );
#1634 = CARTESIAN_POINT ( 'NONE',  ( 5.249999999999997335, 5.900000000000000355, -2.928103425996973375 ) ) ;
#1635 = CARTESIAN_POINT ( 'NONE',  ( 3.419470758207391548, 5.900000000000000355, 0.1644019859149808416 ) ) ;
#1636 = EDGE_CURVE ( 'NONE', #272, #1242, #2431, .T. ) ;
#1637 = CARTESIAN_POINT ( 'NONE',  ( 1.045314170473210513, 5.900000000000000355, -0.07946810096801441847 ) ) ;
#1638 = ADVANCED_FACE ( 'NONE', ( #567 ), #1252, .F. ) ;
#1639 = CARTESIAN_POINT ( 'NONE',  ( 0.4259051153550916236, 5.900000000000000355, -1.474869675771164124 ) ) ;
#1640 = APPLICATION_CONTEXT ( 'automotive_design' ) ;
#1641 = LINE ( 'NONE', #496, #2183 ) ;
#1642 = LINE ( 'NONE', #1644, #1430 ) ;
#1643 = CARTESIAN_POINT ( 'NONE',  ( -1.050408664172459927, 5.899000000000001798, 0.8041224502130936980 ) ) ;
#1644 = CARTESIAN_POINT ( 'NONE',  ( -2.224999999999998757, -0.1000000000000000056, 4.000000000000000000 ) ) ;
#1645 = CARTESIAN_POINT ( 'NONE',  ( -2.260621656298445803, 5.900000000000003020, -0.09455628994437857704 ) ) ;
#1646 = ORIENTED_EDGE ( 'NONE', *, *, #1871, .T. ) ;
#1647 = CARTESIAN_POINT ( 'NONE',  ( -1.131438585432311461, 5.898999999999997357, -1.210478337188482412 ) ) ;
#1648 = EDGE_LOOP ( 'NONE', ( #2160, #1439, #1044, #208 ) ) ;
#1649 = ORIENTED_EDGE ( 'NONE', *, *, #2395, .T. ) ;
#1650 = EDGE_CURVE ( 'NONE', #204, #117, #1105, .T. ) ;
#1651 = CARTESIAN_POINT ( 'NONE',  ( 1.646404036549775407, 5.899000000000003574, -2.909237158329874173 ) ) ;
#1652 = DIRECTION ( 'NONE',  ( 0.0000000000000000000, 0.0000000000000000000, 1.000000000000000000 ) ) ;
#1653 = ORIENTED_EDGE ( 'NONE', *, *, #1757, .F. ) ;
#1654 = PLANE ( 'NONE',  #2446 ) ;
#1655 = CARTESIAN_POINT ( 'NONE',  ( -1.044379530314190285, 5.900000000000000355, 1.357630717929626307 ) ) ;
#1656 = EDGE_LOOP ( 'NONE', ( #1584, #518, #2042, #1108, #301, #2328, #1469, #1832 ) ) ;
#1657 = ORIENTED_EDGE ( 'NONE', *, *, #2458, .F. ) ;
#1658 = AXIS2_PLACEMENT_3D ( 'NONE', #1473, #698, #1860 ) ;
#1659 = CARTESIAN_POINT ( 'NONE',  ( 3.080219237387048725, 5.899000000000000909, -2.162669873868121595 ) ) ;
#1660 = CARTESIAN_POINT ( 'NONE',  ( -2.535054727164589572, 5.899500000000000632, -0.6680968411254808448 ) ) ;
#1661 = UNCERTAINTY_MEASURE_WITH_UNIT (LENGTH_MEASURE( 1.000000000000000082E-05 ), #401, 'distance_accuracy_value', 'NONE');
#1662 = CARTESIAN_POINT ( 'NONE',  ( 2.224999999999999645, -0.1000000000000000056, 4.000000000000000888 ) ) ;
#1663 = CARTESIAN_POINT ( 'NONE',  ( 5.250000000000000888, 0.0000000000000000000, -5.900000000000000355 ) ) ;
#1664 = FILL_AREA_STYLE ('',( #1684 ) ) ;
#1665 = CARTESIAN_POINT ( 'NONE',  ( 3.206058409433100831, 5.899999999999996803, -2.127515481495283467 ) ) ;
#1666 = EDGE_CURVE ( 'NONE', #657, #2409, #2128, .T. ) ;
#1667 = LINE ( 'NONE', #1215, #2366 ) ;
#1668 = CARTESIAN_POINT ( 'NONE',  ( 1.707812500158861546, 5.900000000000002132, 1.258618417869222128 ) ) ;
#1669 = CARTESIAN_POINT ( 'NONE',  ( 0.5496251940952582293, 5.900000000000000355, 0.8481433163548245391 ) ) ;
#1670 = LINE ( 'NONE', #1731, #2307 ) ;
#1671 = VECTOR ( 'NONE', #1125, 1000.000000000000000 ) ;
#1672 = STYLED_ITEM ( 'NONE', ( #1296 ), #1601 ) ;
#1673 = LINE ( 'NONE', #186, #1169 ) ;
#1674 = PLANE ( 'NONE',  #1624 ) ;
#1675 = EDGE_LOOP ( 'NONE', ( #2067, #478, #1646, #2324, #329, #1890, #576, #1118, #1649, #2098, #1721 ) ) ;
#1676 = CARTESIAN_POINT ( 'NONE',  ( 1.364926282753376130, 5.899000000000001798, -1.005026502920051357 ) ) ;
#1677 = CARTESIAN_POINT ( 'NONE',  ( 1.753156495404467607, 5.900000000000000355, -0.6238128283823194398 ) ) ;
#1678 = ORIENTED_EDGE ( 'NONE', *, *, #1843, .T. ) ;
#1679 = VECTOR ( 'NONE', #177, 1000.000000000000000 ) ;
#1680 = CARTESIAN_POINT ( 'NONE',  ( 3.509450231776537255, 5.899000000000002686, 2.104195576831664471 ) ) ;
#1681 = CARTESIAN_POINT ( 'NONE',  ( 0.5619496035440766368, 5.899000000000001798, -0.04210589624360546596 ) ) ;
#1682 = ORIENTED_EDGE ( 'NONE', *, *, #2391, .F. ) ;
#1683 = ORIENTED_EDGE ( 'NONE', *, *, #435, .T. ) ;
#1684 = FILL_AREA_STYLE_COLOUR ( '', #476 ) ;
#1685 = ORIENTED_EDGE ( 'NONE', *, *, #2152, .F. ) ;
#1686 = EDGE_CURVE ( 'NONE', #988, #2435, #386, .T. ) ;
#1687 = DIRECTION ( 'NONE',  ( -0.0000000000000000000, -1.000000000000000000, -0.0000000000000000000 ) ) ;
#1688 = FILL_AREA_STYLE ('',( #2092 ) ) ;
#1689 = CARTESIAN_POINT ( 'NONE',  ( 2.147975467092749557, 5.900000000000001243, 1.584021738539525659 ) ) ;
#1690 = DIRECTION ( 'NONE',  ( 7.350523203291555004E-17, 0.0000000000000000000, 1.000000000000000000 ) ) ;
#1691 = AXIS2_PLACEMENT_3D ( 'NONE', #1138, #1904, #1734 ) ;
#1692 = ADVANCED_FACE ( 'NONE', ( #2027 ), #178, .F. ) ;
#1693 = CARTESIAN_POINT ( 'NONE',  ( 2.196219315816507311, 5.899000000000003574, 1.309776044640271087 ) ) ;
#1694 = DIRECTION ( 'NONE',  ( 0.0000000000000000000, 1.000000000000000000, 0.0000000000000000000 ) ) ;
#1695 = CARTESIAN_POINT ( 'NONE',  ( 2.922600776668797362, 5.899999999999999467, 0.03324177795418781223 ) ) ;
#1696 = B_SPLINE_CURVE_WITH_KNOTS ( 'NONE', 3,
 ( #1733, #582, #942, #1340 ),
 .UNSPECIFIED., .F., .F.,
 ( 4, 4 ),
 ( 0.0000000000000000000, 0.001823741376648906976 ),
 .UNSPECIFIED. ) ;
#1697 = CARTESIAN_POINT ( 'NONE',  ( -2.224999999999998757, -0.1000000000000000056, 4.000000000000000000 ) ) ;
#1698 = CARTESIAN_POINT ( 'NONE',  ( 2.196219315816507311, 5.899000000000004462, -0.6133008784366528188 ) ) ;
#1699 = CARTESIAN_POINT ( 'NONE',  ( -4.424999999999998046, 0.0000000000000000000, 5.900000000000000355 ) ) ;
#1700 = LINE ( 'NONE', #544, #1546 ) ;
#1701 = EDGE_CURVE ( 'NONE', #1881, #2447, #2469, .T. ) ;
#1702 = CARTESIAN_POINT ( 'NONE',  ( -1.637737404329943081, 5.900000000000000355, 0.5654649698981365491 ) ) ;
#1703 =( NAMED_UNIT ( * ) PLANE_ANGLE_UNIT ( ) SI_UNIT ( $, .RADIAN. ) );
#1704 = ADVANCED_FACE ( 'NONE', ( #1824 ), #1997, .F. ) ;
#1705 = EDGE_CURVE ( 'NONE', #4, #634, #1548, .T. ) ;
#1706 = CARTESIAN_POINT ( 'NONE',  ( 1.045314170473210513, 5.900000000000000355, -0.07946810096801441847 ) ) ;
#1707 = VERTEX_POINT ( 'NONE', #1789 ) ;
#1708 = CARTESIAN_POINT ( 'NONE',  ( 2.238490862292150663, 5.899000000000031108, -0.2851854932388245278 ) ) ;
#1709 = PRESENTATION_STYLE_ASSIGNMENT (( #1063 ) ) ;
#1710 = VERTEX_POINT ( 'NONE', #1412 ) ;
#1711 = CARTESIAN_POINT ( 'NONE',  ( 2.008340250648216418, 5.899000000000000021, 1.198482344435143787 ) ) ;
#1712 = ORIENTED_EDGE ( 'NONE', *, *, #1538, .T. ) ;
#1713 = DIRECTION ( 'NONE',  ( 0.0000000000000000000, 0.0000000000000000000, -1.000000000000000000 ) ) ;
#1714 = CARTESIAN_POINT ( 'NONE',  ( 0.5668322807094262616, 5.900000000000000355, -0.3954141639601409519 ) ) ;
#1715 = CARTESIAN_POINT ( 'NONE',  ( 3.509450231776535478, 5.899000000000000021, 0.1811186537547407882 ) ) ;
#1716 = B_SPLINE_CURVE_WITH_KNOTS ( 'NONE', 3,
 ( #411, #1547, #1345, #2121, #1759, #2323, #384 ),
 .UNSPECIFIED., .F., .F.,
 ( 4, 1, 1, 1, 4 ),
 ( 0.0000000000000000000, 0.0001636242594824886820, 0.0003328725070687767857, 0.0005082531078394142247, 0.0006897675610672437561 ),
 .UNSPECIFIED. ) ;
#1717 = EDGE_LOOP ( 'NONE', ( #615, #2345, #426, #2039 ) ) ;
#1718 = CARTESIAN_POINT ( 'NONE',  ( 3.595625898269109388, 5.899000000000031996, 0.1942701601122829302 ) ) ;
#1719 = VERTEX_POINT ( 'NONE', #1595 ) ;
#1720 = CARTESIAN_POINT ( 'NONE',  ( 1.839870291257381663, 5.899000000000003574, 1.087545108924057091 ) ) ;
#1721 = ORIENTED_EDGE ( 'NONE', *, *, #1026, .T. ) ;
#1722 = EDGE_CURVE ( 'NONE', #1212, #324, #2427, .T. ) ;
#1723 = CARTESIAN_POINT ( 'NONE',  ( 3.756811692833441629, 5.900000000000000355, -1.712504405145702790 ) ) ;
#1724 = CARTESIAN_POINT ( 'NONE',  ( 1.839870291257381441, 5.899999999999993250, -2.758608737229789387 ) ) ;
#1725 = CARTESIAN_POINT ( 'NONE',  ( -0.8208460657472711475, 5.900000000000000355, -0.8950850301018700161 ) ) ;
#1726 = CARTESIAN_POINT ( 'NONE',  ( 1.685439103266197058, 5.899000000000002686, -2.607590605484154000 ) ) ;
#1727 =( GEOMETRIC_REPRESENTATION_CONTEXT ( 3 ) GLOBAL_UNCERTAINTY_ASSIGNED_CONTEXT ( ( #884 ) ) GLOBAL_UNIT_ASSIGNED_CONTEXT ( ( #1083, #495, #699 ) ) REPRESENTATION_CONTEXT ( 'NONE', 'WORKASPACE' ) );
#1728 = CARTESIAN_POINT ( 'NONE',  ( 5.249999999999997335, 5.900000000000000355, -1.474869675771160571 ) ) ;
#1729 = CARTESIAN_POINT ( 'NONE',  ( 3.595625898269108056, 5.899999999999999467, -1.728806762964639976 ) ) ;
#1730 = CARTESIAN_POINT ( 'NONE',  ( 2.008340250648215974, 5.899999999999992362, -2.647671501718701581 ) ) ;
#1731 = CARTESIAN_POINT ( 'NONE',  ( 5.250000000000000000, 5.900000000000000355, -5.900000000000000355 ) ) ;
#1732 = B_SPLINE_CURVE_WITH_KNOTS ( 'NONE', 3,
 ( #1966, #432, #2149, #628 ),
 .UNSPECIFIED., .F., .F.,
 ( 4, 4 ),
 ( 0.0000000000000000000, 0.001552723458305575992 ),
 .UNSPECIFIED. ) ;
#1733 = CARTESIAN_POINT ( 'NONE',  ( -1.050408664172459927, 5.899000000000001798, 0.8041224502130936980 ) ) ;
#1734 = DIRECTION ( 'NONE',  ( 0.0000000000000000000, 0.0000000000000000000, -1.000000000000000000 ) ) ;
#1735 = VECTOR ( 'NONE', #1277, 1000.000000000000000 ) ;
#1736 = CARTESIAN_POINT ( 'NONE',  ( 3.480122893926430816, 5.900000000000000355, -0.1455073590791929050 ) ) ;
#1737 = EDGE_CURVE ( 'NONE', #61, #1773, #554, .T. ) ;
#1738 = VECTOR ( 'NONE', #44, 1000.000000000000000 ) ;
#1739 = CARTESIAN_POINT ( 'NONE',  ( 2.718287939097328021, 5.899999999999994138, -2.285738483876220251 ) ) ;
#1740 = CARTESIAN_POINT ( 'NONE',  ( -2.453308270471680874, 5.900000000000004796, -0.9522492033302086822 ) ) ;
#1741 = FACE_OUTER_BOUND ( 'NONE', #6, .T. ) ;
#1742 = MECHANICAL_DESIGN_GEOMETRIC_PRESENTATION_REPRESENTATION (  '', ( #1094 ), #2327 ) ;
#1743 = VECTOR ( 'NONE', #250, 1000.000000000000000 ) ;
#1744 = CARTESIAN_POINT ( 'NONE',  ( -4.424999999999999822, -0.1000000000000000056, -4.000000000000000000 ) ) ;
#1745 =( NAMED_UNIT ( * ) SI_UNIT ( $, .STERADIAN. ) SOLID_ANGLE_UNIT ( ) );
#1746 = ORIENTED_EDGE ( 'NONE', *, *, #2101, .F. ) ;
#1747 = UNCERTAINTY_MEASURE_WITH_UNIT (LENGTH_MEASURE( 1.000000000000000082E-05 ), #383, 'distance_accuracy_value', 'NONE');
#1748 = LINE ( 'NONE', #2263, #1015 ) ;
#1749 = ORIENTED_EDGE ( 'NONE', *, *, #1587, .T. ) ;
#1750 = ORIENTED_EDGE ( 'NONE', *, *, #958, .T. ) ;
#1751 = CARTESIAN_POINT ( 'NONE',  ( 3.807988766949105042, 5.899000000000002686, -1.710923477023131634 ) ) ;
#1752 = CARTESIAN_POINT ( 'NONE',  ( 3.832875000702093082, 5.899500000000000632, -1.710154708048255978 ) ) ;
#1753 = ORIENTED_EDGE ( 'NONE', *, *, #1568, .T. ) ;
#1754 = CARTESIAN_POINT ( 'NONE',  ( 1.364926282753376130, 5.899000000000001798, 2.520614522720974637 ) ) ;
#1755 = FILL_AREA_STYLE ('',( #906 ) ) ;
#1756 = CARTESIAN_POINT ( 'NONE',  ( 3.832875000702093971, 5.898999999999869459, 1.815486317592769128 ) ) ;
#1757 = EDGE_CURVE ( 'NONE', #90, #1799, #412, .T. ) ;
#1758 = CARTESIAN_POINT ( 'NONE',  ( 3.678172671413531880, 5.899999999999998579, -1.719495398584147905 ) ) ;
#1759 = CARTESIAN_POINT ( 'NONE',  ( 3.653942329830224267, 5.899999999999994138, -0.1216962380109808811 ) ) ;
#1760 = CARTESIAN_POINT ( 'NONE',  ( 2.008340250648216418, 5.899000000000000021, -0.7245945786417793411 ) ) ;
#1761 = CARTESIAN_POINT ( 'NONE',  ( 3.092714686928149881, 5.899000000000002686, -1.837568811693262694 ) ) ;
#1762 = CARTESIAN_POINT ( 'NONE',  ( 5.249999999999997335, 5.900000000000000355, 5.900000000000000355 ) ) ;
#1763 = CARTESIAN_POINT ( 'NONE',  ( 2.523684368966614855, 5.899999999999998579, -2.053598251689640275 ) ) ;
#1764 = VECTOR ( 'NONE', #487, 1000.000000000000000 ) ;
#1765 = CARTESIAN_POINT ( 'NONE',  ( 3.772551277807187020, 5.899000000000001798, -2.035422972402939124 ) ) ;
#1766 = B_SPLINE_CURVE_WITH_KNOTS ( 'NONE', 3,
 ( #92, #1600, #281, #2199, #62, #2168, #1405, #464, #1593, #1989, #2387, #2029, #1859, #675, #501 ),
 .UNSPECIFIED., .F., .F.,
 ( 4, 1, 1, 1, 1, 1, 1, 1, 1, 1, 1, 1, 4 ),
 ( 2.424349759030540154E-19, 8.708618051538212826E-05, 0.0001780606485726019688, 0.0002730284073239840330, 0.0003717989847979864923, 0.0004747479481894401857, 0.0005815185462171598794, 0.0006930296413078248325, 0.0008086698559995639073, 0.001042961656525995696, 0.001274520124294806558, 0.001503964594058697412, 0.001732269749032849023 ),
 .UNSPECIFIED. ) ;
#1767 = CARTESIAN_POINT ( 'NONE',  ( 1.691514487058582983, 5.900000000000000355, -0.9475853449883029356 ) ) ;
#1768 = CARTESIAN_POINT ( 'NONE',  ( 1.364926282753376130, 5.899000000000001798, 2.520614522720974637 ) ) ;
#1769 = EDGE_CURVE ( 'NONE', #547, #872, #921, .T. ) ;
#1770 = ORIENTED_EDGE ( 'NONE', *, *, #1570, .T. ) ;
#1771 = CARTESIAN_POINT ( 'NONE',  ( 3.153287660958504990, 5.899500000000001521, 1.704809234259435868 ) ) ;
#1772 = CARTESIAN_POINT ( 'NONE',  ( 1.364926282753376130, 5.900000000000000355, 5.900000000000000355 ) ) ;
#1773 = VERTEX_POINT ( 'NONE', #299 ) ;
#1774 = MECHANICAL_DESIGN_GEOMETRIC_PRESENTATION_REPRESENTATION (  '', ( #1029 ), #253 ) ;
#1775 = CARTESIAN_POINT ( 'NONE',  ( 2.718287939097328021, 5.899000000000002686, -0.3626615607992972334 ) ) ;
#1776 = CARTESIAN_POINT ( 'NONE',  ( 2.147975467092748669, 5.899000000000002686, -2.262132107614320820 ) ) ;
#1777 = VERTEX_POINT ( 'NONE', #126 ) ;
#1778 = PLANE ( 'NONE',  #369 ) ;
#1779 = ORIENTED_EDGE ( 'NONE', *, *, #1159, .T. ) ;
#1780 = ORIENTED_EDGE ( 'NONE', *, *, #1352, .T. ) ;
#1781 = CARTESIAN_POINT ( 'NONE',  ( 1.685439103266197058, 5.899000000000001798, 1.238563240669692256 ) ) ;
#1782 = CARTESIAN_POINT ( 'NONE',  ( 2.933717755745862910, 5.899999999999999467, -0.2823498945273659189 ) ) ;
#1783 = DIRECTION ( 'NONE',  ( -1.000000000000000000, 0.0000000000000000000, 0.0000000000000000000 ) ) ;
#1784 = CARTESIAN_POINT ( 'NONE',  ( 3.832875000702093971, 5.900000000000000355, 1.815486317592769350 ) ) ;
#1785 = DIRECTION ( 'NONE',  ( -1.000000000000000000, 0.0000000000000000000, -0.0000000000000000000 ) ) ;
#1786 = CARTESIAN_POINT ( 'NONE',  ( 3.480122893926430816, 5.900000000000000355, -2.068584282156114895 ) ) ;
#1787 = CARTESIAN_POINT ( 'NONE',  ( 1.691514487058583205, 5.899000000000003574, -2.870662268065226286 ) ) ;
#1788 = STYLED_ITEM ( 'NONE', ( #1235 ), #2225 ) ;
#1789 = CARTESIAN_POINT ( 'NONE',  ( -1.044379530314190507, 5.899000000000001798, 1.357630717929626973 ) ) ;
#1790 = CARTESIAN_POINT ( 'NONE',  ( -1.412683861022860032, 5.900000000000000355, -0.8137633765585591261 ) ) ;
#1791 = CARTESIAN_POINT ( 'NONE',  ( 2.147975467092748669, 5.899999999999998579, -2.262132107614320820 ) ) ;
#1792 = ADVANCED_FACE ( 'NONE', ( #887 ), #1970, .F. ) ;
#1793 = CARTESIAN_POINT ( 'NONE',  ( 3.153287660958504990, 5.900000000000000355, -2.141344611894409944 ) ) ;
#1794 = LINE ( 'NONE', #1321, #54 ) ;
#1795 = VECTOR ( 'NONE', #572, 1000.000000000000000 ) ;
#1796 = CARTESIAN_POINT ( 'NONE',  ( 1.839870291257381441, 5.899000000000001798, -2.758608737229789387 ) ) ;
#1797 = EDGE_LOOP ( 'NONE', ( #2026, #1892, #2378, #1780 ) ) ;
#1798 = CARTESIAN_POINT ( 'NONE',  ( 2.196219315816507311, 5.899999999999995914, -0.6133008784366528188 ) ) ;
#1799 = VERTEX_POINT ( 'NONE', #1466 ) ;
#1800 = DIRECTION ( 'NONE',  ( 0.0000000000000000000, -0.0000000000000000000, 1.000000000000000000 ) ) ;
#1801 = EDGE_CURVE ( 'NONE', #752, #117, #605, .T. ) ;
#1802 = PRESENTATION_STYLE_ASSIGNMENT (( #775 ) ) ;
#1803 = ORIENTED_EDGE ( 'NONE', *, *, #2320, .T. ) ;
#1804 = PRESENTATION_LAYER_ASSIGNMENT (  '', '', ( #173 ) ) ;
#1805 = VERTEX_POINT ( 'NONE', #1040 ) ;
#1806 =( NAMED_UNIT ( * ) SI_UNIT ( $, .STERADIAN. ) SOLID_ANGLE_UNIT ( ) );
#1807 = ADVANCED_FACE ( 'NONE', ( #1520 ), #1654, .T. ) ;
#1808 = ORIENTED_EDGE ( 'NONE', *, *, #2383, .F. ) ;
#1809 = CARTESIAN_POINT ( 'NONE',  ( -4.312341222300321242, 5.899000000000001798, -4.250000000000000000 ) ) ;
#1810 = ORIENTED_EDGE ( 'NONE', *, *, #2208, .T. ) ;
#1811 = CARTESIAN_POINT ( 'NONE',  ( 3.756811692833441185, 5.899000000000025778, 2.133649441008143910 ) ) ;
#1812 = CARTESIAN_POINT ( 'NONE',  ( 1.691514487058583205, 5.900000000000003908, -2.870662268065226286 ) ) ;
#1813 = UNCERTAINTY_MEASURE_WITH_UNIT (LENGTH_MEASURE( 1.000000000000000082E-05 ), #764, 'distance_accuracy_value', 'NONE');
#1814 = EDGE_CURVE ( 'NONE', #866, #1617, #1433, .T. ) ;
#1815 = CARTESIAN_POINT ( 'NONE',  ( 1.707812500158861768, 5.899999999999998579, -2.587535428284625461 ) ) ;
#1816 = UNCERTAINTY_MEASURE_WITH_UNIT (LENGTH_MEASURE( 1.000000000000000082E-05 ), #2207, 'distance_accuracy_value', 'NONE');
#1817 = ADVANCED_FACE ( 'NONE', ( #829 ), #1206, .F. ) ;
#1818 = CARTESIAN_POINT ( 'NONE',  ( 2.363062281977599710, 5.899000000000028443, 1.709595415290610987 ) ) ;
#1819 = SURFACE_STYLE_FILL_AREA ( #1431 ) ;
#1820 = PLANE ( 'NONE',  #2477 ) ;
#1821 = LINE ( 'NONE', #1944, #18 ) ;
#1822 = CARTESIAN_POINT ( 'NONE',  ( 3.325592113441856679, 5.899999999999995026, 2.067558900916014242 ) ) ;
#1823 = CARTESIAN_POINT ( 'NONE',  ( 1.364926282753376130, 5.899000000000001798, -2.928103425996974263 ) ) ;
#1824 = FACE_OUTER_BOUND ( 'NONE', #305, .T. ) ;
#1825 = EDGE_LOOP ( 'NONE', ( #1770, #1243, #712, #1886 ) ) ;
#1826 = LINE ( 'NONE', #1408, #1588 ) ;
#1827 = EDGE_CURVE ( 'NONE', #61, #861, #1348, .T. ) ;
#1828 = CARTESIAN_POINT ( 'NONE',  ( 0.8201070838590328593, 5.899000000000001798, -0.9868220379758848582 ) ) ;
#1829 = EDGE_LOOP ( 'NONE', ( #2464, #112, #1597, #630 ) ) ;
#1830 = CARTESIAN_POINT ( 'NONE',  ( 3.509450231776537255, 5.899999999999995914, 2.104195576831664471 ) ) ;
#1831 = DIRECTION ( 'NONE',  ( 0.0000000000000000000, -1.560772332620254780E-13, -1.000000000000000000 ) ) ;
#1832 = ORIENTED_EDGE ( 'NONE', *, *, #1326, .F. ) ;
#1833 = EDGE_CURVE ( 'NONE', #872, #235, #759, .T. ) ;
#1834 = EDGE_LOOP ( 'NONE', ( #2235, #1955, #1872 ) ) ;
#1835 = SURFACE_STYLE_USAGE ( .BOTH. , #673 ) ;
#1836 = EDGE_LOOP ( 'NONE', ( #1383, #455, #1019, #264 ) ) ;
#1837 = CARTESIAN_POINT ( 'NONE',  ( 3.325592113441856679, 5.900000000000001243, 0.1444819778390906417 ) ) ;
#1838 = DIRECTION ( 'NONE',  ( 0.0000000000000000000, -1.000000000000000000, 0.0000000000000000000 ) ) ;
#1839 = CARTESIAN_POINT ( 'NONE',  ( 1.685439103266197058, 5.899000000000001798, 0.5975375996440512871 ) ) ;
#1840 = ADVANCED_FACE ( 'NONE', ( #2397 ), #2047, .T. ) ;
#1841 = CARTESIAN_POINT ( 'NONE',  ( -4.312341222300321242, 5.899000000000001798, 4.250000000000000000 ) ) ;
#1842 = CARTESIAN_POINT ( 'NONE',  ( -1.050408664172459927, 5.900000000000000355, 0.8041224502130936980 ) ) ;
#1843 = EDGE_CURVE ( 'NONE', #292, #1710, #1882, .T. ) ;
#1844 = CARTESIAN_POINT ( 'NONE',  ( 3.832875000702093971, 5.900000000000000355, 5.900000000000000355 ) ) ;
#1845 = FACE_OUTER_BOUND ( 'NONE', #2460, .T. ) ;
#1846 = MECHANICAL_DESIGN_GEOMETRIC_PRESENTATION_REPRESENTATION (  '', ( #1672 ), #391 ) ;
#1847 = FACE_OUTER_BOUND ( 'NONE', #837, .T. ) ;
#1848 = CARTESIAN_POINT ( 'NONE',  ( 0.5619496035440766368, 5.899000000000001798, -0.04210589624360546596 ) ) ;
#1849 = PRESENTATION_STYLE_ASSIGNMENT (( #1298 ) ) ;
#1850 = CARTESIAN_POINT ( 'NONE',  ( 1.753156495404467607, 5.899999999999999467, -0.6238128283823194398 ) ) ;
#1851 = LINE ( 'NONE', #1744, #1380 ) ;
#1852 = SURFACE_SIDE_STYLE ('',( #1072 ) ) ;
#1853 = FACE_OUTER_BOUND ( 'NONE', #1950, .T. ) ;
#1854 = VERTEX_POINT ( 'NONE', #1697 ) ;
#1855 = DIRECTION ( 'NONE',  ( -0.0000000000000000000, 0.0000000000000000000, -1.000000000000000000 ) ) ;
#1856 = VECTOR ( 'NONE', #902, 1000.000000000000000 ) ;
#1857 = ORIENTED_EDGE ( 'NONE', *, *, #1230, .T. ) ;
#1858 = EDGE_CURVE ( 'NONE', #2429, #2071, #858, .T. ) ;
#1859 = CARTESIAN_POINT ( 'NONE',  ( 2.933717755745862910, 5.899999999999995914, 1.640727028549557209 ) ) ;
#1860 = DIRECTION ( 'NONE',  ( -1.000000000000000000, 0.0000000000000000000, -0.0000000000000000000 ) ) ;
#1861 = ORIENTED_EDGE ( 'NONE', *, *, #268, .T. ) ;
#1862 = DIRECTION ( 'NONE',  ( 1.000000000000000000, 0.0000000000000000000, -0.0000000000000000000 ) ) ;
#1863 = CARTESIAN_POINT ( 'NONE',  ( -1.050408664172459927, 5.899000000000001798, 0.8041224502130936980 ) ) ;
#1864 = EDGE_LOOP ( 'NONE', ( #2064, #2012, #2442, #1085 ) ) ;
#1865 = DIRECTION ( 'NONE',  ( 0.0000000000000000000, 0.0000000000000000000, -1.000000000000000000 ) ) ;
#1866 = CARTESIAN_POINT ( 'NONE',  ( 0.8783127925204510245, 5.899000000000001798, -0.7537381797081712520 ) ) ;
#1867 = CARTESIAN_POINT ( 'NONE',  ( 3.092714686928150769, 5.899000000000002686, 0.08550811138365996267 ) ) ;
#1868 = CARTESIAN_POINT ( 'NONE',  ( 3.595625898269107612, 5.898999999999998245, 2.117347083189204504 ) ) ;
#1869 = CARTESIAN_POINT ( 'NONE',  ( -0.2763968531488329994, 5.900000000000000355, 1.118671269110727895 ) ) ;
#1870 = CARTESIAN_POINT ( 'NONE',  ( -1.050408664172459927, 5.900000000000000355, 0.8041224502130936980 ) ) ;
#1871 = EDGE_CURVE ( 'NONE', #26, #1925, #1497, .T. ) ;
#1872 = ORIENTED_EDGE ( 'NONE', *, *, #2017, .T. ) ;
#1873 =( LENGTH_UNIT ( ) NAMED_UNIT ( * ) SI_UNIT ( .MILLI., .METRE. ) );
#1874 = CARTESIAN_POINT ( 'NONE',  ( 3.756811692833441629, 5.900000000000001243, 0.2105725179312210038 ) ) ;
#1875 = EDGE_CURVE ( 'NONE', #2233, #1556, #447, .T. ) ;
#1876 = FACE_BOUND ( 'NONE', #2291, .T. ) ;
#1877 = CARTESIAN_POINT ( 'NONE',  ( 3.325592113441856679, 5.899000000000001798, 2.067558900916014242 ) ) ;
#1878 = CARTESIAN_POINT ( 'NONE',  ( -1.050408664172459927, 5.900000000000000355, 0.8041224502130936980 ) ) ;
#1879 = LINE ( 'NONE', #1954, #413 ) ;
#1880 = LINE ( 'NONE', #996, #650 ) ;
#1881 = VERTEX_POINT ( 'NONE', #711 ) ;
#1882 = LINE ( 'NONE', #523, #1491 ) ;
#1883 = DIRECTION ( 'NONE',  ( 0.0000000000000000000, 0.0000000000000000000, -1.000000000000000000 ) ) ;
#1884 = CARTESIAN_POINT ( 'NONE',  ( 1.685439103266197058, 5.899000000000001798, -0.6845136824072308723 ) ) ;
#1885 = B_SPLINE_CURVE_WITH_KNOTS ( 'NONE', 3,
 ( #2078, #168, #586, #1534 ),
 .UNSPECIFIED., .F., .F.,
 ( 4, 4 ),
 ( 0.0000000000000000000, 0.002751246136474707563 ),
 .UNSPECIFIED. ) ;
#1886 = ORIENTED_EDGE ( 'NONE', *, *, #609, .T. ) ;
#1887 = VECTOR ( 'NONE', #22, 1000.000000000000000 ) ;
#1888 = CARTESIAN_POINT ( 'NONE',  ( 1.753156495404467607, 5.900000000000001243, 1.299264094694603688 ) ) ;
#1889 = CARTESIAN_POINT ( 'NONE',  ( 3.153287660958504990, 5.898999999999943178, -0.2182676888174871765 ) ) ;
#1890 = ORIENTED_EDGE ( 'NONE', *, *, #2238, .T. ) ;
#1891 = ORIENTED_EDGE ( 'NONE', *, *, #2117, .F. ) ;
#1892 = ORIENTED_EDGE ( 'NONE', *, *, #2191, .F. ) ;
#1893 = EDGE_CURVE ( 'NONE', #1266, #2429, #1851, .T. ) ;
#1894 = CARTESIAN_POINT ( 'NONE',  ( 1.825121253129110555, 5.899000000000003574, -0.5655951000215602154 ) ) ;
#1895 = ORIENTED_EDGE ( 'NONE', *, *, #1308, .F. ) ;
#1896 = CARTESIAN_POINT ( 'NONE',  ( 1.753156495404467607, 5.899999999999995026, 1.299264094694603688 ) ) ;
#1897 = CARTESIAN_POINT ( 'NONE',  ( 3.772551277807187020, 5.899000000000000909, -2.035422972402939124 ) ) ;
#1898 = MECHANICAL_DESIGN_GEOMETRIC_PRESENTATION_REPRESENTATION (  '', ( #1419 ), #1727 ) ;
#1899 = CARTESIAN_POINT ( 'NONE',  ( 2.933717755745862910, 5.899999999999999467, 1.640727028549557209 ) ) ;
#1900 = PLANE ( 'NONE',  #943 ) ;
#1901 = DIRECTION ( 'NONE',  ( 0.0000000000000000000, 1.000000000000000000, 0.0000000000000000000 ) ) ;
#1902 = CARTESIAN_POINT ( 'NONE',  ( 2.721423823803930553, 5.899000000000002686, -0.04279010955584168496 ) ) ;
#1903 = SURFACE_STYLE_USAGE ( .BOTH. , #1146 ) ;
#1904 = DIRECTION ( 'NONE',  ( 1.000000000000000000, 0.0000000000000000000, 0.0000000000000000000 ) ) ;
#1905 = CARTESIAN_POINT ( 'NONE',  ( 2.196219315816507311, 5.900000000000002132, 1.309776044640271087 ) ) ;
#1906 = SURFACE_STYLE_USAGE ( .BOTH. , #585 ) ;
#1907 = CARTESIAN_POINT ( 'NONE',  ( 1.646404036549775407, 5.899999999999994138, -2.909237158329874173 ) ) ;
#1908 = LINE ( 'NONE', #1839, #1404 ) ;
#1909 = AXIS2_PLACEMENT_3D ( 'NONE', #1480, #920, #1093 ) ;
#1910 = CARTESIAN_POINT ( 'NONE',  ( 1.045314170473210513, 5.900000000000000355, -0.07946810096801441847 ) ) ;
#1911 = VECTOR ( 'NONE', #2473, 1000.000000000000000 ) ;
#1912 = CARTESIAN_POINT ( 'NONE',  ( 1.364926282753376130, 5.900000000000000355, -2.928103425996973375 ) ) ;
#1913 = DIRECTION ( 'NONE',  ( 0.0000000000000000000, 0.0000000000000000000, 1.000000000000000000 ) ) ;
#1914 = VECTOR ( 'NONE', #940, 1000.000000000000000 ) ;
#1915 = ORIENTED_EDGE ( 'NONE', *, *, #907, .F. ) ;
#1916 = FILL_AREA_STYLE_COLOUR ( '', #2316 ) ;
#1917 = DIRECTION ( 'NONE',  ( 0.0000000000000000000, -1.000000000000000000, -0.0000000000000000000 ) ) ;
#1918 = CARTESIAN_POINT ( 'NONE',  ( -2.535054727164589572, 5.899500000000000632, -0.6680968411254808448 ) ) ;
#1919 = B_SPLINE_CURVE_WITH_KNOTS ( 'NONE', 3,
 ( #1578, #437, #822, #1199 ),
 .UNSPECIFIED., .F., .F.,
 ( 4, 4 ),
 ( 1.084202172485504434E-19, 0.001101979630913839294 ),
 .UNSPECIFIED. ) ;
#1920 = VERTEX_POINT ( 'NONE', #1921 ) ;
#1921 = CARTESIAN_POINT ( 'NONE',  ( -4.062341222300320354, 5.899000000000001798, -4.250000000000000000 ) ) ;
#1922 = CARTESIAN_POINT ( 'NONE',  ( 3.092714686928150769, 5.899000000000031996, 0.08550811138365996267 ) ) ;
#1923 = UNCERTAINTY_MEASURE_WITH_UNIT (LENGTH_MEASURE( 1.000000000000000082E-05 ), #1873, 'distance_accuracy_value', 'NONE');
#1924 = ORIENTED_EDGE ( 'NONE', *, *, #1972, .T. ) ;
#1925 = VERTEX_POINT ( 'NONE', #1910 ) ;
#1926 = EDGE_CURVE ( 'NONE', #1799, #872, #1999, .T. ) ;
#1927 = FILL_AREA_STYLE ('',( #1916 ) ) ;
#1928 = VERTEX_POINT ( 'NONE', #387 ) ;
#1929 = CARTESIAN_POINT ( 'NONE',  ( -1.050408664172459927, 5.899500000000001521, 0.8041224502130936980 ) ) ;
#1930 = ORIENTED_EDGE ( 'NONE', *, *, #1959, .T. ) ;
#1931 = PLANE ( 'NONE',  #995 ) ;
#1932 = CARTESIAN_POINT ( 'NONE',  ( 3.832875000702093971, 5.899499999999973987, 0.2129222150286666781 ) ) ;
#1933 = MECHANICAL_DESIGN_GEOMETRIC_PRESENTATION_REPRESENTATION (  '', ( #1509 ), #519 ) ;
#1934 = CARTESIAN_POINT ( 'NONE',  ( 3.153287660958504990, 5.898999999999943178, 1.704809234259435868 ) ) ;
#1935 = CARTESIAN_POINT ( 'NONE',  ( 3.325592113441857123, 5.899999999999999467, -1.778594945237832459 ) ) ;
#1936 = SURFACE_STYLE_USAGE ( .BOTH. , #372 ) ;
#1937 = CARTESIAN_POINT ( 'NONE',  ( -2.535054727164589572, 5.899500000000000632, -0.6680968411254808448 ) ) ;
#1938 = DIRECTION ( 'NONE',  ( 0.0000000000000000000, 0.0000000000000000000, -1.000000000000000000 ) ) ;
#1939 = DIRECTION ( 'NONE',  ( -1.000000000000000000, -0.0000000000000000000, 0.0000000000000000000 ) ) ;
#1940 = LINE ( 'NONE', #1339, #2453 ) ;
#1941 = CARTESIAN_POINT ( 'NONE',  ( 3.153287660958504990, 5.899000000000001798, -0.2182676888174871765 ) ) ;
#1942 = EDGE_CURVE ( 'NONE', #428, #514, #2219, .T. ) ;
#1943 = VECTOR ( 'NONE', #2202, 1000.000000000000000 ) ;
#1944 = CARTESIAN_POINT ( 'NONE',  ( 1.364926282753376130, 5.899000000000001798, 2.520614522720974637 ) ) ;
#1945 = FACE_OUTER_BOUND ( 'NONE', #1625, .T. ) ;
#1946 = PRESENTATION_LAYER_ASSIGNMENT (  '', '', ( #2085 ) ) ;
#1947 = CARTESIAN_POINT ( 'NONE',  ( 1.921736544648319667, 5.899000000000000021, -0.7800301746244974188 ) ) ;
#1948 = SURFACE_SIDE_STYLE ('',( #677 ) ) ;
#1949 = ORIENTED_EDGE ( 'NONE', *, *, #120, .T. ) ;
#1950 = EDGE_LOOP ( 'NONE', ( #1952, #685, #1114, #2224 ) ) ;
#1951 = CARTESIAN_POINT ( 'NONE',  ( 3.653942329830224267, 5.900000000000000355, -0.1216962380109808811 ) ) ;
#1952 = ORIENTED_EDGE ( 'NONE', *, *, #130, .T. ) ;
#1953 = CARTESIAN_POINT ( 'NONE',  ( 1.978994649354638646, 5.899999999999998579, -2.373806787649042072 ) ) ;
#1954 = CARTESIAN_POINT ( 'NONE',  ( 5.249999999999997335, 0.0000000000000000000, 4.000000000000000888 ) ) ;
#1955 = ORIENTED_EDGE ( 'NONE', *, *, #667, .F. ) ;
#1956 =( LENGTH_UNIT ( ) NAMED_UNIT ( * ) SI_UNIT ( .MILLI., .METRE. ) );
#1957 = CARTESIAN_POINT ( 'NONE',  ( 3.678172671413531880, 5.899000000000002686, -1.719495398584147905 ) ) ;
#1958 = ORIENTED_EDGE ( 'NONE', *, *, #1995, .T. ) ;
#1959 = EDGE_CURVE ( 'NONE', #196, #1928, #946, .T. ) ;
#1960 = AXIS2_PLACEMENT_3D ( 'NONE', #862, #1055, #2390 ) ;
#1961 = CARTESIAN_POINT ( 'NONE',  ( -0.2270531523614434943, 5.900000000000000355, -1.474869675771160571 ) ) ;
#1962 = SURFACE_SIDE_STYLE ('',( #1576 ) ) ;
#1963 = DIRECTION ( 'NONE',  ( 0.6128916609699370799, 0.0000000000000000000, -0.7901669519244092221 ) ) ;
#1964 = FACE_OUTER_BOUND ( 'NONE', #863, .T. ) ;
#1965 = CARTESIAN_POINT ( 'NONE',  ( 3.832875000702093971, 5.900000000000000355, -2.030667528561076907 ) ) ;
#1966 = CARTESIAN_POINT ( 'NONE',  ( 1.045314170473210513, 5.899000000000001798, -0.07946810096801441847 ) ) ;
#1967 = PRESENTATION_STYLE_ASSIGNMENT (( #240 ) ) ;
#1968 = DIRECTION ( 'NONE',  ( 0.0000000000000000000, 0.0000000000000000000, 1.000000000000000000 ) ) ;
#1969 = VECTOR ( 'NONE', #806, 1000.000000000000000 ) ;
#1970 = PLANE ( 'NONE',  #123 ) ;
#1971 = DIRECTION ( 'NONE',  ( -0.0000000000000000000, 0.0000000000000000000, -1.000000000000000000 ) ) ;
#1972 = EDGE_CURVE ( 'NONE', #204, #172, #1696, .T. ) ;
#1973 = ORIENTED_EDGE ( 'NONE', *, *, #1986, .F. ) ;
#1974 = COLOUR_RGB ( '',0.8274509803921568096, 0.8392156862745098200, 0.8274509803921568096 ) ;
#1975 = DIRECTION ( 'NONE',  ( -1.000000000000000000, 0.0000000000000000000, 0.0000000000000000000 ) ) ;
#1976 = ORIENTED_EDGE ( 'NONE', *, *, #1456, .F. ) ;
#1977 = CARTESIAN_POINT ( 'NONE',  ( 2.099708923277392447, 5.899000000000000021, -0.6687641206516830028 ) ) ;
#1978 = VERTEX_POINT ( 'NONE', #953 ) ;
#1979 = ADVANCED_FACE ( 'NONE', ( #319 ), #963, .F. ) ;
#1980 = CARTESIAN_POINT ( 'NONE',  ( 1.839870291257381663, 5.899999999999995914, -0.8355318141528664810 ) ) ;
#1981 = DIRECTION ( 'NONE',  ( -0.0000000000000000000, 1.000000000000000000, 0.0000000000000000000 ) ) ;
#1982 = ORIENTED_EDGE ( 'NONE', *, *, #1292, .T. ) ;
#1983 = ORIENTED_EDGE ( 'NONE', *, *, #1995, .F. ) ;
#1984 = CARTESIAN_POINT ( 'NONE',  ( 3.313413708703465410, 5.900000000000000355, -2.099381894696490392 ) ) ;
#1985 = DIRECTION ( 'NONE',  ( 0.0000000000000000000, 1.000000000000000000, 0.0000000000000000000 ) ) ;
#1986 = EDGE_CURVE ( 'NONE', #1272, #266, #1102, .T. ) ;
#1987 = CARTESIAN_POINT ( 'NONE',  ( 2.331515437834766669, 5.899999999999993250, -0.5401532733736802427 ) ) ;
#1988 = CARTESIAN_POINT ( 'NONE',  ( 3.509450231776536810, 5.899000000000028443, 2.104195576831664471 ) ) ;
#1989 = CARTESIAN_POINT ( 'NONE',  ( 2.331515437834766669, 5.899999999999995914, 1.382923649703242663 ) ) ;
#1990 = CARTESIAN_POINT ( 'NONE',  ( 2.504915007154129736, 5.899999999999993250, -0.4533248440634720100 ) ) ;
#1991 = DIRECTION ( 'NONE',  ( 1.000000000000000000, 0.0000000000000000000, -0.0000000000000000000 ) ) ;
#1992 = VECTOR ( 'NONE', #1572, 1000.000000000000000 ) ;
#1993 = VECTOR ( 'NONE', #1991, 1000.000000000000000 ) ;
#1994 = LINE ( 'NONE', #2253, #260 ) ;
#1995 = EDGE_CURVE ( 'NONE', #363, #9, #134, .T. ) ;
#1996 = CARTESIAN_POINT ( 'NONE',  ( 2.718287939097328021, 5.900000000000003020, -2.285738483876220251 ) ) ;
#1997 = B_SPLINE_SURFACE_WITH_KNOTS ( 'NONE', 3, 1, ( 
 ( #1222, #852 ),
 ( #631, #1251 ),
 ( #275, #1231 ),
 ( #65, #2171 ) ),
 .UNSPECIFIED., .F., .F., .F.,
 ( 4, 4 ),
 ( 2, 2 ),
 ( 0.2727272727272727071, 0.3636363636363636465 ),
 ( 0.0000000000000000000, 1.000000000000000000 ),
 .UNSPECIFIED. ) ;
#1998 = ADVANCED_FACE ( 'NONE', ( #475 ), #2004, .F. ) ;
#1999 = LINE ( 'NONE', #2096, #166 ) ;
#2000 = DIRECTION ( 'NONE',  ( -0.0000000000000000000, 0.0000000000000000000, -1.000000000000000000 ) ) ;
#2001 = ORIENTED_EDGE ( 'NONE', *, *, #1972, .F. ) ;
#2002 = CARTESIAN_POINT ( 'NONE',  ( 0.2832224381897465171, 5.900000000000003908, 1.720008276984740903 ) ) ;
#2003 = EDGE_CURVE ( 'NONE', #26, #2166, #2247, .T. ) ;
#2004 = B_SPLINE_SURFACE_WITH_KNOTS ( 'NONE', 3, 1, ( 
 ( #370, #1725 ),
 ( #2334, #400 ),
 ( #15, #2303 ),
 ( #205, #1156 ) ),
 .UNSPECIFIED., .F., .F., .F.,
 ( 4, 4 ),
 ( 2, 2 ),
 ( 0.3636363636363636465, 0.4545454545454545858 ),
 ( 0.0000000000000000000, 1.000000000000000000 ),
 .UNSPECIFIED. ) ;
#2005 = ORIENTED_EDGE ( 'NONE', *, *, #1089, .T. ) ;
#2006 = CARTESIAN_POINT ( 'NONE',  ( 1.899900351500869888, 5.899000000000024002, 1.415747928016910295 ) ) ;
#2007 = ORIENTED_EDGE ( 'NONE', *, *, #1833, .T. ) ;
#2008 = CARTESIAN_POINT ( 'NONE',  ( 3.080219237387048725, 5.899000000000000021, -2.162669873868121595 ) ) ;
#2009 = ORIENTED_EDGE ( 'NONE', *, *, #1858, .F. ) ;
#2010 = CARTESIAN_POINT ( 'NONE',  ( 1.978994649354638646, 5.899999999999997691, 1.472347058504805517 ) ) ;
#2011 = B_SPLINE_SURFACE_WITH_KNOTS ( 'NONE', 3, 1, ( 
 ( #1941, #1180 ),
 ( #1370, #602 ),
 ( #989, #225 ),
 ( #19, #1736 ),
 ( #5, #1951 ),
 ( #787, #427 ),
 ( #2151, #2146 ) ),
 .UNSPECIFIED., .F., .F., .F.,
 ( 4, 1, 1, 1, 4 ),
 ( 2, 2 ),
 ( 0.0000000000000000000, 0.2372165186042104190, 0.4825864912431361287, 0.7368469271779307661, 1.000000000000000000 ),
 ( 0.0000000000000000000, 1.000000000000000000 ),
 .UNSPECIFIED. ) ;
#2012 = ORIENTED_EDGE ( 'NONE', *, *, #1258, .F. ) ;
#2013 = ADVANCED_FACE ( 'NONE', ( #680 ), #1931, .T. ) ;
#2014 = B_SPLINE_SURFACE_WITH_KNOTS ( 'NONE', 3, 1, ( 
 ( #795, #1554 ),
 ( #1376, #1386 ),
 ( #773, #1569 ),
 ( #2344, #2318 ),
 ( #1563, #217 ),
 ( #608, #2329 ),
 ( #972, #1190 ) ),
 .UNSPECIFIED., .F., .F., .F.,
 ( 4, 1, 1, 1, 4 ),
 ( 2, 2 ),
 ( 0.0000000000000000000, 0.2372165186042104190, 0.4825864912431361287, 0.7368469271779307661, 1.000000000000000000 ),
 ( 0.0000000000000000000, 1.000000000000000000 ),
 .UNSPECIFIED. ) ;
#2015 = DIRECTION ( 'NONE',  ( 0.0000000000000000000, 1.000000000000000000, 0.0000000000000000000 ) ) ;
#2016 = CARTESIAN_POINT ( 'NONE',  ( 0.4259051153550916791, 5.899000000000001798, -1.474869675771165234 ) ) ;
#2017 = EDGE_CURVE ( 'NONE', #365, #807, #1516, .T. ) ;
#2018 = CARTESIAN_POINT ( 'NONE',  ( -4.062341222300320354, 5.899000000000001798, -4.250000000000000000 ) ) ;
#2019 = CARTESIAN_POINT ( 'NONE',  ( 2.347893693179199825, 5.899000000000001798, 1.390295401807382980 ) ) ;
#2020 = PRESENTATION_LAYER_ASSIGNMENT (  '', '', ( #1672 ) ) ;
#2021 = CARTESIAN_POINT ( 'NONE',  ( 1.691514487058583427, 5.899000000000004462, -2.870662268065226286 ) ) ;
#2022 = CARTESIAN_POINT ( 'NONE',  ( 3.228008689402141584, 5.899999999999997691, 0.1206913043526730567 ) ) ;
#2023 = LINE ( 'NONE', #1426, #2153 ) ;
#2024 = DIRECTION ( 'NONE',  ( 0.0000000000000000000, -0.0000000000000000000, -1.000000000000000000 ) ) ;
#2025 = VECTOR ( 'NONE', #1107, 1000.000000000000000 ) ;
#2026 = ORIENTED_EDGE ( 'NONE', *, *, #1538, .F. ) ;
#2027 = FACE_OUTER_BOUND ( 'NONE', #663, .T. ) ;
#2028 = EDGE_CURVE ( 'NONE', #955, #692, #1204, .T. ) ;
#2029 = CARTESIAN_POINT ( 'NONE',  ( 2.718287939097328021, 5.899999999999997691, 1.560415362277626450 ) ) ;
#2030 = CARTESIAN_POINT ( 'NONE',  ( 3.153287660958504990, 5.900000000000000355, -2.141344611894409944 ) ) ;
#2031 = ORIENTED_EDGE ( 'NONE', *, *, #1456, .T. ) ;
#2032 = CARTESIAN_POINT ( 'NONE',  ( 1.077353540551949873, 5.899000000000001798, 0.9188960722603322084 ) ) ;
#2033 = CARTESIAN_POINT ( 'NONE',  ( -5.250000000000000888, 5.900000000000000355, -5.900000000000000355 ) ) ;
#2034 = ORIENTED_EDGE ( 'NONE', *, *, #1126, .T. ) ;
#2035 = STYLED_ITEM ( 'NONE', ( #347 ), #879 ) ;
#2036 = VERTEX_POINT ( 'NONE', #1193 ) ;
#2037 = FILL_AREA_STYLE ('',( #2054 ) ) ;
#2038 =( GEOMETRIC_REPRESENTATION_CONTEXT ( 3 ) GLOBAL_UNCERTAINTY_ASSIGNED_CONTEXT ( ( #101 ) ) GLOBAL_UNIT_ASSIGNED_CONTEXT ( ( #2468, #1703, #934 ) ) REPRESENTATION_CONTEXT ( 'NONE', 'WORKASPACE' ) );
#2039 = ORIENTED_EDGE ( 'NONE', *, *, #2443, .T. ) ;
#2040 = CARTESIAN_POINT ( 'NONE',  ( 1.978994649354638646, 5.899999999999999467, -0.4507298645721185548 ) ) ;
#2041 = ORIENTED_EDGE ( 'NONE', *, *, #546, .T. ) ;
#2042 = ORIENTED_EDGE ( 'NONE', *, *, #298, .F. ) ;
#2043 = CARTESIAN_POINT ( 'NONE',  ( 3.756811692833441629, 5.899999999999994138, 2.133649441008143910 ) ) ;
#2044 =( NAMED_UNIT ( * ) PLANE_ANGLE_UNIT ( ) SI_UNIT ( $, .RADIAN. ) );
#2045 = CARTESIAN_POINT ( 'NONE',  ( -4.424999999999998934, -0.1000000000000000056, 4.000000000000000000 ) ) ;
#2046 = CARTESIAN_POINT ( 'NONE',  ( 2.238490862292150663, 5.899999999999999467, -0.2851854932388245278 ) ) ;
#2047 = B_SPLINE_SURFACE_WITH_KNOTS ( 'NONE', 3, 1, ( 
 ( #720, #909 ),
 ( #135, #2265 ),
 ( #146, #2289 ),
 ( #1112, #928 ),
 ( #1868, #733 ),
 ( #1680, #2444 ),
 ( #326, #2060 ),
 ( #1877, #529 ),
 ( #1499, #1328 ),
 ( #555, #2478 ),
 ( #160, #2452 ),
 ( #1336, #2471 ),
 ( #1303, #1488 ),
 ( #1479, #1475 ),
 ( #1099, #742 ),
 ( #342, #1689 ),
 ( #538, #727 ),
 ( #2072, #548 ),
 ( #361, #1507 ),
 ( #918, #2272 ),
 ( #336, #1888 ),
 ( #1123, #1668 ),
 ( #2461, #2086 ) ),
 .UNSPECIFIED., .F., .F., .F.,
 ( 4, 1, 1, 1, 1, 1, 1, 1, 1, 1, 1, 1, 1, 1, 1, 1, 1, 1, 1, 1, 4 ),
 ( 2, 2 ),
 ( 0.0000000000000000000, 0.03151551312998473325, 0.06480979674365734688, 0.09991169883527552253, 0.1366755286001709035, 0.1751432978746825797, 0.2157650117082457186, 0.2581569125231218398, 0.3022930440652045747, 0.3927408518774002100, 0.4832984694610616416, 0.5744114847371660781, 0.6664774093514972408, 0.7120107481430553165, 0.7563744975915032143, 0.7998154803065209428, 0.8419616993485902201, 0.8828431755911849699, 0.9229180315891946096, 0.9619666184423850686, 1.000000000000000000 ),
 ( 0.0000000000000000000, 1.000000000000000000 ),
 .UNSPECIFIED. ) ;
#2048 = ADVANCED_FACE ( 'NONE', ( #1613 ), #1592, .F. ) ;
#2049 = ORIENTED_EDGE ( 'NONE', *, *, #95, .F. ) ;
#2050 = EDGE_CURVE ( 'NONE', #2173, #385, #2155, .T. ) ;
#2051 = CARTESIAN_POINT ( 'NONE',  ( 0.8201070838590328593, 5.900000000000003908, -0.9868220379758848582 ) ) ;
#2052 = B_SPLINE_SURFACE_WITH_KNOTS ( 'NONE', 3, 1, ( 
 ( #1000, #1793 ),
 ( #994, #237 ),
 ( #1192, #1984 ),
 ( #33, #1786 ),
 ( #626, #1018 ),
 ( #1765, #2355 ),
 ( #2176, #1965 ) ),
 .UNSPECIFIED., .F., .F., .F.,
 ( 4, 1, 1, 1, 4 ),
 ( 2, 2 ),
 ( 0.0000000000000000000, 0.2372165186042104190, 0.4825864912431361287, 0.7368469271779307661, 1.000000000000000000 ),
 ( 0.0000000000000000000, 1.000000000000000000 ),
 .UNSPECIFIED. ) ;
#2053 = AXIS2_PLACEMENT_3D ( 'NONE', #2310, #939, #1143 ) ;
#2054 = FILL_AREA_STYLE_COLOUR ( '', #1553 ) ;
#2055 = VECTOR ( 'NONE', #295, 1000.000000000000000 ) ;
#2056 = CARTESIAN_POINT ( 'NONE',  ( -2.260621656298445803, 5.899000000000001798, -0.09455628994437857704 ) ) ;
#2057 = FACE_OUTER_BOUND ( 'NONE', #982, .T. ) ;
#2058 = CARTESIAN_POINT ( 'NONE',  ( 1.707812500158861546, 5.899000000000002686, -0.6644585052077012222 ) ) ;
#2059 = FACE_OUTER_BOUND ( 'NONE', #1214, .T. ) ;
#2060 = CARTESIAN_POINT ( 'NONE',  ( 3.419470758207388439, 5.900000000000000355, 2.087478908991903914 ) ) ;
#2061 = LINE ( 'NONE', #1087, #2373 ) ;
#2062 = CARTESIAN_POINT ( 'NONE',  ( -0.8208460657472713695, 5.900000000000000355, -0.8950850301018701272 ) ) ;
#2063 = VECTOR ( 'NONE', #1917, 1000.000000000000000 ) ;
#2064 = ORIENTED_EDGE ( 'NONE', *, *, #45, .T. ) ;
#2065 = PLANE ( 'NONE',  #1524 ) ;
#2066 = VECTOR ( 'NONE', #39, 1000.000000000000000 ) ;
#2067 = ORIENTED_EDGE ( 'NONE', *, *, #2424, .T. ) ;
#2068 = EDGE_CURVE ( 'NONE', #57, #2166, #1732, .T. ) ;
#2069 = CARTESIAN_POINT ( 'NONE',  ( -2.059126774408686078, 5.900000000000000355, -0.5386035340388788395 ) ) ;
#2070 = CARTESIAN_POINT ( 'NONE',  ( 2.523684368966614855, 5.900000000000000355, -0.1305213286127180072 ) ) ;
#2071 = VERTEX_POINT ( 'NONE', #170 ) ;
#2072 = CARTESIAN_POINT ( 'NONE',  ( 1.978994649354638646, 5.899000000000004462, 1.472347058504805517 ) ) ;
#2073 = AXIS2_PLACEMENT_3D ( 'NONE', #402, #408, #590 ) ;
#2074 = ORIENTED_EDGE ( 'NONE', *, *, #1424, .T. ) ;
#2075 = UNCERTAINTY_MEASURE_WITH_UNIT (LENGTH_MEASURE( 1.000000000000000082E-05 ), #69, 'distance_accuracy_value', 'NONE');
#2076 = CARTESIAN_POINT ( 'NONE',  ( 2.504915007154129736, 5.899000000000000021, 1.469752079013450619 ) ) ;
#2077 = ORIENTED_EDGE ( 'NONE', *, *, #672, .F. ) ;
#2078 = CARTESIAN_POINT ( 'NONE',  ( -1.044379530314190285, 5.900000000000000355, 1.357630717929626307 ) ) ;
#2079 = ADVANCED_FACE ( 'NONE', ( #533 ), #389, .T. ) ;
#2080 = CARTESIAN_POINT ( 'NONE',  ( 0.4259051153550916236, 5.900000000000000355, -1.474869675771164124 ) ) ;
#2081 = CARTESIAN_POINT ( 'NONE',  ( 2.933717755745862910, 5.899000000000000909, -0.2823498945273659189 ) ) ;
#2082 = CARTESIAN_POINT ( 'NONE',  ( 1.624341346855940449, 5.899000000000002686, 0.9180504201568719935 ) ) ;
#2083 = DIRECTION ( 'NONE',  ( -1.000000000000000000, 0.0000000000000000000, -0.0000000000000000000 ) ) ;
#2084 = CARTESIAN_POINT ( 'NONE',  ( 1.899900351500869888, 5.899999999999998579, -0.5073289950600121667 ) ) ;
#2085 = STYLED_ITEM ( 'NONE', ( #1967 ), #1022 ) ;
#2086 = CARTESIAN_POINT ( 'NONE',  ( 1.685439103266197058, 5.900000000000001243, 1.238563240669692256 ) ) ;
#2087 = CARTESIAN_POINT ( 'NONE',  ( 1.707812500158861546, 5.899000000000031996, -0.6644585052077012222 ) ) ;
#2088 = B_SPLINE_SURFACE_WITH_KNOTS ( 'NONE', 3, 1, ( 
 ( #449, #2361 ),
 ( #460, #265 ),
 ( #1787, #1812 ),
 ( #668, #651 ),
 ( #1796, #643 ),
 ( #825, #836 ),
 ( #2184, #1628 ),
 ( #1031, #662 ),
 ( #638, #1422 ),
 ( #1009, #274 ),
 ( #2178, #246 ),
 ( #73, #1996 ),
 ( #851, #2381 ),
 ( #2008, #1607 ),
 ( #1236, #1420 ) ),
 .UNSPECIFIED., .F., .F., .F.,
 ( 4, 1, 1, 1, 1, 1, 1, 1, 1, 1, 1, 1, 4 ),
 ( 2, 2 ),
 ( 0.0000000000000000000, 0.05027287497458368670, 0.1027903700748774990, 0.1576131012369287598, 0.2146311133156754147, 0.2740612127265388831, 0.3356974550538850965, 0.4000702787165526519, 0.4668267493853400230, 0.6020780869193702589, 0.7357515335047495331, 0.8682046170340284030, 0.9999999999999998890 ),
 ( 0.0000000000000000000, 1.000000000000000000 ),
 .UNSPECIFIED. ) ;
#2089 = LINE ( 'NONE', #517, #824 ) ;
#2090 = CARTESIAN_POINT ( 'NONE',  ( 3.080219237387048725, 5.899999999999999467, 1.683483972285724217 ) ) ;
#2091 =( NAMED_UNIT ( * ) SI_UNIT ( $, .STERADIAN. ) SOLID_ANGLE_UNIT ( ) );
#2092 = FILL_AREA_STYLE_COLOUR ( '', #2455 ) ;
#2093 = B_SPLINE_CURVE_WITH_KNOTS ( 'NONE', 3,
 ( #1937, #1357, #1540, #595 ),
 .UNSPECIFIED., .F., .F.,
 ( 4, 4 ),
 ( 0.0000000000000000000, 0.002750972435822954514 ),
 .UNSPECIFIED. ) ;
#2094 = ORIENTED_EDGE ( 'NONE', *, *, #2136, .F. ) ;
#2095 = VECTOR ( 'NONE', #594, 1000.000000000000000 ) ;
#2096 = CARTESIAN_POINT ( 'NONE',  ( 3.832875000702093971, 5.900000000000000355, 5.900000000000000355 ) ) ;
#2097 = ORIENTED_EDGE ( 'NONE', *, *, #31, .F. ) ;
#2098 = ORIENTED_EDGE ( 'NONE', *, *, #1801, .T. ) ;
#2099 = CARTESIAN_POINT ( 'NONE',  ( 2.718287939097328021, 5.900000000000001243, 1.560415362277626450 ) ) ;
#2100 = ORIENTED_EDGE ( 'NONE', *, *, #2139, .F. ) ;
#2101 = EDGE_CURVE ( 'NONE', #290, #2353, #1880, .T. ) ;
#2102 = CARTESIAN_POINT ( 'NONE',  ( 0.5668322807094262616, 5.899000000000001798, -0.3954141639601409519 ) ) ;
#2103 = CARTESIAN_POINT ( 'NONE',  ( -4.312341222300321242, 5.899000000000001798, -4.250000000000000000 ) ) ;
#2104 = DIRECTION ( 'NONE',  ( -7.350523203291555004E-17, 0.0000000000000000000, -1.000000000000000000 ) ) ;
#2105 = EDGE_LOOP ( 'NONE', ( #1240, #805, #1051 ) ) ;
#2106 = CARTESIAN_POINT ( 'NONE',  ( 1.899900351500869888, 5.899000000000028443, -0.5073289950600121667 ) ) ;
#2107 = PRESENTATION_LAYER_ASSIGNMENT (  '', '', ( #1391 ) ) ;
#2108 = CARTESIAN_POINT ( 'NONE',  ( -2.059126774408686078, 5.899000000000001798, -0.5386035340388788395 ) ) ;
#2109 = B_SPLINE_SURFACE_WITH_KNOTS ( 'NONE', 3, 1, ( 
 ( #2241, #697 ),
 ( #512, #2236 ),
 ( #1828, #1448 ),
 ( #1080, #287 ) ),
 .UNSPECIFIED., .F., .F., .F.,
 ( 4, 4 ),
 ( 2, 2 ),
 ( 0.0000000000000000000, 0.09090909090909091161 ),
 ( 0.0000000000000000000, 1.000000000000000000 ),
 .UNSPECIFIED. ) ;
#2110 = CARTESIAN_POINT ( 'NONE',  ( 1.685439103266197280, 5.900000000000000355, -1.325539323432871397 ) ) ;
#2111 = PLANE ( 'NONE',  #483 ) ;
#2112 = DIRECTION ( 'NONE',  ( -0.0000000000000000000, 1.560772332620055356E-13, 1.000000000000000000 ) ) ;
#2113 = B_SPLINE_CURVE_WITH_KNOTS ( 'NONE', 3,
 ( #816, #252, #458, #1961 ),
 .UNSPECIFIED., .F., .F.,
 ( 4, 4 ),
 ( 0.0000000000000000000, 0.001665672635522293197 ),
 .UNSPECIFIED. ) ;
#2114 =( NAMED_UNIT ( * ) PLANE_ANGLE_UNIT ( ) SI_UNIT ( $, .RADIAN. ) );
#2115 = SURFACE_STYLE_USAGE ( .BOTH. , #2479 ) ;
#2116 = CARTESIAN_POINT ( 'NONE',  ( 3.313413708703465854, 5.899000000000001798, 1.746771951457355199 ) ) ;
#2117 = EDGE_CURVE ( 'NONE', #692, #196, #740, .T. ) ;
#2118 = CARTESIAN_POINT ( 'NONE',  ( 1.077353540551950095, 5.899000000000000909, 0.9188960722603323195 ) ) ;
#2119 = CARTESIAN_POINT ( 'NONE',  ( -5.249999999999999112, 5.900000000000000355, 5.900000000000000355 ) ) ;
#2120 = LINE ( 'NONE', #25, #735 ) ;
#2121 = CARTESIAN_POINT ( 'NONE',  ( 3.480122893926430816, 5.899999999999994138, -0.1455073590791929050 ) ) ;
#2122 = FACE_OUTER_BOUND ( 'NONE', #2462, .T. ) ;
#2123 = DIRECTION ( 'NONE',  ( 0.0000000000000000000, 0.0000000000000000000, 1.000000000000000000 ) ) ;
#2124 = LINE ( 'NONE', #1025, #1610 ) ;
#2125 =( NAMED_UNIT ( * ) PLANE_ANGLE_UNIT ( ) SI_UNIT ( $, .RADIAN. ) );
#2126 = VECTOR ( 'NONE', #753, 1000.000000000000000 ) ;
#2127 = ORIENTED_EDGE ( 'NONE', *, *, #1650, .F. ) ;
#2128 = LINE ( 'NONE', #961, #2063 ) ;
#2129 = VERTEX_POINT ( 'NONE', #230 ) ;
#2130 = CARTESIAN_POINT ( 'NONE',  ( 1.045314170473210513, 5.899000000000001798, -0.07946810096801441847 ) ) ;
#2131 = VECTOR ( 'NONE', #1197, 1000.000000000000000 ) ;
#2132 = CARTESIAN_POINT ( 'NONE',  ( -2.224999999999998757, 0.0000000000000000000, -4.000000000000000000 ) ) ;
#2133 = ORIENTED_EDGE ( 'NONE', *, *, #2050, .F. ) ;
#2134 = DIRECTION ( 'NONE',  ( 0.0000000000000000000, -1.000000000000000000, -0.0000000000000000000 ) ) ;
#2135 = EDGE_LOOP ( 'NONE', ( #622, #2009, #782, #1285 ) ) ;
#2136 = EDGE_CURVE ( 'NONE', #297, #1978, #935, .T. ) ;
#2137 = DIRECTION ( 'NONE',  ( 0.0000000000000000000, -1.000000000000000000, -0.0000000000000000000 ) ) ;
#2138 = ORIENTED_EDGE ( 'NONE', *, *, #640, .T. ) ;
#2139 = EDGE_CURVE ( 'NONE', #965, #2262, #41, .T. ) ;
#2140 = CARTESIAN_POINT ( 'NONE',  ( 1.825121253129109666, 5.899000000000000021, -2.488672023098483344 ) ) ;
#2141 = ORIENTED_EDGE ( 'NONE', *, *, #1445, .F. ) ;
#2142 = CARTESIAN_POINT ( 'NONE',  ( 2.347893693179199825, 5.899000000000001798, -2.455858444346463276 ) ) ;
#2143 = CARTESIAN_POINT ( 'NONE',  ( 2.504915007154129736, 5.899999999999999467, -0.4533248440634720100 ) ) ;
#2144 = CARTESIAN_POINT ( 'NONE',  ( 2.721423823803931885, 5.899000000000006239, -1.965867032632764966 ) ) ;
#2145 = PRESENTATION_LAYER_ASSIGNMENT (  '', '', ( #1788 ) ) ;
#2146 = CARTESIAN_POINT ( 'NONE',  ( 3.832875000702093971, 5.900000000000000355, -0.1075906054841538756 ) ) ;
#2147 = CARTESIAN_POINT ( 'NONE',  ( 1.685439103266197280, 5.900000000000000355, -2.607590605484154445 ) ) ;
#2148 = B_SPLINE_CURVE_WITH_KNOTS ( 'NONE', 3,
 ( #734, #549, #1304, #1084 ),
 .UNSPECIFIED., .F., .F.,
 ( 4, 4 ),
 ( 0.0000000000000000000, 0.001130227415205068819 ),
 .UNSPECIFIED. ) ;
#2149 = CARTESIAN_POINT ( 'NONE',  ( 0.8201070838590328593, 5.899000000000000021, -0.9868220379758848582 ) ) ;
#2150 = CARTESIAN_POINT ( 'NONE',  ( 1.825121253129109666, 5.899000000000002686, -2.488672023098483344 ) ) ;
#2151 = CARTESIAN_POINT ( 'NONE',  ( 3.832875000702093971, 5.899000000000001798, -0.1075906054841538756 ) ) ;
#2152 = EDGE_CURVE ( 'NONE', #2071, #1854, #1642, .T. ) ;
#2153 = VECTOR ( 'NONE', #878, 1000.000000000000000 ) ;
#2154 = UNCERTAINTY_MEASURE_WITH_UNIT (LENGTH_MEASURE( 1.000000000000000082E-05 ), #1633, 'distance_accuracy_value', 'NONE');
#2155 = LINE ( 'NONE', #1200, #53 ) ;
#2156 = PRESENTATION_STYLE_ASSIGNMENT (( #108 ) ) ;
#2157 = PRESENTATION_STYLE_ASSIGNMENT (( #1903 ) ) ;
#2158 = DIRECTION ( 'NONE',  ( 0.0000000000000000000, 1.000000000000000000, 0.0000000000000000000 ) ) ;
#2159 = CARTESIAN_POINT ( 'NONE',  ( 5.249999999999997335, 5.900000000000000355, 4.250000000000000000 ) ) ;
#2160 = ORIENTED_EDGE ( 'NONE', *, *, #1602, .T. ) ;
#2161 = VECTOR ( 'NONE', #1545, 1000.000000000000000 ) ;
#2162 = ORIENTED_EDGE ( 'NONE', *, *, #1322, .F. ) ;
#2163 = DIRECTION ( 'NONE',  ( 0.7901669519244092221, 0.0000000000000000000, 0.6128916609699370799 ) ) ;
#2164 = ORIENTED_EDGE ( 'NONE', *, *, #1871, .F. ) ;
#2165 = CARTESIAN_POINT ( 'NONE',  ( 1.685439103266197058, 5.899000000000001798, 0.5975375996440512871 ) ) ;
#2166 = VERTEX_POINT ( 'NONE', #2016 ) ;
#2167 = DIRECTION ( 'NONE',  ( -1.000000000000000000, 0.0000000000000000000, 7.350523203291555004E-17 ) ) ;
#2168 = CARTESIAN_POINT ( 'NONE',  ( 1.921736544648319667, 5.899999999999995914, 1.143046748452425598 ) ) ;
#2169 = ORIENTED_EDGE ( 'NONE', *, *, #1482, .F. ) ;
#2170 = EDGE_CURVE ( 'NONE', #2447, #365, #398, .T. ) ;
#2171 = CARTESIAN_POINT ( 'NONE',  ( -2.535054727164589572, 5.900000000000000355, -0.6680968411254809558 ) ) ;
#2172 = EDGE_LOOP ( 'NONE', ( #2406, #1075 ) ) ;
#2173 = VERTEX_POINT ( 'NONE', #2436 ) ;
#2174 =( GEOMETRIC_REPRESENTATION_CONTEXT ( 3 ) GLOBAL_UNCERTAINTY_ASSIGNED_CONTEXT ( ( #1661 ) ) GLOBAL_UNIT_ASSIGNED_CONTEXT ( ( #401, #2125, #1745 ) ) REPRESENTATION_CONTEXT ( 'NONE', 'WORKASPACE' ) );
#2175 = ADVANCED_FACE ( 'NONE', ( #2059 ), #903, .T. ) ;
#2176 = CARTESIAN_POINT ( 'NONE',  ( 3.832875000702093971, 5.899000000000001798, -2.030667528561076907 ) ) ;
#2177 = CARTESIAN_POINT ( 'NONE',  ( 2.331515437834766669, 5.899000000000000021, -0.5401532733736802427 ) ) ;
#2178 = CARTESIAN_POINT ( 'NONE',  ( 2.504915007154129736, 5.899000000000000021, -2.376401767140395194 ) ) ;
#2179 =( GEOMETRIC_REPRESENTATION_CONTEXT ( 3 ) GLOBAL_UNCERTAINTY_ASSIGNED_CONTEXT ( ( #211 ) ) GLOBAL_UNIT_ASSIGNED_CONTEXT ( ( #60, #1402, #244 ) ) REPRESENTATION_CONTEXT ( 'NONE', 'WORKASPACE' ) );
#2180 = CARTESIAN_POINT ( 'NONE',  ( 3.228008689402142029, 5.899999999999997691, -1.802385618724249960 ) ) ;
#2181 = CARTESIAN_POINT ( 'NONE',  ( 1.624341346855940227, 5.899000000000002686, -2.928103425996974263 ) ) ;
#2182 = DIRECTION ( 'NONE',  ( -1.000000000000000000, 0.0000000000000000000, -0.0000000000000000000 ) ) ;
#2183 = VECTOR ( 'NONE', #291, 1000.000000000000000 ) ;
#2184 = CARTESIAN_POINT ( 'NONE',  ( 2.008340250648215974, 5.899000000000000021, -2.647671501718701581 ) ) ;
#2185 = ADVANCED_FACE ( 'NONE', ( #1552 ), #2410, .T. ) ;
#2186 = LINE ( 'NONE', #755, #1671 ) ;
#2187 = CARTESIAN_POINT ( 'NONE',  ( 3.807988766949105042, 5.899999999999998579, -1.710923477023131634 ) ) ;
#2188 = DIRECTION ( 'NONE',  ( -1.334649084188652424E-13, -1.000000000000000000, 1.560772332620055356E-13 ) ) ;
#2189 = UNCERTAINTY_MEASURE_WITH_UNIT (LENGTH_MEASURE( 1.000000000000000082E-05 ), #911, 'distance_accuracy_value', 'NONE');
#2190 = COLOUR_RGB ( '',0.7921568627450980005, 0.8196078431372548767, 0.9333333333333333481 ) ;
#2191 = EDGE_CURVE ( 'NONE', #1854, #1142, #1994, .T. ) ;
#2192 = ORIENTED_EDGE ( 'NONE', *, *, #559, .F. ) ;
#2193 =( NAMED_UNIT ( * ) PLANE_ANGLE_UNIT ( ) SI_UNIT ( $, .RADIAN. ) );
#2194 = PRESENTATION_STYLE_ASSIGNMENT (( #1505 ) ) ;
#2195 = CARTESIAN_POINT ( 'NONE',  ( 3.807988766949104598, 5.899000000000027555, 2.135230369130715289 ) ) ;
#2196 = PRODUCT_CONTEXT ( 'NONE', #1640, 'mechanical' ) ;
#2197 = ORIENTED_EDGE ( 'NONE', *, *, #280, .T. ) ;
#2198 = LINE ( 'NONE', #2321, #1679 ) ;
#2199 = CARTESIAN_POINT ( 'NONE',  ( 1.763367084544057661, 5.899999999999996803, 1.031376978045869919 ) ) ;
#2200 = VERTEX_POINT ( 'NONE', #868 ) ;
#2201 = CARTESIAN_POINT ( 'NONE',  ( 2.718287939097328021, 5.899999999999995026, -0.3626615607992972334 ) ) ;
#2202 = DIRECTION ( 'NONE',  ( -0.0000000000000000000, -1.000000000000000000, -0.0000000000000000000 ) ) ;
#2203 = EDGE_LOOP ( 'NONE', ( #1116, #1010, #210, #1527 ) ) ;
#2204 = ADVANCED_FACE ( 'NONE', ( #227 ), #513, .T. ) ;
#2205 = ORIENTED_EDGE ( 'NONE', *, *, #1875, .F. ) ;
#2206 = DIRECTION ( 'NONE',  ( 0.0000000000000000000, 1.000000000000000000, 0.0000000000000000000 ) ) ;
#2207 =( LENGTH_UNIT ( ) NAMED_UNIT ( * ) SI_UNIT ( .MILLI., .METRE. ) );
#2208 = EDGE_CURVE ( 'NONE', #1437, #2221, #1486, .T. ) ;
#2209 = CARTESIAN_POINT ( 'NONE',  ( 2.933717755745862910, 5.899999999999993250, -0.2823498945273659189 ) ) ;
#2210 = DIRECTION ( 'NONE',  ( -0.0000000000000000000, -1.000000000000000000, -0.0000000000000000000 ) ) ;
#2211 = MECHANICAL_DESIGN_GEOMETRIC_PRESENTATION_REPRESENTATION (  '', ( #719 ), #1042 ) ;
#2212 = CARTESIAN_POINT ( 'NONE',  ( 5.250000000000000888, 5.900000000000000355, 5.900000000000000355 ) ) ;
#2213 = ADVANCED_FACE ( 'NONE', ( #917 ), #1178, .T. ) ;
#2214 = PLANE ( 'NONE',  #1960 ) ;
#2215 = FACE_OUTER_BOUND ( 'NONE', #2312, .T. ) ;
#2216 = VECTOR ( 'NONE', #970, 1000.000000000000000 ) ;
#2217 = CARTESIAN_POINT ( 'NONE',  ( 1.364926282753376130, 5.900000000000000355, 0.5975375996440510651 ) ) ;
#2218 = CARTESIAN_POINT ( 'NONE',  ( 1.685439103266197058, 5.899000000000001798, -1.325539323432871841 ) ) ;
#2219 = LINE ( 'NONE', #376, #353 ) ;
#2220 = DIRECTION ( 'NONE',  ( 1.000000000000000000, 0.0000000000000000000, 0.0000000000000000000 ) ) ;
#2221 = VERTEX_POINT ( 'NONE', #750 ) ;
#2222 =( GEOMETRIC_REPRESENTATION_CONTEXT ( 3 ) GLOBAL_UNCERTAINTY_ASSIGNED_CONTEXT ( ( #368 ) ) GLOBAL_UNIT_ASSIGNED_CONTEXT ( ( #424, #618, #1398 ) ) REPRESENTATION_CONTEXT ( 'NONE', 'WORKASPACE' ) );
#2223 = VECTOR ( 'NONE', #776, 1000.000000000000000 ) ;
#2224 = ORIENTED_EDGE ( 'NONE', *, *, #2191, .T. ) ;
#2225 = ADVANCED_FACE ( 'NONE', ( #980 ), #367, .F. ) ;
#2226 =( GEOMETRIC_REPRESENTATION_CONTEXT ( 3 ) GLOBAL_UNCERTAINTY_ASSIGNED_CONTEXT ( ( #1375 ) ) GLOBAL_UNIT_ASSIGNED_CONTEXT ( ( #2332, #950, #213 ) ) REPRESENTATION_CONTEXT ( 'NONE', 'WORKASPACE' ) );
#2227 = ORIENTED_EDGE ( 'NONE', *, *, #2117, .T. ) ;
#2228 = CARTESIAN_POINT ( 'NONE',  ( -0.2270531523614436331, 5.899000000000001798, -1.474869675771161903 ) ) ;
#2229 = CARTESIAN_POINT ( 'NONE',  ( 2.061670429302303376, 5.900000000000000355, -0.3946546963766472405 ) ) ;
#2230 = ORIENTED_EDGE ( 'NONE', *, *, #793, .F. ) ;
#2231 = CARTESIAN_POINT ( 'NONE',  ( 0.2832224381897465171, 5.900000000000000355, 1.720008276984740903 ) ) ;
#2232 = VERTEX_POINT ( 'NONE', #1172 ) ;
#2233 = VERTEX_POINT ( 'NONE', #2132 ) ;
#2234 =( NAMED_UNIT ( * ) SI_UNIT ( $, .STERADIAN. ) SOLID_ANGLE_UNIT ( ) );
#2235 = ORIENTED_EDGE ( 'NONE', *, *, #2251, .T. ) ;
#2236 = CARTESIAN_POINT ( 'NONE',  ( 1.031653934252735327, 5.900000000000000355, -0.5050338489995117586 ) ) ;
#2237 = CARTESIAN_POINT ( 'NONE',  ( 1.364926282753376130, 5.899000000000001798, 0.9180504201568718825 ) ) ;
#2238 = EDGE_CURVE ( 'NONE', #1978, #297, #1512, .T. ) ;
#2239 = CARTESIAN_POINT ( 'NONE',  ( 1.045314170473210513, 5.900000000000000355, -0.07946810096801441847 ) ) ;
#2240 = PLANE ( 'NONE',  #927 ) ;
#2241 = CARTESIAN_POINT ( 'NONE',  ( 1.045314170473210513, 5.899000000000001798, -0.07946810096801441847 ) ) ;
#2242 = CARTESIAN_POINT ( 'NONE',  ( -2.181239766534675883, 5.899000000000000021, -1.169006289944391375 ) ) ;
#2243 = LINE ( 'NONE', #713, #315 ) ;
#2244 = DIRECTION ( 'NONE',  ( -0.0000000000000000000, 1.560772332620254780E-13, 1.000000000000000000 ) ) ;
#2245 = CARTESIAN_POINT ( 'NONE',  ( 2.504915007154130180, 5.899000000000000909, -0.4533248440634720100 ) ) ;
#2246 = VECTOR ( 'NONE', #1350, 1000.000000000000000 ) ;
#2247 = LINE ( 'NONE', #1360, #105 ) ;
#2248 = DIRECTION ( 'NONE',  ( 0.0000000000000000000, 0.0000000000000000000, 1.000000000000000000 ) ) ;
#2249 = ORIENTED_EDGE ( 'NONE', *, *, #1326, .T. ) ;
#2250 = VECTOR ( 'NONE', #1400, 1000.000000000000000 ) ;
#2251 = EDGE_CURVE ( 'NONE', #807, #4, #1673, .T. ) ;
#2252 = CARTESIAN_POINT ( 'NONE',  ( -4.312341222300321242, 5.900000000000000355, 4.250000000000000000 ) ) ;
#2253 = CARTESIAN_POINT ( 'NONE',  ( -4.424999999999998934, -0.1000000000000000056, 4.000000000000000000 ) ) ;
#2254 = ORIENTED_EDGE ( 'NONE', *, *, #1722, .T. ) ;
#2255 = SURFACE_STYLE_FILL_AREA ( #1927 ) ;
#2256 = DIRECTION ( 'NONE',  ( 0.0000000000000000000, -0.0000000000000000000, 1.000000000000000000 ) ) ;
#2257 = DIRECTION ( 'NONE',  ( -1.000000000000000000, 0.0000000000000000000, -0.0000000000000000000 ) ) ;
#2258 = ORIENTED_EDGE ( 'NONE', *, *, #798, .F. ) ;
#2259 = AXIS2_PLACEMENT_3D ( 'NONE', #1866, #1694, #913 ) ;
#2260 = ORIENTED_EDGE ( 'NONE', *, *, #826, .T. ) ;
#2261 =( NAMED_UNIT ( * ) PLANE_ANGLE_UNIT ( ) SI_UNIT ( $, .RADIAN. ) );
#2262 = VERTEX_POINT ( 'NONE', #2340 ) ;
#2263 = CARTESIAN_POINT ( 'NONE',  ( 4.424999999999998934, -0.1000000000000000056, -4.000000000000000888 ) ) ;
#2264 = CARTESIAN_POINT ( 'NONE',  ( 1.825121253129110555, 5.900000000000002132, -0.5655951000215602154 ) ) ;
#2265 = CARTESIAN_POINT ( 'NONE',  ( 3.807988766949104598, 5.900000000000001243, 2.135230369130715289 ) ) ;
#2266 = MANIFOLD_SOLID_BREP ( 'Cut-Extrude1', #2349 ) ;
#2267 = FILL_AREA_STYLE_COLOUR ( '', #1069 ) ;
#2268 = EDGE_CURVE ( 'NONE', #988, #2173, #885, .T. ) ;
#2269 = CARTESIAN_POINT ( 'NONE',  ( -2.059126774408686078, 5.899000000000001798, -0.5386035340388788395 ) ) ;
#2270 = CARTESIAN_POINT ( 'NONE',  ( 2.147975467092749113, 5.899999999999999467, -0.3390551845373978024 ) ) ;
#2271 = EDGE_CURVE ( 'NONE', #1777, #1978, #1885, .T. ) ;
#2272 = CARTESIAN_POINT ( 'NONE',  ( 1.825121253129110555, 5.900000000000003020, 1.357481823055363579 ) ) ;
#2273 = ORIENTED_EDGE ( 'NONE', *, *, #313, .T. ) ;
#2274 = STYLED_ITEM ( 'NONE', ( #1377 ), #2266 ) ;
#2275 = CARTESIAN_POINT ( 'NONE',  ( -0.8208460657472711475, 5.900000000000000355, -0.8950850301018701272 ) ) ;
#2276 = FACE_OUTER_BOUND ( 'NONE', #1358, .T. ) ;
#2277 = VECTOR ( 'NONE', #2182, 1000.000000000000000 ) ;
#2278 = SURFACE_STYLE_FILL_AREA ( #704 ) ;
#2279 = CARTESIAN_POINT ( 'NONE',  ( 2.523684368966614855, 5.899000000000001798, -0.1305213286127180072 ) ) ;
#2280 = B_SPLINE_CURVE_WITH_KNOTS ( 'NONE', 3,
 ( #2414, #1647, #2419, #505 ),
 .UNSPECIFIED., .F., .F.,
 ( 4, 4 ),
 ( 0.0000000000000000000, 0.001130220328000457230 ),
 .UNSPECIFIED. ) ;
#2281 = CARTESIAN_POINT ( 'NONE',  ( 3.756811692833441629, 5.899000000000031996, 0.2105725179312210038 ) ) ;
#2282 = ORIENTED_EDGE ( 'NONE', *, *, #893, .F. ) ;
#2283 = CARTESIAN_POINT ( 'NONE',  ( 2.331515437834766669, 5.899999999999999467, 1.382923649703242663 ) ) ;
#2284 = FACE_OUTER_BOUND ( 'NONE', #2285, .T. ) ;
#2285 = EDGE_LOOP ( 'NONE', ( #2031, #2005, #1013, #985 ) ) ;
#2286 = EDGE_CURVE ( 'NONE', #1773, #955, #1716, .T. ) ;
#2287 = DIRECTION ( 'NONE',  ( 0.0000000000000000000, 0.0000000000000000000, 1.000000000000000000 ) ) ;
#2288 = ORIENTED_EDGE ( 'NONE', *, *, #850, .F. ) ;
#2289 = CARTESIAN_POINT ( 'NONE',  ( 3.756811692833441629, 5.900000000000000355, 2.133649441008143910 ) ) ;
#2290 = CARTESIAN_POINT ( 'NONE',  ( 3.832875000702093971, 5.899000000000001798, -2.030667528561076907 ) ) ;
#2291 = EDGE_LOOP ( 'NONE', ( #354, #2432, #2007, #1353, #1335, #116, #722, #1139 ) ) ;
#2292 = ORIENTED_EDGE ( 'NONE', *, *, #973, .F. ) ;
#2293 = SURFACE_SIDE_STYLE ('',( #2255 ) ) ;
#2294 = FILL_AREA_STYLE ('',( #2322 ) ) ;
#2295 = ORIENTED_EDGE ( 'NONE', *, *, #1415, .T. ) ;
#2296 = CARTESIAN_POINT ( 'NONE',  ( 2.238490862292150663, 5.900000000000000355, -0.2851854932388245278 ) ) ;
#2297 = DIRECTION ( 'NONE',  ( -1.000000000000000000, 0.0000000000000000000, 0.0000000000000000000 ) ) ;
#2298 = CARTESIAN_POINT ( 'NONE',  ( 1.691514487058582761, 5.899000000000008015, 0.9754915780886203036 ) ) ;
#2299 = DIRECTION ( 'NONE',  ( 1.000000000000000000, 0.0000000000000000000, -0.0000000000000000000 ) ) ;
#2300 = CARTESIAN_POINT ( 'NONE',  ( 3.509450231776536366, 5.899999999999998579, -1.741958269322182229 ) ) ;
#2301 = CARTESIAN_POINT ( 'NONE',  ( -0.2270531523614435776, 5.900000000000000355, -1.474869675771160793 ) ) ;
#2302 = FILL_AREA_STYLE_COLOUR ( '', #2190 ) ;
#2303 = CARTESIAN_POINT ( 'NONE',  ( -1.520317719290578351, 5.900000000000000355, -1.298110620653053937 ) ) ;
#2304 = CARTESIAN_POINT ( 'NONE',  ( 2.718287939097328021, 5.899000000000008903, 1.560415362277626228 ) ) ;
#2305 = PRODUCT_DEFINITION_SHAPE ( 'NONE', 'NONE',  #979 ) ;
#2306 = VECTOR ( 'NONE', #1690, 1000.000000000000000 ) ;
#2307 = VECTOR ( 'NONE', #969, 1000.000000000000000 ) ;
#2308 = LINE ( 'NONE', #1167, #2246 ) ;
#2309 = VECTOR ( 'NONE', #1862, 1000.000000000000000 ) ;
#2310 = CARTESIAN_POINT ( 'NONE',  ( -5.250000000000000000, 5.900000000000000355, -5.900000000000000355 ) ) ;
#2311 = CARTESIAN_POINT ( 'NONE',  ( 2.099708923277393779, 5.899999999999995026, -2.591841043728606131 ) ) ;
#2312 = EDGE_LOOP ( 'NONE', ( #1749, #30, #1216, #541 ) ) ;
#2313 = DIRECTION ( 'NONE',  ( -1.000000000000000000, -0.0000000000000000000, 0.0000000000000000000 ) ) ;
#2314 = CARTESIAN_POINT ( 'NONE',  ( 3.419470758207391548, 5.899000000000031996, 0.1644019859149808416 ) ) ;
#2315 = ORIENTED_EDGE ( 'NONE', *, *, #2170, .F. ) ;
#2316 = COLOUR_RGB ( '',0.1882352941176470562, 0.2039215686274509776, 0.2039215686274509776 ) ;
#2317 = ORIENTED_EDGE ( 'NONE', *, *, #102, .T. ) ;
#2318 = CARTESIAN_POINT ( 'NONE',  ( 3.480122893926430816, 5.900000000000000355, 1.777569563997730029 ) ) ;
#2319 = ORIENTED_EDGE ( 'NONE', *, *, #1424, .F. ) ;
#2320 = EDGE_CURVE ( 'NONE', #1364, #1805, #1821, .T. ) ;
#2321 = CARTESIAN_POINT ( 'NONE',  ( -4.062341222300320354, 5.899000000000001798, -4.250000000000000000 ) ) ;
#2322 = FILL_AREA_STYLE_COLOUR ( '', #86 ) ;
#2323 = CARTESIAN_POINT ( 'NONE',  ( 3.772551277807187020, 5.899999999999994138, -0.1123460493260166893 ) ) ;
#2324 = ORIENTED_EDGE ( 'NONE', *, *, #653, .T. ) ;
#2325 =( LENGTH_UNIT ( ) NAMED_UNIT ( * ) SI_UNIT ( .MILLI., .METRE. ) );
#2326 = PLANE ( 'NONE',  #623 ) ;
#2327 =( GEOMETRIC_REPRESENTATION_CONTEXT ( 3 ) GLOBAL_UNCERTAINTY_ASSIGNED_CONTEXT ( ( #1923 ) ) GLOBAL_UNIT_ASSIGNED_CONTEXT ( ( #1873, #1323, #1127 ) ) REPRESENTATION_CONTEXT ( 'NONE', 'WORKASPACE' ) );
#2328 = ORIENTED_EDGE ( 'NONE', *, *, #2320, .F. ) ;
#2329 = CARTESIAN_POINT ( 'NONE',  ( 3.772551277807187020, 5.900000000000000355, 1.810730873750906245 ) ) ;
#2330 =( NAMED_UNIT ( * ) SI_UNIT ( $, .STERADIAN. ) SOLID_ANGLE_UNIT ( ) );
#2331 = DIRECTION ( 'NONE',  ( 0.0000000000000000000, -0.0000000000000000000, 1.000000000000000000 ) ) ;
#2332 =( LENGTH_UNIT ( ) NAMED_UNIT ( * ) SI_UNIT ( .MILLI., .METRE. ) );
#2333 = B_SPLINE_CURVE_WITH_KNOTS ( 'NONE', 3,
 ( #1932, #964, #2281, #388, #1718, #377, #2314, #161, #779, #1922, #1163, #754, #1542, #743, #1708, #771, #556, #171, #2106, #564, #1508, #2087, #187 ),
 .UNSPECIFIED., .F., .F.,
 ( 4, 1, 1, 1, 1, 1, 1, 1, 1, 1, 1, 1, 1, 1, 1, 1, 1, 1, 1, 1, 4 ),
 ( 0.0000000000000000000, 7.490211671049337011E-05, 0.0001540317918878551513, 0.0002374575878246884205, 0.0003248332448992662970, 0.0004162586115721141023, 0.0005128032033733799207, 0.0006135549534502173115, 0.0007184521722351291115, 0.0009334171715043839074, 0.001148643152858377404, 0.001365189133750646568, 0.001583999869976963513, 0.001692217795616220676, 0.001797655988077101041, 0.001900901064364404194, 0.002001068908834357975, 0.002098230871331701209, 0.002193475760054875226, 0.002286281541061650595, 0.002376674509520500939 ),
 .UNSPECIFIED. ) ;
#2334 = CARTESIAN_POINT ( 'NONE',  ( -1.131438585432311461, 5.899000000000001798, -1.210478337188482190 ) ) ;
#2335 = CARTESIAN_POINT ( 'NONE',  ( 2.363062281977600154, 5.899000000000006239, -2.136558430863236158 ) ) ;
#2336 = CARTESIAN_POINT ( 'NONE',  ( 5.250000000000000888, 5.900000000000000355, -5.900000000000000355 ) ) ;
#2337 = EDGE_CURVE ( 'NONE', #812, #324, #1670, .T. ) ;
#2338 = CARTESIAN_POINT ( 'NONE',  ( 2.363062281977600154, 5.900000000000001243, -2.136558430863236158 ) ) ;
#2339 = VECTOR ( 'NONE', #2015, 1000.000000000000000 ) ;
#2340 = CARTESIAN_POINT ( 'NONE',  ( 3.832875000702093971, 5.898999999999869459, -0.1075906054841538756 ) ) ;
#2341 = PRESENTATION_STYLE_ASSIGNMENT (( #1835 ) ) ;
#2342 = CARTESIAN_POINT ( 'NONE',  ( 2.331515437834766669, 5.899999999999999467, -0.5401532733736802427 ) ) ;
#2343 = CARTESIAN_POINT ( 'NONE',  ( 2.238490862292151107, 5.899000000000002686, -2.208262416315748045 ) ) ;
#2344 = CARTESIAN_POINT ( 'NONE',  ( 3.480122893926430816, 5.899000000000001798, 1.777569563997730029 ) ) ;
#2345 = ORIENTED_EDGE ( 'NONE', *, *, #546, .F. ) ;
#2346 = UNCERTAINTY_MEASURE_WITH_UNIT (LENGTH_MEASURE( 1.000000000000000082E-05 ), #1103, 'distance_accuracy_value', 'NONE');
#2347 = LINE ( 'NONE', #1365, #1528 ) ;
#2348 = B_SPLINE_CURVE_WITH_KNOTS ( 'NONE', 3,
 ( #1053, #1651, #2021, #875, #110, #1463, #1441, #1090, #125, #1060, #314, #1264, #103, #1659, #1472 ),
 .UNSPECIFIED., .F., .F.,
 ( 4, 1, 1, 1, 1, 1, 1, 1, 1, 1, 1, 1, 4 ),
 ( 0.0000000000000000000, 8.710572942272485817E-05, 0.0001781006192212141186, 0.0002730896961186602334, 0.0003718824453868075416, 0.0004748545185269548575, 0.0005816490841752024535, 0.0006931852110223727780, 0.0008088513843659754336, 0.001043195778181865967, 0.001274806225667827163, 0.001504302200603413985, 0.001732658604998473613 ),
 .UNSPECIFIED. ) ;
#2349 = CLOSED_SHELL ( 'NONE', ( #1046, #832, #2411, #1071, #659, #303, #2204, #451, #1450, #1057, #277, #2079, #75, #669, #2185, #2388, #2213, #1033, #267, #251, #2175, #2013, #847, #2396, #1840, #1692, #2225, #1423, #2048, #1225, #1638, #855, #1238, #473, #494, #1998, #1704, #644, #1817, #1086, #113, #1271, #1792, #1615, #2379, #484, #682, #1629, #1248, #1438, #1320, #1022, #1416, #879, #1601, #1979, #93, #99, #83, #1807 ) ) ;
#2350 = CARTESIAN_POINT ( 'NONE',  ( -0.2763968531488329994, 5.900000000000003908, 1.118671269110727895 ) ) ;
#2351 = ORIENTED_EDGE ( 'NONE', *, *, #1568, .F. ) ;
#2352 = EDGE_CURVE ( 'NONE', #2262, #692, #1940, .T. ) ;
#2353 = VERTEX_POINT ( 'NONE', #14 ) ;
#2354 = ORIENTED_EDGE ( 'NONE', *, *, #403, .F. ) ;
#2355 = CARTESIAN_POINT ( 'NONE',  ( 3.772551277807187020, 5.900000000000000355, -2.035422972402939124 ) ) ;
#2356 = CARTESIAN_POINT ( 'NONE',  ( 3.153287660958504990, 5.898999999999943178, -0.2182676888174871765 ) ) ;
#2357 = CARTESIAN_POINT ( 'NONE',  ( -1.901340553936240241, 5.899000000000000909, -0.8863279434876946139 ) ) ;
#2358 = CARTESIAN_POINT ( 'NONE',  ( -2.224999999999998757, 0.0000000000000000000, 4.000000000000000000 ) ) ;
#2359 = DIRECTION ( 'NONE',  ( -1.000000000000000000, 0.0000000000000000000, -0.0000000000000000000 ) ) ;
#2360 = CARTESIAN_POINT ( 'NONE',  ( 2.504915007154129736, 5.899000000000000021, -0.4533248440634720100 ) ) ;
#2361 = CARTESIAN_POINT ( 'NONE',  ( 1.624341346855940449, 5.900000000000003020, -2.928103425996974707 ) ) ;
#2362 = LINE ( 'NONE', #709, #82 ) ;
#2363 = CARTESIAN_POINT ( 'NONE',  ( 3.206058409433100831, 5.899999999999995914, 1.718638364658563678 ) ) ;
#2364 = CARTESIAN_POINT ( 'NONE',  ( 4.424999999999998934, -0.1000000000000000056, 4.000000000000000888 ) ) ;
#2365 = EDGE_CURVE ( 'NONE', #1179, #292, #1166, .T. ) ;
#2366 = VECTOR ( 'NONE', #242, 1000.000000000000000 ) ;
#2367 = CARTESIAN_POINT ( 'NONE',  ( -4.062341222300321242, 5.900000000000000355, 4.250000000000000000 ) ) ;
#2368 = DIRECTION ( 'NONE',  ( 0.0000000000000000000, 0.0000000000000000000, 1.000000000000000000 ) ) ;
#2369 = LINE ( 'NONE', #1809, #591 ) ;
#2370 = VECTOR ( 'NONE', #2244, 1000.000000000000000 ) ;
#2371 = CARTESIAN_POINT ( 'NONE',  ( 1.646404036549775407, 5.900000000000001243, -0.9861602352529510451 ) ) ;
#2372 = CARTESIAN_POINT ( 'NONE',  ( -1.044379530314190285, 5.899500000000001521, 1.357630717929626307 ) ) ;
#2373 = VECTOR ( 'NONE', #339, 1000.000000000000000 ) ;
#2374 = CARTESIAN_POINT ( 'NONE',  ( 1.825121253129109666, 5.899999999999997691, -2.488672023098483344 ) ) ;
#2375 = ORIENTED_EDGE ( 'NONE', *, *, #2068, .F. ) ;
#2376 = CARTESIAN_POINT ( 'NONE',  ( 1.624341346855940227, 5.899000000000001798, -2.928103425996974263 ) ) ;
#2377 = LINE ( 'NONE', #1133, #1356 ) ;
#2378 = ORIENTED_EDGE ( 'NONE', *, *, #1440, .F. ) ;
#2379 = ADVANCED_FACE ( 'NONE', ( #1459 ), #758, .F. ) ;
#2380 = EDGE_LOOP ( 'NONE', ( #1535, #1498, #2260 ) ) ;
#2381 = CARTESIAN_POINT ( 'NONE',  ( 2.933717755745862910, 5.900000000000001243, -2.205426817604288825 ) ) ;
#2382 = ORIENTED_EDGE ( 'NONE', *, *, #1737, .F. ) ;
#2383 = EDGE_CURVE ( 'NONE', #1978, #1707, #2093, .T. ) ;
#2384 = CARTESIAN_POINT ( 'NONE',  ( 3.832875000702093971, 5.898999999999802846, 1.390295401807382980 ) ) ;
#2385 = CARTESIAN_POINT ( 'NONE',  ( -1.901340553936240241, 5.899000000000001798, -0.8863279434876946139 ) ) ;
#2386 =( NAMED_UNIT ( * ) SI_UNIT ( $, .STERADIAN. ) SOLID_ANGLE_UNIT ( ) );
#2387 = CARTESIAN_POINT ( 'NONE',  ( 2.504915007154129736, 5.899999999999995914, 1.469752079013450619 ) ) ;
#2388 = ADVANCED_FACE ( 'NONE', ( #256 ), #192, .T. ) ;
#2389 = CARTESIAN_POINT ( 'NONE',  ( 1.763367084544057661, 5.899999999999994138, -0.8916999450310536535 ) ) ;
#2390 = DIRECTION ( 'NONE',  ( 0.0000000000000000000, 0.0000000000000000000, -1.000000000000000000 ) ) ;
#2391 = EDGE_CURVE ( 'NONE', #2221, #926, #2423, .T. ) ;
#2392 = SURFACE_SIDE_STYLE ('',( #198 ) ) ;
#2393 = CARTESIAN_POINT ( 'NONE',  ( 2.147975467092748669, 5.899999999999997691, -2.262132107614320820 ) ) ;
#2394 = DIRECTION ( 'NONE',  ( 0.0000000000000000000, 0.0000000000000000000, 1.000000000000000000 ) ) ;
#2395 = EDGE_CURVE ( 'NONE', #1562, #752, #1919, .T. ) ;
#2396 = ADVANCED_FACE ( 'NONE', ( #768 ), #611, .T. ) ;
#2397 = FACE_OUTER_BOUND ( 'NONE', #2172, .T. ) ;
#2398 = CARTESIAN_POINT ( 'NONE',  ( -0.8208460657472711475, 5.899000000000001798, -0.8950850301018700161 ) ) ;
#2399 = ORIENTED_EDGE ( 'NONE', *, *, #588, .T. ) ;
#2400 = AXIS2_PLACEMENT_3D ( 'NONE', #1781, #1599, #1220 ) ;
#2401 = FACE_OUTER_BOUND ( 'NONE', #1362, .T. ) ;
#2402 = DIRECTION ( 'NONE',  ( -6.973874670985814828E-15, 0.0000000000000000000, -1.000000000000000000 ) ) ;
#2403 = EDGE_LOOP ( 'NONE', ( #63, #165, #574, #1530 ) ) ;
#2404 = CARTESIAN_POINT ( 'NONE',  ( -4.424999999999998934, -0.1000000000000000056, -4.000000000000000000 ) ) ;
#2405 = CARTESIAN_POINT ( 'NONE',  ( -1.131761026377192003, 5.899000000000001798, -0.4942397545113230706 ) ) ;
#2406 = ORIENTED_EDGE ( 'NONE', *, *, #12, .T. ) ;
#2407 = ORIENTED_EDGE ( 'NONE', *, *, #1602, .F. ) ;
#2408 = CARTESIAN_POINT ( 'NONE',  ( 3.419470758207388439, 5.899000000000025778, 2.087478908991903914 ) ) ;
#2409 = VERTEX_POINT ( 'NONE', #71 ) ;
#2410 = PLANE ( 'NONE',  #1658 ) ;
#2411 = ADVANCED_FACE ( 'NONE', ( #2122 ), #2052, .T. ) ;
#2412 = EDGE_CURVE ( 'NONE', #2166, #290, #500, .T. ) ;
#2413 = DIRECTION ( 'NONE',  ( 0.0000000000000000000, 1.000000000000000000, 0.0000000000000000000 ) ) ;
#2414 = CARTESIAN_POINT ( 'NONE',  ( -0.8208460657472711475, 5.899000000000001798, -0.8950850301018700161 ) ) ;
#2415 = PRESENTATION_LAYER_ASSIGNMENT (  '', '', ( #221 ) ) ;
#2416 = UNCERTAINTY_MEASURE_WITH_UNIT (LENGTH_MEASURE( 1.000000000000000082E-05 ), #2441, 'distance_accuracy_value', 'NONE');
#2417 = CARTESIAN_POINT ( 'NONE',  ( 2.363062281977600598, 5.900000000000000355, -0.2134815077863128907 ) ) ;
#2418 = CARTESIAN_POINT ( 'NONE',  ( 2.523684368966615743, 5.899999999999995026, 1.792555594464205315 ) ) ;
#2419 = CARTESIAN_POINT ( 'NONE',  ( -1.520317719290578351, 5.898999999999997357, -1.298110620653053937 ) ) ;
#2420 = PRESENTATION_STYLE_ASSIGNMENT (( #846 ) ) ;
#2421 = DIRECTION ( 'NONE',  ( 0.0000000000000000000, 0.0000000000000000000, 1.000000000000000000 ) ) ;
#2422 = LINE ( 'NONE', #2376, #2482 ) ;
#2423 = LINE ( 'NONE', #1772, #129 ) ;
#2424 = EDGE_CURVE ( 'NONE', #266, #2353, #2113, .T. ) ;
#2425 = CARTESIAN_POINT ( 'NONE',  ( 1.045314170473210513, 5.899500000000001521, -0.07946810096801441847 ) ) ;
#2426 = CARTESIAN_POINT ( 'NONE',  ( 3.313413708703465410, 5.899999999999995914, -2.099381894696490392 ) ) ;
#2427 = LINE ( 'NONE', #454, #288 ) ;
#2428 = CARTESIAN_POINT ( 'NONE',  ( 2.224999999999999645, -0.1000000000000000056, 4.000000000000000888 ) ) ;
#2429 = VERTEX_POINT ( 'NONE', #1006 ) ;
#2430 = CARTESIAN_POINT ( 'NONE',  ( 1.839870291257381663, 5.899000000000004462, -0.8355318141528664810 ) ) ;
#2431 = LINE ( 'NONE', #579, #2223 ) ;
#2432 = ORIENTED_EDGE ( 'NONE', *, *, #1926, .T. ) ;
#2433 =( NAMED_UNIT ( * ) PLANE_ANGLE_UNIT ( ) SI_UNIT ( $, .RADIAN. ) );
#2434 = MECHANICAL_DESIGN_GEOMETRIC_PRESENTATION_REPRESENTATION (  '', ( #2274 ), #2226 ) ;
#2435 = VERTEX_POINT ( 'NONE', #1390 ) ;
#2436 = CARTESIAN_POINT ( 'NONE',  ( 4.424999999999998934, 0.0000000000000000000, -4.000000000000000888 ) ) ;
#2437 = ORIENTED_EDGE ( 'NONE', *, *, #102, .F. ) ;
#2438 = CARTESIAN_POINT ( 'NONE',  ( 3.228008689402142473, 5.899999999999995914, 2.043768227429596074 ) ) ;
#2439 = PLANE ( 'NONE',  #1605 ) ;
#2440 = ORIENTED_EDGE ( 'NONE', *, *, #2412, .F. ) ;
#2441 =( LENGTH_UNIT ( ) NAMED_UNIT ( * ) SI_UNIT ( .MILLI., .METRE. ) );
#2442 = ORIENTED_EDGE ( 'NONE', *, *, #200, .F. ) ;
#2443 = EDGE_CURVE ( 'NONE', #926, #1558, #472, .T. ) ;
#2444 = CARTESIAN_POINT ( 'NONE',  ( 3.509450231776537255, 5.900000000000002132, 2.104195576831664471 ) ) ;
#2445 = DIRECTION ( 'NONE',  ( -0.0000000000000000000, -1.000000000000000000, 0.0000000000000000000 ) ) ;
#2446 = AXIS2_PLACEMENT_3D ( 'NONE', #1662, #1838, #2024 ) ;
#2447 = VERTEX_POINT ( 'NONE', #48 ) ;
#2448 = CARTESIAN_POINT ( 'NONE',  ( 1.364926282753376130, 5.899000000000001798, -2.928103425996974263 ) ) ;
#2449 = CARTESIAN_POINT ( 'NONE',  ( 5.250000000000000888, 0.0000000000000000000, 5.900000000000000355 ) ) ;
#2450 = CARTESIAN_POINT ( 'NONE',  ( 5.249999999999997335, 5.900000000000000355, -1.325539323432871397 ) ) ;
#2451 = FACE_BOUND ( 'NONE', #2203, .T. ) ;
#2452 = CARTESIAN_POINT ( 'NONE',  ( 2.922600776668799138, 5.900000000000003908, 1.956318701031111829 ) ) ;
#2453 = VECTOR ( 'NONE', #2112, 1000.000000000000000 ) ;
#2454 = FACE_OUTER_BOUND ( 'NONE', #477, .T. ) ;
#2455 = COLOUR_RGB ( '',0.1882352941176470562, 0.2039215686274509776, 0.2039215686274509776 ) ;
#2456 = SURFACE_SIDE_STYLE ('',( #2457 ) ) ;
#2457 = SURFACE_STYLE_FILL_AREA ( #1664 ) ;
#2458 = EDGE_CURVE ( 'NONE', #270, #866, #1609, .T. ) ;
#2459 = CARTESIAN_POINT ( 'NONE',  ( 1.978994649354638646, 5.900000000000000355, -0.4507298645721185548 ) ) ;
#2460 = EDGE_LOOP ( 'NONE', ( #897, #2375, #1153, #2164 ) ) ;
#2461 = CARTESIAN_POINT ( 'NONE',  ( 1.685439103266197058, 5.899000000000001798, 1.238563240669692256 ) ) ;
#2462 = EDGE_LOOP ( 'NONE', ( #1411, #744, #2315, #1982 ) ) ;
#2463 = MECHANICAL_DESIGN_GEOMETRIC_PRESENTATION_REPRESENTATION (  '', ( #2085 ), #2222 ) ;
#2464 = ORIENTED_EDGE ( 'NONE', *, *, #1141, .F. ) ;
#2465 = DIRECTION ( 'NONE',  ( -0.0000000000000000000, -1.000000000000000000, -0.0000000000000000000 ) ) ;
#2466 = VERTEX_POINT ( 'NONE', #1396 ) ;
#2467 = CARTESIAN_POINT ( 'NONE',  ( 3.153287660958504990, 5.899500000000001521, -2.141344611894409944 ) ) ;
#2468 =( LENGTH_UNIT ( ) NAMED_UNIT ( * ) SI_UNIT ( .MILLI., .METRE. ) );
#2469 = B_SPLINE_CURVE_WITH_KNOTS ( 'NONE', 3,
 ( #765, #1907, #1533, #397, #1724, #185, #1730, #2311, #1355, #968, #190, #1739, #1171, #593, #785 ),
 .UNSPECIFIED., .F., .F.,
 ( 4, 1, 1, 1, 1, 1, 1, 1, 1, 1, 1, 1, 4 ),
 ( 0.0000000000000000000, 8.708585784338183022E-05, 0.0001780599888217059370, 0.0002730273956982384037, 0.0003717976072071750484, 0.0004747461891517938486, 0.0005815163915727458201, 0.0006930270734921375369, 0.0008086668597133759954, 0.001042957792141064287, 0.001274515401938685396, 0.001503959021564178636, 0.001732263330621325401 ),
 .UNSPECIFIED. ) ;
#2470 = VERTEX_POINT ( 'NONE', #642 ) ;
#2471 = CARTESIAN_POINT ( 'NONE',  ( 2.721423823803929665, 5.899999999999999467, 1.880286813521081069 ) ) ;
#2472 = CARTESIAN_POINT ( 'NONE',  ( 1.624341346855940227, 5.899000000000012456, 0.9180504201568718825 ) ) ;
#2473 = DIRECTION ( 'NONE',  ( -0.0000000000000000000, 1.000000000000000000, 0.0000000000000000000 ) ) ;
#2474 = EDGE_CURVE ( 'NONE', #2435, #2466, #379, .T. ) ;
#2475 = DIRECTION ( 'NONE',  ( 0.0000000000000000000, 0.0000000000000000000, 1.000000000000000000 ) ) ;
#2476 = CARTESIAN_POINT ( 'NONE',  ( 3.756811692833441629, 5.899000000000002686, 0.2105725179312210038 ) ) ;
#2477 = AXIS2_PLACEMENT_3D ( 'NONE', #1021, #1985, #255 ) ;
#2478 = CARTESIAN_POINT ( 'NONE',  ( 3.092714686928150325, 5.900000000000000355, 2.008585034460582897 ) ) ;
#2479 = SURFACE_SIDE_STYLE ('',( #2278 ) ) ;
#2480 = AXIS2_PLACEMENT_3D ( 'NONE', #976, #1975, #2368 ) ;
#2481 = CARTESIAN_POINT ( 'NONE',  ( 1.685439103266197058, 5.899500000000012179, 1.238563240669692256 ) ) ;
#2482 = VECTOR ( 'NONE', #466, 1000.000000000000000 ) ;
#2483 = SURFACE_SIDE_STYLE ('',( #21 ) ) ;
#2484 = LINE ( 'NONE', #1768, #1137 ) ;
#2485 = CARTESIAN_POINT ( 'NONE',  ( 1.763367084544057661, 5.899000000000008015, 1.031376978045869919 ) ) ;
#2486 = VECTOR ( 'NONE', #480, 1000.000000000000000 ) ;
#2487 = ORIENTED_EDGE ( 'NONE', *, *, #1110, .T. ) ;
#2488 = CARTESIAN_POINT ( 'NONE',  ( 1.921736544648319667, 5.899999999999999467, 1.143046748452425598 ) ) ;
#2489 = LINE ( 'NONE', #624, #2250 ) ;
#2490 = ORIENTED_EDGE ( 'NONE', *, *, #1003, .F. ) ;
#2491 = EDGE_CURVE ( 'NONE', #385, #1617, #1879, .T. ) ;
#2492 =( LENGTH_UNIT ( ) NAMED_UNIT ( * ) SI_UNIT ( .MILLI., .METRE. ) );
#2493 = DIRECTION ( 'NONE',  ( 0.0000000000000000000, 0.0000000000000000000, -1.000000000000000000 ) ) ;
#2494 = SURFACE_STYLE_FILL_AREA ( #974 ) ;
#2495 = ORIENTED_EDGE ( 'NONE', *, *, #2443, .F. ) ;
ENDSEC;
END-ISO-10303-21;
