ISO-10303-21;
HEADER;
FILE_DESCRIPTION(('FreeCAD Model'),'2;1');
FILE_NAME('Open CASCADE Shape Model','2026-04-17T16:36:59',(''),(''),
  'Open CASCADE STEP processor 7.8','FreeCAD','Unknown');
FILE_SCHEMA(('AUTOMOTIVE_DESIGN { 1 0 10303 214 1 1 1 1 }'));
ENDSEC;
DATA;
#1 = APPLICATION_PROTOCOL_DEFINITION('international standard',
  'automotive_design',2000,#2);
#2 = APPLICATION_CONTEXT(
  'core data for automotive mechanical design processes');
#3 = SHAPE_DEFINITION_REPRESENTATION(#4,#10);
#4 = PRODUCT_DEFINITION_SHAPE('','',#5);
#5 = PRODUCT_DEFINITION('design','',#6,#9);
#6 = PRODUCT_DEFINITION_FORMATION('','',#7);
#7 = PRODUCT('Unnamed','Unnamed','',(#8));
#8 = PRODUCT_CONTEXT('',#2,'mechanical');
#9 = PRODUCT_DEFINITION_CONTEXT('part definition',#2,'design');
#10 = SHAPE_REPRESENTATION('',(#11,#15,#19,#23,#27),#31);
#11 = AXIS2_PLACEMENT_3D('',#12,#13,#14);
#12 = CARTESIAN_POINT('',(0.,0.,0.));
#13 = DIRECTION('',(0.,0.,1.));
#14 = DIRECTION('',(1.,0.,-0.));
#15 = AXIS2_PLACEMENT_3D('',#16,#17,#18);
#16 = CARTESIAN_POINT('',(0.,0.,0.));
#17 = DIRECTION('',(0.,0.,1.));
#18 = DIRECTION('',(1.,0.,0.));
#19 = AXIS2_PLACEMENT_3D('',#20,#21,#22);
#20 = CARTESIAN_POINT('',(0.,0.,-5.E-03));
#21 = DIRECTION('',(0.,0.,1.));
#22 = DIRECTION('',(1.,0.,0.));
#23 = AXIS2_PLACEMENT_3D('',#24,#25,#26);
#24 = CARTESIAN_POINT('',(0.,0.,0.));
#25 = DIRECTION('',(0.,0.,1.));
#26 = DIRECTION('',(1.,0.,0.));
#27 = AXIS2_PLACEMENT_3D('',#28,#29,#30);
#28 = CARTESIAN_POINT('',(0.,0.,0.));
#29 = DIRECTION('',(0.,0.,1.));
#30 = DIRECTION('',(1.,0.,0.));
#31 = ( GEOMETRIC_REPRESENTATION_CONTEXT(3) 
GLOBAL_UNCERTAINTY_ASSIGNED_CONTEXT((#35)) GLOBAL_UNIT_ASSIGNED_CONTEXT(
(#32,#33,#34)) REPRESENTATION_CONTEXT('Context #1',
  '3D Context with UNIT and UNCERTAINTY') );
#32 = ( LENGTH_UNIT() NAMED_UNIT(*) SI_UNIT(.MILLI.,.METRE.) );
#33 = ( NAMED_UNIT(*) PLANE_ANGLE_UNIT() SI_UNIT($,.RADIAN.) );
#34 = ( NAMED_UNIT(*) SI_UNIT($,.STERADIAN.) SOLID_ANGLE_UNIT() );
#35 = UNCERTAINTY_MEASURE_WITH_UNIT(LENGTH_MEASURE(1.E-07),#32,
  'distance_accuracy_value','confusion accuracy');
#36 = PRODUCT_RELATED_PRODUCT_CATEGORY('part',$,(#7));
#37 = SHAPE_DEFINITION_REPRESENTATION(#38,#44);
#38 = PRODUCT_DEFINITION_SHAPE('','',#39);
#39 = PRODUCT_DEFINITION('design','',#40,#43);
#40 = PRODUCT_DEFINITION_FORMATION('','',#41);
#41 = PRODUCT('Body','Body','',(#42));
#42 = PRODUCT_CONTEXT('',#2,'mechanical');
#43 = PRODUCT_DEFINITION_CONTEXT('part definition',#2,'design');
#44 = ADVANCED_BREP_SHAPE_REPRESENTATION('',(#11,#45),#337);
#45 = MANIFOLD_SOLID_BREP('',#46);
#46 = CLOSED_SHELL('',(#47,#87,#118,#149,#166,#217,#229,#260,#284,#308,
    #325));
#47 = ADVANCED_FACE('',(#48),#82,.F.);
#48 = FACE_BOUND('',#49,.F.);
#49 = EDGE_LOOP('',(#50,#60,#68,#76));
#50 = ORIENTED_EDGE('',*,*,#51,.T.);
#51 = EDGE_CURVE('',#52,#54,#56,.T.);
#52 = VERTEX_POINT('',#53);
#53 = CARTESIAN_POINT('',(-3.5,-3.50400645,0.));
#54 = VERTEX_POINT('',#55);
#55 = CARTESIAN_POINT('',(-3.5,-3.50400645,0.64));
#56 = LINE('',#57,#58);
#57 = CARTESIAN_POINT('',(-3.5,-3.50400645,0.));
#58 = VECTOR('',#59,1.);
#59 = DIRECTION('',(0.,0.,1.));
#60 = ORIENTED_EDGE('',*,*,#61,.T.);
#61 = EDGE_CURVE('',#54,#62,#64,.T.);
#62 = VERTEX_POINT('',#63);
#63 = CARTESIAN_POINT('',(3.5,-3.50400645,0.64));
#64 = LINE('',#65,#66);
#65 = CARTESIAN_POINT('',(-3.5,-3.50400645,0.64));
#66 = VECTOR('',#67,1.);
#67 = DIRECTION('',(1.,0.,0.));
#68 = ORIENTED_EDGE('',*,*,#69,.F.);
#69 = EDGE_CURVE('',#70,#62,#72,.T.);
#70 = VERTEX_POINT('',#71);
#71 = CARTESIAN_POINT('',(3.5,-3.50400645,0.));
#72 = LINE('',#73,#74);
#73 = CARTESIAN_POINT('',(3.5,-3.50400645,0.));
#74 = VECTOR('',#75,1.);
#75 = DIRECTION('',(0.,0.,1.));
#76 = ORIENTED_EDGE('',*,*,#77,.F.);
#77 = EDGE_CURVE('',#52,#70,#78,.T.);
#78 = LINE('',#79,#80);
#79 = CARTESIAN_POINT('',(-3.5,-3.50400645,0.));
#80 = VECTOR('',#81,1.);
#81 = DIRECTION('',(1.,0.,0.));
#82 = PLANE('',#83);
#83 = AXIS2_PLACEMENT_3D('',#84,#85,#86);
#84 = CARTESIAN_POINT('',(-3.5,-3.50400645,0.));
#85 = DIRECTION('',(0.,1.,0.));
#86 = DIRECTION('',(1.,0.,0.));
#87 = ADVANCED_FACE('',(#88),#113,.F.);
#88 = FACE_BOUND('',#89,.F.);
#89 = EDGE_LOOP('',(#90,#100,#106,#107));
#90 = ORIENTED_EDGE('',*,*,#91,.T.);
#91 = EDGE_CURVE('',#92,#94,#96,.T.);
#92 = VERTEX_POINT('',#93);
#93 = CARTESIAN_POINT('',(-3.5,3.49599355,0.));
#94 = VERTEX_POINT('',#95);
#95 = CARTESIAN_POINT('',(-3.5,3.49599355,0.64));
#96 = LINE('',#97,#98);
#97 = CARTESIAN_POINT('',(-3.5,3.49599355,0.));
#98 = VECTOR('',#99,1.);
#99 = DIRECTION('',(0.,0.,1.));
#100 = ORIENTED_EDGE('',*,*,#101,.T.);
#101 = EDGE_CURVE('',#94,#54,#102,.T.);
#102 = LINE('',#103,#104);
#103 = CARTESIAN_POINT('',(-3.5,3.49599355,0.64));
#104 = VECTOR('',#105,1.);
#105 = DIRECTION('',(0.,-1.,0.));
#106 = ORIENTED_EDGE('',*,*,#51,.F.);
#107 = ORIENTED_EDGE('',*,*,#108,.F.);
#108 = EDGE_CURVE('',#92,#52,#109,.T.);
#109 = LINE('',#110,#111);
#110 = CARTESIAN_POINT('',(-3.5,3.49599355,0.));
#111 = VECTOR('',#112,1.);
#112 = DIRECTION('',(0.,-1.,0.));
#113 = PLANE('',#114);
#114 = AXIS2_PLACEMENT_3D('',#115,#116,#117);
#115 = CARTESIAN_POINT('',(-3.5,3.49599355,0.));
#116 = DIRECTION('',(1.,0.,0.));
#117 = DIRECTION('',(0.,-1.,0.));
#118 = ADVANCED_FACE('',(#119),#144,.F.);
#119 = FACE_BOUND('',#120,.F.);
#120 = EDGE_LOOP('',(#121,#122,#130,#138));
#121 = ORIENTED_EDGE('',*,*,#69,.T.);
#122 = ORIENTED_EDGE('',*,*,#123,.T.);
#123 = EDGE_CURVE('',#62,#124,#126,.T.);
#124 = VERTEX_POINT('',#125);
#125 = CARTESIAN_POINT('',(3.5,3.49599355,0.64));
#126 = LINE('',#127,#128);
#127 = CARTESIAN_POINT('',(3.5,-3.50400645,0.64));
#128 = VECTOR('',#129,1.);
#129 = DIRECTION('',(0.,1.,0.));
#130 = ORIENTED_EDGE('',*,*,#131,.F.);
#131 = EDGE_CURVE('',#132,#124,#134,.T.);
#132 = VERTEX_POINT('',#133);
#133 = CARTESIAN_POINT('',(3.5,3.49599355,0.));
#134 = LINE('',#135,#136);
#135 = CARTESIAN_POINT('',(3.5,3.49599355,0.));
#136 = VECTOR('',#137,1.);
#137 = DIRECTION('',(0.,0.,1.));
#138 = ORIENTED_EDGE('',*,*,#139,.F.);
#139 = EDGE_CURVE('',#70,#132,#140,.T.);
#140 = LINE('',#141,#142);
#141 = CARTESIAN_POINT('',(3.5,-3.50400645,0.));
#142 = VECTOR('',#143,1.);
#143 = DIRECTION('',(0.,1.,0.));
#144 = PLANE('',#145);
#145 = AXIS2_PLACEMENT_3D('',#146,#147,#148);
#146 = CARTESIAN_POINT('',(3.5,-3.50400645,0.));
#147 = DIRECTION('',(-1.,0.,0.));
#148 = DIRECTION('',(0.,1.,0.));
#149 = ADVANCED_FACE('',(#150),#161,.F.);
#150 = FACE_BOUND('',#151,.F.);
#151 = EDGE_LOOP('',(#152,#153,#154,#160));
#152 = ORIENTED_EDGE('',*,*,#77,.T.);
#153 = ORIENTED_EDGE('',*,*,#139,.T.);
#154 = ORIENTED_EDGE('',*,*,#155,.T.);
#155 = EDGE_CURVE('',#132,#92,#156,.T.);
#156 = LINE('',#157,#158);
#157 = CARTESIAN_POINT('',(3.5,3.49599355,0.));
#158 = VECTOR('',#159,1.);
#159 = DIRECTION('',(-1.,0.,0.));
#160 = ORIENTED_EDGE('',*,*,#108,.T.);
#161 = PLANE('',#162);
#162 = AXIS2_PLACEMENT_3D('',#163,#164,#165);
#163 = CARTESIAN_POINT('',(0.,-4.006450000001E-03,0.));
#164 = DIRECTION('',(0.,0.,1.));
#165 = DIRECTION('',(1.,0.,0.));
#166 = ADVANCED_FACE('',(#167,#178),#212,.T.);
#167 = FACE_BOUND('',#168,.T.);
#168 = EDGE_LOOP('',(#169,#170,#171,#177));
#169 = ORIENTED_EDGE('',*,*,#61,.T.);
#170 = ORIENTED_EDGE('',*,*,#123,.T.);
#171 = ORIENTED_EDGE('',*,*,#172,.T.);
#172 = EDGE_CURVE('',#124,#94,#173,.T.);
#173 = LINE('',#174,#175);
#174 = CARTESIAN_POINT('',(3.5,3.49599355,0.64));
#175 = VECTOR('',#176,1.);
#176 = DIRECTION('',(-1.,0.,0.));
#177 = ORIENTED_EDGE('',*,*,#101,.T.);
#178 = FACE_BOUND('',#179,.T.);
#179 = EDGE_LOOP('',(#180,#190,#198,#206));
#180 = ORIENTED_EDGE('',*,*,#181,.F.);
#181 = EDGE_CURVE('',#182,#184,#186,.T.);
#182 = VERTEX_POINT('',#183);
#183 = CARTESIAN_POINT('',(-2.,-2.,0.64));
#184 = VERTEX_POINT('',#185);
#185 = CARTESIAN_POINT('',(2.,-2.,0.64));
#186 = LINE('',#187,#188);
#187 = CARTESIAN_POINT('',(-2.,-2.,0.64));
#188 = VECTOR('',#189,1.);
#189 = DIRECTION('',(1.,0.,0.));
#190 = ORIENTED_EDGE('',*,*,#191,.F.);
#191 = EDGE_CURVE('',#192,#182,#194,.T.);
#192 = VERTEX_POINT('',#193);
#193 = CARTESIAN_POINT('',(-2.,2.,0.64));
#194 = LINE('',#195,#196);
#195 = CARTESIAN_POINT('',(-2.,2.,0.64));
#196 = VECTOR('',#197,1.);
#197 = DIRECTION('',(0.,-1.,0.));
#198 = ORIENTED_EDGE('',*,*,#199,.F.);
#199 = EDGE_CURVE('',#200,#192,#202,.T.);
#200 = VERTEX_POINT('',#201);
#201 = CARTESIAN_POINT('',(2.,2.,0.64));
#202 = LINE('',#203,#204);
#203 = CARTESIAN_POINT('',(2.,2.,0.64));
#204 = VECTOR('',#205,1.);
#205 = DIRECTION('',(-1.,0.,0.));
#206 = ORIENTED_EDGE('',*,*,#207,.F.);
#207 = EDGE_CURVE('',#184,#200,#208,.T.);
#208 = LINE('',#209,#210);
#209 = CARTESIAN_POINT('',(2.,-2.,0.64));
#210 = VECTOR('',#211,1.);
#211 = DIRECTION('',(0.,1.,0.));
#212 = PLANE('',#213);
#213 = AXIS2_PLACEMENT_3D('',#214,#215,#216);
#214 = CARTESIAN_POINT('',(0.,-4.006450000001E-03,0.64));
#215 = DIRECTION('',(0.,0.,1.));
#216 = DIRECTION('',(1.,0.,0.));
#217 = ADVANCED_FACE('',(#218),#224,.F.);
#218 = FACE_BOUND('',#219,.F.);
#219 = EDGE_LOOP('',(#220,#221,#222,#223));
#220 = ORIENTED_EDGE('',*,*,#131,.T.);
#221 = ORIENTED_EDGE('',*,*,#172,.T.);
#222 = ORIENTED_EDGE('',*,*,#91,.F.);
#223 = ORIENTED_EDGE('',*,*,#155,.F.);
#224 = PLANE('',#225);
#225 = AXIS2_PLACEMENT_3D('',#226,#227,#228);
#226 = CARTESIAN_POINT('',(3.5,3.49599355,0.));
#227 = DIRECTION('',(0.,-1.,0.));
#228 = DIRECTION('',(-1.,0.,0.));
#229 = ADVANCED_FACE('',(#230),#255,.F.);
#230 = FACE_BOUND('',#231,.F.);
#231 = EDGE_LOOP('',(#232,#240,#248,#254));
#232 = ORIENTED_EDGE('',*,*,#233,.T.);
#233 = EDGE_CURVE('',#182,#234,#236,.T.);
#234 = VERTEX_POINT('',#235);
#235 = CARTESIAN_POINT('',(-2.,-2.,0.65));
#236 = LINE('',#237,#238);
#237 = CARTESIAN_POINT('',(-2.,-2.,0.64));
#238 = VECTOR('',#239,1.);
#239 = DIRECTION('',(0.,0.,1.));
#240 = ORIENTED_EDGE('',*,*,#241,.T.);
#241 = EDGE_CURVE('',#234,#242,#244,.T.);
#242 = VERTEX_POINT('',#243);
#243 = CARTESIAN_POINT('',(2.,-2.,0.65));
#244 = LINE('',#245,#246);
#245 = CARTESIAN_POINT('',(-2.,-2.,0.65));
#246 = VECTOR('',#247,1.);
#247 = DIRECTION('',(1.,0.,0.));
#248 = ORIENTED_EDGE('',*,*,#249,.F.);
#249 = EDGE_CURVE('',#184,#242,#250,.T.);
#250 = LINE('',#251,#252);
#251 = CARTESIAN_POINT('',(2.,-2.,0.64));
#252 = VECTOR('',#253,1.);
#253 = DIRECTION('',(0.,0.,1.));
#254 = ORIENTED_EDGE('',*,*,#181,.F.);
#255 = PLANE('',#256);
#256 = AXIS2_PLACEMENT_3D('',#257,#258,#259);
#257 = CARTESIAN_POINT('',(-2.,-2.,0.64));
#258 = DIRECTION('',(0.,1.,0.));
#259 = DIRECTION('',(1.,0.,0.));
#260 = ADVANCED_FACE('',(#261),#279,.F.);
#261 = FACE_BOUND('',#262,.F.);
#262 = EDGE_LOOP('',(#263,#264,#272,#278));
#263 = ORIENTED_EDGE('',*,*,#249,.T.);
#264 = ORIENTED_EDGE('',*,*,#265,.T.);
#265 = EDGE_CURVE('',#242,#266,#268,.T.);
#266 = VERTEX_POINT('',#267);
#267 = CARTESIAN_POINT('',(2.,2.,0.65));
#268 = LINE('',#269,#270);
#269 = CARTESIAN_POINT('',(2.,-2.,0.65));
#270 = VECTOR('',#271,1.);
#271 = DIRECTION('',(0.,1.,0.));
#272 = ORIENTED_EDGE('',*,*,#273,.F.);
#273 = EDGE_CURVE('',#200,#266,#274,.T.);
#274 = LINE('',#275,#276);
#275 = CARTESIAN_POINT('',(2.,2.,0.64));
#276 = VECTOR('',#277,1.);
#277 = DIRECTION('',(0.,0.,1.));
#278 = ORIENTED_EDGE('',*,*,#207,.F.);
#279 = PLANE('',#280);
#280 = AXIS2_PLACEMENT_3D('',#281,#282,#283);
#281 = CARTESIAN_POINT('',(2.,-2.,0.64));
#282 = DIRECTION('',(-1.,0.,0.));
#283 = DIRECTION('',(0.,1.,0.));
#284 = ADVANCED_FACE('',(#285),#303,.F.);
#285 = FACE_BOUND('',#286,.F.);
#286 = EDGE_LOOP('',(#287,#288,#296,#302));
#287 = ORIENTED_EDGE('',*,*,#273,.T.);
#288 = ORIENTED_EDGE('',*,*,#289,.T.);
#289 = EDGE_CURVE('',#266,#290,#292,.T.);
#290 = VERTEX_POINT('',#291);
#291 = CARTESIAN_POINT('',(-2.,2.,0.65));
#292 = LINE('',#293,#294);
#293 = CARTESIAN_POINT('',(2.,2.,0.65));
#294 = VECTOR('',#295,1.);
#295 = DIRECTION('',(-1.,0.,0.));
#296 = ORIENTED_EDGE('',*,*,#297,.F.);
#297 = EDGE_CURVE('',#192,#290,#298,.T.);
#298 = LINE('',#299,#300);
#299 = CARTESIAN_POINT('',(-2.,2.,0.64));
#300 = VECTOR('',#301,1.);
#301 = DIRECTION('',(0.,0.,1.));
#302 = ORIENTED_EDGE('',*,*,#199,.F.);
#303 = PLANE('',#304);
#304 = AXIS2_PLACEMENT_3D('',#305,#306,#307);
#305 = CARTESIAN_POINT('',(2.,2.,0.64));
#306 = DIRECTION('',(0.,-1.,0.));
#307 = DIRECTION('',(-1.,0.,0.));
#308 = ADVANCED_FACE('',(#309),#320,.F.);
#309 = FACE_BOUND('',#310,.F.);
#310 = EDGE_LOOP('',(#311,#312,#318,#319));
#311 = ORIENTED_EDGE('',*,*,#297,.T.);
#312 = ORIENTED_EDGE('',*,*,#313,.T.);
#313 = EDGE_CURVE('',#290,#234,#314,.T.);
#314 = LINE('',#315,#316);
#315 = CARTESIAN_POINT('',(-2.,2.,0.65));
#316 = VECTOR('',#317,1.);
#317 = DIRECTION('',(0.,-1.,0.));
#318 = ORIENTED_EDGE('',*,*,#233,.F.);
#319 = ORIENTED_EDGE('',*,*,#191,.F.);
#320 = PLANE('',#321);
#321 = AXIS2_PLACEMENT_3D('',#322,#323,#324);
#322 = CARTESIAN_POINT('',(-2.,2.,0.64));
#323 = DIRECTION('',(1.,0.,0.));
#324 = DIRECTION('',(0.,-1.,0.));
#325 = ADVANCED_FACE('',(#326),#332,.T.);
#326 = FACE_BOUND('',#327,.T.);
#327 = EDGE_LOOP('',(#328,#329,#330,#331));
#328 = ORIENTED_EDGE('',*,*,#241,.T.);
#329 = ORIENTED_EDGE('',*,*,#265,.T.);
#330 = ORIENTED_EDGE('',*,*,#289,.T.);
#331 = ORIENTED_EDGE('',*,*,#313,.T.);
#332 = PLANE('',#333);
#333 = AXIS2_PLACEMENT_3D('',#334,#335,#336);
#334 = CARTESIAN_POINT('',(0.,0.,0.65));
#335 = DIRECTION('',(0.,0.,1.));
#336 = DIRECTION('',(1.,0.,0.));
#337 = ( GEOMETRIC_REPRESENTATION_CONTEXT(3) 
GLOBAL_UNCERTAINTY_ASSIGNED_CONTEXT((#341)) GLOBAL_UNIT_ASSIGNED_CONTEXT
((#338,#339,#340)) REPRESENTATION_CONTEXT('Context #1',
  '3D Context with UNIT and UNCERTAINTY') );
#338 = ( LENGTH_UNIT() NAMED_UNIT(*) SI_UNIT(.MILLI.,.METRE.) );
#339 = ( NAMED_UNIT(*) PLANE_ANGLE_UNIT() SI_UNIT($,.RADIAN.) );
#340 = ( NAMED_UNIT(*) SI_UNIT($,.STERADIAN.) SOLID_ANGLE_UNIT() );
#341 = UNCERTAINTY_MEASURE_WITH_UNIT(LENGTH_MEASURE(1.E-07),#338,
  'distance_accuracy_value','confusion accuracy');
#342 = CONTEXT_DEPENDENT_SHAPE_REPRESENTATION(#343,#345);
#343 = ( REPRESENTATION_RELATIONSHIP('','',#44,#10) 
REPRESENTATION_RELATIONSHIP_WITH_TRANSFORMATION(#344) 
SHAPE_REPRESENTATION_RELATIONSHIP() );
#344 = ITEM_DEFINED_TRANSFORMATION('','',#11,#15);
#345 = PRODUCT_DEFINITION_SHAPE('Placement','Placement of an item',#346
  );
#346 = NEXT_ASSEMBLY_USAGE_OCCURRENCE('1','Body','',#5,#39,$);
#347 = PRODUCT_RELATED_PRODUCT_CATEGORY('part',$,(#41));
#348 = SHAPE_DEFINITION_REPRESENTATION(#349,#355);
#349 = PRODUCT_DEFINITION_SHAPE('','',#350);
#350 = PRODUCT_DEFINITION('design','',#351,#354);
#351 = PRODUCT_DEFINITION_FORMATION('','',#352);
#352 = PRODUCT('Extrude','Extrude','',(#353));
#353 = PRODUCT_CONTEXT('',#2,'mechanical');
#354 = PRODUCT_DEFINITION_CONTEXT('part definition',#2,'design');
#355 = SHAPE_REPRESENTATION('',(#11,#356,#972,#1616),#2676);
#356 = MANIFOLD_SOLID_BREP('',#357);
#357 = CLOSED_SHELL('',(#358,#398,#429,#460,#491,#524,#555,#588,#619,
    #650,#681,#712,#743,#774,#805,#836,#867,#898,#920,#946));
#358 = ADVANCED_FACE('',(#359),#393,.T.);
#359 = FACE_BOUND('',#360,.T.);
#360 = EDGE_LOOP('',(#361,#371,#379,#387));
#361 = ORIENTED_EDGE('',*,*,#362,.T.);
#362 = EDGE_CURVE('',#363,#365,#367,.T.);
#363 = VERTEX_POINT('',#364);
#364 = CARTESIAN_POINT('',(-0.35023609186,-3.2,0.64));
#365 = VERTEX_POINT('',#366);
#366 = CARTESIAN_POINT('',(-0.35023609186,-3.2,0.66));
#367 = LINE('',#368,#369);
#368 = CARTESIAN_POINT('',(-0.35023609186,-3.2,0.64));
#369 = VECTOR('',#370,1.);
#370 = DIRECTION('',(0.,0.,1.));
#371 = ORIENTED_EDGE('',*,*,#372,.T.);
#372 = EDGE_CURVE('',#365,#373,#375,.T.);
#373 = VERTEX_POINT('',#374);
#374 = CARTESIAN_POINT('',(-0.475599463953,-3.2,0.66));
#375 = LINE('',#376,#377);
#376 = CARTESIAN_POINT('',(-0.35023609186,-3.2,0.66));
#377 = VECTOR('',#378,1.);
#378 = DIRECTION('',(-1.,0.,0.));
#379 = ORIENTED_EDGE('',*,*,#380,.F.);
#380 = EDGE_CURVE('',#381,#373,#383,.T.);
#381 = VERTEX_POINT('',#382);
#382 = CARTESIAN_POINT('',(-0.475599463953,-3.2,0.64));
#383 = LINE('',#384,#385);
#384 = CARTESIAN_POINT('',(-0.475599463953,-3.2,0.64));
#385 = VECTOR('',#386,1.);
#386 = DIRECTION('',(0.,0.,1.));
#387 = ORIENTED_EDGE('',*,*,#388,.F.);
#388 = EDGE_CURVE('',#363,#381,#389,.T.);
#389 = LINE('',#390,#391);
#390 = CARTESIAN_POINT('',(-0.35023609186,-3.2,0.64));
#391 = VECTOR('',#392,1.);
#392 = DIRECTION('',(-1.,0.,0.));
#393 = PLANE('',#394);
#394 = AXIS2_PLACEMENT_3D('',#395,#396,#397);
#395 = CARTESIAN_POINT('',(-0.35023609186,-3.2,0.64));
#396 = DIRECTION('',(0.,-1.,0.));
#397 = DIRECTION('',(-1.,0.,0.));
#398 = ADVANCED_FACE('',(#399),#424,.T.);
#399 = FACE_BOUND('',#400,.T.);
#400 = EDGE_LOOP('',(#401,#411,#417,#418));
#401 = ORIENTED_EDGE('',*,*,#402,.T.);
#402 = EDGE_CURVE('',#403,#405,#407,.T.);
#403 = VERTEX_POINT('',#404);
#404 = CARTESIAN_POINT('',(-0.35023609186,-2.2,0.64));
#405 = VERTEX_POINT('',#406);
#406 = CARTESIAN_POINT('',(-0.35023609186,-2.2,0.66));
#407 = LINE('',#408,#409);
#408 = CARTESIAN_POINT('',(-0.35023609186,-2.2,0.64));
#409 = VECTOR('',#410,1.);
#410 = DIRECTION('',(0.,0.,1.));
#411 = ORIENTED_EDGE('',*,*,#412,.T.);
#412 = EDGE_CURVE('',#405,#365,#413,.T.);
#413 = LINE('',#414,#415);
#414 = CARTESIAN_POINT('',(-0.35023609186,-2.2,0.66));
#415 = VECTOR('',#416,1.);
#416 = DIRECTION('',(0.,-1.,0.));
#417 = ORIENTED_EDGE('',*,*,#362,.F.);
#418 = ORIENTED_EDGE('',*,*,#419,.F.);
#419 = EDGE_CURVE('',#403,#363,#420,.T.);
#420 = LINE('',#421,#422);
#421 = CARTESIAN_POINT('',(-0.35023609186,-2.2,0.64));
#422 = VECTOR('',#423,1.);
#423 = DIRECTION('',(0.,-1.,0.));
#424 = PLANE('',#425);
#425 = AXIS2_PLACEMENT_3D('',#426,#427,#428);
#426 = CARTESIAN_POINT('',(-0.35023609186,-2.2,0.64));
#427 = DIRECTION('',(1.,0.,-0.));
#428 = DIRECTION('',(0.,-1.,0.));
#429 = ADVANCED_FACE('',(#430),#455,.T.);
#430 = FACE_BOUND('',#431,.T.);
#431 = EDGE_LOOP('',(#432,#442,#448,#449));
#432 = ORIENTED_EDGE('',*,*,#433,.T.);
#433 = EDGE_CURVE('',#434,#436,#438,.T.);
#434 = VERTEX_POINT('',#435);
#435 = CARTESIAN_POINT('',(-0.52601734186,-2.2,0.64));
#436 = VERTEX_POINT('',#437);
#437 = CARTESIAN_POINT('',(-0.52601734186,-2.2,0.66));
#438 = LINE('',#439,#440);
#439 = CARTESIAN_POINT('',(-0.52601734186,-2.2,0.64));
#440 = VECTOR('',#441,1.);
#441 = DIRECTION('',(0.,0.,1.));
#442 = ORIENTED_EDGE('',*,*,#443,.T.);
#443 = EDGE_CURVE('',#436,#405,#444,.T.);
#444 = LINE('',#445,#446);
#445 = CARTESIAN_POINT('',(-0.52601734186,-2.2,0.66));
#446 = VECTOR('',#447,1.);
#447 = DIRECTION('',(1.,0.,0.));
#448 = ORIENTED_EDGE('',*,*,#402,.F.);
#449 = ORIENTED_EDGE('',*,*,#450,.F.);
#450 = EDGE_CURVE('',#434,#403,#451,.T.);
#451 = LINE('',#452,#453);
#452 = CARTESIAN_POINT('',(-0.52601734186,-2.2,0.64));
#453 = VECTOR('',#454,1.);
#454 = DIRECTION('',(1.,0.,0.));
#455 = PLANE('',#456);
#456 = AXIS2_PLACEMENT_3D('',#457,#458,#459);
#457 = CARTESIAN_POINT('',(-0.52601734186,-2.2,0.64));
#458 = DIRECTION('',(0.,1.,0.));
#459 = DIRECTION('',(1.,0.,0.));
#460 = ADVANCED_FACE('',(#461),#486,.T.);
#461 = FACE_BOUND('',#462,.T.);
#462 = EDGE_LOOP('',(#463,#473,#479,#480));
#463 = ORIENTED_EDGE('',*,*,#464,.T.);
#464 = EDGE_CURVE('',#465,#467,#469,.T.);
#465 = VERTEX_POINT('',#466);
#466 = CARTESIAN_POINT('',(-0.764480277907,-2.895902979651,0.64));
#467 = VERTEX_POINT('',#468);
#468 = CARTESIAN_POINT('',(-0.764480277907,-2.895902979651,0.66));
#469 = LINE('',#470,#471);
#470 = CARTESIAN_POINT('',(-0.764480277907,-2.895902979651,0.64));
#471 = VECTOR('',#472,1.);
#472 = DIRECTION('',(0.,0.,1.));
#473 = ORIENTED_EDGE('',*,*,#474,.T.);
#474 = EDGE_CURVE('',#467,#436,#475,.T.);
#475 = LINE('',#476,#477);
#476 = CARTESIAN_POINT('',(-0.764480277907,-2.895902979651,0.66));
#477 = VECTOR('',#478,1.);
#478 = DIRECTION('',(0.324163303522,0.946001137763,0.));
#479 = ORIENTED_EDGE('',*,*,#433,.F.);
#480 = ORIENTED_EDGE('',*,*,#481,.F.);
#481 = EDGE_CURVE('',#465,#434,#482,.T.);
#482 = LINE('',#483,#484);
#483 = CARTESIAN_POINT('',(-0.764480277907,-2.895902979651,0.64));
#484 = VECTOR('',#485,1.);
#485 = DIRECTION('',(0.324163303522,0.946001137763,0.));
#486 = PLANE('',#487);
#487 = AXIS2_PLACEMENT_3D('',#488,#489,#490);
#488 = CARTESIAN_POINT('',(-0.764480277907,-2.895902979651,0.64));
#489 = DIRECTION('',(-0.946001137763,0.324163303522,0.));
#490 = DIRECTION('',(0.324163303522,0.946001137763,0.));
#491 = ADVANCED_FACE('',(#492),#517,.T.);
#492 = FACE_BOUND('',#493,.T.);
#493 = EDGE_LOOP('',(#494,#504,#510,#511));
#494 = ORIENTED_EDGE('',*,*,#495,.T.);
#495 = EDGE_CURVE('',#496,#498,#500,.T.);
#496 = VERTEX_POINT('',#497);
#497 = CARTESIAN_POINT('',(-0.817623446512,-3.056240915698,0.64));
#498 = VERTEX_POINT('',#499);
#499 = CARTESIAN_POINT('',(-0.817623446512,-3.056240915698,0.66));
#500 = LINE('',#501,#502);
#501 = CARTESIAN_POINT('',(-0.817623446512,-3.056240915698,0.64));
#502 = VECTOR('',#503,1.);
#503 = DIRECTION('',(0.,0.,1.));
#504 = ORIENTED_EDGE('',*,*,#505,.T.);
#505 = EDGE_CURVE('',#498,#467,#506,.T.);
#506 = B_SPLINE_CURVE_WITH_KNOTS('',2,(#507,#508,#509),.UNSPECIFIED.,.F.
  ,.F.,(3,3),(0.,1.),.PIECEWISE_BEZIER_KNOTS.);
#507 = CARTESIAN_POINT('',(-0.817623446512,-3.056240915698,0.66));
#508 = CARTESIAN_POINT('',(-0.799227734302,-2.998237645349,0.66));
#509 = CARTESIAN_POINT('',(-0.764480277907,-2.895902979651,0.66));
#510 = ORIENTED_EDGE('',*,*,#464,.F.);
#511 = ORIENTED_EDGE('',*,*,#512,.F.);
#512 = EDGE_CURVE('',#496,#465,#513,.T.);
#513 = B_SPLINE_CURVE_WITH_KNOTS('',2,(#514,#515,#516),.UNSPECIFIED.,.F.
  ,.F.,(3,3),(0.,1.),.PIECEWISE_BEZIER_KNOTS.);
#514 = CARTESIAN_POINT('',(-0.817623446512,-3.056240915698,0.64));
#515 = CARTESIAN_POINT('',(-0.799227734302,-2.998237645349,0.64));
#516 = CARTESIAN_POINT('',(-0.764480277907,-2.895902979651,0.64));
#517 = SURFACE_OF_LINEAR_EXTRUSION('',#518,#522);
#518 = B_SPLINE_CURVE_WITH_KNOTS('',2,(#519,#520,#521),.UNSPECIFIED.,.F.
  ,.F.,(3,3),(0.,1.),.PIECEWISE_BEZIER_KNOTS.);
#519 = CARTESIAN_POINT('',(-0.817623446512,-3.056240915698,0.64));
#520 = CARTESIAN_POINT('',(-0.799227734302,-2.998237645349,0.64));
#521 = CARTESIAN_POINT('',(-0.764480277907,-2.895902979651,0.64));
#522 = VECTOR('',#523,1.);
#523 = DIRECTION('',(-0.,-0.,-1.));
#524 = ADVANCED_FACE('',(#525),#550,.T.);
#525 = FACE_BOUND('',#526,.T.);
#526 = EDGE_LOOP('',(#527,#537,#543,#544));
#527 = ORIENTED_EDGE('',*,*,#528,.T.);
#528 = EDGE_CURVE('',#529,#531,#533,.T.);
#529 = VERTEX_POINT('',#530);
#530 = CARTESIAN_POINT('',(-0.820348737209,-3.056240915698,0.64));
#531 = VERTEX_POINT('',#532);
#532 = CARTESIAN_POINT('',(-0.820348737209,-3.056240915698,0.66));
#533 = LINE('',#534,#535);
#534 = CARTESIAN_POINT('',(-0.820348737209,-3.056240915698,0.64));
#535 = VECTOR('',#536,1.);
#536 = DIRECTION('',(0.,0.,1.));
#537 = ORIENTED_EDGE('',*,*,#538,.T.);
#538 = EDGE_CURVE('',#531,#498,#539,.T.);
#539 = LINE('',#540,#541);
#540 = CARTESIAN_POINT('',(-0.820348737209,-3.056240915698,0.66));
#541 = VECTOR('',#542,1.);
#542 = DIRECTION('',(1.,0.,0.));
#543 = ORIENTED_EDGE('',*,*,#495,.F.);
#544 = ORIENTED_EDGE('',*,*,#545,.F.);
#545 = EDGE_CURVE('',#529,#496,#546,.T.);
#546 = LINE('',#547,#548);
#547 = CARTESIAN_POINT('',(-0.820348737209,-3.056240915698,0.64));
#548 = VECTOR('',#549,1.);
#549 = DIRECTION('',(1.,0.,0.));
#550 = PLANE('',#551);
#551 = AXIS2_PLACEMENT_3D('',#552,#553,#554);
#552 = CARTESIAN_POINT('',(-0.820348737209,-3.056240915698,0.64));
#553 = DIRECTION('',(0.,1.,0.));
#554 = DIRECTION('',(1.,0.,0.));
#555 = ADVANCED_FACE('',(#556),#581,.T.);
#556 = FACE_BOUND('',#557,.T.);
#557 = EDGE_LOOP('',(#558,#568,#574,#575));
#558 = ORIENTED_EDGE('',*,*,#559,.T.);
#559 = EDGE_CURVE('',#560,#562,#564,.T.);
#560 = VERTEX_POINT('',#561);
#561 = CARTESIAN_POINT('',(-0.865997356395,-2.908212209302,0.64));
#562 = VERTEX_POINT('',#563);
#563 = CARTESIAN_POINT('',(-0.865997356395,-2.908212209302,0.66));
#564 = LINE('',#565,#566);
#565 = CARTESIAN_POINT('',(-0.865997356395,-2.908212209302,0.64));
#566 = VECTOR('',#567,1.);
#567 = DIRECTION('',(0.,0.,1.));
#568 = ORIENTED_EDGE('',*,*,#569,.T.);
#569 = EDGE_CURVE('',#562,#531,#570,.T.);
#570 = B_SPLINE_CURVE_WITH_KNOTS('',2,(#571,#572,#573),.UNSPECIFIED.,.F.
  ,.F.,(3,3),(0.,1.),.PIECEWISE_BEZIER_KNOTS.);
#571 = CARTESIAN_POINT('',(-0.865997356395,-2.908212209302,0.66));
#572 = CARTESIAN_POINT('',(-0.826480641279,-3.026217296512,0.66));
#573 = CARTESIAN_POINT('',(-0.820348737209,-3.056240915698,0.66));
#574 = ORIENTED_EDGE('',*,*,#528,.F.);
#575 = ORIENTED_EDGE('',*,*,#576,.F.);
#576 = EDGE_CURVE('',#560,#529,#577,.T.);
#577 = B_SPLINE_CURVE_WITH_KNOTS('',2,(#578,#579,#580),.UNSPECIFIED.,.F.
  ,.F.,(3,3),(0.,1.),.PIECEWISE_BEZIER_KNOTS.);
#578 = CARTESIAN_POINT('',(-0.865997356395,-2.908212209302,0.64));
#579 = CARTESIAN_POINT('',(-0.826480641279,-3.026217296512,0.64));
#580 = CARTESIAN_POINT('',(-0.820348737209,-3.056240915698,0.64));
#581 = SURFACE_OF_LINEAR_EXTRUSION('',#582,#586);
#582 = B_SPLINE_CURVE_WITH_KNOTS('',2,(#583,#584,#585),.UNSPECIFIED.,.F.
  ,.F.,(3,3),(0.,1.),.PIECEWISE_BEZIER_KNOTS.);
#583 = CARTESIAN_POINT('',(-0.865997356395,-2.908212209302,0.64));
#584 = CARTESIAN_POINT('',(-0.826480641279,-3.026217296512,0.64));
#585 = CARTESIAN_POINT('',(-0.820348737209,-3.056240915698,0.64));
#586 = VECTOR('',#587,1.);
#587 = DIRECTION('',(-0.,-0.,-1.));
#588 = ADVANCED_FACE('',(#589),#614,.T.);
#589 = FACE_BOUND('',#590,.T.);
#590 = EDGE_LOOP('',(#591,#601,#607,#608));
#591 = ORIENTED_EDGE('',*,*,#592,.T.);
#592 = EDGE_CURVE('',#593,#595,#597,.T.);
#593 = VERTEX_POINT('',#594);
#594 = CARTESIAN_POINT('',(-1.102416324419,-2.2,0.64));
#595 = VERTEX_POINT('',#596);
#596 = CARTESIAN_POINT('',(-1.102416324419,-2.2,0.66));
#597 = LINE('',#598,#599);
#598 = CARTESIAN_POINT('',(-1.102416324419,-2.2,0.64));
#599 = VECTOR('',#600,1.);
#600 = DIRECTION('',(0.,0.,1.));
#601 = ORIENTED_EDGE('',*,*,#602,.T.);
#602 = EDGE_CURVE('',#595,#562,#603,.T.);
#603 = LINE('',#604,#605);
#604 = CARTESIAN_POINT('',(-1.102416324419,-2.2,0.66));
#605 = VECTOR('',#606,1.);
#606 = DIRECTION('',(0.316647498316,-0.9485432841,0.));
#607 = ORIENTED_EDGE('',*,*,#559,.F.);
#608 = ORIENTED_EDGE('',*,*,#609,.F.);
#609 = EDGE_CURVE('',#593,#560,#610,.T.);
#610 = LINE('',#611,#612);
#611 = CARTESIAN_POINT('',(-1.102416324419,-2.2,0.64));
#612 = VECTOR('',#613,1.);
#613 = DIRECTION('',(0.316647498316,-0.9485432841,0.));
#614 = PLANE('',#615);
#615 = AXIS2_PLACEMENT_3D('',#616,#617,#618);
#616 = CARTESIAN_POINT('',(-1.102416324419,-2.2,0.64));
#617 = DIRECTION('',(0.9485432841,0.316647498316,-0.));
#618 = DIRECTION('',(0.316647498316,-0.9485432841,0.));
#619 = ADVANCED_FACE('',(#620),#645,.T.);
#620 = FACE_BOUND('',#621,.T.);
#621 = EDGE_LOOP('',(#622,#632,#638,#639));
#622 = ORIENTED_EDGE('',*,*,#623,.T.);
#623 = EDGE_CURVE('',#624,#626,#628,.T.);
#624 = VERTEX_POINT('',#625);
#625 = CARTESIAN_POINT('',(-1.2999999,-2.2,0.64));
#626 = VERTEX_POINT('',#627);
#627 = CARTESIAN_POINT('',(-1.2999999,-2.2,0.66));
#628 = LINE('',#629,#630);
#629 = CARTESIAN_POINT('',(-1.2999999,-2.2,0.64));
#630 = VECTOR('',#631,1.);
#631 = DIRECTION('',(0.,0.,1.));
#632 = ORIENTED_EDGE('',*,*,#633,.T.);
#633 = EDGE_CURVE('',#626,#595,#634,.T.);
#634 = LINE('',#635,#636);
#635 = CARTESIAN_POINT('',(-1.2999999,-2.2,0.66));
#636 = VECTOR('',#637,1.);
#637 = DIRECTION('',(1.,0.,0.));
#638 = ORIENTED_EDGE('',*,*,#592,.F.);
#639 = ORIENTED_EDGE('',*,*,#640,.F.);
#640 = EDGE_CURVE('',#624,#593,#641,.T.);
#641 = LINE('',#642,#643);
#642 = CARTESIAN_POINT('',(-1.2999999,-2.2,0.64));
#643 = VECTOR('',#644,1.);
#644 = DIRECTION('',(1.,0.,0.));
#645 = PLANE('',#646);
#646 = AXIS2_PLACEMENT_3D('',#647,#648,#649);
#647 = CARTESIAN_POINT('',(-1.2999999,-2.2,0.64));
#648 = DIRECTION('',(0.,1.,0.));
#649 = DIRECTION('',(1.,0.,0.));
#650 = ADVANCED_FACE('',(#651),#676,.T.);
#651 = FACE_BOUND('',#652,.T.);
#652 = EDGE_LOOP('',(#653,#663,#669,#670));
#653 = ORIENTED_EDGE('',*,*,#654,.T.);
#654 = EDGE_CURVE('',#655,#657,#659,.T.);
#655 = VERTEX_POINT('',#656);
#656 = CARTESIAN_POINT('',(-1.2999999,-3.2,0.64));
#657 = VERTEX_POINT('',#658);
#658 = CARTESIAN_POINT('',(-1.2999999,-3.2,0.66));
#659 = LINE('',#660,#661);
#660 = CARTESIAN_POINT('',(-1.2999999,-3.2,0.64));
#661 = VECTOR('',#662,1.);
#662 = DIRECTION('',(0.,0.,1.));
#663 = ORIENTED_EDGE('',*,*,#664,.T.);
#664 = EDGE_CURVE('',#657,#626,#665,.T.);
#665 = LINE('',#666,#667);
#666 = CARTESIAN_POINT('',(-1.2999999,-3.2,0.66));
#667 = VECTOR('',#668,1.);
#668 = DIRECTION('',(0.,1.,0.));
#669 = ORIENTED_EDGE('',*,*,#623,.F.);
#670 = ORIENTED_EDGE('',*,*,#671,.F.);
#671 = EDGE_CURVE('',#655,#624,#672,.T.);
#672 = LINE('',#673,#674);
#673 = CARTESIAN_POINT('',(-1.2999999,-3.2,0.64));
#674 = VECTOR('',#675,1.);
#675 = DIRECTION('',(0.,1.,0.));
#676 = PLANE('',#677);
#677 = AXIS2_PLACEMENT_3D('',#678,#679,#680);
#678 = CARTESIAN_POINT('',(-1.2999999,-3.2,0.64));
#679 = DIRECTION('',(-1.,0.,0.));
#680 = DIRECTION('',(0.,1.,0.));
#681 = ADVANCED_FACE('',(#682),#707,.T.);
#682 = FACE_BOUND('',#683,.T.);
#683 = EDGE_LOOP('',(#684,#694,#700,#701));
#684 = ORIENTED_EDGE('',*,*,#685,.T.);
#685 = EDGE_CURVE('',#686,#688,#690,.T.);
#686 = VERTEX_POINT('',#687);
#687 = CARTESIAN_POINT('',(-1.174636527907,-3.2,0.64));
#688 = VERTEX_POINT('',#689);
#689 = CARTESIAN_POINT('',(-1.174636527907,-3.2,0.66));
#690 = LINE('',#691,#692);
#691 = CARTESIAN_POINT('',(-1.174636527907,-3.2,0.64));
#692 = VECTOR('',#693,1.);
#693 = DIRECTION('',(0.,0.,1.));
#694 = ORIENTED_EDGE('',*,*,#695,.T.);
#695 = EDGE_CURVE('',#688,#657,#696,.T.);
#696 = LINE('',#697,#698);
#697 = CARTESIAN_POINT('',(-1.174636527907,-3.2,0.66));
#698 = VECTOR('',#699,1.);
#699 = DIRECTION('',(-1.,0.,0.));
#700 = ORIENTED_EDGE('',*,*,#654,.F.);
#701 = ORIENTED_EDGE('',*,*,#702,.F.);
#702 = EDGE_CURVE('',#686,#655,#703,.T.);
#703 = LINE('',#704,#705);
#704 = CARTESIAN_POINT('',(-1.174636527907,-3.2,0.64));
#705 = VECTOR('',#706,1.);
#706 = DIRECTION('',(-1.,0.,0.));
#707 = PLANE('',#708);
#708 = AXIS2_PLACEMENT_3D('',#709,#710,#711);
#709 = CARTESIAN_POINT('',(-1.174636527907,-3.2,0.64));
#710 = DIRECTION('',(0.,-1.,0.));
#711 = DIRECTION('',(-1.,0.,0.));
#712 = ADVANCED_FACE('',(#713),#738,.T.);
#713 = FACE_BOUND('',#714,.T.);
#714 = EDGE_LOOP('',(#715,#725,#731,#732));
#715 = ORIENTED_EDGE('',*,*,#716,.T.);
#716 = EDGE_CURVE('',#717,#719,#721,.T.);
#717 = VERTEX_POINT('',#718);
#718 = CARTESIAN_POINT('',(-1.174636527907,-2.349209665698,0.64));
#719 = VERTEX_POINT('',#720);
#720 = CARTESIAN_POINT('',(-1.174636527907,-2.349209665698,0.66));
#721 = LINE('',#722,#723);
#722 = CARTESIAN_POINT('',(-1.174636527907,-2.349209665698,0.64));
#723 = VECTOR('',#724,1.);
#724 = DIRECTION('',(0.,0.,1.));
#725 = ORIENTED_EDGE('',*,*,#726,.T.);
#726 = EDGE_CURVE('',#719,#688,#727,.T.);
#727 = LINE('',#728,#729);
#728 = CARTESIAN_POINT('',(-1.174636527907,-2.349209665698,0.66));
#729 = VECTOR('',#730,1.);
#730 = DIRECTION('',(0.,-1.,0.));
#731 = ORIENTED_EDGE('',*,*,#685,.F.);
#732 = ORIENTED_EDGE('',*,*,#733,.F.);
#733 = EDGE_CURVE('',#717,#686,#734,.T.);
#734 = LINE('',#735,#736);
#735 = CARTESIAN_POINT('',(-1.174636527907,-2.349209665698,0.64));
#736 = VECTOR('',#737,1.);
#737 = DIRECTION('',(0.,-1.,0.));
#738 = PLANE('',#739);
#739 = AXIS2_PLACEMENT_3D('',#740,#741,#742);
#740 = CARTESIAN_POINT('',(-1.174636527907,-2.349209665698,0.64));
#741 = DIRECTION('',(1.,0.,-0.));
#742 = DIRECTION('',(0.,-1.,0.));
#743 = ADVANCED_FACE('',(#744),#769,.T.);
#744 = FACE_BOUND('',#745,.T.);
#745 = EDGE_LOOP('',(#746,#756,#762,#763));
#746 = ORIENTED_EDGE('',*,*,#747,.T.);
#747 = EDGE_CURVE('',#748,#750,#752,.T.);
#748 = VERTEX_POINT('',#749);
#749 = CARTESIAN_POINT('',(-1.17054859186,-2.349209665698,0.64));
#750 = VERTEX_POINT('',#751);
#751 = CARTESIAN_POINT('',(-1.17054859186,-2.349209665698,0.66));
#752 = LINE('',#753,#754);
#753 = CARTESIAN_POINT('',(-1.17054859186,-2.349209665698,0.64));
#754 = VECTOR('',#755,1.);
#755 = DIRECTION('',(0.,0.,1.));
#756 = ORIENTED_EDGE('',*,*,#757,.T.);
#757 = EDGE_CURVE('',#750,#719,#758,.T.);
#758 = LINE('',#759,#760);
#759 = CARTESIAN_POINT('',(-1.17054859186,-2.349209665698,0.66));
#760 = VECTOR('',#761,1.);
#761 = DIRECTION('',(-1.,0.,0.));
#762 = ORIENTED_EDGE('',*,*,#716,.F.);
#763 = ORIENTED_EDGE('',*,*,#764,.F.);
#764 = EDGE_CURVE('',#748,#717,#765,.T.);
#765 = LINE('',#766,#767);
#766 = CARTESIAN_POINT('',(-1.17054859186,-2.349209665698,0.64));
#767 = VECTOR('',#768,1.);
#768 = DIRECTION('',(-1.,0.,0.));
#769 = PLANE('',#770);
#770 = AXIS2_PLACEMENT_3D('',#771,#772,#773);
#771 = CARTESIAN_POINT('',(-1.17054859186,-2.349209665698,0.64));
#772 = DIRECTION('',(0.,-1.,0.));
#773 = DIRECTION('',(-1.,0.,0.));
#774 = ADVANCED_FACE('',(#775),#800,.T.);
#775 = FACE_BOUND('',#776,.T.);
#776 = EDGE_LOOP('',(#777,#787,#793,#794));
#777 = ORIENTED_EDGE('',*,*,#778,.T.);
#778 = EDGE_CURVE('',#779,#781,#783,.T.);
#779 = VERTEX_POINT('',#780);
#780 = CARTESIAN_POINT('',(-0.884393068605,-3.2,0.64));
#781 = VERTEX_POINT('',#782);
#782 = CARTESIAN_POINT('',(-0.884393068605,-3.2,0.66));
#783 = LINE('',#784,#785);
#784 = CARTESIAN_POINT('',(-0.884393068605,-3.2,0.64));
#785 = VECTOR('',#786,1.);
#786 = DIRECTION('',(0.,0.,1.));
#787 = ORIENTED_EDGE('',*,*,#788,.T.);
#788 = EDGE_CURVE('',#781,#750,#789,.T.);
#789 = LINE('',#790,#791);
#790 = CARTESIAN_POINT('',(-0.884393068605,-3.2,0.66));
#791 = VECTOR('',#792,1.);
#792 = DIRECTION('',(-0.318792127292,0.947824656557,0.));
#793 = ORIENTED_EDGE('',*,*,#747,.F.);
#794 = ORIENTED_EDGE('',*,*,#795,.F.);
#795 = EDGE_CURVE('',#779,#748,#796,.T.);
#796 = LINE('',#797,#798);
#797 = CARTESIAN_POINT('',(-0.884393068605,-3.2,0.64));
#798 = VECTOR('',#799,1.);
#799 = DIRECTION('',(-0.318792127292,0.947824656557,0.));
#800 = PLANE('',#801);
#801 = AXIS2_PLACEMENT_3D('',#802,#803,#804);
#802 = CARTESIAN_POINT('',(-0.884393068605,-3.2,0.64));
#803 = DIRECTION('',(-0.947824656557,-0.318792127292,0.));
#804 = DIRECTION('',(-0.318792127292,0.947824656557,0.));
#805 = ADVANCED_FACE('',(#806),#831,.T.);
#806 = FACE_BOUND('',#807,.T.);
#807 = EDGE_LOOP('',(#808,#818,#824,#825));
#808 = ORIENTED_EDGE('',*,*,#809,.T.);
#809 = EDGE_CURVE('',#810,#812,#814,.T.);
#810 = VERTEX_POINT('',#811);
#811 = CARTESIAN_POINT('',(-0.765842923256,-3.2,0.64));
#812 = VERTEX_POINT('',#813);
#813 = CARTESIAN_POINT('',(-0.765842923256,-3.2,0.66));
#814 = LINE('',#815,#816);
#815 = CARTESIAN_POINT('',(-0.765842923256,-3.2,0.64));
#816 = VECTOR('',#817,1.);
#817 = DIRECTION('',(0.,0.,1.));
#818 = ORIENTED_EDGE('',*,*,#819,.T.);
#819 = EDGE_CURVE('',#812,#781,#820,.T.);
#820 = LINE('',#821,#822);
#821 = CARTESIAN_POINT('',(-0.765842923256,-3.2,0.66));
#822 = VECTOR('',#823,1.);
#823 = DIRECTION('',(-1.,0.,0.));
#824 = ORIENTED_EDGE('',*,*,#778,.F.);
#825 = ORIENTED_EDGE('',*,*,#826,.F.);
#826 = EDGE_CURVE('',#810,#779,#827,.T.);
#827 = LINE('',#828,#829);
#828 = CARTESIAN_POINT('',(-0.765842923256,-3.2,0.64));
#829 = VECTOR('',#830,1.);
#830 = DIRECTION('',(-1.,0.,0.));
#831 = PLANE('',#832);
#832 = AXIS2_PLACEMENT_3D('',#833,#834,#835);
#833 = CARTESIAN_POINT('',(-0.765842923256,-3.2,0.64));
#834 = DIRECTION('',(0.,-1.,0.));
#835 = DIRECTION('',(-1.,0.,0.));
#836 = ADVANCED_FACE('',(#837),#862,.T.);
#837 = FACE_BOUND('',#838,.T.);
#838 = EDGE_LOOP('',(#839,#849,#855,#856));
#839 = ORIENTED_EDGE('',*,*,#840,.T.);
#840 = EDGE_CURVE('',#841,#843,#845,.T.);
#841 = VERTEX_POINT('',#842);
#842 = CARTESIAN_POINT('',(-0.478324754651,-2.362836119186,0.64));
#843 = VERTEX_POINT('',#844);
#844 = CARTESIAN_POINT('',(-0.478324754651,-2.362836119186,0.66));
#845 = LINE('',#846,#847);
#846 = CARTESIAN_POINT('',(-0.478324754651,-2.362836119186,0.64));
#847 = VECTOR('',#848,1.);
#848 = DIRECTION('',(0.,0.,1.));
#849 = ORIENTED_EDGE('',*,*,#850,.T.);
#850 = EDGE_CURVE('',#843,#812,#851,.T.);
#851 = LINE('',#852,#853);
#852 = CARTESIAN_POINT('',(-0.478324754651,-2.362836119186,0.66));
#853 = VECTOR('',#854,1.);
#854 = DIRECTION('',(-0.324820181565,-0.945775792484,0.));
#855 = ORIENTED_EDGE('',*,*,#809,.F.);
#856 = ORIENTED_EDGE('',*,*,#857,.F.);
#857 = EDGE_CURVE('',#841,#810,#858,.T.);
#858 = LINE('',#859,#860);
#859 = CARTESIAN_POINT('',(-0.478324754651,-2.362836119186,0.64));
#860 = VECTOR('',#861,1.);
#861 = DIRECTION('',(-0.324820181565,-0.945775792484,0.));
#862 = PLANE('',#863);
#863 = AXIS2_PLACEMENT_3D('',#864,#865,#866);
#864 = CARTESIAN_POINT('',(-0.478324754651,-2.362836119186,0.64));
#865 = DIRECTION('',(0.945775792484,-0.324820181565,0.));
#866 = DIRECTION('',(-0.324820181565,-0.945775792484,0.));
#867 = ADVANCED_FACE('',(#868),#893,.T.);
#868 = FACE_BOUND('',#869,.T.);
#869 = EDGE_LOOP('',(#870,#880,#886,#887));
#870 = ORIENTED_EDGE('',*,*,#871,.T.);
#871 = EDGE_CURVE('',#872,#874,#876,.T.);
#872 = VERTEX_POINT('',#873);
#873 = CARTESIAN_POINT('',(-0.475599463953,-2.362836119186,0.64));
#874 = VERTEX_POINT('',#875);
#875 = CARTESIAN_POINT('',(-0.475599463953,-2.362836119186,0.66));
#876 = LINE('',#877,#878);
#877 = CARTESIAN_POINT('',(-0.475599463953,-2.362836119186,0.64));
#878 = VECTOR('',#879,1.);
#879 = DIRECTION('',(0.,0.,1.));
#880 = ORIENTED_EDGE('',*,*,#881,.T.);
#881 = EDGE_CURVE('',#874,#843,#882,.T.);
#882 = LINE('',#883,#884);
#883 = CARTESIAN_POINT('',(-0.475599463953,-2.362836119186,0.66));
#884 = VECTOR('',#885,1.);
#885 = DIRECTION('',(-1.,0.,0.));
#886 = ORIENTED_EDGE('',*,*,#840,.F.);
#887 = ORIENTED_EDGE('',*,*,#888,.F.);
#888 = EDGE_CURVE('',#872,#841,#889,.T.);
#889 = LINE('',#890,#891);
#890 = CARTESIAN_POINT('',(-0.475599463953,-2.362836119186,0.64));
#891 = VECTOR('',#892,1.);
#892 = DIRECTION('',(-1.,0.,0.));
#893 = PLANE('',#894);
#894 = AXIS2_PLACEMENT_3D('',#895,#896,#897);
#895 = CARTESIAN_POINT('',(-0.475599463953,-2.362836119186,0.64));
#896 = DIRECTION('',(0.,-1.,0.));
#897 = DIRECTION('',(-1.,0.,0.));
#898 = ADVANCED_FACE('',(#899),#915,.T.);
#899 = FACE_BOUND('',#900,.T.);
#900 = EDGE_LOOP('',(#901,#902,#908,#909));
#901 = ORIENTED_EDGE('',*,*,#380,.T.);
#902 = ORIENTED_EDGE('',*,*,#903,.T.);
#903 = EDGE_CURVE('',#373,#874,#904,.T.);
#904 = LINE('',#905,#906);
#905 = CARTESIAN_POINT('',(-0.475599463953,-3.2,0.66));
#906 = VECTOR('',#907,1.);
#907 = DIRECTION('',(0.,1.,0.));
#908 = ORIENTED_EDGE('',*,*,#871,.F.);
#909 = ORIENTED_EDGE('',*,*,#910,.F.);
#910 = EDGE_CURVE('',#381,#872,#911,.T.);
#911 = LINE('',#912,#913);
#912 = CARTESIAN_POINT('',(-0.475599463953,-3.2,0.64));
#913 = VECTOR('',#914,1.);
#914 = DIRECTION('',(0.,1.,0.));
#915 = PLANE('',#916);
#916 = AXIS2_PLACEMENT_3D('',#917,#918,#919);
#917 = CARTESIAN_POINT('',(-0.475599463953,-3.2,0.64));
#918 = DIRECTION('',(-1.,0.,0.));
#919 = DIRECTION('',(0.,1.,0.));
#920 = ADVANCED_FACE('',(#921),#941,.F.);
#921 = FACE_BOUND('',#922,.F.);
#922 = EDGE_LOOP('',(#923,#924,#925,#926,#927,#928,#929,#930,#931,#932,
    #933,#934,#935,#936,#937,#938,#939,#940));
#923 = ORIENTED_EDGE('',*,*,#388,.F.);
#924 = ORIENTED_EDGE('',*,*,#419,.F.);
#925 = ORIENTED_EDGE('',*,*,#450,.F.);
#926 = ORIENTED_EDGE('',*,*,#481,.F.);
#927 = ORIENTED_EDGE('',*,*,#512,.F.);
#928 = ORIENTED_EDGE('',*,*,#545,.F.);
#929 = ORIENTED_EDGE('',*,*,#576,.F.);
#930 = ORIENTED_EDGE('',*,*,#609,.F.);
#931 = ORIENTED_EDGE('',*,*,#640,.F.);
#932 = ORIENTED_EDGE('',*,*,#671,.F.);
#933 = ORIENTED_EDGE('',*,*,#702,.F.);
#934 = ORIENTED_EDGE('',*,*,#733,.F.);
#935 = ORIENTED_EDGE('',*,*,#764,.F.);
#936 = ORIENTED_EDGE('',*,*,#795,.F.);
#937 = ORIENTED_EDGE('',*,*,#826,.F.);
#938 = ORIENTED_EDGE('',*,*,#857,.F.);
#939 = ORIENTED_EDGE('',*,*,#888,.F.);
#940 = ORIENTED_EDGE('',*,*,#910,.F.);
#941 = PLANE('',#942);
#942 = AXIS2_PLACEMENT_3D('',#943,#944,#945);
#943 = CARTESIAN_POINT('',(-0.824725421775,-2.717035698898,0.64));
#944 = DIRECTION('',(0.,0.,1.));
#945 = DIRECTION('',(1.,0.,0.));
#946 = ADVANCED_FACE('',(#947),#967,.T.);
#947 = FACE_BOUND('',#948,.T.);
#948 = EDGE_LOOP('',(#949,#950,#951,#952,#953,#954,#955,#956,#957,#958,
    #959,#960,#961,#962,#963,#964,#965,#966));
#949 = ORIENTED_EDGE('',*,*,#372,.F.);
#950 = ORIENTED_EDGE('',*,*,#412,.F.);
#951 = ORIENTED_EDGE('',*,*,#443,.F.);
#952 = ORIENTED_EDGE('',*,*,#474,.F.);
#953 = ORIENTED_EDGE('',*,*,#505,.F.);
#954 = ORIENTED_EDGE('',*,*,#538,.F.);
#955 = ORIENTED_EDGE('',*,*,#569,.F.);
#956 = ORIENTED_EDGE('',*,*,#602,.F.);
#957 = ORIENTED_EDGE('',*,*,#633,.F.);
#958 = ORIENTED_EDGE('',*,*,#664,.F.);
#959 = ORIENTED_EDGE('',*,*,#695,.F.);
#960 = ORIENTED_EDGE('',*,*,#726,.F.);
#961 = ORIENTED_EDGE('',*,*,#757,.F.);
#962 = ORIENTED_EDGE('',*,*,#788,.F.);
#963 = ORIENTED_EDGE('',*,*,#819,.F.);
#964 = ORIENTED_EDGE('',*,*,#850,.F.);
#965 = ORIENTED_EDGE('',*,*,#881,.F.);
#966 = ORIENTED_EDGE('',*,*,#903,.F.);
#967 = PLANE('',#968);
#968 = AXIS2_PLACEMENT_3D('',#969,#970,#971);
#969 = CARTESIAN_POINT('',(-0.824725421775,-2.717035698898,0.66));
#970 = DIRECTION('',(0.,0.,1.));
#971 = DIRECTION('',(1.,0.,0.));
#972 = MANIFOLD_SOLID_BREP('',#973);
#973 = CLOSED_SHELL('',(#974,#1016,#1047,#1080,#1113,#1146,#1179,#1212,
    #1245,#1278,#1311,#1342,#1375,#1408,#1441,#1474,#1507,#1540,#1564,
    #1590));
#974 = ADVANCED_FACE('',(#975),#1009,.T.);
#975 = FACE_BOUND('',#976,.T.);
#976 = EDGE_LOOP('',(#977,#987,#995,#1003));
#977 = ORIENTED_EDGE('',*,*,#978,.T.);
#978 = EDGE_CURVE('',#979,#981,#983,.T.);
#979 = VERTEX_POINT('',#980);
#980 = CARTESIAN_POINT('',(0.709674881977,-2.884456758721,0.64));
#981 = VERTEX_POINT('',#982);
#982 = CARTESIAN_POINT('',(0.709674881977,-2.884456758721,0.66));
#983 = LINE('',#984,#985);
#984 = CARTESIAN_POINT('',(0.709674881977,-2.884456758721,0.64));
#985 = VECTOR('',#986,1.);
#986 = DIRECTION('',(0.,0.,1.));
#987 = ORIENTED_EDGE('',*,*,#988,.T.);
#988 = EDGE_CURVE('',#981,#989,#991,.T.);
#989 = VERTEX_POINT('',#990);
#990 = CARTESIAN_POINT('',(0.557376553488,-3.134865552326,0.66));
#991 = B_SPLINE_CURVE_WITH_KNOTS('',2,(#992,#993,#994),.UNSPECIFIED.,.F.
  ,.F.,(3,3),(0.,1.),.PIECEWISE_BEZIER_KNOTS.);
#992 = CARTESIAN_POINT('',(0.709674881977,-2.884456758721,0.66));
#993 = CARTESIAN_POINT('',(0.666070230814,-3.052289244186,0.66));
#994 = CARTESIAN_POINT('',(0.557376553488,-3.134865552326,0.66));
#995 = ORIENTED_EDGE('',*,*,#996,.F.);
#996 = EDGE_CURVE('',#997,#989,#999,.T.);
#997 = VERTEX_POINT('',#998);
#998 = CARTESIAN_POINT('',(0.557376553488,-3.134865552326,0.64));
#999 = LINE('',#1000,#1001);
#1000 = CARTESIAN_POINT('',(0.557376553488,-3.134865552326,0.64));
#1001 = VECTOR('',#1002,1.);
#1002 = DIRECTION('',(0.,0.,1.));
#1003 = ORIENTED_EDGE('',*,*,#1004,.F.);
#1004 = EDGE_CURVE('',#979,#997,#1005,.T.);
#1005 = B_SPLINE_CURVE_WITH_KNOTS('',2,(#1006,#1007,#1008),
  .UNSPECIFIED.,.F.,.F.,(3,3),(0.,1.),.PIECEWISE_BEZIER_KNOTS.);
#1006 = CARTESIAN_POINT('',(0.709674881977,-2.884456758721,0.64));
#1007 = CARTESIAN_POINT('',(0.666070230814,-3.052289244186,0.64));
#1008 = CARTESIAN_POINT('',(0.557376553488,-3.134865552326,0.64));
#1009 = SURFACE_OF_LINEAR_EXTRUSION('',#1010,#1014);
#1010 = B_SPLINE_CURVE_WITH_KNOTS('',2,(#1011,#1012,#1013),
  .UNSPECIFIED.,.F.,.F.,(3,3),(0.,1.),.PIECEWISE_BEZIER_KNOTS.);
#1011 = CARTESIAN_POINT('',(0.709674881977,-2.884456758721,0.64));
#1012 = CARTESIAN_POINT('',(0.666070230814,-3.052289244186,0.64));
#1013 = CARTESIAN_POINT('',(0.557376553488,-3.134865552326,0.64));
#1014 = VECTOR('',#1015,1.);
#1015 = DIRECTION('',(-0.,-0.,-1.));
#1016 = ADVANCED_FACE('',(#1017),#1042,.T.);
#1017 = FACE_BOUND('',#1018,.T.);
#1018 = EDGE_LOOP('',(#1019,#1029,#1035,#1036));
#1019 = ORIENTED_EDGE('',*,*,#1020,.T.);
#1020 = EDGE_CURVE('',#1021,#1023,#1025,.T.);
#1021 = VERTEX_POINT('',#1022);
#1022 = CARTESIAN_POINT('',(0.578179605814,-2.851162790698,0.64));
#1023 = VERTEX_POINT('',#1024);
#1024 = CARTESIAN_POINT('',(0.578179605814,-2.851162790698,0.66));
#1025 = LINE('',#1026,#1027);
#1026 = CARTESIAN_POINT('',(0.578179605814,-2.851162790698,0.64));
#1027 = VECTOR('',#1028,1.);
#1028 = DIRECTION('',(0.,0.,1.));
#1029 = ORIENTED_EDGE('',*,*,#1030,.T.);
#1030 = EDGE_CURVE('',#1023,#981,#1031,.T.);
#1031 = LINE('',#1032,#1033);
#1032 = CARTESIAN_POINT('',(0.578179605814,-2.851162790698,0.66));
#1033 = VECTOR('',#1034,1.);
#1034 = DIRECTION('',(0.96940931497,-0.245449750561,0.));
#1035 = ORIENTED_EDGE('',*,*,#978,.F.);
#1036 = ORIENTED_EDGE('',*,*,#1037,.F.);
#1037 = EDGE_CURVE('',#1021,#979,#1038,.T.);
#1038 = LINE('',#1039,#1040);
#1039 = CARTESIAN_POINT('',(0.578179605814,-2.851162790698,0.64));
#1040 = VECTOR('',#1041,1.);
#1041 = DIRECTION('',(0.96940931497,-0.245449750561,0.));
#1042 = PLANE('',#1043);
#1043 = AXIS2_PLACEMENT_3D('',#1044,#1045,#1046);
#1044 = CARTESIAN_POINT('',(0.578179605814,-2.851162790698,0.64));
#1045 = DIRECTION('',(0.245449750561,0.96940931497,-0.));
#1046 = DIRECTION('',(0.96940931497,-0.245449750561,0.));
#1047 = ADVANCED_FACE('',(#1048),#1073,.T.);
#1048 = FACE_BOUND('',#1049,.T.);
#1049 = EDGE_LOOP('',(#1050,#1060,#1066,#1067));
#1050 = ORIENTED_EDGE('',*,*,#1051,.T.);
#1051 = EDGE_CURVE('',#1052,#1054,#1056,.T.);
#1052 = VERTEX_POINT('',#1053);
#1053 = CARTESIAN_POINT('',(0.475617832558,-3.038844476744,0.64));
#1054 = VERTEX_POINT('',#1055);
#1055 = CARTESIAN_POINT('',(0.475617832558,-3.038844476744,0.66));
#1056 = LINE('',#1057,#1058);
#1057 = CARTESIAN_POINT('',(0.475617832558,-3.038844476744,0.64));
#1058 = VECTOR('',#1059,1.);
#1059 = DIRECTION('',(0.,0.,1.));
#1060 = ORIENTED_EDGE('',*,*,#1061,.T.);
#1061 = EDGE_CURVE('',#1054,#1023,#1062,.T.);
#1062 = B_SPLINE_CURVE_WITH_KNOTS('',2,(#1063,#1064,#1065),
  .UNSPECIFIED.,.F.,.F.,(3,3),(0.,1.),.PIECEWISE_BEZIER_KNOTS.);
#1063 = CARTESIAN_POINT('',(0.475617832558,-3.038844476744,0.66));
#1064 = CARTESIAN_POINT('',(0.548882730814,-2.976480741279,0.66));
#1065 = CARTESIAN_POINT('',(0.578179605814,-2.851162790698,0.66));
#1066 = ORIENTED_EDGE('',*,*,#1020,.F.);
#1067 = ORIENTED_EDGE('',*,*,#1068,.F.);
#1068 = EDGE_CURVE('',#1052,#1021,#1069,.T.);
#1069 = B_SPLINE_CURVE_WITH_KNOTS('',2,(#1070,#1071,#1072),
  .UNSPECIFIED.,.F.,.F.,(3,3),(0.,1.),.PIECEWISE_BEZIER_KNOTS.);
#1070 = CARTESIAN_POINT('',(0.475617832558,-3.038844476744,0.64));
#1071 = CARTESIAN_POINT('',(0.548882730814,-2.976480741279,0.64));
#1072 = CARTESIAN_POINT('',(0.578179605814,-2.851162790698,0.64));
#1073 = SURFACE_OF_LINEAR_EXTRUSION('',#1074,#1078);
#1074 = B_SPLINE_CURVE_WITH_KNOTS('',2,(#1075,#1076,#1077),
  .UNSPECIFIED.,.F.,.F.,(3,3),(0.,1.),.PIECEWISE_BEZIER_KNOTS.);
#1075 = CARTESIAN_POINT('',(0.475617832558,-3.038844476744,0.64));
#1076 = CARTESIAN_POINT('',(0.548882730814,-2.976480741279,0.64));
#1077 = CARTESIAN_POINT('',(0.578179605814,-2.851162790698,0.64));
#1078 = VECTOR('',#1079,1.);
#1079 = DIRECTION('',(-0.,-0.,-1.));
#1080 = ADVANCED_FACE('',(#1081),#1106,.T.);
#1081 = FACE_BOUND('',#1082,.T.);
#1082 = EDGE_LOOP('',(#1083,#1093,#1099,#1100));
#1083 = ORIENTED_EDGE('',*,*,#1084,.T.);
#1084 = EDGE_CURVE('',#1085,#1087,#1089,.T.);
#1085 = VERTEX_POINT('',#1086);
#1086 = CARTESIAN_POINT('',(0.285210855814,-3.101162790698,0.64));
#1087 = VERTEX_POINT('',#1088);
#1088 = CARTESIAN_POINT('',(0.285210855814,-3.101162790698,0.66));
#1089 = LINE('',#1090,#1091);
#1090 = CARTESIAN_POINT('',(0.285210855814,-3.101162790698,0.64));
#1091 = VECTOR('',#1092,1.);
#1092 = DIRECTION('',(0.,0.,1.));
#1093 = ORIENTED_EDGE('',*,*,#1094,.T.);
#1094 = EDGE_CURVE('',#1087,#1054,#1095,.T.);
#1095 = B_SPLINE_CURVE_WITH_KNOTS('',2,(#1096,#1097,#1098),
  .UNSPECIFIED.,.F.,.F.,(3,3),(0.,1.),.PIECEWISE_BEZIER_KNOTS.);
#1096 = CARTESIAN_POINT('',(0.285210855814,-3.101162790698,0.66));
#1097 = CARTESIAN_POINT('',(0.402398355814,-3.101162790698,0.66));
#1098 = CARTESIAN_POINT('',(0.475617832558,-3.038844476744,0.66));
#1099 = ORIENTED_EDGE('',*,*,#1051,.F.);
#1100 = ORIENTED_EDGE('',*,*,#1101,.F.);
#1101 = EDGE_CURVE('',#1085,#1052,#1102,.T.);
#1102 = B_SPLINE_CURVE_WITH_KNOTS('',2,(#1103,#1104,#1105),
  .UNSPECIFIED.,.F.,.F.,(3,3),(0.,1.),.PIECEWISE_BEZIER_KNOTS.);
#1103 = CARTESIAN_POINT('',(0.285210855814,-3.101162790698,0.64));
#1104 = CARTESIAN_POINT('',(0.402398355814,-3.101162790698,0.64));
#1105 = CARTESIAN_POINT('',(0.475617832558,-3.038844476744,0.64));
#1106 = SURFACE_OF_LINEAR_EXTRUSION('',#1107,#1111);
#1107 = B_SPLINE_CURVE_WITH_KNOTS('',2,(#1108,#1109,#1110),
  .UNSPECIFIED.,.F.,.F.,(3,3),(0.,1.),.PIECEWISE_BEZIER_KNOTS.);
#1108 = CARTESIAN_POINT('',(0.285210855814,-3.101162790698,0.64));
#1109 = CARTESIAN_POINT('',(0.402398355814,-3.101162790698,0.64));
#1110 = CARTESIAN_POINT('',(0.475617832558,-3.038844476744,0.64));
#1111 = VECTOR('',#1112,1.);
#1112 = DIRECTION('',(-0.,-0.,-1.));
#1113 = ADVANCED_FACE('',(#1114),#1139,.T.);
#1114 = FACE_BOUND('',#1115,.T.);
#1115 = EDGE_LOOP('',(#1116,#1126,#1132,#1133));
#1116 = ORIENTED_EDGE('',*,*,#1117,.T.);
#1117 = EDGE_CURVE('',#1118,#1120,#1122,.T.);
#1118 = VERTEX_POINT('',#1119);
#1119 = CARTESIAN_POINT('',(5.31977744186E-02,-3.000190770349,0.64));
#1120 = VERTEX_POINT('',#1121);
#1121 = CARTESIAN_POINT('',(5.31977744186E-02,-3.000190770349,0.66));
#1122 = LINE('',#1123,#1124);
#1123 = CARTESIAN_POINT('',(5.31977744186E-02,-3.000190770349,0.64));
#1124 = VECTOR('',#1125,1.);
#1125 = DIRECTION('',(0.,0.,1.));
#1126 = ORIENTED_EDGE('',*,*,#1127,.T.);
#1127 = EDGE_CURVE('',#1120,#1087,#1128,.T.);
#1128 = B_SPLINE_CURVE_WITH_KNOTS('',2,(#1129,#1130,#1131),
  .UNSPECIFIED.,.F.,.F.,(3,3),(0.,1.),.PIECEWISE_BEZIER_KNOTS.);
#1129 = CARTESIAN_POINT('',(5.31977744186E-02,-3.000190770349,0.66));
#1130 = CARTESIAN_POINT('',(0.142133094186,-3.101162790698,0.66));
#1131 = CARTESIAN_POINT('',(0.285210855814,-3.101162790698,0.66));
#1132 = ORIENTED_EDGE('',*,*,#1084,.F.);
#1133 = ORIENTED_EDGE('',*,*,#1134,.F.);
#1134 = EDGE_CURVE('',#1118,#1085,#1135,.T.);
#1135 = B_SPLINE_CURVE_WITH_KNOTS('',2,(#1136,#1137,#1138),
  .UNSPECIFIED.,.F.,.F.,(3,3),(0.,1.),.PIECEWISE_BEZIER_KNOTS.);
#1136 = CARTESIAN_POINT('',(5.31977744186E-02,-3.000190770349,0.64));
#1137 = CARTESIAN_POINT('',(0.142133094186,-3.101162790698,0.64));
#1138 = CARTESIAN_POINT('',(0.285210855814,-3.101162790698,0.64));
#1139 = SURFACE_OF_LINEAR_EXTRUSION('',#1140,#1144);
#1140 = B_SPLINE_CURVE_WITH_KNOTS('',2,(#1141,#1142,#1143),
  .UNSPECIFIED.,.F.,.F.,(3,3),(0.,1.),.PIECEWISE_BEZIER_KNOTS.);
#1141 = CARTESIAN_POINT('',(5.31977744186E-02,-3.000190770349,0.64));
#1142 = CARTESIAN_POINT('',(0.142133094186,-3.101162790698,0.64));
#1143 = CARTESIAN_POINT('',(0.285210855814,-3.101162790698,0.64));
#1144 = VECTOR('',#1145,1.);
#1145 = DIRECTION('',(-0.,-0.,-1.));
#1146 = ADVANCED_FACE('',(#1147),#1172,.T.);
#1147 = FACE_BOUND('',#1148,.T.);
#1148 = EDGE_LOOP('',(#1149,#1159,#1165,#1166));
#1149 = ORIENTED_EDGE('',*,*,#1150,.T.);
#1150 = EDGE_CURVE('',#1151,#1153,#1155,.T.);
#1151 = VERTEX_POINT('',#1152);
#1152 = CARTESIAN_POINT('',(-3.569212383721E-02,-2.691869549419,0.64));
#1153 = VERTEX_POINT('',#1154);
#1154 = CARTESIAN_POINT('',(-3.569212383721E-02,-2.691869549419,0.66));
#1155 = LINE('',#1156,#1157);
#1156 = CARTESIAN_POINT('',(-3.569212383721E-02,-2.691869549419,0.64));
#1157 = VECTOR('',#1158,1.);
#1158 = DIRECTION('',(0.,0.,1.));
#1159 = ORIENTED_EDGE('',*,*,#1160,.T.);
#1160 = EDGE_CURVE('',#1153,#1120,#1161,.T.);
#1161 = B_SPLINE_CURVE_WITH_KNOTS('',2,(#1162,#1163,#1164),
  .UNSPECIFIED.,.F.,.F.,(3,3),(0.,1.),.PIECEWISE_BEZIER_KNOTS.);
#1162 = CARTESIAN_POINT('',(-3.569212383721E-02,-2.691869549419,0.66));
#1163 = CARTESIAN_POINT('',(-3.569212383721E-02,-2.89921875,0.66));
#1164 = CARTESIAN_POINT('',(5.31977744186E-02,-3.000190770349,0.66));
#1165 = ORIENTED_EDGE('',*,*,#1117,.F.);
#1166 = ORIENTED_EDGE('',*,*,#1167,.F.);
#1167 = EDGE_CURVE('',#1151,#1118,#1168,.T.);
#1168 = B_SPLINE_CURVE_WITH_KNOTS('',2,(#1169,#1170,#1171),
  .UNSPECIFIED.,.F.,.F.,(3,3),(0.,1.),.PIECEWISE_BEZIER_KNOTS.);
#1169 = CARTESIAN_POINT('',(-3.569212383721E-02,-2.691869549419,0.64));
#1170 = CARTESIAN_POINT('',(-3.569212383721E-02,-2.89921875,0.64));
#1171 = CARTESIAN_POINT('',(5.31977744186E-02,-3.000190770349,0.64));
#1172 = SURFACE_OF_LINEAR_EXTRUSION('',#1173,#1177);
#1173 = B_SPLINE_CURVE_WITH_KNOTS('',2,(#1174,#1175,#1176),
  .UNSPECIFIED.,.F.,.F.,(3,3),(0.,1.),.PIECEWISE_BEZIER_KNOTS.);
#1174 = CARTESIAN_POINT('',(-3.569212383721E-02,-2.691869549419,0.64));
#1175 = CARTESIAN_POINT('',(-3.569212383721E-02,-2.89921875,0.64));
#1176 = CARTESIAN_POINT('',(5.31977744186E-02,-3.000190770349,0.64));
#1177 = VECTOR('',#1178,1.);
#1178 = DIRECTION('',(-0.,-0.,-1.));
#1179 = ADVANCED_FACE('',(#1180),#1205,.T.);
#1180 = FACE_BOUND('',#1181,.T.);
#1181 = EDGE_LOOP('',(#1182,#1192,#1198,#1199));
#1182 = ORIENTED_EDGE('',*,*,#1183,.T.);
#1183 = EDGE_CURVE('',#1184,#1186,#1188,.T.);
#1184 = VERTEX_POINT('',#1185);
#1185 = CARTESIAN_POINT('',(4.87918877907E-02,-2.405577761628,0.64));
#1186 = VERTEX_POINT('',#1187);
#1187 = CARTESIAN_POINT('',(4.87918877907E-02,-2.405577761628,0.66));
#1188 = LINE('',#1189,#1190);
#1189 = CARTESIAN_POINT('',(4.87918877907E-02,-2.405577761628,0.64));
#1190 = VECTOR('',#1191,1.);
#1191 = DIRECTION('',(0.,0.,1.));
#1192 = ORIENTED_EDGE('',*,*,#1193,.T.);
#1193 = EDGE_CURVE('',#1186,#1153,#1194,.T.);
#1194 = B_SPLINE_CURVE_WITH_KNOTS('',2,(#1195,#1196,#1197),
  .UNSPECIFIED.,.F.,.F.,(3,3),(0.,1.),.PIECEWISE_BEZIER_KNOTS.);
#1195 = CARTESIAN_POINT('',(4.87918877907E-02,-2.405577761628,0.66));
#1196 = CARTESIAN_POINT('',(-3.569212383721E-02,-2.512272892442,0.66));
#1197 = CARTESIAN_POINT('',(-3.569212383721E-02,-2.691869549419,0.66));
#1198 = ORIENTED_EDGE('',*,*,#1150,.F.);
#1199 = ORIENTED_EDGE('',*,*,#1200,.F.);
#1200 = EDGE_CURVE('',#1184,#1151,#1201,.T.);
#1201 = B_SPLINE_CURVE_WITH_KNOTS('',2,(#1202,#1203,#1204),
  .UNSPECIFIED.,.F.,.F.,(3,3),(0.,1.),.PIECEWISE_BEZIER_KNOTS.);
#1202 = CARTESIAN_POINT('',(4.87918877907E-02,-2.405577761628,0.64));
#1203 = CARTESIAN_POINT('',(-3.569212383721E-02,-2.512272892442,0.64));
#1204 = CARTESIAN_POINT('',(-3.569212383721E-02,-2.691869549419,0.64));
#1205 = SURFACE_OF_LINEAR_EXTRUSION('',#1206,#1210);
#1206 = B_SPLINE_CURVE_WITH_KNOTS('',2,(#1207,#1208,#1209),
  .UNSPECIFIED.,.F.,.F.,(3,3),(0.,1.),.PIECEWISE_BEZIER_KNOTS.);
#1207 = CARTESIAN_POINT('',(4.87918877907E-02,-2.405577761628,0.64));
#1208 = CARTESIAN_POINT('',(-3.569212383721E-02,-2.512272892442,0.64));
#1209 = CARTESIAN_POINT('',(-3.569212383721E-02,-2.691869549419,0.64));
#1210 = VECTOR('',#1211,1.);
#1211 = DIRECTION('',(-0.,-0.,-1.));
#1212 = ADVANCED_FACE('',(#1213),#1238,.T.);
#1213 = FACE_BOUND('',#1214,.T.);
#1214 = EDGE_LOOP('',(#1215,#1225,#1231,#1232));
#1215 = ORIENTED_EDGE('',*,*,#1216,.T.);
#1216 = EDGE_CURVE('',#1217,#1219,#1221,.T.);
#1217 = VERTEX_POINT('',#1218);
#1218 = CARTESIAN_POINT('',(0.296793341279,-2.298837209302,0.64));
#1219 = VERTEX_POINT('',#1220);
#1220 = CARTESIAN_POINT('',(0.296793341279,-2.298837209302,0.66));
#1221 = LINE('',#1222,#1223);
#1222 = CARTESIAN_POINT('',(0.296793341279,-2.298837209302,0.64));
#1223 = VECTOR('',#1224,1.);
#1224 = DIRECTION('',(0.,0.,1.));
#1225 = ORIENTED_EDGE('',*,*,#1226,.T.);
#1226 = EDGE_CURVE('',#1219,#1186,#1227,.T.);
#1227 = B_SPLINE_CURVE_WITH_KNOTS('',2,(#1228,#1229,#1230),
  .UNSPECIFIED.,.F.,.F.,(3,3),(0.,1.),.PIECEWISE_BEZIER_KNOTS.);
#1228 = CARTESIAN_POINT('',(0.296793341279,-2.298837209302,0.66));
#1229 = CARTESIAN_POINT('',(0.133275899419,-2.298837209302,0.66));
#1230 = CARTESIAN_POINT('',(4.87918877907E-02,-2.405577761628,0.66));
#1231 = ORIENTED_EDGE('',*,*,#1183,.F.);
#1232 = ORIENTED_EDGE('',*,*,#1233,.F.);
#1233 = EDGE_CURVE('',#1217,#1184,#1234,.T.);
#1234 = B_SPLINE_CURVE_WITH_KNOTS('',2,(#1235,#1236,#1237),
  .UNSPECIFIED.,.F.,.F.,(3,3),(0.,1.),.PIECEWISE_BEZIER_KNOTS.);
#1235 = CARTESIAN_POINT('',(0.296793341279,-2.298837209302,0.64));
#1236 = CARTESIAN_POINT('',(0.133275899419,-2.298837209302,0.64));
#1237 = CARTESIAN_POINT('',(4.87918877907E-02,-2.405577761628,0.64));
#1238 = SURFACE_OF_LINEAR_EXTRUSION('',#1239,#1243);
#1239 = B_SPLINE_CURVE_WITH_KNOTS('',2,(#1240,#1241,#1242),
  .UNSPECIFIED.,.F.,.F.,(3,3),(0.,1.),.PIECEWISE_BEZIER_KNOTS.);
#1240 = CARTESIAN_POINT('',(0.296793341279,-2.298837209302,0.64));
#1241 = CARTESIAN_POINT('',(0.133275899419,-2.298837209302,0.64));
#1242 = CARTESIAN_POINT('',(4.87918877907E-02,-2.405577761628,0.64));
#1243 = VECTOR('',#1244,1.);
#1244 = DIRECTION('',(-0.,-0.,-1.));
#1245 = ADVANCED_FACE('',(#1246),#1271,.T.);
#1246 = FACE_BOUND('',#1247,.T.);
#1247 = EDGE_LOOP('',(#1248,#1258,#1264,#1265));
#1248 = ORIENTED_EDGE('',*,*,#1249,.T.);
#1249 = EDGE_CURVE('',#1250,#1252,#1254,.T.);
#1250 = VERTEX_POINT('',#1251);
#1251 = CARTESIAN_POINT('',(0.463717396512,-2.350617732558,0.64));
#1252 = VERTEX_POINT('',#1253);
#1253 = CARTESIAN_POINT('',(0.463717396512,-2.350617732558,0.66));
#1254 = LINE('',#1255,#1256);
#1255 = CARTESIAN_POINT('',(0.463717396512,-2.350617732558,0.64));
#1256 = VECTOR('',#1257,1.);
#1257 = DIRECTION('',(0.,0.,1.));
#1258 = ORIENTED_EDGE('',*,*,#1259,.T.);
#1259 = EDGE_CURVE('',#1252,#1219,#1260,.T.);
#1260 = B_SPLINE_CURVE_WITH_KNOTS('',2,(#1261,#1262,#1263),
  .UNSPECIFIED.,.F.,.F.,(3,3),(0.,1.),.PIECEWISE_BEZIER_KNOTS.);
#1261 = CARTESIAN_POINT('',(0.463717396512,-2.350617732558,0.66));
#1262 = CARTESIAN_POINT('',(0.396947774419,-2.298837209302,0.66));
#1263 = CARTESIAN_POINT('',(0.296793341279,-2.298837209302,0.66));
#1264 = ORIENTED_EDGE('',*,*,#1216,.F.);
#1265 = ORIENTED_EDGE('',*,*,#1266,.F.);
#1266 = EDGE_CURVE('',#1250,#1217,#1267,.T.);
#1267 = B_SPLINE_CURVE_WITH_KNOTS('',2,(#1268,#1269,#1270),
  .UNSPECIFIED.,.F.,.F.,(3,3),(0.,1.),.PIECEWISE_BEZIER_KNOTS.);
#1268 = CARTESIAN_POINT('',(0.463717396512,-2.350617732558,0.64));
#1269 = CARTESIAN_POINT('',(0.396947774419,-2.298837209302,0.64));
#1270 = CARTESIAN_POINT('',(0.296793341279,-2.298837209302,0.64));
#1271 = SURFACE_OF_LINEAR_EXTRUSION('',#1272,#1276);
#1272 = B_SPLINE_CURVE_WITH_KNOTS('',2,(#1273,#1274,#1275),
  .UNSPECIFIED.,.F.,.F.,(3,3),(0.,1.),.PIECEWISE_BEZIER_KNOTS.);
#1273 = CARTESIAN_POINT('',(0.463717396512,-2.350617732558,0.64));
#1274 = CARTESIAN_POINT('',(0.396947774419,-2.298837209302,0.64));
#1275 = CARTESIAN_POINT('',(0.296793341279,-2.298837209302,0.64));
#1276 = VECTOR('',#1277,1.);
#1277 = DIRECTION('',(-0.,-0.,-1.));
#1278 = ADVANCED_FACE('',(#1279),#1304,.T.);
#1279 = FACE_BOUND('',#1280,.T.);
#1280 = EDGE_LOOP('',(#1281,#1291,#1297,#1298));
#1281 = ORIENTED_EDGE('',*,*,#1282,.T.);
#1282 = EDGE_CURVE('',#1283,#1285,#1287,.T.);
#1283 = VERTEX_POINT('',#1284);
#1284 = CARTESIAN_POINT('',(0.563190506977,-2.50523255814,0.64));
#1285 = VERTEX_POINT('',#1286);
#1286 = CARTESIAN_POINT('',(0.563190506977,-2.50523255814,0.66));
#1287 = LINE('',#1288,#1289);
#1288 = CARTESIAN_POINT('',(0.563190506977,-2.50523255814,0.64));
#1289 = VECTOR('',#1290,1.);
#1290 = DIRECTION('',(0.,0.,1.));
#1291 = ORIENTED_EDGE('',*,*,#1292,.T.);
#1292 = EDGE_CURVE('',#1285,#1252,#1293,.T.);
#1293 = B_SPLINE_CURVE_WITH_KNOTS('',2,(#1294,#1295,#1296),
  .UNSPECIFIED.,.F.,.F.,(3,3),(0.,1.),.PIECEWISE_BEZIER_KNOTS.);
#1294 = CARTESIAN_POINT('',(0.563190506977,-2.50523255814,0.66));
#1295 = CARTESIAN_POINT('',(0.530487018605,-2.402352834302,0.66));
#1296 = CARTESIAN_POINT('',(0.463717396512,-2.350617732558,0.66));
#1297 = ORIENTED_EDGE('',*,*,#1249,.F.);
#1298 = ORIENTED_EDGE('',*,*,#1299,.F.);
#1299 = EDGE_CURVE('',#1283,#1250,#1300,.T.);
#1300 = B_SPLINE_CURVE_WITH_KNOTS('',2,(#1301,#1302,#1303),
  .UNSPECIFIED.,.F.,.F.,(3,3),(0.,1.),.PIECEWISE_BEZIER_KNOTS.);
#1301 = CARTESIAN_POINT('',(0.563190506977,-2.50523255814,0.64));
#1302 = CARTESIAN_POINT('',(0.530487018605,-2.402352834302,0.64));
#1303 = CARTESIAN_POINT('',(0.463717396512,-2.350617732558,0.64));
#1304 = SURFACE_OF_LINEAR_EXTRUSION('',#1305,#1309);
#1305 = B_SPLINE_CURVE_WITH_KNOTS('',2,(#1306,#1307,#1308),
  .UNSPECIFIED.,.F.,.F.,(3,3),(0.,1.),.PIECEWISE_BEZIER_KNOTS.);
#1306 = CARTESIAN_POINT('',(0.563190506977,-2.50523255814,0.64));
#1307 = CARTESIAN_POINT('',(0.530487018605,-2.402352834302,0.64));
#1308 = CARTESIAN_POINT('',(0.463717396512,-2.350617732558,0.64));
#1309 = VECTOR('',#1310,1.);
#1310 = DIRECTION('',(-0.,-0.,-1.));
#1311 = ADVANCED_FACE('',(#1312),#1337,.T.);
#1312 = FACE_BOUND('',#1313,.T.);
#1313 = EDGE_LOOP('',(#1314,#1324,#1330,#1331));
#1314 = ORIENTED_EDGE('',*,*,#1315,.T.);
#1315 = EDGE_CURVE('',#1316,#1318,#1320,.T.);
#1316 = VERTEX_POINT('',#1317);
#1317 = CARTESIAN_POINT('',(0.692641815116,-2.474527616279,0.64));
#1318 = VERTEX_POINT('',#1319);
#1319 = CARTESIAN_POINT('',(0.692641815116,-2.474527616279,0.66));
#1320 = LINE('',#1321,#1322);
#1321 = CARTESIAN_POINT('',(0.692641815116,-2.474527616279,0.64));
#1322 = VECTOR('',#1323,1.);
#1323 = DIRECTION('',(0.,0.,1.));
#1324 = ORIENTED_EDGE('',*,*,#1325,.T.);
#1325 = EDGE_CURVE('',#1318,#1285,#1326,.T.);
#1326 = LINE('',#1327,#1328);
#1327 = CARTESIAN_POINT('',(0.692641815116,-2.474527616279,0.66));
#1328 = VECTOR('',#1329,1.);
#1329 = DIRECTION('',(-0.973003669569,-0.230789642326,0.));
#1330 = ORIENTED_EDGE('',*,*,#1282,.F.);
#1331 = ORIENTED_EDGE('',*,*,#1332,.F.);
#1332 = EDGE_CURVE('',#1316,#1283,#1333,.T.);
#1333 = LINE('',#1334,#1335);
#1334 = CARTESIAN_POINT('',(0.692641815116,-2.474527616279,0.64));
#1335 = VECTOR('',#1336,1.);
#1336 = DIRECTION('',(-0.973003669569,-0.230789642326,0.));
#1337 = PLANE('',#1338);
#1338 = AXIS2_PLACEMENT_3D('',#1339,#1340,#1341);
#1339 = CARTESIAN_POINT('',(0.692641815116,-2.474527616279,0.64));
#1340 = DIRECTION('',(0.230789642326,-0.973003669569,0.));
#1341 = DIRECTION('',(-0.973003669569,-0.230789642326,0.));
#1342 = ADVANCED_FACE('',(#1343),#1368,.T.);
#1343 = FACE_BOUND('',#1344,.T.);
#1344 = EDGE_LOOP('',(#1345,#1355,#1361,#1362));
#1345 = ORIENTED_EDGE('',*,*,#1346,.T.);
#1346 = EDGE_CURVE('',#1347,#1349,#1351,.T.);
#1347 = VERTEX_POINT('',#1348);
#1348 = CARTESIAN_POINT('',(0.547520085465,-2.25691315407,0.64));
#1349 = VERTEX_POINT('',#1350);
#1350 = CARTESIAN_POINT('',(0.547520085465,-2.25691315407,0.66));
#1351 = LINE('',#1352,#1353);
#1352 = CARTESIAN_POINT('',(0.547520085465,-2.25691315407,0.64));
#1353 = VECTOR('',#1354,1.);
#1354 = DIRECTION('',(0.,0.,1.));
#1355 = ORIENTED_EDGE('',*,*,#1356,.T.);
#1356 = EDGE_CURVE('',#1349,#1318,#1357,.T.);
#1357 = B_SPLINE_CURVE_WITH_KNOTS('',2,(#1358,#1359,#1360),
  .UNSPECIFIED.,.F.,.F.,(3,3),(0.,1.),.PIECEWISE_BEZIER_KNOTS.);
#1358 = CARTESIAN_POINT('',(0.547520085465,-2.25691315407,0.66));
#1359 = CARTESIAN_POINT('',(0.651081131977,-2.331268168605,0.66));
#1360 = CARTESIAN_POINT('',(0.692641815116,-2.474527616279,0.66));
#1361 = ORIENTED_EDGE('',*,*,#1315,.F.);
#1362 = ORIENTED_EDGE('',*,*,#1363,.F.);
#1363 = EDGE_CURVE('',#1347,#1316,#1364,.T.);
#1364 = B_SPLINE_CURVE_WITH_KNOTS('',2,(#1365,#1366,#1367),
  .UNSPECIFIED.,.F.,.F.,(3,3),(0.,1.),.PIECEWISE_BEZIER_KNOTS.);
#1365 = CARTESIAN_POINT('',(0.547520085465,-2.25691315407,0.64));
#1366 = CARTESIAN_POINT('',(0.651081131977,-2.331268168605,0.64));
#1367 = CARTESIAN_POINT('',(0.692641815116,-2.474527616279,0.64));
#1368 = SURFACE_OF_LINEAR_EXTRUSION('',#1369,#1373);
#1369 = B_SPLINE_CURVE_WITH_KNOTS('',2,(#1370,#1371,#1372),
  .UNSPECIFIED.,.F.,.F.,(3,3),(0.,1.),.PIECEWISE_BEZIER_KNOTS.);
#1370 = CARTESIAN_POINT('',(0.547520085465,-2.25691315407,0.64));
#1371 = CARTESIAN_POINT('',(0.651081131977,-2.331268168605,0.64));
#1372 = CARTESIAN_POINT('',(0.692641815116,-2.474527616279,0.64));
#1373 = VECTOR('',#1374,1.);
#1374 = DIRECTION('',(-0.,-0.,-1.));
#1375 = ADVANCED_FACE('',(#1376),#1401,.T.);
#1376 = FACE_BOUND('',#1377,.T.);
#1377 = EDGE_LOOP('',(#1378,#1388,#1394,#1395));
#1378 = ORIENTED_EDGE('',*,*,#1379,.T.);
#1379 = EDGE_CURVE('',#1380,#1382,#1384,.T.);
#1380 = VERTEX_POINT('',#1381);
#1381 = CARTESIAN_POINT('',(0.298155986628,-2.182558139535,0.64));
#1382 = VERTEX_POINT('',#1383);
#1383 = CARTESIAN_POINT('',(0.298155986628,-2.182558139535,0.66));
#1384 = LINE('',#1385,#1386);
#1385 = CARTESIAN_POINT('',(0.298155986628,-2.182558139535,0.64));
#1386 = VECTOR('',#1387,1.);
#1387 = DIRECTION('',(0.,0.,1.));
#1388 = ORIENTED_EDGE('',*,*,#1389,.T.);
#1389 = EDGE_CURVE('',#1382,#1349,#1390,.T.);
#1390 = B_SPLINE_CURVE_WITH_KNOTS('',2,(#1391,#1392,#1393),
  .UNSPECIFIED.,.F.,.F.,(3,3),(0.,1.),.PIECEWISE_BEZIER_KNOTS.);
#1391 = CARTESIAN_POINT('',(0.298155986628,-2.182558139535,0.66));
#1392 = CARTESIAN_POINT('',(0.443959038953,-2.182558139535,0.66));
#1393 = CARTESIAN_POINT('',(0.547520085465,-2.25691315407,0.66));
#1394 = ORIENTED_EDGE('',*,*,#1346,.F.);
#1395 = ORIENTED_EDGE('',*,*,#1396,.F.);
#1396 = EDGE_CURVE('',#1380,#1347,#1397,.T.);
#1397 = B_SPLINE_CURVE_WITH_KNOTS('',2,(#1398,#1399,#1400),
  .UNSPECIFIED.,.F.,.F.,(3,3),(0.,1.),.PIECEWISE_BEZIER_KNOTS.);
#1398 = CARTESIAN_POINT('',(0.298155986628,-2.182558139535,0.64));
#1399 = CARTESIAN_POINT('',(0.443959038953,-2.182558139535,0.64));
#1400 = CARTESIAN_POINT('',(0.547520085465,-2.25691315407,0.64));
#1401 = SURFACE_OF_LINEAR_EXTRUSION('',#1402,#1406);
#1402 = B_SPLINE_CURVE_WITH_KNOTS('',2,(#1403,#1404,#1405),
  .UNSPECIFIED.,.F.,.F.,(3,3),(0.,1.),.PIECEWISE_BEZIER_KNOTS.);
#1403 = CARTESIAN_POINT('',(0.298155986628,-2.182558139535,0.64));
#1404 = CARTESIAN_POINT('',(0.443959038953,-2.182558139535,0.64));
#1405 = CARTESIAN_POINT('',(0.547520085465,-2.25691315407,0.64));
#1406 = VECTOR('',#1407,1.);
#1407 = DIRECTION('',(-0.,-0.,-1.));
#1408 = ADVANCED_FACE('',(#1409),#1434,.T.);
#1409 = FACE_BOUND('',#1410,.T.);
#1410 = EDGE_LOOP('',(#1411,#1421,#1427,#1428));
#1411 = ORIENTED_EDGE('',*,*,#1412,.T.);
#1412 = EDGE_CURVE('',#1413,#1415,#1417,.T.);
#1413 = VERTEX_POINT('',#1414);
#1414 = CARTESIAN_POINT('',(-4.082475465116E-02,-2.318095930233,0.64));
#1415 = VERTEX_POINT('',#1416);
#1416 = CARTESIAN_POINT('',(-4.082475465116E-02,-2.318095930233,0.66));
#1417 = LINE('',#1418,#1419);
#1418 = CARTESIAN_POINT('',(-4.082475465116E-02,-2.318095930233,0.64));
#1419 = VECTOR('',#1420,1.);
#1420 = DIRECTION('',(0.,0.,1.));
#1421 = ORIENTED_EDGE('',*,*,#1422,.T.);
#1422 = EDGE_CURVE('',#1415,#1382,#1423,.T.);
#1423 = B_SPLINE_CURVE_WITH_KNOTS('',2,(#1424,#1425,#1426),
  .UNSPECIFIED.,.F.,.F.,(3,3),(0.,1.),.PIECEWISE_BEZIER_KNOTS.);
#1424 = CARTESIAN_POINT('',(-4.082475465116E-02,-2.318095930233,0.66));
#1425 = CARTESIAN_POINT('',(9.103389360465E-02,-2.182558139535,0.66));
#1426 = CARTESIAN_POINT('',(0.298155986628,-2.182558139535,0.66));
#1427 = ORIENTED_EDGE('',*,*,#1379,.F.);
#1428 = ORIENTED_EDGE('',*,*,#1429,.F.);
#1429 = EDGE_CURVE('',#1413,#1380,#1430,.T.);
#1430 = B_SPLINE_CURVE_WITH_KNOTS('',2,(#1431,#1432,#1433),
  .UNSPECIFIED.,.F.,.F.,(3,3),(0.,1.),.PIECEWISE_BEZIER_KNOTS.);
#1431 = CARTESIAN_POINT('',(-4.082475465116E-02,-2.318095930233,0.64));
#1432 = CARTESIAN_POINT('',(9.103389360465E-02,-2.182558139535,0.64));
#1433 = CARTESIAN_POINT('',(0.298155986628,-2.182558139535,0.64));
#1434 = SURFACE_OF_LINEAR_EXTRUSION('',#1435,#1439);
#1435 = B_SPLINE_CURVE_WITH_KNOTS('',2,(#1436,#1437,#1438),
  .UNSPECIFIED.,.F.,.F.,(3,3),(0.,1.),.PIECEWISE_BEZIER_KNOTS.);
#1436 = CARTESIAN_POINT('',(-4.082475465116E-02,-2.318095930233,0.64));
#1437 = CARTESIAN_POINT('',(9.103389360465E-02,-2.182558139535,0.64));
#1438 = CARTESIAN_POINT('',(0.298155986628,-2.182558139535,0.64));
#1439 = VECTOR('',#1440,1.);
#1440 = DIRECTION('',(-0.,-0.,-1.));
#1441 = ADVANCED_FACE('',(#1442),#1467,.T.);
#1442 = FACE_BOUND('',#1443,.T.);
#1443 = EDGE_LOOP('',(#1444,#1454,#1460,#1461));
#1444 = ORIENTED_EDGE('',*,*,#1445,.T.);
#1445 = EDGE_CURVE('',#1446,#1448,#1450,.T.);
#1446 = VERTEX_POINT('',#1447);
#1447 = CARTESIAN_POINT('',(-0.172637981395,-2.693186773256,0.64));
#1448 = VERTEX_POINT('',#1449);
#1449 = CARTESIAN_POINT('',(-0.172637981395,-2.693186773256,0.66));
#1450 = LINE('',#1451,#1452);
#1451 = CARTESIAN_POINT('',(-0.172637981395,-2.693186773256,0.64));
#1452 = VECTOR('',#1453,1.);
#1453 = DIRECTION('',(0.,0.,1.));
#1454 = ORIENTED_EDGE('',*,*,#1455,.T.);
#1455 = EDGE_CURVE('',#1448,#1415,#1456,.T.);
#1456 = B_SPLINE_CURVE_WITH_KNOTS('',2,(#1457,#1458,#1459),
  .UNSPECIFIED.,.F.,.F.,(3,3),(0.,1.),.PIECEWISE_BEZIER_KNOTS.);
#1457 = CARTESIAN_POINT('',(-0.172637981395,-2.693186773256,0.66));
#1458 = CARTESIAN_POINT('',(-0.172637981395,-2.453588299419,0.66));
#1459 = CARTESIAN_POINT('',(-4.082475465116E-02,-2.318095930233,0.66));
#1460 = ORIENTED_EDGE('',*,*,#1412,.F.);
#1461 = ORIENTED_EDGE('',*,*,#1462,.F.);
#1462 = EDGE_CURVE('',#1446,#1413,#1463,.T.);
#1463 = B_SPLINE_CURVE_WITH_KNOTS('',2,(#1464,#1465,#1466),
  .UNSPECIFIED.,.F.,.F.,(3,3),(0.,1.),.PIECEWISE_BEZIER_KNOTS.);
#1464 = CARTESIAN_POINT('',(-0.172637981395,-2.693186773256,0.64));
#1465 = CARTESIAN_POINT('',(-0.172637981395,-2.453588299419,0.64));
#1466 = CARTESIAN_POINT('',(-4.082475465116E-02,-2.318095930233,0.64));
#1467 = SURFACE_OF_LINEAR_EXTRUSION('',#1468,#1472);
#1468 = B_SPLINE_CURVE_WITH_KNOTS('',2,(#1469,#1470,#1471),
  .UNSPECIFIED.,.F.,.F.,(3,3),(0.,1.),.PIECEWISE_BEZIER_KNOTS.);
#1469 = CARTESIAN_POINT('',(-0.172637981395,-2.693186773256,0.64));
#1470 = CARTESIAN_POINT('',(-0.172637981395,-2.453588299419,0.64));
#1471 = CARTESIAN_POINT('',(-4.082475465116E-02,-2.318095930233,0.64));
#1472 = VECTOR('',#1473,1.);
#1473 = DIRECTION('',(-0.,-0.,-1.));
#1474 = ADVANCED_FACE('',(#1475),#1500,.T.);
#1475 = FACE_BOUND('',#1476,.T.);
#1476 = EDGE_LOOP('',(#1477,#1487,#1493,#1494));
#1477 = ORIENTED_EDGE('',*,*,#1478,.T.);
#1478 = EDGE_CURVE('',#1479,#1481,#1483,.T.);
#1479 = VERTEX_POINT('',#1480);
#1480 = CARTESIAN_POINT('',(-6.05831122093E-02,-3.063508357558,0.64));
#1481 = VERTEX_POINT('',#1482);
#1482 = CARTESIAN_POINT('',(-6.05831122093E-02,-3.063508357558,0.66));
#1483 = LINE('',#1484,#1485);
#1484 = CARTESIAN_POINT('',(-6.05831122093E-02,-3.063508357558,0.64));
#1485 = VECTOR('',#1486,1.);
#1486 = DIRECTION('',(0.,0.,1.));
#1487 = ORIENTED_EDGE('',*,*,#1488,.T.);
#1488 = EDGE_CURVE('',#1481,#1448,#1489,.T.);
#1489 = B_SPLINE_CURVE_WITH_KNOTS('',2,(#1490,#1491,#1492),
  .UNSPECIFIED.,.F.,.F.,(3,3),(0.,1.),.PIECEWISE_BEZIER_KNOTS.);
#1490 = CARTESIAN_POINT('',(-6.05831122093E-02,-3.063508357558,0.66));
#1491 = CARTESIAN_POINT('',(-0.172637981395,-2.909574854651,0.66));
#1492 = CARTESIAN_POINT('',(-0.172637981395,-2.693186773256,0.66));
#1493 = ORIENTED_EDGE('',*,*,#1445,.F.);
#1494 = ORIENTED_EDGE('',*,*,#1495,.F.);
#1495 = EDGE_CURVE('',#1479,#1446,#1496,.T.);
#1496 = B_SPLINE_CURVE_WITH_KNOTS('',2,(#1497,#1498,#1499),
  .UNSPECIFIED.,.F.,.F.,(3,3),(0.,1.),.PIECEWISE_BEZIER_KNOTS.);
#1497 = CARTESIAN_POINT('',(-6.05831122093E-02,-3.063508357558,0.64));
#1498 = CARTESIAN_POINT('',(-0.172637981395,-2.909574854651,0.64));
#1499 = CARTESIAN_POINT('',(-0.172637981395,-2.693186773256,0.64));
#1500 = SURFACE_OF_LINEAR_EXTRUSION('',#1501,#1505);
#1501 = B_SPLINE_CURVE_WITH_KNOTS('',2,(#1502,#1503,#1504),
  .UNSPECIFIED.,.F.,.F.,(3,3),(0.,1.),.PIECEWISE_BEZIER_KNOTS.);
#1502 = CARTESIAN_POINT('',(-6.05831122093E-02,-3.063508357558,0.64));
#1503 = CARTESIAN_POINT('',(-0.172637981395,-2.909574854651,0.64));
#1504 = CARTESIAN_POINT('',(-0.172637981395,-2.693186773256,0.64));
#1505 = VECTOR('',#1506,1.);
#1506 = DIRECTION('',(-0.,-0.,-1.));
#1507 = ADVANCED_FACE('',(#1508),#1533,.T.);
#1508 = FACE_BOUND('',#1509,.T.);
#1509 = EDGE_LOOP('',(#1510,#1520,#1526,#1527));
#1510 = ORIENTED_EDGE('',*,*,#1511,.T.);
#1511 = EDGE_CURVE('',#1512,#1514,#1516,.T.);
#1512 = VERTEX_POINT('',#1513);
#1513 = CARTESIAN_POINT('',(0.296793341279,-3.217441860465,0.64));
#1514 = VERTEX_POINT('',#1515);
#1515 = CARTESIAN_POINT('',(0.296793341279,-3.217441860465,0.66));
#1516 = LINE('',#1517,#1518);
#1517 = CARTESIAN_POINT('',(0.296793341279,-3.217441860465,0.64));
#1518 = VECTOR('',#1519,1.);
#1519 = DIRECTION('',(0.,0.,1.));
#1520 = ORIENTED_EDGE('',*,*,#1521,.T.);
#1521 = EDGE_CURVE('',#1514,#1481,#1522,.T.);
#1522 = B_SPLINE_CURVE_WITH_KNOTS('',2,(#1523,#1524,#1525),
  .UNSPECIFIED.,.F.,.F.,(3,3),(0.,1.),.PIECEWISE_BEZIER_KNOTS.);
#1523 = CARTESIAN_POINT('',(0.296793341279,-3.217441860465,0.66));
#1524 = CARTESIAN_POINT('',(5.151717848837E-02,-3.217441860465,0.66));
#1525 = CARTESIAN_POINT('',(-6.05831122093E-02,-3.063508357558,0.66));
#1526 = ORIENTED_EDGE('',*,*,#1478,.F.);
#1527 = ORIENTED_EDGE('',*,*,#1528,.F.);
#1528 = EDGE_CURVE('',#1512,#1479,#1529,.T.);
#1529 = B_SPLINE_CURVE_WITH_KNOTS('',2,(#1530,#1531,#1532),
  .UNSPECIFIED.,.F.,.F.,(3,3),(0.,1.),.PIECEWISE_BEZIER_KNOTS.);
#1530 = CARTESIAN_POINT('',(0.296793341279,-3.217441860465,0.64));
#1531 = CARTESIAN_POINT('',(5.151717848837E-02,-3.217441860465,0.64));
#1532 = CARTESIAN_POINT('',(-6.05831122093E-02,-3.063508357558,0.64));
#1533 = SURFACE_OF_LINEAR_EXTRUSION('',#1534,#1538);
#1534 = B_SPLINE_CURVE_WITH_KNOTS('',2,(#1535,#1536,#1537),
  .UNSPECIFIED.,.F.,.F.,(3,3),(0.,1.),.PIECEWISE_BEZIER_KNOTS.);
#1535 = CARTESIAN_POINT('',(0.296793341279,-3.217441860465,0.64));
#1536 = CARTESIAN_POINT('',(5.151717848837E-02,-3.217441860465,0.64));
#1537 = CARTESIAN_POINT('',(-6.05831122093E-02,-3.063508357558,0.64));
#1538 = VECTOR('',#1539,1.);
#1539 = DIRECTION('',(-0.,-0.,-1.));
#1540 = ADVANCED_FACE('',(#1541),#1557,.T.);
#1541 = FACE_BOUND('',#1542,.T.);
#1542 = EDGE_LOOP('',(#1543,#1544,#1550,#1551));
#1543 = ORIENTED_EDGE('',*,*,#996,.T.);
#1544 = ORIENTED_EDGE('',*,*,#1545,.T.);
#1545 = EDGE_CURVE('',#989,#1514,#1546,.T.);
#1546 = B_SPLINE_CURVE_WITH_KNOTS('',2,(#1547,#1548,#1549),
  .UNSPECIFIED.,.F.,.F.,(3,3),(0.,1.),.PIECEWISE_BEZIER_KNOTS.);
#1547 = CARTESIAN_POINT('',(0.557376553488,-3.134865552326,0.66));
#1548 = CARTESIAN_POINT('',(0.448728297674,-3.217441860465,0.66));
#1549 = CARTESIAN_POINT('',(0.296793341279,-3.217441860465,0.66));
#1550 = ORIENTED_EDGE('',*,*,#1511,.F.);
#1551 = ORIENTED_EDGE('',*,*,#1552,.F.);
#1552 = EDGE_CURVE('',#997,#1512,#1553,.T.);
#1553 = B_SPLINE_CURVE_WITH_KNOTS('',2,(#1554,#1555,#1556),
  .UNSPECIFIED.,.F.,.F.,(3,3),(0.,1.),.PIECEWISE_BEZIER_KNOTS.);
#1554 = CARTESIAN_POINT('',(0.557376553488,-3.134865552326,0.64));
#1555 = CARTESIAN_POINT('',(0.448728297674,-3.217441860465,0.64));
#1556 = CARTESIAN_POINT('',(0.296793341279,-3.217441860465,0.64));
#1557 = SURFACE_OF_LINEAR_EXTRUSION('',#1558,#1562);
#1558 = B_SPLINE_CURVE_WITH_KNOTS('',2,(#1559,#1560,#1561),
  .UNSPECIFIED.,.F.,.F.,(3,3),(0.,1.),.PIECEWISE_BEZIER_KNOTS.);
#1559 = CARTESIAN_POINT('',(0.557376553488,-3.134865552326,0.64));
#1560 = CARTESIAN_POINT('',(0.448728297674,-3.217441860465,0.64));
#1561 = CARTESIAN_POINT('',(0.296793341279,-3.217441860465,0.64));
#1562 = VECTOR('',#1563,1.);
#1563 = DIRECTION('',(-0.,-0.,-1.));
#1564 = ADVANCED_FACE('',(#1565),#1585,.F.);
#1565 = FACE_BOUND('',#1566,.F.);
#1566 = EDGE_LOOP('',(#1567,#1568,#1569,#1570,#1571,#1572,#1573,#1574,
    #1575,#1576,#1577,#1578,#1579,#1580,#1581,#1582,#1583,#1584));
#1567 = ORIENTED_EDGE('',*,*,#1004,.F.);
#1568 = ORIENTED_EDGE('',*,*,#1037,.F.);
#1569 = ORIENTED_EDGE('',*,*,#1068,.F.);
#1570 = ORIENTED_EDGE('',*,*,#1101,.F.);
#1571 = ORIENTED_EDGE('',*,*,#1134,.F.);
#1572 = ORIENTED_EDGE('',*,*,#1167,.F.);
#1573 = ORIENTED_EDGE('',*,*,#1200,.F.);
#1574 = ORIENTED_EDGE('',*,*,#1233,.F.);
#1575 = ORIENTED_EDGE('',*,*,#1266,.F.);
#1576 = ORIENTED_EDGE('',*,*,#1299,.F.);
#1577 = ORIENTED_EDGE('',*,*,#1332,.F.);
#1578 = ORIENTED_EDGE('',*,*,#1363,.F.);
#1579 = ORIENTED_EDGE('',*,*,#1396,.F.);
#1580 = ORIENTED_EDGE('',*,*,#1429,.F.);
#1581 = ORIENTED_EDGE('',*,*,#1462,.F.);
#1582 = ORIENTED_EDGE('',*,*,#1495,.F.);
#1583 = ORIENTED_EDGE('',*,*,#1528,.F.);
#1584 = ORIENTED_EDGE('',*,*,#1552,.F.);
#1585 = PLANE('',#1586);
#1586 = AXIS2_PLACEMENT_3D('',#1587,#1588,#1589);
#1587 = CARTESIAN_POINT('',(0.243347924223,-2.702714070836,0.64));
#1588 = DIRECTION('',(0.,0.,1.));
#1589 = DIRECTION('',(1.,0.,0.));
#1590 = ADVANCED_FACE('',(#1591),#1611,.T.);
#1591 = FACE_BOUND('',#1592,.T.);
#1592 = EDGE_LOOP('',(#1593,#1594,#1595,#1596,#1597,#1598,#1599,#1600,
    #1601,#1602,#1603,#1604,#1605,#1606,#1607,#1608,#1609,#1610));
#1593 = ORIENTED_EDGE('',*,*,#988,.F.);
#1594 = ORIENTED_EDGE('',*,*,#1030,.F.);
#1595 = ORIENTED_EDGE('',*,*,#1061,.F.);
#1596 = ORIENTED_EDGE('',*,*,#1094,.F.);
#1597 = ORIENTED_EDGE('',*,*,#1127,.F.);
#1598 = ORIENTED_EDGE('',*,*,#1160,.F.);
#1599 = ORIENTED_EDGE('',*,*,#1193,.F.);
#1600 = ORIENTED_EDGE('',*,*,#1226,.F.);
#1601 = ORIENTED_EDGE('',*,*,#1259,.F.);
#1602 = ORIENTED_EDGE('',*,*,#1292,.F.);
#1603 = ORIENTED_EDGE('',*,*,#1325,.F.);
#1604 = ORIENTED_EDGE('',*,*,#1356,.F.);
#1605 = ORIENTED_EDGE('',*,*,#1389,.F.);
#1606 = ORIENTED_EDGE('',*,*,#1422,.F.);
#1607 = ORIENTED_EDGE('',*,*,#1455,.F.);
#1608 = ORIENTED_EDGE('',*,*,#1488,.F.);
#1609 = ORIENTED_EDGE('',*,*,#1521,.F.);
#1610 = ORIENTED_EDGE('',*,*,#1545,.F.);
#1611 = PLANE('',#1612);
#1612 = AXIS2_PLACEMENT_3D('',#1613,#1614,#1615);
#1613 = CARTESIAN_POINT('',(0.243347924223,-2.702714070836,0.66));
#1614 = DIRECTION('',(0.,0.,1.));
#1615 = DIRECTION('',(1.,0.,0.));
#1616 = MANIFOLD_SOLID_BREP('',#1617);
#1617 = CLOSED_SHELL('',(#1618,#1660,#1691,#1724,#1757,#1790,#1823,#1856
    ,#1887,#1920,#1953,#1986,#2019,#2052,#2085,#2118,#2151,#2182,#2215,
    #2248,#2281,#2314,#2347,#2380,#2413,#2444,#2477,#2510,#2543,#2576,
    #2600,#2638));
#1618 = ADVANCED_FACE('',(#1619),#1653,.T.);
#1619 = FACE_BOUND('',#1620,.T.);
#1620 = EDGE_LOOP('',(#1621,#1631,#1639,#1647));
#1621 = ORIENTED_EDGE('',*,*,#1622,.T.);
#1622 = EDGE_CURVE('',#1623,#1625,#1627,.T.);
#1623 = VERTEX_POINT('',#1624);
#1624 = CARTESIAN_POINT('',(1.293931786047,-2.662209302326,0.64));
#1625 = VERTEX_POINT('',#1626);
#1626 = CARTESIAN_POINT('',(1.293931786047,-2.662209302326,0.66));
#1627 = LINE('',#1628,#1629);
#1628 = CARTESIAN_POINT('',(1.293931786047,-2.662209302326,0.64));
#1629 = VECTOR('',#1630,1.);
#1630 = DIRECTION('',(0.,0.,1.));
#1631 = ORIENTED_EDGE('',*,*,#1632,.T.);
#1632 = EDGE_CURVE('',#1625,#1633,#1635,.T.);
#1633 = VERTEX_POINT('',#1634);
#1634 = CARTESIAN_POINT('',(1.433920884884,-2.751507994186,0.66));
#1635 = B_SPLINE_CURVE_WITH_KNOTS('',2,(#1636,#1637,#1638),
  .UNSPECIFIED.,.F.,.F.,(3,3),(0.,1.),.PIECEWISE_BEZIER_KNOTS.);
#1636 = CARTESIAN_POINT('',(1.293931786047,-2.662209302326,0.66));
#1637 = CARTESIAN_POINT('',(1.386591669767,-2.679878270349,0.66));
#1638 = CARTESIAN_POINT('',(1.433920884884,-2.751507994186,0.66));
#1639 = ORIENTED_EDGE('',*,*,#1640,.F.);
#1640 = EDGE_CURVE('',#1641,#1633,#1643,.T.);
#1641 = VERTEX_POINT('',#1642);
#1642 = CARTESIAN_POINT('',(1.433920884884,-2.751507994186,0.64));
#1643 = LINE('',#1644,#1645);
#1644 = CARTESIAN_POINT('',(1.433920884884,-2.751507994186,0.64));
#1645 = VECTOR('',#1646,1.);
#1646 = DIRECTION('',(0.,0.,1.));
#1647 = ORIENTED_EDGE('',*,*,#1648,.F.);
#1648 = EDGE_CURVE('',#1623,#1641,#1649,.T.);
#1649 = B_SPLINE_CURVE_WITH_KNOTS('',2,(#1650,#1651,#1652),
  .UNSPECIFIED.,.F.,.F.,(3,3),(0.,1.),.PIECEWISE_BEZIER_KNOTS.);
#1650 = CARTESIAN_POINT('',(1.293931786047,-2.662209302326,0.64));
#1651 = CARTESIAN_POINT('',(1.386591669767,-2.679878270349,0.64));
#1652 = CARTESIAN_POINT('',(1.433920884884,-2.751507994186,0.64));
#1653 = SURFACE_OF_LINEAR_EXTRUSION('',#1654,#1658);
#1654 = B_SPLINE_CURVE_WITH_KNOTS('',2,(#1655,#1656,#1657),
  .UNSPECIFIED.,.F.,.F.,(3,3),(0.,1.),.PIECEWISE_BEZIER_KNOTS.);
#1655 = CARTESIAN_POINT('',(1.293931786047,-2.662209302326,0.64));
#1656 = CARTESIAN_POINT('',(1.386591669767,-2.679878270349,0.64));
#1657 = CARTESIAN_POINT('',(1.433920884884,-2.751507994186,0.64));
#1658 = VECTOR('',#1659,1.);
#1659 = DIRECTION('',(-0.,-0.,-1.));
#1660 = ADVANCED_FACE('',(#1661),#1686,.T.);
#1661 = FACE_BOUND('',#1662,.T.);
#1662 = EDGE_LOOP('',(#1663,#1673,#1679,#1680));
#1663 = ORIENTED_EDGE('',*,*,#1664,.T.);
#1664 = EDGE_CURVE('',#1665,#1667,#1669,.T.);
#1665 = VERTEX_POINT('',#1666);
#1666 = CARTESIAN_POINT('',(1.293931786047,-2.659484011628,0.64));
#1667 = VERTEX_POINT('',#1668);
#1668 = CARTESIAN_POINT('',(1.293931786047,-2.659484011628,0.66));
#1669 = LINE('',#1670,#1671);
#1670 = CARTESIAN_POINT('',(1.293931786047,-2.659484011628,0.64));
#1671 = VECTOR('',#1672,1.);
#1672 = DIRECTION('',(0.,0.,1.));
#1673 = ORIENTED_EDGE('',*,*,#1674,.T.);
#1674 = EDGE_CURVE('',#1667,#1625,#1675,.T.);
#1675 = LINE('',#1676,#1677);
#1676 = CARTESIAN_POINT('',(1.293931786047,-2.659484011628,0.66));
#1677 = VECTOR('',#1678,1.);
#1678 = DIRECTION('',(0.,-1.,0.));
#1679 = ORIENTED_EDGE('',*,*,#1622,.F.);
#1680 = ORIENTED_EDGE('',*,*,#1681,.F.);
#1681 = EDGE_CURVE('',#1665,#1623,#1682,.T.);
#1682 = LINE('',#1683,#1684);
#1683 = CARTESIAN_POINT('',(1.293931786047,-2.659484011628,0.64));
#1684 = VECTOR('',#1685,1.);
#1685 = DIRECTION('',(0.,-1.,0.));
#1686 = PLANE('',#1687);
#1687 = AXIS2_PLACEMENT_3D('',#1688,#1689,#1690);
#1688 = CARTESIAN_POINT('',(1.293931786047,-2.659484011628,0.64));
#1689 = DIRECTION('',(1.,0.,-0.));
#1690 = DIRECTION('',(0.,-1.,0.));
#1691 = ADVANCED_FACE('',(#1692),#1717,.T.);
#1692 = FACE_BOUND('',#1693,.T.);
#1693 = EDGE_LOOP('',(#1694,#1704,#1710,#1711));
#1694 = ORIENTED_EDGE('',*,*,#1695,.T.);
#1695 = EDGE_CURVE('',#1696,#1698,#1700,.T.);
#1696 = VERTEX_POINT('',#1697);
#1697 = CARTESIAN_POINT('',(1.430877643605,-2.457676235465,0.64));
#1698 = VERTEX_POINT('',#1699);
#1699 = CARTESIAN_POINT('',(1.430877643605,-2.457676235465,0.66));
#1700 = LINE('',#1701,#1702);
#1701 = CARTESIAN_POINT('',(1.430877643605,-2.457676235465,0.64));
#1702 = VECTOR('',#1703,1.);
#1703 = DIRECTION('',(0.,0.,1.));
#1704 = ORIENTED_EDGE('',*,*,#1705,.T.);
#1705 = EDGE_CURVE('',#1698,#1667,#1706,.T.);
#1706 = B_SPLINE_CURVE_WITH_KNOTS('',2,(#1707,#1708,#1709),
  .UNSPECIFIED.,.F.,.F.,(3,3),(0.,1.),.PIECEWISE_BEZIER_KNOTS.);
#1707 = CARTESIAN_POINT('',(1.430877643605,-2.457676235465,0.66));
#1708 = CARTESIAN_POINT('',(1.430877643605,-2.59789244186,0.66));
#1709 = CARTESIAN_POINT('',(1.293931786047,-2.659484011628,0.66));
#1710 = ORIENTED_EDGE('',*,*,#1664,.F.);
#1711 = ORIENTED_EDGE('',*,*,#1712,.F.);
#1712 = EDGE_CURVE('',#1696,#1665,#1713,.T.);
#1713 = B_SPLINE_CURVE_WITH_KNOTS('',2,(#1714,#1715,#1716),
  .UNSPECIFIED.,.F.,.F.,(3,3),(0.,1.),.PIECEWISE_BEZIER_KNOTS.);
#1714 = CARTESIAN_POINT('',(1.430877643605,-2.457676235465,0.64));
#1715 = CARTESIAN_POINT('',(1.430877643605,-2.59789244186,0.64));
#1716 = CARTESIAN_POINT('',(1.293931786047,-2.659484011628,0.64));
#1717 = SURFACE_OF_LINEAR_EXTRUSION('',#1718,#1722);
#1718 = B_SPLINE_CURVE_WITH_KNOTS('',2,(#1719,#1720,#1721),
  .UNSPECIFIED.,.F.,.F.,(3,3),(0.,1.),.PIECEWISE_BEZIER_KNOTS.);
#1719 = CARTESIAN_POINT('',(1.430877643605,-2.457676235465,0.64));
#1720 = CARTESIAN_POINT('',(1.430877643605,-2.59789244186,0.64));
#1721 = CARTESIAN_POINT('',(1.293931786047,-2.659484011628,0.64));
#1722 = VECTOR('',#1723,1.);
#1723 = DIRECTION('',(-0.,-0.,-1.));
#1724 = ADVANCED_FACE('',(#1725),#1750,.T.);
#1725 = FACE_BOUND('',#1726,.T.);
#1726 = EDGE_LOOP('',(#1727,#1737,#1743,#1744));
#1727 = ORIENTED_EDGE('',*,*,#1728,.T.);
#1728 = EDGE_CURVE('',#1729,#1731,#1733,.T.);
#1729 = VERTEX_POINT('',#1730);
#1730 = CARTESIAN_POINT('',(1.347392905233,-2.272674418605,0.64));
#1731 = VERTEX_POINT('',#1732);
#1732 = CARTESIAN_POINT('',(1.347392905233,-2.272674418605,0.66));
#1733 = LINE('',#1734,#1735);
#1734 = CARTESIAN_POINT('',(1.347392905233,-2.272674418605,0.64));
#1735 = VECTOR('',#1736,1.);
#1736 = DIRECTION('',(0.,0.,1.));
#1737 = ORIENTED_EDGE('',*,*,#1738,.T.);
#1738 = EDGE_CURVE('',#1731,#1698,#1739,.T.);
#1739 = B_SPLINE_CURVE_WITH_KNOTS('',2,(#1740,#1741,#1742),
  .UNSPECIFIED.,.F.,.F.,(3,3),(0.,1.),.PIECEWISE_BEZIER_KNOTS.);
#1740 = CARTESIAN_POINT('',(1.347392905233,-2.272674418605,0.66));
#1741 = CARTESIAN_POINT('',(1.430877643605,-2.348255813953,0.66));
#1742 = CARTESIAN_POINT('',(1.430877643605,-2.457676235465,0.66));
#1743 = ORIENTED_EDGE('',*,*,#1695,.F.);
#1744 = ORIENTED_EDGE('',*,*,#1745,.F.);
#1745 = EDGE_CURVE('',#1729,#1696,#1746,.T.);
#1746 = B_SPLINE_CURVE_WITH_KNOTS('',2,(#1747,#1748,#1749),
  .UNSPECIFIED.,.F.,.F.,(3,3),(0.,1.),.PIECEWISE_BEZIER_KNOTS.);
#1747 = CARTESIAN_POINT('',(1.347392905233,-2.272674418605,0.64));
#1748 = CARTESIAN_POINT('',(1.430877643605,-2.348255813953,0.64));
#1749 = CARTESIAN_POINT('',(1.430877643605,-2.457676235465,0.64));
#1750 = SURFACE_OF_LINEAR_EXTRUSION('',#1751,#1755);
#1751 = B_SPLINE_CURVE_WITH_KNOTS('',2,(#1752,#1753,#1754),
  .UNSPECIFIED.,.F.,.F.,(3,3),(0.,1.),.PIECEWISE_BEZIER_KNOTS.);
#1752 = CARTESIAN_POINT('',(1.347392905233,-2.272674418605,0.64));
#1753 = CARTESIAN_POINT('',(1.430877643605,-2.348255813953,0.64));
#1754 = CARTESIAN_POINT('',(1.430877643605,-2.457676235465,0.64));
#1755 = VECTOR('',#1756,1.);
#1756 = DIRECTION('',(-0.,-0.,-1.));
#1757 = ADVANCED_FACE('',(#1758),#1783,.T.);
#1758 = FACE_BOUND('',#1759,.T.);
#1759 = EDGE_LOOP('',(#1760,#1770,#1776,#1777));
#1760 = ORIENTED_EDGE('',*,*,#1761,.T.);
#1761 = EDGE_CURVE('',#1762,#1764,#1766,.T.);
#1762 = VERTEX_POINT('',#1763);
#1763 = CARTESIAN_POINT('',(1.139271538953,-2.197093023256,0.64));
#1764 = VERTEX_POINT('',#1765);
#1765 = CARTESIAN_POINT('',(1.139271538953,-2.197093023256,0.66));
#1766 = LINE('',#1767,#1768);
#1767 = CARTESIAN_POINT('',(1.139271538953,-2.197093023256,0.64));
#1768 = VECTOR('',#1769,1.);
#1769 = DIRECTION('',(0.,0.,1.));
#1770 = ORIENTED_EDGE('',*,*,#1771,.T.);
#1771 = EDGE_CURVE('',#1764,#1731,#1772,.T.);
#1772 = B_SPLINE_CURVE_WITH_KNOTS('',2,(#1773,#1774,#1775),
  .UNSPECIFIED.,.F.,.F.,(3,3),(0.,1.),.PIECEWISE_BEZIER_KNOTS.);
#1773 = CARTESIAN_POINT('',(1.139271538953,-2.197093023256,0.66));
#1774 = CARTESIAN_POINT('',(1.263953588372,-2.197093023256,0.66));
#1775 = CARTESIAN_POINT('',(1.347392905233,-2.272674418605,0.66));
#1776 = ORIENTED_EDGE('',*,*,#1728,.F.);
#1777 = ORIENTED_EDGE('',*,*,#1778,.F.);
#1778 = EDGE_CURVE('',#1762,#1729,#1779,.T.);
#1779 = B_SPLINE_CURVE_WITH_KNOTS('',2,(#1780,#1781,#1782),
  .UNSPECIFIED.,.F.,.F.,(3,3),(0.,1.),.PIECEWISE_BEZIER_KNOTS.);
#1780 = CARTESIAN_POINT('',(1.139271538953,-2.197093023256,0.64));
#1781 = CARTESIAN_POINT('',(1.263953588372,-2.197093023256,0.64));
#1782 = CARTESIAN_POINT('',(1.347392905233,-2.272674418605,0.64));
#1783 = SURFACE_OF_LINEAR_EXTRUSION('',#1784,#1788);
#1784 = B_SPLINE_CURVE_WITH_KNOTS('',2,(#1785,#1786,#1787),
  .UNSPECIFIED.,.F.,.F.,(3,3),(0.,1.),.PIECEWISE_BEZIER_KNOTS.);
#1785 = CARTESIAN_POINT('',(1.139271538953,-2.197093023256,0.64));
#1786 = CARTESIAN_POINT('',(1.263953588372,-2.197093023256,0.64));
#1787 = CARTESIAN_POINT('',(1.347392905233,-2.272674418605,0.64));
#1788 = VECTOR('',#1789,1.);
#1789 = DIRECTION('',(-0.,-0.,-1.));
#1790 = ADVANCED_FACE('',(#1791),#1816,.T.);
#1791 = FACE_BOUND('',#1792,.T.);
#1792 = EDGE_LOOP('',(#1793,#1803,#1809,#1810));
#1793 = ORIENTED_EDGE('',*,*,#1794,.T.);
#1794 = EDGE_CURVE('',#1795,#1797,#1799,.T.);
#1795 = VERTEX_POINT('',#1796);
#1796 = CARTESIAN_POINT('',(0.944731204651,-2.261818677326,0.64));
#1797 = VERTEX_POINT('',#1798);
#1798 = CARTESIAN_POINT('',(0.944731204651,-2.261818677326,0.66));
#1799 = LINE('',#1800,#1801);
#1800 = CARTESIAN_POINT('',(0.944731204651,-2.261818677326,0.64));
#1801 = VECTOR('',#1802,1.);
#1802 = DIRECTION('',(0.,0.,1.));
#1803 = ORIENTED_EDGE('',*,*,#1804,.T.);
#1804 = EDGE_CURVE('',#1797,#1764,#1805,.T.);
#1805 = B_SPLINE_CURVE_WITH_KNOTS('',2,(#1806,#1807,#1808),
  .UNSPECIFIED.,.F.,.F.,(3,3),(0.,1.),.PIECEWISE_BEZIER_KNOTS.);
#1806 = CARTESIAN_POINT('',(0.944731204651,-2.261818677326,0.66));
#1807 = CARTESIAN_POINT('',(1.026171975,-2.197093023256,0.66));
#1808 = CARTESIAN_POINT('',(1.139271538953,-2.197093023256,0.66));
#1809 = ORIENTED_EDGE('',*,*,#1761,.F.);
#1810 = ORIENTED_EDGE('',*,*,#1811,.F.);
#1811 = EDGE_CURVE('',#1795,#1762,#1812,.T.);
#1812 = B_SPLINE_CURVE_WITH_KNOTS('',2,(#1813,#1814,#1815),
  .UNSPECIFIED.,.F.,.F.,(3,3),(0.,1.),.PIECEWISE_BEZIER_KNOTS.);
#1813 = CARTESIAN_POINT('',(0.944731204651,-2.261818677326,0.64));
#1814 = CARTESIAN_POINT('',(1.026171975,-2.197093023256,0.64));
#1815 = CARTESIAN_POINT('',(1.139271538953,-2.197093023256,0.64));
#1816 = SURFACE_OF_LINEAR_EXTRUSION('',#1817,#1821);
#1817 = B_SPLINE_CURVE_WITH_KNOTS('',2,(#1818,#1819,#1820),
  .UNSPECIFIED.,.F.,.F.,(3,3),(0.,1.),.PIECEWISE_BEZIER_KNOTS.);
#1818 = CARTESIAN_POINT('',(0.944731204651,-2.261818677326,0.64));
#1819 = CARTESIAN_POINT('',(1.026171975,-2.197093023256,0.64));
#1820 = CARTESIAN_POINT('',(1.139271538953,-2.197093023256,0.64));
#1821 = VECTOR('',#1822,1.);
#1822 = DIRECTION('',(-0.,-0.,-1.));
#1823 = ADVANCED_FACE('',(#1824),#1849,.T.);
#1824 = FACE_BOUND('',#1825,.T.);
#1825 = EDGE_LOOP('',(#1826,#1836,#1842,#1843));
#1826 = ORIENTED_EDGE('',*,*,#1827,.T.);
#1827 = EDGE_CURVE('',#1828,#1830,#1832,.T.);
#1828 = VERTEX_POINT('',#1829);
#1829 = CARTESIAN_POINT('',(0.839489562209,-2.456586119186,0.64));
#1830 = VERTEX_POINT('',#1831);
#1831 = CARTESIAN_POINT('',(0.839489562209,-2.456586119186,0.66));
#1832 = LINE('',#1833,#1834);
#1833 = CARTESIAN_POINT('',(0.839489562209,-2.456586119186,0.64));
#1834 = VECTOR('',#1835,1.);
#1835 = DIRECTION('',(0.,0.,1.));
#1836 = ORIENTED_EDGE('',*,*,#1837,.T.);
#1837 = EDGE_CURVE('',#1830,#1797,#1838,.T.);
#1838 = B_SPLINE_CURVE_WITH_KNOTS('',2,(#1839,#1840,#1841),
  .UNSPECIFIED.,.F.,.F.,(3,3),(0.,1.),.PIECEWISE_BEZIER_KNOTS.);
#1839 = CARTESIAN_POINT('',(0.839489562209,-2.456586119186,0.66));
#1840 = CARTESIAN_POINT('',(0.863335855814,-2.326498909884,0.66));
#1841 = CARTESIAN_POINT('',(0.944731204651,-2.261818677326,0.66));
#1842 = ORIENTED_EDGE('',*,*,#1794,.F.);
#1843 = ORIENTED_EDGE('',*,*,#1844,.F.);
#1844 = EDGE_CURVE('',#1828,#1795,#1845,.T.);
#1845 = B_SPLINE_CURVE_WITH_KNOTS('',2,(#1846,#1847,#1848),
  .UNSPECIFIED.,.F.,.F.,(3,3),(0.,1.),.PIECEWISE_BEZIER_KNOTS.);
#1846 = CARTESIAN_POINT('',(0.839489562209,-2.456586119186,0.64));
#1847 = CARTESIAN_POINT('',(0.863335855814,-2.326498909884,0.64));
#1848 = CARTESIAN_POINT('',(0.944731204651,-2.261818677326,0.64));
#1849 = SURFACE_OF_LINEAR_EXTRUSION('',#1850,#1854);
#1850 = B_SPLINE_CURVE_WITH_KNOTS('',2,(#1851,#1852,#1853),
  .UNSPECIFIED.,.F.,.F.,(3,3),(0.,1.),.PIECEWISE_BEZIER_KNOTS.);
#1851 = CARTESIAN_POINT('',(0.839489562209,-2.456586119186,0.64));
#1852 = CARTESIAN_POINT('',(0.863335855814,-2.326498909884,0.64));
#1853 = CARTESIAN_POINT('',(0.944731204651,-2.261818677326,0.64));
#1854 = VECTOR('',#1855,1.);
#1855 = DIRECTION('',(-0.,-0.,-1.));
#1856 = ADVANCED_FACE('',(#1857),#1882,.T.);
#1857 = FACE_BOUND('',#1858,.T.);
#1858 = EDGE_LOOP('',(#1859,#1869,#1875,#1876));
#1859 = ORIENTED_EDGE('',*,*,#1860,.T.);
#1860 = EDGE_CURVE('',#1861,#1863,#1865,.T.);
#1861 = VERTEX_POINT('',#1862);
#1862 = CARTESIAN_POINT('',(0.962127643605,-2.479069767442,0.64));
#1863 = VERTEX_POINT('',#1864);
#1864 = CARTESIAN_POINT('',(0.962127643605,-2.479069767442,0.66));
#1865 = LINE('',#1866,#1867);
#1866 = CARTESIAN_POINT('',(0.962127643605,-2.479069767442,0.64));
#1867 = VECTOR('',#1868,1.);
#1868 = DIRECTION('',(0.,0.,1.));
#1869 = ORIENTED_EDGE('',*,*,#1870,.T.);
#1870 = EDGE_CURVE('',#1863,#1830,#1871,.T.);
#1871 = LINE('',#1872,#1873);
#1872 = CARTESIAN_POINT('',(0.962127643605,-2.479069767442,0.66));
#1873 = VECTOR('',#1874,1.);
#1874 = DIRECTION('',(-0.983606557377,0.180327868852,0.));
#1875 = ORIENTED_EDGE('',*,*,#1827,.F.);
#1876 = ORIENTED_EDGE('',*,*,#1877,.F.);
#1877 = EDGE_CURVE('',#1861,#1828,#1878,.T.);
#1878 = LINE('',#1879,#1880);
#1879 = CARTESIAN_POINT('',(0.962127643605,-2.479069767442,0.64));
#1880 = VECTOR('',#1881,1.);
#1881 = DIRECTION('',(-0.983606557377,0.180327868852,0.));
#1882 = PLANE('',#1883);
#1883 = AXIS2_PLACEMENT_3D('',#1884,#1885,#1886);
#1884 = CARTESIAN_POINT('',(0.962127643605,-2.479069767442,0.64));
#1885 = DIRECTION('',(-0.180327868852,-0.983606557377,0.));
#1886 = DIRECTION('',(-0.983606557377,0.180327868852,0.));
#1887 = ADVANCED_FACE('',(#1888),#1913,.T.);
#1888 = FACE_BOUND('',#1889,.T.);
#1889 = EDGE_LOOP('',(#1890,#1900,#1906,#1907));
#1890 = ORIENTED_EDGE('',*,*,#1891,.T.);
#1891 = EDGE_CURVE('',#1892,#1894,#1896,.T.);
#1892 = VERTEX_POINT('',#1893);
#1893 = CARTESIAN_POINT('',(1.021039344186,-2.343441133721,0.64));
#1894 = VERTEX_POINT('',#1895);
#1895 = CARTESIAN_POINT('',(1.021039344186,-2.343441133721,0.66));
#1896 = LINE('',#1897,#1898);
#1897 = CARTESIAN_POINT('',(1.021039344186,-2.343441133721,0.64));
#1898 = VECTOR('',#1899,1.);
#1899 = DIRECTION('',(0.,0.,1.));
#1900 = ORIENTED_EDGE('',*,*,#1901,.T.);
#1901 = EDGE_CURVE('',#1894,#1863,#1902,.T.);
#1902 = B_SPLINE_CURVE_WITH_KNOTS('',2,(#1903,#1904,#1905),
  .UNSPECIFIED.,.F.,.F.,(3,3),(0.,1.),.PIECEWISE_BEZIER_KNOTS.);
#1903 = CARTESIAN_POINT('',(1.021039344186,-2.343441133721,0.66));
#1904 = CARTESIAN_POINT('',(0.974391451744,-2.390952034884,0.66));
#1905 = CARTESIAN_POINT('',(0.962127643605,-2.479069767442,0.66));
#1906 = ORIENTED_EDGE('',*,*,#1860,.F.);
#1907 = ORIENTED_EDGE('',*,*,#1908,.F.);
#1908 = EDGE_CURVE('',#1892,#1861,#1909,.T.);
#1909 = B_SPLINE_CURVE_WITH_KNOTS('',2,(#1910,#1911,#1912),
  .UNSPECIFIED.,.F.,.F.,(3,3),(0.,1.),.PIECEWISE_BEZIER_KNOTS.);
#1910 = CARTESIAN_POINT('',(1.021039344186,-2.343441133721,0.64));
#1911 = CARTESIAN_POINT('',(0.974391451744,-2.390952034884,0.64));
#1912 = CARTESIAN_POINT('',(0.962127643605,-2.479069767442,0.64));
#1913 = SURFACE_OF_LINEAR_EXTRUSION('',#1914,#1918);
#1914 = B_SPLINE_CURVE_WITH_KNOTS('',2,(#1915,#1916,#1917),
  .UNSPECIFIED.,.F.,.F.,(3,3),(0.,1.),.PIECEWISE_BEZIER_KNOTS.);
#1915 = CARTESIAN_POINT('',(1.021039344186,-2.343441133721,0.64));
#1916 = CARTESIAN_POINT('',(0.974391451744,-2.390952034884,0.64));
#1917 = CARTESIAN_POINT('',(0.962127643605,-2.479069767442,0.64));
#1918 = VECTOR('',#1919,1.);
#1919 = DIRECTION('',(-0.,-0.,-1.));
#1920 = ADVANCED_FACE('',(#1921),#1946,.T.);
#1921 = FACE_BOUND('',#1922,.T.);
#1922 = EDGE_LOOP('',(#1923,#1933,#1939,#1940));
#1923 = ORIENTED_EDGE('',*,*,#1924,.T.);
#1924 = EDGE_CURVE('',#1925,#1927,#1929,.T.);
#1925 = VERTEX_POINT('',#1926);
#1926 = CARTESIAN_POINT('',(1.141996829651,-2.295930232558,0.64));
#1927 = VERTEX_POINT('',#1928);
#1928 = CARTESIAN_POINT('',(1.141996829651,-2.295930232558,0.66));
#1929 = LINE('',#1930,#1931);
#1930 = CARTESIAN_POINT('',(1.141996829651,-2.295930232558,0.64));
#1931 = VECTOR('',#1932,1.);
#1932 = DIRECTION('',(0.,0.,1.));
#1933 = ORIENTED_EDGE('',*,*,#1934,.T.);
#1934 = EDGE_CURVE('',#1927,#1894,#1935,.T.);
#1935 = B_SPLINE_CURVE_WITH_KNOTS('',2,(#1936,#1937,#1938),
  .UNSPECIFIED.,.F.,.F.,(3,3),(0.,1.),.PIECEWISE_BEZIER_KNOTS.);
#1936 = CARTESIAN_POINT('',(1.141996829651,-2.295930232558,0.66));
#1937 = CARTESIAN_POINT('',(1.06773265814,-2.295930232558,0.66));
#1938 = CARTESIAN_POINT('',(1.021039344186,-2.343441133721,0.66));
#1939 = ORIENTED_EDGE('',*,*,#1891,.F.);
#1940 = ORIENTED_EDGE('',*,*,#1941,.F.);
#1941 = EDGE_CURVE('',#1925,#1892,#1942,.T.);
#1942 = B_SPLINE_CURVE_WITH_KNOTS('',2,(#1943,#1944,#1945),
  .UNSPECIFIED.,.F.,.F.,(3,3),(0.,1.),.PIECEWISE_BEZIER_KNOTS.);
#1943 = CARTESIAN_POINT('',(1.141996829651,-2.295930232558,0.64));
#1944 = CARTESIAN_POINT('',(1.06773265814,-2.295930232558,0.64));
#1945 = CARTESIAN_POINT('',(1.021039344186,-2.343441133721,0.64));
#1946 = SURFACE_OF_LINEAR_EXTRUSION('',#1947,#1951);
#1947 = B_SPLINE_CURVE_WITH_KNOTS('',2,(#1948,#1949,#1950),
  .UNSPECIFIED.,.F.,.F.,(3,3),(0.,1.),.PIECEWISE_BEZIER_KNOTS.);
#1948 = CARTESIAN_POINT('',(1.141996829651,-2.295930232558,0.64));
#1949 = CARTESIAN_POINT('',(1.06773265814,-2.295930232558,0.64));
#1950 = CARTESIAN_POINT('',(1.021039344186,-2.343441133721,0.64));
#1951 = VECTOR('',#1952,1.);
#1952 = DIRECTION('',(-0.,-0.,-1.));
#1953 = ADVANCED_FACE('',(#1954),#1979,.T.);
#1954 = FACE_BOUND('',#1955,.T.);
#1955 = EDGE_LOOP('',(#1956,#1966,#1972,#1973));
#1956 = ORIENTED_EDGE('',*,*,#1957,.T.);
#1957 = EDGE_CURVE('',#1958,#1960,#1962,.T.);
#1958 = VERTEX_POINT('',#1959);
#1959 = CARTESIAN_POINT('',(1.25609566686,-2.33726380814,0.64));
#1960 = VERTEX_POINT('',#1961);
#1961 = CARTESIAN_POINT('',(1.25609566686,-2.33726380814,0.66));
#1962 = LINE('',#1963,#1964);
#1963 = CARTESIAN_POINT('',(1.25609566686,-2.33726380814,0.64));
#1964 = VECTOR('',#1965,1.);
#1965 = DIRECTION('',(0.,0.,1.));
#1966 = ORIENTED_EDGE('',*,*,#1967,.T.);
#1967 = EDGE_CURVE('',#1960,#1927,#1968,.T.);
#1968 = B_SPLINE_CURVE_WITH_KNOTS('',2,(#1969,#1970,#1971),
  .UNSPECIFIED.,.F.,.F.,(3,3),(0.,1.),.PIECEWISE_BEZIER_KNOTS.);
#1969 = CARTESIAN_POINT('',(1.25609566686,-2.33726380814,0.66));
#1970 = CARTESIAN_POINT('',(1.206722483721,-2.295930232558,0.66));
#1971 = CARTESIAN_POINT('',(1.141996829651,-2.295930232558,0.66));
#1972 = ORIENTED_EDGE('',*,*,#1924,.F.);
#1973 = ORIENTED_EDGE('',*,*,#1974,.F.);
#1974 = EDGE_CURVE('',#1958,#1925,#1975,.T.);
#1975 = B_SPLINE_CURVE_WITH_KNOTS('',2,(#1976,#1977,#1978),
  .UNSPECIFIED.,.F.,.F.,(3,3),(0.,1.),.PIECEWISE_BEZIER_KNOTS.);
#1976 = CARTESIAN_POINT('',(1.25609566686,-2.33726380814,0.64));
#1977 = CARTESIAN_POINT('',(1.206722483721,-2.295930232558,0.64));
#1978 = CARTESIAN_POINT('',(1.141996829651,-2.295930232558,0.64));
#1979 = SURFACE_OF_LINEAR_EXTRUSION('',#1980,#1984);
#1980 = B_SPLINE_CURVE_WITH_KNOTS('',2,(#1981,#1982,#1983),
  .UNSPECIFIED.,.F.,.F.,(3,3),(0.,1.),.PIECEWISE_BEZIER_KNOTS.);
#1981 = CARTESIAN_POINT('',(1.25609566686,-2.33726380814,0.64));
#1982 = CARTESIAN_POINT('',(1.206722483721,-2.295930232558,0.64));
#1983 = CARTESIAN_POINT('',(1.141996829651,-2.295930232558,0.64));
#1984 = VECTOR('',#1985,1.);
#1985 = DIRECTION('',(-0.,-0.,-1.));
#1986 = ADVANCED_FACE('',(#1987),#2012,.T.);
#1987 = FACE_BOUND('',#1988,.T.);
#1988 = EDGE_LOOP('',(#1989,#1999,#2005,#2006));
#1989 = ORIENTED_EDGE('',*,*,#1990,.T.);
#1990 = EDGE_CURVE('',#1991,#1993,#1995,.T.);
#1991 = VERTEX_POINT('',#1992);
#1992 = CARTESIAN_POINT('',(1.305514271512,-2.453542877907,0.64));
#1993 = VERTEX_POINT('',#1994);
#1994 = CARTESIAN_POINT('',(1.305514271512,-2.453542877907,0.66));
#1995 = LINE('',#1996,#1997);
#1996 = CARTESIAN_POINT('',(1.305514271512,-2.453542877907,0.64));
#1997 = VECTOR('',#1998,1.);
#1998 = DIRECTION('',(0.,0.,1.));
#1999 = ORIENTED_EDGE('',*,*,#2000,.T.);
#2000 = EDGE_CURVE('',#1993,#1960,#2001,.T.);
#2001 = B_SPLINE_CURVE_WITH_KNOTS('',2,(#2002,#2003,#2004),
  .UNSPECIFIED.,.F.,.F.,(3,3),(0.,1.),.PIECEWISE_BEZIER_KNOTS.);
#2002 = CARTESIAN_POINT('',(1.305514271512,-2.453542877907,0.66));
#2003 = CARTESIAN_POINT('',(1.305514271512,-2.378551962209,0.66));
#2004 = CARTESIAN_POINT('',(1.25609566686,-2.33726380814,0.66));
#2005 = ORIENTED_EDGE('',*,*,#1957,.F.);
#2006 = ORIENTED_EDGE('',*,*,#2007,.F.);
#2007 = EDGE_CURVE('',#1991,#1958,#2008,.T.);
#2008 = B_SPLINE_CURVE_WITH_KNOTS('',2,(#2009,#2010,#2011),
  .UNSPECIFIED.,.F.,.F.,(3,3),(0.,1.),.PIECEWISE_BEZIER_KNOTS.);
#2009 = CARTESIAN_POINT('',(1.305514271512,-2.453542877907,0.64));
#2010 = CARTESIAN_POINT('',(1.305514271512,-2.378551962209,0.64));
#2011 = CARTESIAN_POINT('',(1.25609566686,-2.33726380814,0.64));
#2012 = SURFACE_OF_LINEAR_EXTRUSION('',#2013,#2017);
#2013 = B_SPLINE_CURVE_WITH_KNOTS('',2,(#2014,#2015,#2016),
  .UNSPECIFIED.,.F.,.F.,(3,3),(0.,1.),.PIECEWISE_BEZIER_KNOTS.);
#2014 = CARTESIAN_POINT('',(1.305514271512,-2.453542877907,0.64));
#2015 = CARTESIAN_POINT('',(1.305514271512,-2.378551962209,0.64));
#2016 = CARTESIAN_POINT('',(1.25609566686,-2.33726380814,0.64));
#2017 = VECTOR('',#2018,1.);
#2018 = DIRECTION('',(-0.,-0.,-1.));
#2019 = ADVANCED_FACE('',(#2020),#2045,.T.);
#2020 = FACE_BOUND('',#2021,.T.);
#2021 = EDGE_LOOP('',(#2022,#2032,#2038,#2039));
#2022 = ORIENTED_EDGE('',*,*,#2023,.T.);
#2023 = EDGE_CURVE('',#2024,#2026,#2028,.T.);
#2024 = VERTEX_POINT('',#2025);
#2025 = CARTESIAN_POINT('',(1.282349300581,-2.539980014535,0.64));
#2026 = VERTEX_POINT('',#2027);
#2027 = CARTESIAN_POINT('',(1.282349300581,-2.539980014535,0.66));
#2028 = LINE('',#2029,#2030);
#2029 = CARTESIAN_POINT('',(1.282349300581,-2.539980014535,0.64));
#2030 = VECTOR('',#2031,1.);
#2031 = DIRECTION('',(0.,0.,1.));
#2032 = ORIENTED_EDGE('',*,*,#2033,.T.);
#2033 = EDGE_CURVE('',#2026,#1993,#2034,.T.);
#2034 = B_SPLINE_CURVE_WITH_KNOTS('',2,(#2035,#2036,#2037),
  .UNSPECIFIED.,.F.,.F.,(3,3),(0.,1.),.PIECEWISE_BEZIER_KNOTS.);
#2035 = CARTESIAN_POINT('',(1.282349300581,-2.539980014535,0.66));
#2036 = CARTESIAN_POINT('',(1.305514271512,-2.505187136628,0.66));
#2037 = CARTESIAN_POINT('',(1.305514271512,-2.453542877907,0.66));
#2038 = ORIENTED_EDGE('',*,*,#1990,.F.);
#2039 = ORIENTED_EDGE('',*,*,#2040,.F.);
#2040 = EDGE_CURVE('',#2024,#1991,#2041,.T.);
#2041 = B_SPLINE_CURVE_WITH_KNOTS('',2,(#2042,#2043,#2044),
  .UNSPECIFIED.,.F.,.F.,(3,3),(0.,1.),.PIECEWISE_BEZIER_KNOTS.);
#2042 = CARTESIAN_POINT('',(1.282349300581,-2.539980014535,0.64));
#2043 = CARTESIAN_POINT('',(1.305514271512,-2.505187136628,0.64));
#2044 = CARTESIAN_POINT('',(1.305514271512,-2.453542877907,0.64));
#2045 = SURFACE_OF_LINEAR_EXTRUSION('',#2046,#2050);
#2046 = B_SPLINE_CURVE_WITH_KNOTS('',2,(#2047,#2048,#2049),
  .UNSPECIFIED.,.F.,.F.,(3,3),(0.,1.),.PIECEWISE_BEZIER_KNOTS.);
#2047 = CARTESIAN_POINT('',(1.282349300581,-2.539980014535,0.64));
#2048 = CARTESIAN_POINT('',(1.305514271512,-2.505187136628,0.64));
#2049 = CARTESIAN_POINT('',(1.305514271512,-2.453542877907,0.64));
#2050 = VECTOR('',#2051,1.);
#2051 = DIRECTION('',(-0.,-0.,-1.));
#2052 = ADVANCED_FACE('',(#2053),#2078,.T.);
#2053 = FACE_BOUND('',#2054,.T.);
#2054 = EDGE_LOOP('',(#2055,#2065,#2071,#2072));
#2055 = ORIENTED_EDGE('',*,*,#2056,.T.);
#2056 = EDGE_CURVE('',#2057,#2059,#2061,.T.);
#2057 = VERTEX_POINT('',#2058);
#2058 = CARTESIAN_POINT('',(1.223755550581,-2.593304869186,0.64));
#2059 = VERTEX_POINT('',#2060);
#2060 = CARTESIAN_POINT('',(1.223755550581,-2.593304869186,0.66));
#2061 = LINE('',#2062,#2063);
#2062 = CARTESIAN_POINT('',(1.223755550581,-2.593304869186,0.64));
#2063 = VECTOR('',#2064,1.);
#2064 = DIRECTION('',(0.,0.,1.));
#2065 = ORIENTED_EDGE('',*,*,#2066,.T.);
#2066 = EDGE_CURVE('',#2059,#2026,#2067,.T.);
#2067 = B_SPLINE_CURVE_WITH_KNOTS('',2,(#2068,#2069,#2070),
  .UNSPECIFIED.,.F.,.F.,(3,3),(0.,1.),.PIECEWISE_BEZIER_KNOTS.);
#2068 = CARTESIAN_POINT('',(1.223755550581,-2.593304869186,0.66));
#2069 = CARTESIAN_POINT('',(1.259184329651,-2.57472747093,0.66));
#2070 = CARTESIAN_POINT('',(1.282349300581,-2.539980014535,0.66));
#2071 = ORIENTED_EDGE('',*,*,#2023,.F.);
#2072 = ORIENTED_EDGE('',*,*,#2073,.F.);
#2073 = EDGE_CURVE('',#2057,#2024,#2074,.T.);
#2074 = B_SPLINE_CURVE_WITH_KNOTS('',2,(#2075,#2076,#2077),
  .UNSPECIFIED.,.F.,.F.,(3,3),(0.,1.),.PIECEWISE_BEZIER_KNOTS.);
#2075 = CARTESIAN_POINT('',(1.223755550581,-2.593304869186,0.64));
#2076 = CARTESIAN_POINT('',(1.259184329651,-2.57472747093,0.64));
#2077 = CARTESIAN_POINT('',(1.282349300581,-2.539980014535,0.64));
#2078 = SURFACE_OF_LINEAR_EXTRUSION('',#2079,#2083);
#2079 = B_SPLINE_CURVE_WITH_KNOTS('',2,(#2080,#2081,#2082),
  .UNSPECIFIED.,.F.,.F.,(3,3),(0.,1.),.PIECEWISE_BEZIER_KNOTS.);
#2080 = CARTESIAN_POINT('',(1.223755550581,-2.593304869186,0.64));
#2081 = CARTESIAN_POINT('',(1.259184329651,-2.57472747093,0.64));
#2082 = CARTESIAN_POINT('',(1.282349300581,-2.539980014535,0.64));
#2083 = VECTOR('',#2084,1.);
#2084 = DIRECTION('',(-0.,-0.,-1.));
#2085 = ADVANCED_FACE('',(#2086),#2111,.T.);
#2086 = FACE_BOUND('',#2087,.T.);
#2087 = EDGE_LOOP('',(#2088,#2098,#2104,#2105));
#2088 = ORIENTED_EDGE('',*,*,#2089,.T.);
#2089 = EDGE_CURVE('',#2090,#2092,#2094,.T.);
#2090 = VERTEX_POINT('',#2091);
#2091 = CARTESIAN_POINT('',(1.159711219186,-2.616696947674,0.64));
#2092 = VERTEX_POINT('',#2093);
#2093 = CARTESIAN_POINT('',(1.159711219186,-2.616696947674,0.66));
#2094 = LINE('',#2095,#2096);
#2095 = CARTESIAN_POINT('',(1.159711219186,-2.616696947674,0.64));
#2096 = VECTOR('',#2097,1.);
#2097 = DIRECTION('',(0.,0.,1.));
#2098 = ORIENTED_EDGE('',*,*,#2099,.T.);
#2099 = EDGE_CURVE('',#2092,#2059,#2100,.T.);
#2100 = B_SPLINE_CURVE_WITH_KNOTS('',2,(#2101,#2102,#2103),
  .UNSPECIFIED.,.F.,.F.,(3,3),(0.,1.),.PIECEWISE_BEZIER_KNOTS.);
#2101 = CARTESIAN_POINT('',(1.159711219186,-2.616696947674,0.66));
#2102 = CARTESIAN_POINT('',(1.188326771512,-2.611882267442,0.66));
#2103 = CARTESIAN_POINT('',(1.223755550581,-2.593304869186,0.66));
#2104 = ORIENTED_EDGE('',*,*,#2056,.F.);
#2105 = ORIENTED_EDGE('',*,*,#2106,.F.);
#2106 = EDGE_CURVE('',#2090,#2057,#2107,.T.);
#2107 = B_SPLINE_CURVE_WITH_KNOTS('',2,(#2108,#2109,#2110),
  .UNSPECIFIED.,.F.,.F.,(3,3),(0.,1.),.PIECEWISE_BEZIER_KNOTS.);
#2108 = CARTESIAN_POINT('',(1.159711219186,-2.616696947674,0.64));
#2109 = CARTESIAN_POINT('',(1.188326771512,-2.611882267442,0.64));
#2110 = CARTESIAN_POINT('',(1.223755550581,-2.593304869186,0.64));
#2111 = SURFACE_OF_LINEAR_EXTRUSION('',#2112,#2116);
#2112 = B_SPLINE_CURVE_WITH_KNOTS('',2,(#2113,#2114,#2115),
  .UNSPECIFIED.,.F.,.F.,(3,3),(0.,1.),.PIECEWISE_BEZIER_KNOTS.);
#2113 = CARTESIAN_POINT('',(1.159711219186,-2.616696947674,0.64));
#2114 = CARTESIAN_POINT('',(1.188326771512,-2.611882267442,0.64));
#2115 = CARTESIAN_POINT('',(1.223755550581,-2.593304869186,0.64));
#2116 = VECTOR('',#2117,1.);
#2117 = DIRECTION('',(-0.,-0.,-1.));
#2118 = ADVANCED_FACE('',(#2119),#2144,.T.);
#2119 = FACE_BOUND('',#2120,.T.);
#2120 = EDGE_LOOP('',(#2121,#2131,#2137,#2138));
#2121 = ORIENTED_EDGE('',*,*,#2122,.T.);
#2122 = EDGE_CURVE('',#2123,#2125,#2127,.T.);
#2123 = VERTEX_POINT('',#2124);
#2124 = CARTESIAN_POINT('',(1.082040434302,-2.621511627907,0.64));
#2125 = VERTEX_POINT('',#2126);
#2126 = CARTESIAN_POINT('',(1.082040434302,-2.621511627907,0.66));
#2127 = LINE('',#2128,#2129);
#2128 = CARTESIAN_POINT('',(1.082040434302,-2.621511627907,0.64));
#2129 = VECTOR('',#2130,1.);
#2130 = DIRECTION('',(0.,0.,1.));
#2131 = ORIENTED_EDGE('',*,*,#2132,.T.);
#2132 = EDGE_CURVE('',#2125,#2092,#2133,.T.);
#2133 = B_SPLINE_CURVE_WITH_KNOTS('',2,(#2134,#2135,#2136),
  .UNSPECIFIED.,.F.,.F.,(3,3),(0.,1.),.PIECEWISE_BEZIER_KNOTS.);
#2134 = CARTESIAN_POINT('',(1.082040434302,-2.621511627907,0.66));
#2135 = CARTESIAN_POINT('',(1.13109566686,-2.621511627907,0.66));
#2136 = CARTESIAN_POINT('',(1.159711219186,-2.616696947674,0.66));
#2137 = ORIENTED_EDGE('',*,*,#2089,.F.);
#2138 = ORIENTED_EDGE('',*,*,#2139,.F.);
#2139 = EDGE_CURVE('',#2123,#2090,#2140,.T.);
#2140 = B_SPLINE_CURVE_WITH_KNOTS('',2,(#2141,#2142,#2143),
  .UNSPECIFIED.,.F.,.F.,(3,3),(0.,1.),.PIECEWISE_BEZIER_KNOTS.);
#2141 = CARTESIAN_POINT('',(1.082040434302,-2.621511627907,0.64));
#2142 = CARTESIAN_POINT('',(1.13109566686,-2.621511627907,0.64));
#2143 = CARTESIAN_POINT('',(1.159711219186,-2.616696947674,0.64));
#2144 = SURFACE_OF_LINEAR_EXTRUSION('',#2145,#2149);
#2145 = B_SPLINE_CURVE_WITH_KNOTS('',2,(#2146,#2147,#2148),
  .UNSPECIFIED.,.F.,.F.,(3,3),(0.,1.),.PIECEWISE_BEZIER_KNOTS.);
#2146 = CARTESIAN_POINT('',(1.082040434302,-2.621511627907,0.64));
#2147 = CARTESIAN_POINT('',(1.13109566686,-2.621511627907,0.64));
#2148 = CARTESIAN_POINT('',(1.159711219186,-2.616696947674,0.64));
#2149 = VECTOR('',#2150,1.);
#2150 = DIRECTION('',(-0.,-0.,-1.));
#2151 = ADVANCED_FACE('',(#2152),#2177,.T.);
#2152 = FACE_BOUND('',#2153,.T.);
#2153 = EDGE_LOOP('',(#2154,#2164,#2170,#2171));
#2154 = ORIENTED_EDGE('',*,*,#2155,.T.);
#2155 = EDGE_CURVE('',#2156,#2158,#2160,.T.);
#2156 = VERTEX_POINT('',#2157);
#2157 = CARTESIAN_POINT('',(1.06773265814,-2.729069767442,0.64));
#2158 = VERTEX_POINT('',#2159);
#2159 = CARTESIAN_POINT('',(1.06773265814,-2.729069767442,0.66));
#2160 = LINE('',#2161,#2162);
#2161 = CARTESIAN_POINT('',(1.06773265814,-2.729069767442,0.64));
#2162 = VECTOR('',#2163,1.);
#2163 = DIRECTION('',(0.,0.,1.));
#2164 = ORIENTED_EDGE('',*,*,#2165,.T.);
#2165 = EDGE_CURVE('',#2158,#2125,#2166,.T.);
#2166 = LINE('',#2167,#2168);
#2167 = CARTESIAN_POINT('',(1.06773265814,-2.729069767442,0.66));
#2168 = VECTOR('',#2169,1.);
#2169 = DIRECTION('',(0.131862095538,0.991268070584,0.));
#2170 = ORIENTED_EDGE('',*,*,#2122,.F.);
#2171 = ORIENTED_EDGE('',*,*,#2172,.F.);
#2172 = EDGE_CURVE('',#2156,#2123,#2173,.T.);
#2173 = LINE('',#2174,#2175);
#2174 = CARTESIAN_POINT('',(1.06773265814,-2.729069767442,0.64));
#2175 = VECTOR('',#2176,1.);
#2176 = DIRECTION('',(0.131862095538,0.991268070584,0.));
#2177 = PLANE('',#2178);
#2178 = AXIS2_PLACEMENT_3D('',#2179,#2180,#2181);
#2179 = CARTESIAN_POINT('',(1.06773265814,-2.729069767442,0.64));
#2180 = DIRECTION('',(-0.991268070584,0.131862095538,0.));
#2181 = DIRECTION('',(0.131862095538,0.991268070584,0.));
#2182 = ADVANCED_FACE('',(#2183),#2208,.T.);
#2183 = FACE_BOUND('',#2184,.T.);
#2184 = EDGE_LOOP('',(#2185,#2195,#2201,#2202));
#2185 = ORIENTED_EDGE('',*,*,#2186,.T.);
#2186 = EDGE_CURVE('',#2187,#2189,#2191,.T.);
#2187 = VERTEX_POINT('',#2188);
#2188 = CARTESIAN_POINT('',(1.154260637791,-2.717441860465,0.64));
#2189 = VERTEX_POINT('',#2190);
#2190 = CARTESIAN_POINT('',(1.154260637791,-2.717441860465,0.66));
#2191 = LINE('',#2192,#2193);
#2192 = CARTESIAN_POINT('',(1.154260637791,-2.717441860465,0.64));
#2193 = VECTOR('',#2194,1.);
#2194 = DIRECTION('',(0.,0.,1.));
#2195 = ORIENTED_EDGE('',*,*,#2196,.T.);
#2196 = EDGE_CURVE('',#2189,#2158,#2197,.T.);
#2197 = B_SPLINE_CURVE_WITH_KNOTS('',2,(#2198,#2199,#2200),
  .UNSPECIFIED.,.F.,.F.,(3,3),(0.,1.),.PIECEWISE_BEZIER_KNOTS.);
#2198 = CARTESIAN_POINT('',(1.154260637791,-2.717441860465,0.66));
#2199 = CARTESIAN_POINT('',(1.118831858721,-2.717441860465,0.66));
#2200 = CARTESIAN_POINT('',(1.06773265814,-2.729069767442,0.66));
#2201 = ORIENTED_EDGE('',*,*,#2155,.F.);
#2202 = ORIENTED_EDGE('',*,*,#2203,.F.);
#2203 = EDGE_CURVE('',#2187,#2156,#2204,.T.);
#2204 = B_SPLINE_CURVE_WITH_KNOTS('',2,(#2205,#2206,#2207),
  .UNSPECIFIED.,.F.,.F.,(3,3),(0.,1.),.PIECEWISE_BEZIER_KNOTS.);
#2205 = CARTESIAN_POINT('',(1.154260637791,-2.717441860465,0.64));
#2206 = CARTESIAN_POINT('',(1.118831858721,-2.717441860465,0.64));
#2207 = CARTESIAN_POINT('',(1.06773265814,-2.729069767442,0.64));
#2208 = SURFACE_OF_LINEAR_EXTRUSION('',#2209,#2213);
#2209 = B_SPLINE_CURVE_WITH_KNOTS('',2,(#2210,#2211,#2212),
  .UNSPECIFIED.,.F.,.F.,(3,3),(0.,1.),.PIECEWISE_BEZIER_KNOTS.);
#2210 = CARTESIAN_POINT('',(1.154260637791,-2.717441860465,0.64));
#2211 = CARTESIAN_POINT('',(1.118831858721,-2.717441860465,0.64));
#2212 = CARTESIAN_POINT('',(1.06773265814,-2.729069767442,0.64));
#2213 = VECTOR('',#2214,1.);
#2214 = DIRECTION('',(-0.,-0.,-1.));
#2215 = ADVANCED_FACE('',(#2216),#2241,.T.);
#2216 = FACE_BOUND('',#2217,.T.);
#2217 = EDGE_LOOP('',(#2218,#2228,#2234,#2235));
#2218 = ORIENTED_EDGE('',*,*,#2219,.T.);
#2219 = EDGE_CURVE('',#2220,#2222,#2224,.T.);
#2220 = VERTEX_POINT('',#2221);
#2221 = CARTESIAN_POINT('',(1.295612381977,-2.77253815407,0.64));
#2222 = VERTEX_POINT('',#2223);
#2223 = CARTESIAN_POINT('',(1.295612381977,-2.77253815407,0.66));
#2224 = LINE('',#2225,#2226);
#2225 = CARTESIAN_POINT('',(1.295612381977,-2.77253815407,0.64));
#2226 = VECTOR('',#2227,1.);
#2227 = DIRECTION('',(0.,0.,1.));
#2228 = ORIENTED_EDGE('',*,*,#2229,.T.);
#2229 = EDGE_CURVE('',#2222,#2189,#2230,.T.);
#2230 = B_SPLINE_CURVE_WITH_KNOTS('',2,(#2231,#2232,#2233),
  .UNSPECIFIED.,.F.,.F.,(3,3),(0.,1.),.PIECEWISE_BEZIER_KNOTS.);
#2231 = CARTESIAN_POINT('',(1.295612381977,-2.77253815407,0.66));
#2232 = CARTESIAN_POINT('',(1.241469940116,-2.717441860465,0.66));
#2233 = CARTESIAN_POINT('',(1.154260637791,-2.717441860465,0.66));
#2234 = ORIENTED_EDGE('',*,*,#2186,.F.);
#2235 = ORIENTED_EDGE('',*,*,#2236,.F.);
#2236 = EDGE_CURVE('',#2220,#2187,#2237,.T.);
#2237 = B_SPLINE_CURVE_WITH_KNOTS('',2,(#2238,#2239,#2240),
  .UNSPECIFIED.,.F.,.F.,(3,3),(0.,1.),.PIECEWISE_BEZIER_KNOTS.);
#2238 = CARTESIAN_POINT('',(1.295612381977,-2.77253815407,0.64));
#2239 = CARTESIAN_POINT('',(1.241469940116,-2.717441860465,0.64));
#2240 = CARTESIAN_POINT('',(1.154260637791,-2.717441860465,0.64));
#2241 = SURFACE_OF_LINEAR_EXTRUSION('',#2242,#2246);
#2242 = B_SPLINE_CURVE_WITH_KNOTS('',2,(#2243,#2244,#2245),
  .UNSPECIFIED.,.F.,.F.,(3,3),(0.,1.),.PIECEWISE_BEZIER_KNOTS.);
#2243 = CARTESIAN_POINT('',(1.295612381977,-2.77253815407,0.64));
#2244 = CARTESIAN_POINT('',(1.241469940116,-2.717441860465,0.64));
#2245 = CARTESIAN_POINT('',(1.154260637791,-2.717441860465,0.64));
#2246 = VECTOR('',#2247,1.);
#2247 = DIRECTION('',(-0.,-0.,-1.));
#2248 = ADVANCED_FACE('',(#2249),#2274,.T.);
#2249 = FACE_BOUND('',#2250,.T.);
#2250 = EDGE_LOOP('',(#2251,#2261,#2267,#2268));
#2251 = ORIENTED_EDGE('',*,*,#2252,.T.);
#2252 = EDGE_CURVE('',#2253,#2255,#2257,.T.);
#2253 = VERTEX_POINT('',#2254);
#2254 = CARTESIAN_POINT('',(1.349800245349,-2.91121002907,0.64));
#2255 = VERTEX_POINT('',#2256);
#2256 = CARTESIAN_POINT('',(1.349800245349,-2.91121002907,0.66));
#2257 = LINE('',#2258,#2259);
#2258 = CARTESIAN_POINT('',(1.349800245349,-2.91121002907,0.64));
#2259 = VECTOR('',#2260,1.);
#2260 = DIRECTION('',(0.,0.,1.));
#2261 = ORIENTED_EDGE('',*,*,#2262,.T.);
#2262 = EDGE_CURVE('',#2255,#2222,#2263,.T.);
#2263 = B_SPLINE_CURVE_WITH_KNOTS('',2,(#2264,#2265,#2266),
  .UNSPECIFIED.,.F.,.F.,(3,3),(0.,1.),.PIECEWISE_BEZIER_KNOTS.);
#2264 = CARTESIAN_POINT('',(1.349800245349,-2.91121002907,0.66));
#2265 = CARTESIAN_POINT('',(1.349800245349,-2.827589026163,0.66));
#2266 = CARTESIAN_POINT('',(1.295612381977,-2.77253815407,0.66));
#2267 = ORIENTED_EDGE('',*,*,#2219,.F.);
#2268 = ORIENTED_EDGE('',*,*,#2269,.F.);
#2269 = EDGE_CURVE('',#2253,#2220,#2270,.T.);
#2270 = B_SPLINE_CURVE_WITH_KNOTS('',2,(#2271,#2272,#2273),
  .UNSPECIFIED.,.F.,.F.,(3,3),(0.,1.),.PIECEWISE_BEZIER_KNOTS.);
#2271 = CARTESIAN_POINT('',(1.349800245349,-2.91121002907,0.64));
#2272 = CARTESIAN_POINT('',(1.349800245349,-2.827589026163,0.64));
#2273 = CARTESIAN_POINT('',(1.295612381977,-2.77253815407,0.64));
#2274 = SURFACE_OF_LINEAR_EXTRUSION('',#2275,#2279);
#2275 = B_SPLINE_CURVE_WITH_KNOTS('',2,(#2276,#2277,#2278),
  .UNSPECIFIED.,.F.,.F.,(3,3),(0.,1.),.PIECEWISE_BEZIER_KNOTS.);
#2276 = CARTESIAN_POINT('',(1.349800245349,-2.91121002907,0.64));
#2277 = CARTESIAN_POINT('',(1.349800245349,-2.827589026163,0.64));
#2278 = CARTESIAN_POINT('',(1.295612381977,-2.77253815407,0.64));
#2279 = VECTOR('',#2280,1.);
#2280 = DIRECTION('',(-0.,-0.,-1.));
#2281 = ADVANCED_FACE('',(#2282),#2307,.T.);
#2282 = FACE_BOUND('',#2283,.T.);
#2283 = EDGE_LOOP('',(#2284,#2294,#2300,#2301));
#2284 = ORIENTED_EDGE('',*,*,#2285,.T.);
#2285 = EDGE_CURVE('',#2286,#2288,#2290,.T.);
#2286 = VERTEX_POINT('',#2287);
#2287 = CARTESIAN_POINT('',(1.290161800581,-3.058421148256,0.64));
#2288 = VERTEX_POINT('',#2289);
#2289 = CARTESIAN_POINT('',(1.290161800581,-3.058421148256,0.66));
#2290 = LINE('',#2291,#2292);
#2291 = CARTESIAN_POINT('',(1.290161800581,-3.058421148256,0.64));
#2292 = VECTOR('',#2293,1.);
#2293 = DIRECTION('',(0.,0.,1.));
#2294 = ORIENTED_EDGE('',*,*,#2295,.T.);
#2295 = EDGE_CURVE('',#2288,#2255,#2296,.T.);
#2296 = B_SPLINE_CURVE_WITH_KNOTS('',2,(#2297,#2298,#2299),
  .UNSPECIFIED.,.F.,.F.,(3,3),(0.,1.),.PIECEWISE_BEZIER_KNOTS.);
#2297 = CARTESIAN_POINT('',(1.290161800581,-3.058421148256,0.66));
#2298 = CARTESIAN_POINT('',(1.349800245349,-2.998237645349,0.66));
#2299 = CARTESIAN_POINT('',(1.349800245349,-2.91121002907,0.66));
#2300 = ORIENTED_EDGE('',*,*,#2252,.F.);
#2301 = ORIENTED_EDGE('',*,*,#2302,.F.);
#2302 = EDGE_CURVE('',#2286,#2253,#2303,.T.);
#2303 = B_SPLINE_CURVE_WITH_KNOTS('',2,(#2304,#2305,#2306),
  .UNSPECIFIED.,.F.,.F.,(3,3),(0.,1.),.PIECEWISE_BEZIER_KNOTS.);
#2304 = CARTESIAN_POINT('',(1.290161800581,-3.058421148256,0.64));
#2305 = CARTESIAN_POINT('',(1.349800245349,-2.998237645349,0.64));
#2306 = CARTESIAN_POINT('',(1.349800245349,-2.91121002907,0.64));
#2307 = SURFACE_OF_LINEAR_EXTRUSION('',#2308,#2312);
#2308 = B_SPLINE_CURVE_WITH_KNOTS('',2,(#2309,#2310,#2311),
  .UNSPECIFIED.,.F.,.F.,(3,3),(0.,1.),.PIECEWISE_BEZIER_KNOTS.);
#2309 = CARTESIAN_POINT('',(1.290161800581,-3.058421148256,0.64));
#2310 = CARTESIAN_POINT('',(1.349800245349,-2.998237645349,0.64));
#2311 = CARTESIAN_POINT('',(1.349800245349,-2.91121002907,0.64));
#2312 = VECTOR('',#2313,1.);
#2313 = DIRECTION('',(-0.,-0.,-1.));
#2314 = ADVANCED_FACE('',(#2315),#2340,.T.);
#2315 = FACE_BOUND('',#2316,.T.);
#2316 = EDGE_LOOP('',(#2317,#2327,#2333,#2334));
#2317 = ORIENTED_EDGE('',*,*,#2318,.T.);
#2318 = EDGE_CURVE('',#2319,#2321,#2323,.T.);
#2319 = VERTEX_POINT('',#2320);
#2320 = CARTESIAN_POINT('',(1.144722120349,-3.118604651163,0.64));
#2321 = VERTEX_POINT('',#2322);
#2322 = CARTESIAN_POINT('',(1.144722120349,-3.118604651163,0.66));
#2323 = LINE('',#2324,#2325);
#2324 = CARTESIAN_POINT('',(1.144722120349,-3.118604651163,0.64));
#2325 = VECTOR('',#2326,1.);
#2326 = DIRECTION('',(0.,0.,1.));
#2327 = ORIENTED_EDGE('',*,*,#2328,.T.);
#2328 = EDGE_CURVE('',#2321,#2288,#2329,.T.);
#2329 = B_SPLINE_CURVE_WITH_KNOTS('',2,(#2330,#2331,#2332),
  .UNSPECIFIED.,.F.,.F.,(3,3),(0.,1.),.PIECEWISE_BEZIER_KNOTS.);
#2330 = CARTESIAN_POINT('',(1.144722120349,-3.118604651163,0.66));
#2331 = CARTESIAN_POINT('',(1.230568777326,-3.118604651163,0.66));
#2332 = CARTESIAN_POINT('',(1.290161800581,-3.058421148256,0.66));
#2333 = ORIENTED_EDGE('',*,*,#2285,.F.);
#2334 = ORIENTED_EDGE('',*,*,#2335,.F.);
#2335 = EDGE_CURVE('',#2319,#2286,#2336,.T.);
#2336 = B_SPLINE_CURVE_WITH_KNOTS('',2,(#2337,#2338,#2339),
  .UNSPECIFIED.,.F.,.F.,(3,3),(0.,1.),.PIECEWISE_BEZIER_KNOTS.);
#2337 = CARTESIAN_POINT('',(1.144722120349,-3.118604651163,0.64));
#2338 = CARTESIAN_POINT('',(1.230568777326,-3.118604651163,0.64));
#2339 = CARTESIAN_POINT('',(1.290161800581,-3.058421148256,0.64));
#2340 = SURFACE_OF_LINEAR_EXTRUSION('',#2341,#2345);
#2341 = B_SPLINE_CURVE_WITH_KNOTS('',2,(#2342,#2343,#2344),
  .UNSPECIFIED.,.F.,.F.,(3,3),(0.,1.),.PIECEWISE_BEZIER_KNOTS.);
#2342 = CARTESIAN_POINT('',(1.144722120349,-3.118604651163,0.64));
#2343 = CARTESIAN_POINT('',(1.230568777326,-3.118604651163,0.64));
#2344 = CARTESIAN_POINT('',(1.290161800581,-3.058421148256,0.64));
#2345 = VECTOR('',#2346,1.);
#2346 = DIRECTION('',(-0.,-0.,-1.));
#2347 = ADVANCED_FACE('',(#2348),#2373,.T.);
#2348 = FACE_BOUND('',#2349,.T.);
#2349 = EDGE_LOOP('',(#2350,#2360,#2366,#2367));
#2350 = ORIENTED_EDGE('',*,*,#2351,.T.);
#2351 = EDGE_CURVE('',#2352,#2354,#2356,.T.);
#2352 = VERTEX_POINT('',#2353);
#2353 = CARTESIAN_POINT('',(1.016270085465,-3.069367732558,0.64));
#2354 = VERTEX_POINT('',#2355);
#2355 = CARTESIAN_POINT('',(1.016270085465,-3.069367732558,0.66));
#2356 = LINE('',#2357,#2358);
#2357 = CARTESIAN_POINT('',(1.016270085465,-3.069367732558,0.64));
#2358 = VECTOR('',#2359,1.);
#2359 = DIRECTION('',(0.,0.,1.));
#2360 = ORIENTED_EDGE('',*,*,#2361,.T.);
#2361 = EDGE_CURVE('',#2354,#2321,#2362,.T.);
#2362 = B_SPLINE_CURVE_WITH_KNOTS('',2,(#2363,#2364,#2365),
  .UNSPECIFIED.,.F.,.F.,(3,3),(0.,1.),.PIECEWISE_BEZIER_KNOTS.);
#2363 = CARTESIAN_POINT('',(1.016270085465,-3.069367732558,0.66));
#2364 = CARTESIAN_POINT('',(1.065007367442,-3.118604651163,0.66));
#2365 = CARTESIAN_POINT('',(1.144722120349,-3.118604651163,0.66));
#2366 = ORIENTED_EDGE('',*,*,#2318,.F.);
#2367 = ORIENTED_EDGE('',*,*,#2368,.F.);
#2368 = EDGE_CURVE('',#2352,#2319,#2369,.T.);
#2369 = B_SPLINE_CURVE_WITH_KNOTS('',2,(#2370,#2371,#2372),
  .UNSPECIFIED.,.F.,.F.,(3,3),(0.,1.),.PIECEWISE_BEZIER_KNOTS.);
#2370 = CARTESIAN_POINT('',(1.016270085465,-3.069367732558,0.64));
#2371 = CARTESIAN_POINT('',(1.065007367442,-3.118604651163,0.64));
#2372 = CARTESIAN_POINT('',(1.144722120349,-3.118604651163,0.64));
#2373 = SURFACE_OF_LINEAR_EXTRUSION('',#2374,#2378);
#2374 = B_SPLINE_CURVE_WITH_KNOTS('',2,(#2375,#2376,#2377),
  .UNSPECIFIED.,.F.,.F.,(3,3),(0.,1.),.PIECEWISE_BEZIER_KNOTS.);
#2375 = CARTESIAN_POINT('',(1.016270085465,-3.069367732558,0.64));
#2376 = CARTESIAN_POINT('',(1.065007367442,-3.118604651163,0.64));
#2377 = CARTESIAN_POINT('',(1.144722120349,-3.118604651163,0.64));
#2378 = VECTOR('',#2379,1.);
#2379 = DIRECTION('',(-0.,-0.,-1.));
#2380 = ADVANCED_FACE('',(#2381),#2406,.T.);
#2381 = FACE_BOUND('',#2382,.T.);
#2382 = EDGE_LOOP('',(#2383,#2393,#2399,#2400));
#2383 = ORIENTED_EDGE('',*,*,#2384,.T.);
#2384 = EDGE_CURVE('',#2385,#2387,#2389,.T.);
#2385 = VERTEX_POINT('',#2386);
#2386 = CARTESIAN_POINT('',(0.949182512791,-2.920930232558,0.64));
#2387 = VERTEX_POINT('',#2388);
#2388 = CARTESIAN_POINT('',(0.949182512791,-2.920930232558,0.66));
#2389 = LINE('',#2390,#2391);
#2390 = CARTESIAN_POINT('',(0.949182512791,-2.920930232558,0.64));
#2391 = VECTOR('',#2392,1.);
#2392 = DIRECTION('',(0.,0.,1.));
#2393 = ORIENTED_EDGE('',*,*,#2394,.T.);
#2394 = EDGE_CURVE('',#2387,#2354,#2395,.T.);
#2395 = B_SPLINE_CURVE_WITH_KNOTS('',2,(#2396,#2397,#2398),
  .UNSPECIFIED.,.F.,.F.,(3,3),(0.,1.),.PIECEWISE_BEZIER_KNOTS.);
#2396 = CARTESIAN_POINT('',(0.949182512791,-2.920930232558,0.66));
#2397 = CARTESIAN_POINT('',(0.967578225,-3.020130813953,0.66));
#2398 = CARTESIAN_POINT('',(1.016270085465,-3.069367732558,0.66));
#2399 = ORIENTED_EDGE('',*,*,#2351,.F.);
#2400 = ORIENTED_EDGE('',*,*,#2401,.F.);
#2401 = EDGE_CURVE('',#2385,#2352,#2402,.T.);
#2402 = B_SPLINE_CURVE_WITH_KNOTS('',2,(#2403,#2404,#2405),
  .UNSPECIFIED.,.F.,.F.,(3,3),(0.,1.),.PIECEWISE_BEZIER_KNOTS.);
#2403 = CARTESIAN_POINT('',(0.949182512791,-2.920930232558,0.64));
#2404 = CARTESIAN_POINT('',(0.967578225,-3.020130813953,0.64));
#2405 = CARTESIAN_POINT('',(1.016270085465,-3.069367732558,0.64));
#2406 = SURFACE_OF_LINEAR_EXTRUSION('',#2407,#2411);
#2407 = B_SPLINE_CURVE_WITH_KNOTS('',2,(#2408,#2409,#2410),
  .UNSPECIFIED.,.F.,.F.,(3,3),(0.,1.),.PIECEWISE_BEZIER_KNOTS.);
#2408 = CARTESIAN_POINT('',(0.949182512791,-2.920930232558,0.64));
#2409 = CARTESIAN_POINT('',(0.967578225,-3.020130813953,0.64));
#2410 = CARTESIAN_POINT('',(1.016270085465,-3.069367732558,0.64));
#2411 = VECTOR('',#2412,1.);
#2412 = DIRECTION('',(-0.,-0.,-1.));
#2413 = ADVANCED_FACE('',(#2414),#2439,.T.);
#2414 = FACE_BOUND('',#2415,.T.);
#2415 = EDGE_LOOP('',(#2416,#2426,#2432,#2433));
#2416 = ORIENTED_EDGE('',*,*,#2417,.T.);
#2417 = EDGE_CURVE('',#2418,#2420,#2422,.T.);
#2418 = VERTEX_POINT('',#2419);
#2419 = CARTESIAN_POINT('',(0.826544431395,-2.937872456395,0.64));
#2420 = VERTEX_POINT('',#2421);
#2421 = CARTESIAN_POINT('',(0.826544431395,-2.937872456395,0.66));
#2422 = LINE('',#2423,#2424);
#2423 = CARTESIAN_POINT('',(0.826544431395,-2.937872456395,0.64));
#2424 = VECTOR('',#2425,1.);
#2425 = DIRECTION('',(0.,0.,1.));
#2426 = ORIENTED_EDGE('',*,*,#2427,.T.);
#2427 = EDGE_CURVE('',#2420,#2387,#2428,.T.);
#2428 = LINE('',#2429,#2430);
#2429 = CARTESIAN_POINT('',(0.826544431395,-2.937872456395,0.66));
#2430 = VECTOR('',#2431,1.);
#2431 = DIRECTION('',(0.990591995625,0.136848449766,0.));
#2432 = ORIENTED_EDGE('',*,*,#2384,.F.);
#2433 = ORIENTED_EDGE('',*,*,#2434,.F.);
#2434 = EDGE_CURVE('',#2418,#2385,#2435,.T.);
#2435 = LINE('',#2436,#2437);
#2436 = CARTESIAN_POINT('',(0.826544431395,-2.937872456395,0.64));
#2437 = VECTOR('',#2438,1.);
#2438 = DIRECTION('',(0.990591995625,0.136848449766,0.));
#2439 = PLANE('',#2440);
#2440 = AXIS2_PLACEMENT_3D('',#2441,#2442,#2443);
#2441 = CARTESIAN_POINT('',(0.826544431395,-2.937872456395,0.64));
#2442 = DIRECTION('',(-0.136848449766,0.990591995625,0.));
#2443 = DIRECTION('',(0.990591995625,0.136848449766,0.));
#2444 = ADVANCED_FACE('',(#2445),#2470,.T.);
#2445 = FACE_BOUND('',#2446,.T.);
#2446 = EDGE_LOOP('',(#2447,#2457,#2463,#2464));
#2447 = ORIENTED_EDGE('',*,*,#2448,.T.);
#2448 = EDGE_CURVE('',#2449,#2451,#2453,.T.);
#2449 = VERTEX_POINT('',#2450);
#2450 = CARTESIAN_POINT('',(0.926698864535,-3.140770348837,0.64));
#2451 = VERTEX_POINT('',#2452);
#2452 = CARTESIAN_POINT('',(0.926698864535,-3.140770348837,0.66));
#2453 = LINE('',#2454,#2455);
#2454 = CARTESIAN_POINT('',(0.926698864535,-3.140770348837,0.64));
#2455 = VECTOR('',#2456,1.);
#2456 = DIRECTION('',(0.,0.,1.));
#2457 = ORIENTED_EDGE('',*,*,#2458,.T.);
#2458 = EDGE_CURVE('',#2451,#2420,#2459,.T.);
#2459 = B_SPLINE_CURVE_WITH_KNOTS('',2,(#2460,#2461,#2462),
  .UNSPECIFIED.,.F.,.F.,(3,3),(0.,1.),.PIECEWISE_BEZIER_KNOTS.);
#2460 = CARTESIAN_POINT('',(0.926698864535,-3.140770348837,0.66));
#2461 = CARTESIAN_POINT('',(0.840852207558,-3.064098837209,0.66));
#2462 = CARTESIAN_POINT('',(0.826544431395,-2.937872456395,0.66));
#2463 = ORIENTED_EDGE('',*,*,#2417,.F.);
#2464 = ORIENTED_EDGE('',*,*,#2465,.F.);
#2465 = EDGE_CURVE('',#2449,#2418,#2466,.T.);
#2466 = B_SPLINE_CURVE_WITH_KNOTS('',2,(#2467,#2468,#2469),
  .UNSPECIFIED.,.F.,.F.,(3,3),(0.,1.),.PIECEWISE_BEZIER_KNOTS.);
#2467 = CARTESIAN_POINT('',(0.926698864535,-3.140770348837,0.64));
#2468 = CARTESIAN_POINT('',(0.840852207558,-3.064098837209,0.64));
#2469 = CARTESIAN_POINT('',(0.826544431395,-2.937872456395,0.64));
#2470 = SURFACE_OF_LINEAR_EXTRUSION('',#2471,#2475);
#2471 = B_SPLINE_CURVE_WITH_KNOTS('',2,(#2472,#2473,#2474),
  .UNSPECIFIED.,.F.,.F.,(3,3),(0.,1.),.PIECEWISE_BEZIER_KNOTS.);
#2472 = CARTESIAN_POINT('',(0.926698864535,-3.140770348837,0.64));
#2473 = CARTESIAN_POINT('',(0.840852207558,-3.064098837209,0.64));
#2474 = CARTESIAN_POINT('',(0.826544431395,-2.937872456395,0.64));
#2475 = VECTOR('',#2476,1.);
#2476 = DIRECTION('',(-0.,-0.,-1.));
#2477 = ADVANCED_FACE('',(#2478),#2503,.T.);
#2478 = FACE_BOUND('',#2479,.T.);
#2479 = EDGE_LOOP('',(#2480,#2490,#2496,#2497));
#2480 = ORIENTED_EDGE('',*,*,#2481,.T.);
#2481 = EDGE_CURVE('',#2482,#2484,#2486,.T.);
#2482 = VERTEX_POINT('',#2483);
#2483 = CARTESIAN_POINT('',(1.144722120349,-3.217441860465,0.64));
#2484 = VERTEX_POINT('',#2485);
#2485 = CARTESIAN_POINT('',(1.144722120349,-3.217441860465,0.66));
#2486 = LINE('',#2487,#2488);
#2487 = CARTESIAN_POINT('',(1.144722120349,-3.217441860465,0.64));
#2488 = VECTOR('',#2489,1.);
#2489 = DIRECTION('',(0.,0.,1.));
#2490 = ORIENTED_EDGE('',*,*,#2491,.T.);
#2491 = EDGE_CURVE('',#2484,#2451,#2492,.T.);
#2492 = B_SPLINE_CURVE_WITH_KNOTS('',2,(#2493,#2494,#2495),
  .UNSPECIFIED.,.F.,.F.,(3,3),(0.,1.),.PIECEWISE_BEZIER_KNOTS.);
#2493 = CARTESIAN_POINT('',(1.144722120349,-3.217441860465,0.66));
#2494 = CARTESIAN_POINT('',(1.012545521512,-3.217441860465,0.66));
#2495 = CARTESIAN_POINT('',(0.926698864535,-3.140770348837,0.66));
#2496 = ORIENTED_EDGE('',*,*,#2448,.F.);
#2497 = ORIENTED_EDGE('',*,*,#2498,.F.);
#2498 = EDGE_CURVE('',#2482,#2449,#2499,.T.);
#2499 = B_SPLINE_CURVE_WITH_KNOTS('',2,(#2500,#2501,#2502),
  .UNSPECIFIED.,.F.,.F.,(3,3),(0.,1.),.PIECEWISE_BEZIER_KNOTS.);
#2500 = CARTESIAN_POINT('',(1.144722120349,-3.217441860465,0.64));
#2501 = CARTESIAN_POINT('',(1.012545521512,-3.217441860465,0.64));
#2502 = CARTESIAN_POINT('',(0.926698864535,-3.140770348837,0.64));
#2503 = SURFACE_OF_LINEAR_EXTRUSION('',#2504,#2508);
#2504 = B_SPLINE_CURVE_WITH_KNOTS('',2,(#2505,#2506,#2507),
  .UNSPECIFIED.,.F.,.F.,(3,3),(0.,1.),.PIECEWISE_BEZIER_KNOTS.);
#2505 = CARTESIAN_POINT('',(1.144722120349,-3.217441860465,0.64));
#2506 = CARTESIAN_POINT('',(1.012545521512,-3.217441860465,0.64));
#2507 = CARTESIAN_POINT('',(0.926698864535,-3.140770348837,0.64));
#2508 = VECTOR('',#2509,1.);
#2509 = DIRECTION('',(-0.,-0.,-1.));
#2510 = ADVANCED_FACE('',(#2511),#2536,.T.);
#2511 = FACE_BOUND('',#2512,.T.);
#2512 = EDGE_LOOP('',(#2513,#2523,#2529,#2530));
#2513 = ORIENTED_EDGE('',*,*,#2514,.T.);
#2514 = EDGE_CURVE('',#2515,#2517,#2519,.T.);
#2515 = VERTEX_POINT('',#2516);
#2516 = CARTESIAN_POINT('',(1.382140361628,-3.13023255814,0.64));
#2517 = VERTEX_POINT('',#2518);
#2518 = CARTESIAN_POINT('',(1.382140361628,-3.13023255814,0.66));
#2519 = LINE('',#2520,#2521);
#2520 = CARTESIAN_POINT('',(1.382140361628,-3.13023255814,0.64));
#2521 = VECTOR('',#2522,1.);
#2522 = DIRECTION('',(0.,0.,1.));
#2523 = ORIENTED_EDGE('',*,*,#2524,.T.);
#2524 = EDGE_CURVE('',#2517,#2484,#2525,.T.);
#2525 = B_SPLINE_CURVE_WITH_KNOTS('',2,(#2526,#2527,#2528),
  .UNSPECIFIED.,.F.,.F.,(3,3),(0.,1.),.PIECEWISE_BEZIER_KNOTS.);
#2526 = CARTESIAN_POINT('',(1.382140361628,-3.13023255814,0.66));
#2527 = CARTESIAN_POINT('',(1.283030623256,-3.217441860465,0.66));
#2528 = CARTESIAN_POINT('',(1.144722120349,-3.217441860465,0.66));
#2529 = ORIENTED_EDGE('',*,*,#2481,.F.);
#2530 = ORIENTED_EDGE('',*,*,#2531,.F.);
#2531 = EDGE_CURVE('',#2515,#2482,#2532,.T.);
#2532 = B_SPLINE_CURVE_WITH_KNOTS('',2,(#2533,#2534,#2535),
  .UNSPECIFIED.,.F.,.F.,(3,3),(0.,1.),.PIECEWISE_BEZIER_KNOTS.);
#2533 = CARTESIAN_POINT('',(1.382140361628,-3.13023255814,0.64));
#2534 = CARTESIAN_POINT('',(1.283030623256,-3.217441860465,0.64));
#2535 = CARTESIAN_POINT('',(1.144722120349,-3.217441860465,0.64));
#2536 = SURFACE_OF_LINEAR_EXTRUSION('',#2537,#2541);
#2537 = B_SPLINE_CURVE_WITH_KNOTS('',2,(#2538,#2539,#2540),
  .UNSPECIFIED.,.F.,.F.,(3,3),(0.,1.),.PIECEWISE_BEZIER_KNOTS.);
#2538 = CARTESIAN_POINT('',(1.382140361628,-3.13023255814,0.64));
#2539 = CARTESIAN_POINT('',(1.283030623256,-3.217441860465,0.64));
#2540 = CARTESIAN_POINT('',(1.144722120349,-3.217441860465,0.64));
#2541 = VECTOR('',#2542,1.);
#2542 = DIRECTION('',(-0.,-0.,-1.));
#2543 = ADVANCED_FACE('',(#2544),#2569,.T.);
#2544 = FACE_BOUND('',#2545,.T.);
#2545 = EDGE_LOOP('',(#2546,#2556,#2562,#2563));
#2546 = ORIENTED_EDGE('',*,*,#2547,.T.);
#2547 = EDGE_CURVE('',#2548,#2550,#2552,.T.);
#2548 = VERTEX_POINT('',#2549);
#2549 = CARTESIAN_POINT('',(1.481295521512,-2.907258357558,0.64));
#2550 = VERTEX_POINT('',#2551);
#2551 = CARTESIAN_POINT('',(1.481295521512,-2.907258357558,0.66));
#2552 = LINE('',#2553,#2554);
#2553 = CARTESIAN_POINT('',(1.481295521512,-2.907258357558,0.64));
#2554 = VECTOR('',#2555,1.);
#2555 = DIRECTION('',(0.,0.,1.));
#2556 = ORIENTED_EDGE('',*,*,#2557,.T.);
#2557 = EDGE_CURVE('',#2550,#2517,#2558,.T.);
#2558 = B_SPLINE_CURVE_WITH_KNOTS('',2,(#2559,#2560,#2561),
  .UNSPECIFIED.,.F.,.F.,(3,3),(0.,1.),.PIECEWISE_BEZIER_KNOTS.);
#2559 = CARTESIAN_POINT('',(1.481295521512,-2.907258357558,0.66));
#2560 = CARTESIAN_POINT('',(1.481295521512,-3.042977834302,0.66));
#2561 = CARTESIAN_POINT('',(1.382140361628,-3.13023255814,0.66));
#2562 = ORIENTED_EDGE('',*,*,#2514,.F.);
#2563 = ORIENTED_EDGE('',*,*,#2564,.F.);
#2564 = EDGE_CURVE('',#2548,#2515,#2565,.T.);
#2565 = B_SPLINE_CURVE_WITH_KNOTS('',2,(#2566,#2567,#2568),
  .UNSPECIFIED.,.F.,.F.,(3,3),(0.,1.),.PIECEWISE_BEZIER_KNOTS.);
#2566 = CARTESIAN_POINT('',(1.481295521512,-2.907258357558,0.64));
#2567 = CARTESIAN_POINT('',(1.481295521512,-3.042977834302,0.64));
#2568 = CARTESIAN_POINT('',(1.382140361628,-3.13023255814,0.64));
#2569 = SURFACE_OF_LINEAR_EXTRUSION('',#2570,#2574);
#2570 = B_SPLINE_CURVE_WITH_KNOTS('',2,(#2571,#2572,#2573),
  .UNSPECIFIED.,.F.,.F.,(3,3),(0.,1.),.PIECEWISE_BEZIER_KNOTS.);
#2571 = CARTESIAN_POINT('',(1.481295521512,-2.907258357558,0.64));
#2572 = CARTESIAN_POINT('',(1.481295521512,-3.042977834302,0.64));
#2573 = CARTESIAN_POINT('',(1.382140361628,-3.13023255814,0.64));
#2574 = VECTOR('',#2575,1.);
#2575 = DIRECTION('',(-0.,-0.,-1.));
#2576 = ADVANCED_FACE('',(#2577),#2593,.T.);
#2577 = FACE_BOUND('',#2578,.T.);
#2578 = EDGE_LOOP('',(#2579,#2580,#2586,#2587));
#2579 = ORIENTED_EDGE('',*,*,#1640,.T.);
#2580 = ORIENTED_EDGE('',*,*,#2581,.T.);
#2581 = EDGE_CURVE('',#1633,#2550,#2582,.T.);
#2582 = B_SPLINE_CURVE_WITH_KNOTS('',2,(#2583,#2584,#2585),
  .UNSPECIFIED.,.F.,.F.,(3,3),(0.,1.),.PIECEWISE_BEZIER_KNOTS.);
#2583 = CARTESIAN_POINT('',(1.433920884884,-2.751507994186,0.66));
#2584 = CARTESIAN_POINT('',(1.481295521512,-2.823092296512,0.66));
#2585 = CARTESIAN_POINT('',(1.481295521512,-2.907258357558,0.66));
#2586 = ORIENTED_EDGE('',*,*,#2547,.F.);
#2587 = ORIENTED_EDGE('',*,*,#2588,.F.);
#2588 = EDGE_CURVE('',#1641,#2548,#2589,.T.);
#2589 = B_SPLINE_CURVE_WITH_KNOTS('',2,(#2590,#2591,#2592),
  .UNSPECIFIED.,.F.,.F.,(3,3),(0.,1.),.PIECEWISE_BEZIER_KNOTS.);
#2590 = CARTESIAN_POINT('',(1.433920884884,-2.751507994186,0.64));
#2591 = CARTESIAN_POINT('',(1.481295521512,-2.823092296512,0.64));
#2592 = CARTESIAN_POINT('',(1.481295521512,-2.907258357558,0.64));
#2593 = SURFACE_OF_LINEAR_EXTRUSION('',#2594,#2598);
#2594 = B_SPLINE_CURVE_WITH_KNOTS('',2,(#2595,#2596,#2597),
  .UNSPECIFIED.,.F.,.F.,(3,3),(0.,1.),.PIECEWISE_BEZIER_KNOTS.);
#2595 = CARTESIAN_POINT('',(1.433920884884,-2.751507994186,0.64));
#2596 = CARTESIAN_POINT('',(1.481295521512,-2.823092296512,0.64));
#2597 = CARTESIAN_POINT('',(1.481295521512,-2.907258357558,0.64));
#2598 = VECTOR('',#2599,1.);
#2599 = DIRECTION('',(-0.,-0.,-1.));
#2600 = ADVANCED_FACE('',(#2601),#2633,.F.);
#2601 = FACE_BOUND('',#2602,.F.);
#2602 = EDGE_LOOP('',(#2603,#2604,#2605,#2606,#2607,#2608,#2609,#2610,
    #2611,#2612,#2613,#2614,#2615,#2616,#2617,#2618,#2619,#2620,#2621,
    #2622,#2623,#2624,#2625,#2626,#2627,#2628,#2629,#2630,#2631,#2632));
#2603 = ORIENTED_EDGE('',*,*,#1648,.F.);
#2604 = ORIENTED_EDGE('',*,*,#1681,.F.);
#2605 = ORIENTED_EDGE('',*,*,#1712,.F.);
#2606 = ORIENTED_EDGE('',*,*,#1745,.F.);
#2607 = ORIENTED_EDGE('',*,*,#1778,.F.);
#2608 = ORIENTED_EDGE('',*,*,#1811,.F.);
#2609 = ORIENTED_EDGE('',*,*,#1844,.F.);
#2610 = ORIENTED_EDGE('',*,*,#1877,.F.);
#2611 = ORIENTED_EDGE('',*,*,#1908,.F.);
#2612 = ORIENTED_EDGE('',*,*,#1941,.F.);
#2613 = ORIENTED_EDGE('',*,*,#1974,.F.);
#2614 = ORIENTED_EDGE('',*,*,#2007,.F.);
#2615 = ORIENTED_EDGE('',*,*,#2040,.F.);
#2616 = ORIENTED_EDGE('',*,*,#2073,.F.);
#2617 = ORIENTED_EDGE('',*,*,#2106,.F.);
#2618 = ORIENTED_EDGE('',*,*,#2139,.F.);
#2619 = ORIENTED_EDGE('',*,*,#2172,.F.);
#2620 = ORIENTED_EDGE('',*,*,#2203,.F.);
#2621 = ORIENTED_EDGE('',*,*,#2236,.F.);
#2622 = ORIENTED_EDGE('',*,*,#2269,.F.);
#2623 = ORIENTED_EDGE('',*,*,#2302,.F.);
#2624 = ORIENTED_EDGE('',*,*,#2335,.F.);
#2625 = ORIENTED_EDGE('',*,*,#2368,.F.);
#2626 = ORIENTED_EDGE('',*,*,#2401,.F.);
#2627 = ORIENTED_EDGE('',*,*,#2434,.F.);
#2628 = ORIENTED_EDGE('',*,*,#2465,.F.);
#2629 = ORIENTED_EDGE('',*,*,#2498,.F.);
#2630 = ORIENTED_EDGE('',*,*,#2531,.F.);
#2631 = ORIENTED_EDGE('',*,*,#2564,.F.);
#2632 = ORIENTED_EDGE('',*,*,#2588,.F.);
#2633 = PLANE('',#2634);
#2634 = AXIS2_PLACEMENT_3D('',#2635,#2636,#2637);
#2635 = CARTESIAN_POINT('',(1.177347029668,-2.710647228142,0.64));
#2636 = DIRECTION('',(0.,0.,1.));
#2637 = DIRECTION('',(1.,0.,0.));
#2638 = ADVANCED_FACE('',(#2639),#2671,.T.);
#2639 = FACE_BOUND('',#2640,.T.);
#2640 = EDGE_LOOP('',(#2641,#2642,#2643,#2644,#2645,#2646,#2647,#2648,
    #2649,#2650,#2651,#2652,#2653,#2654,#2655,#2656,#2657,#2658,#2659,
    #2660,#2661,#2662,#2663,#2664,#2665,#2666,#2667,#2668,#2669,#2670));
#2641 = ORIENTED_EDGE('',*,*,#1632,.F.);
#2642 = ORIENTED_EDGE('',*,*,#1674,.F.);
#2643 = ORIENTED_EDGE('',*,*,#1705,.F.);
#2644 = ORIENTED_EDGE('',*,*,#1738,.F.);
#2645 = ORIENTED_EDGE('',*,*,#1771,.F.);
#2646 = ORIENTED_EDGE('',*,*,#1804,.F.);
#2647 = ORIENTED_EDGE('',*,*,#1837,.F.);
#2648 = ORIENTED_EDGE('',*,*,#1870,.F.);
#2649 = ORIENTED_EDGE('',*,*,#1901,.F.);
#2650 = ORIENTED_EDGE('',*,*,#1934,.F.);
#2651 = ORIENTED_EDGE('',*,*,#1967,.F.);
#2652 = ORIENTED_EDGE('',*,*,#2000,.F.);
#2653 = ORIENTED_EDGE('',*,*,#2033,.F.);
#2654 = ORIENTED_EDGE('',*,*,#2066,.F.);
#2655 = ORIENTED_EDGE('',*,*,#2099,.F.);
#2656 = ORIENTED_EDGE('',*,*,#2132,.F.);
#2657 = ORIENTED_EDGE('',*,*,#2165,.F.);
#2658 = ORIENTED_EDGE('',*,*,#2196,.F.);
#2659 = ORIENTED_EDGE('',*,*,#2229,.F.);
#2660 = ORIENTED_EDGE('',*,*,#2262,.F.);
#2661 = ORIENTED_EDGE('',*,*,#2295,.F.);
#2662 = ORIENTED_EDGE('',*,*,#2328,.F.);
#2663 = ORIENTED_EDGE('',*,*,#2361,.F.);
#2664 = ORIENTED_EDGE('',*,*,#2394,.F.);
#2665 = ORIENTED_EDGE('',*,*,#2427,.F.);
#2666 = ORIENTED_EDGE('',*,*,#2458,.F.);
#2667 = ORIENTED_EDGE('',*,*,#2491,.F.);
#2668 = ORIENTED_EDGE('',*,*,#2524,.F.);
#2669 = ORIENTED_EDGE('',*,*,#2557,.F.);
#2670 = ORIENTED_EDGE('',*,*,#2581,.F.);
#2671 = PLANE('',#2672);
#2672 = AXIS2_PLACEMENT_3D('',#2673,#2674,#2675);
#2673 = CARTESIAN_POINT('',(1.177347029668,-2.710647228142,0.66));
#2674 = DIRECTION('',(0.,0.,1.));
#2675 = DIRECTION('',(1.,0.,0.));
#2676 = ( GEOMETRIC_REPRESENTATION_CONTEXT(3) 
GLOBAL_UNCERTAINTY_ASSIGNED_CONTEXT((#2680)) 
GLOBAL_UNIT_ASSIGNED_CONTEXT((#2677,#2678,#2679)) REPRESENTATION_CONTEXT
('Context #1','3D Context with UNIT and UNCERTAINTY') );
#2677 = ( LENGTH_UNIT() NAMED_UNIT(*) SI_UNIT(.MILLI.,.METRE.) );
#2678 = ( NAMED_UNIT(*) PLANE_ANGLE_UNIT() SI_UNIT($,.RADIAN.) );
#2679 = ( NAMED_UNIT(*) SI_UNIT($,.STERADIAN.) SOLID_ANGLE_UNIT() );
#2680 = UNCERTAINTY_MEASURE_WITH_UNIT(LENGTH_MEASURE(1.E-07),#2677,
  'distance_accuracy_value','confusion accuracy');
#2681 = CONTEXT_DEPENDENT_SHAPE_REPRESENTATION(#2682,#2684);
#2682 = ( REPRESENTATION_RELATIONSHIP('','',#355,#10) 
REPRESENTATION_RELATIONSHIP_WITH_TRANSFORMATION(#2683) 
SHAPE_REPRESENTATION_RELATIONSHIP() );
#2683 = ITEM_DEFINED_TRANSFORMATION('','',#11,#19);
#2684 = PRODUCT_DEFINITION_SHAPE('Placement','Placement of an item',
  #2685);
#2685 = NEXT_ASSEMBLY_USAGE_OCCURRENCE('2','Extrude','',#5,#350,$);
#2686 = PRODUCT_RELATED_PRODUCT_CATEGORY('part',$,(#352));
#2687 = SHAPE_DEFINITION_REPRESENTATION(#2688,#2694);
#2688 = PRODUCT_DEFINITION_SHAPE('','',#2689);
#2689 = PRODUCT_DEFINITION('design','',#2690,#2693);
#2690 = PRODUCT_DEFINITION_FORMATION('','',#2691);
#2691 = PRODUCT('Pad','Pad','',(#2692));
#2692 = PRODUCT_CONTEXT('',#2,'mechanical');
#2693 = PRODUCT_DEFINITION_CONTEXT('part definition',#2,'design');
#2694 = ADVANCED_BREP_SHAPE_REPRESENTATION('',(#11,#2695),#2845);
#2695 = MANIFOLD_SOLID_BREP('',#2696);
#2696 = CLOSED_SHELL('',(#2697,#2737,#2768,#2799,#2821,#2833));
#2697 = ADVANCED_FACE('',(#2698),#2732,.F.);
#2698 = FACE_BOUND('',#2699,.F.);
#2699 = EDGE_LOOP('',(#2700,#2710,#2718,#2726));
#2700 = ORIENTED_EDGE('',*,*,#2701,.T.);
#2701 = EDGE_CURVE('',#2702,#2704,#2706,.T.);
#2702 = VERTEX_POINT('',#2703);
#2703 = CARTESIAN_POINT('',(-3.5,-3.50400645,0.));
#2704 = VERTEX_POINT('',#2705);
#2705 = CARTESIAN_POINT('',(-3.5,-3.50400645,0.64));
#2706 = LINE('',#2707,#2708);
#2707 = CARTESIAN_POINT('',(-3.5,-3.50400645,0.));
#2708 = VECTOR('',#2709,1.);
#2709 = DIRECTION('',(0.,0.,1.));
#2710 = ORIENTED_EDGE('',*,*,#2711,.T.);
#2711 = EDGE_CURVE('',#2704,#2712,#2714,.T.);
#2712 = VERTEX_POINT('',#2713);
#2713 = CARTESIAN_POINT('',(3.5,-3.50400645,0.64));
#2714 = LINE('',#2715,#2716);
#2715 = CARTESIAN_POINT('',(-3.5,-3.50400645,0.64));
#2716 = VECTOR('',#2717,1.);
#2717 = DIRECTION('',(1.,0.,0.));
#2718 = ORIENTED_EDGE('',*,*,#2719,.F.);
#2719 = EDGE_CURVE('',#2720,#2712,#2722,.T.);
#2720 = VERTEX_POINT('',#2721);
#2721 = CARTESIAN_POINT('',(3.5,-3.50400645,0.));
#2722 = LINE('',#2723,#2724);
#2723 = CARTESIAN_POINT('',(3.5,-3.50400645,0.));
#2724 = VECTOR('',#2725,1.);
#2725 = DIRECTION('',(0.,0.,1.));
#2726 = ORIENTED_EDGE('',*,*,#2727,.F.);
#2727 = EDGE_CURVE('',#2702,#2720,#2728,.T.);
#2728 = LINE('',#2729,#2730);
#2729 = CARTESIAN_POINT('',(-3.5,-3.50400645,0.));
#2730 = VECTOR('',#2731,1.);
#2731 = DIRECTION('',(1.,0.,0.));
#2732 = PLANE('',#2733);
#2733 = AXIS2_PLACEMENT_3D('',#2734,#2735,#2736);
#2734 = CARTESIAN_POINT('',(-3.5,-3.50400645,0.));
#2735 = DIRECTION('',(0.,1.,0.));
#2736 = DIRECTION('',(1.,0.,0.));
#2737 = ADVANCED_FACE('',(#2738),#2763,.F.);
#2738 = FACE_BOUND('',#2739,.F.);
#2739 = EDGE_LOOP('',(#2740,#2741,#2749,#2757));
#2740 = ORIENTED_EDGE('',*,*,#2719,.T.);
#2741 = ORIENTED_EDGE('',*,*,#2742,.T.);
#2742 = EDGE_CURVE('',#2712,#2743,#2745,.T.);
#2743 = VERTEX_POINT('',#2744);
#2744 = CARTESIAN_POINT('',(3.5,3.49599355,0.64));
#2745 = LINE('',#2746,#2747);
#2746 = CARTESIAN_POINT('',(3.5,-3.50400645,0.64));
#2747 = VECTOR('',#2748,1.);
#2748 = DIRECTION('',(0.,1.,0.));
#2749 = ORIENTED_EDGE('',*,*,#2750,.F.);
#2750 = EDGE_CURVE('',#2751,#2743,#2753,.T.);
#2751 = VERTEX_POINT('',#2752);
#2752 = CARTESIAN_POINT('',(3.5,3.49599355,0.));
#2753 = LINE('',#2754,#2755);
#2754 = CARTESIAN_POINT('',(3.5,3.49599355,0.));
#2755 = VECTOR('',#2756,1.);
#2756 = DIRECTION('',(0.,0.,1.));
#2757 = ORIENTED_EDGE('',*,*,#2758,.F.);
#2758 = EDGE_CURVE('',#2720,#2751,#2759,.T.);
#2759 = LINE('',#2760,#2761);
#2760 = CARTESIAN_POINT('',(3.5,-3.50400645,0.));
#2761 = VECTOR('',#2762,1.);
#2762 = DIRECTION('',(0.,1.,0.));
#2763 = PLANE('',#2764);
#2764 = AXIS2_PLACEMENT_3D('',#2765,#2766,#2767);
#2765 = CARTESIAN_POINT('',(3.5,-3.50400645,0.));
#2766 = DIRECTION('',(-1.,0.,0.));
#2767 = DIRECTION('',(0.,1.,0.));
#2768 = ADVANCED_FACE('',(#2769),#2794,.F.);
#2769 = FACE_BOUND('',#2770,.F.);
#2770 = EDGE_LOOP('',(#2771,#2772,#2780,#2788));
#2771 = ORIENTED_EDGE('',*,*,#2750,.T.);
#2772 = ORIENTED_EDGE('',*,*,#2773,.T.);
#2773 = EDGE_CURVE('',#2743,#2774,#2776,.T.);
#2774 = VERTEX_POINT('',#2775);
#2775 = CARTESIAN_POINT('',(-3.5,3.49599355,0.64));
#2776 = LINE('',#2777,#2778);
#2777 = CARTESIAN_POINT('',(3.5,3.49599355,0.64));
#2778 = VECTOR('',#2779,1.);
#2779 = DIRECTION('',(-1.,0.,0.));
#2780 = ORIENTED_EDGE('',*,*,#2781,.F.);
#2781 = EDGE_CURVE('',#2782,#2774,#2784,.T.);
#2782 = VERTEX_POINT('',#2783);
#2783 = CARTESIAN_POINT('',(-3.5,3.49599355,0.));
#2784 = LINE('',#2785,#2786);
#2785 = CARTESIAN_POINT('',(-3.5,3.49599355,0.));
#2786 = VECTOR('',#2787,1.);
#2787 = DIRECTION('',(0.,0.,1.));
#2788 = ORIENTED_EDGE('',*,*,#2789,.F.);
#2789 = EDGE_CURVE('',#2751,#2782,#2790,.T.);
#2790 = LINE('',#2791,#2792);
#2791 = CARTESIAN_POINT('',(3.5,3.49599355,0.));
#2792 = VECTOR('',#2793,1.);
#2793 = DIRECTION('',(-1.,0.,0.));
#2794 = PLANE('',#2795);
#2795 = AXIS2_PLACEMENT_3D('',#2796,#2797,#2798);
#2796 = CARTESIAN_POINT('',(3.5,3.49599355,0.));
#2797 = DIRECTION('',(0.,-1.,0.));
#2798 = DIRECTION('',(-1.,0.,0.));
#2799 = ADVANCED_FACE('',(#2800),#2816,.F.);
#2800 = FACE_BOUND('',#2801,.F.);
#2801 = EDGE_LOOP('',(#2802,#2803,#2809,#2810));
#2802 = ORIENTED_EDGE('',*,*,#2781,.T.);
#2803 = ORIENTED_EDGE('',*,*,#2804,.T.);
#2804 = EDGE_CURVE('',#2774,#2704,#2805,.T.);
#2805 = LINE('',#2806,#2807);
#2806 = CARTESIAN_POINT('',(-3.5,3.49599355,0.64));
#2807 = VECTOR('',#2808,1.);
#2808 = DIRECTION('',(0.,-1.,0.));
#2809 = ORIENTED_EDGE('',*,*,#2701,.F.);
#2810 = ORIENTED_EDGE('',*,*,#2811,.F.);
#2811 = EDGE_CURVE('',#2782,#2702,#2812,.T.);
#2812 = LINE('',#2813,#2814);
#2813 = CARTESIAN_POINT('',(-3.5,3.49599355,0.));
#2814 = VECTOR('',#2815,1.);
#2815 = DIRECTION('',(0.,-1.,0.));
#2816 = PLANE('',#2817);
#2817 = AXIS2_PLACEMENT_3D('',#2818,#2819,#2820);
#2818 = CARTESIAN_POINT('',(-3.5,3.49599355,0.));
#2819 = DIRECTION('',(1.,0.,-0.));
#2820 = DIRECTION('',(0.,-1.,0.));
#2821 = ADVANCED_FACE('',(#2822),#2828,.F.);
#2822 = FACE_BOUND('',#2823,.F.);
#2823 = EDGE_LOOP('',(#2824,#2825,#2826,#2827));
#2824 = ORIENTED_EDGE('',*,*,#2727,.T.);
#2825 = ORIENTED_EDGE('',*,*,#2758,.T.);
#2826 = ORIENTED_EDGE('',*,*,#2789,.T.);
#2827 = ORIENTED_EDGE('',*,*,#2811,.T.);
#2828 = PLANE('',#2829);
#2829 = AXIS2_PLACEMENT_3D('',#2830,#2831,#2832);
#2830 = CARTESIAN_POINT('',(0.,-4.006450000001E-03,0.));
#2831 = DIRECTION('',(0.,0.,1.));
#2832 = DIRECTION('',(1.,0.,0.));
#2833 = ADVANCED_FACE('',(#2834),#2840,.T.);
#2834 = FACE_BOUND('',#2835,.T.);
#2835 = EDGE_LOOP('',(#2836,#2837,#2838,#2839));
#2836 = ORIENTED_EDGE('',*,*,#2711,.T.);
#2837 = ORIENTED_EDGE('',*,*,#2742,.T.);
#2838 = ORIENTED_EDGE('',*,*,#2773,.T.);
#2839 = ORIENTED_EDGE('',*,*,#2804,.T.);
#2840 = PLANE('',#2841);
#2841 = AXIS2_PLACEMENT_3D('',#2842,#2843,#2844);
#2842 = CARTESIAN_POINT('',(0.,-4.006450000001E-03,0.64));
#2843 = DIRECTION('',(0.,0.,1.));
#2844 = DIRECTION('',(1.,0.,0.));
#2845 = ( GEOMETRIC_REPRESENTATION_CONTEXT(3) 
GLOBAL_UNCERTAINTY_ASSIGNED_CONTEXT((#2849)) 
GLOBAL_UNIT_ASSIGNED_CONTEXT((#2846,#2847,#2848)) REPRESENTATION_CONTEXT
('Context #1','3D Context with UNIT and UNCERTAINTY') );
#2846 = ( LENGTH_UNIT() NAMED_UNIT(*) SI_UNIT(.MILLI.,.METRE.) );
#2847 = ( NAMED_UNIT(*) PLANE_ANGLE_UNIT() SI_UNIT($,.RADIAN.) );
#2848 = ( NAMED_UNIT(*) SI_UNIT($,.STERADIAN.) SOLID_ANGLE_UNIT() );
#2849 = UNCERTAINTY_MEASURE_WITH_UNIT(LENGTH_MEASURE(1.E-07),#2846,
  'distance_accuracy_value','confusion accuracy');
#2850 = CONTEXT_DEPENDENT_SHAPE_REPRESENTATION(#2851,#2853);
#2851 = ( REPRESENTATION_RELATIONSHIP('','',#2694,#10) 
REPRESENTATION_RELATIONSHIP_WITH_TRANSFORMATION(#2852) 
SHAPE_REPRESENTATION_RELATIONSHIP() );
#2852 = ITEM_DEFINED_TRANSFORMATION('','',#11,#23);
#2853 = PRODUCT_DEFINITION_SHAPE('Placement','Placement of an item',
  #2854);
#2854 = NEXT_ASSEMBLY_USAGE_OCCURRENCE('3','Pad','',#5,#2689,$);
#2855 = PRODUCT_RELATED_PRODUCT_CATEGORY('part',$,(#2691));
#2856 = SHAPE_DEFINITION_REPRESENTATION(#2857,#2863);
#2857 = PRODUCT_DEFINITION_SHAPE('','',#2858);
#2858 = PRODUCT_DEFINITION('design','',#2859,#2862);
#2859 = PRODUCT_DEFINITION_FORMATION('','',#2860);
#2860 = PRODUCT('Pad001','Pad001','',(#2861));
#2861 = PRODUCT_CONTEXT('',#2,'mechanical');
#2862 = PRODUCT_DEFINITION_CONTEXT('part definition',#2,'design');
#2863 = ADVANCED_BREP_SHAPE_REPRESENTATION('',(#11,#2864),#3156);
#2864 = MANIFOLD_SOLID_BREP('',#2865);
#2865 = CLOSED_SHELL('',(#2866,#2906,#2937,#2968,#2985,#3036,#3048,#3079
    ,#3103,#3127,#3144));
#2866 = ADVANCED_FACE('',(#2867),#2901,.F.);
#2867 = FACE_BOUND('',#2868,.F.);
#2868 = EDGE_LOOP('',(#2869,#2879,#2887,#2895));
#2869 = ORIENTED_EDGE('',*,*,#2870,.T.);
#2870 = EDGE_CURVE('',#2871,#2873,#2875,.T.);
#2871 = VERTEX_POINT('',#2872);
#2872 = CARTESIAN_POINT('',(-3.5,-3.50400645,0.));
#2873 = VERTEX_POINT('',#2874);
#2874 = CARTESIAN_POINT('',(-3.5,-3.50400645,0.64));
#2875 = LINE('',#2876,#2877);
#2876 = CARTESIAN_POINT('',(-3.5,-3.50400645,0.));
#2877 = VECTOR('',#2878,1.);
#2878 = DIRECTION('',(0.,0.,1.));
#2879 = ORIENTED_EDGE('',*,*,#2880,.T.);
#2880 = EDGE_CURVE('',#2873,#2881,#2883,.T.);
#2881 = VERTEX_POINT('',#2882);
#2882 = CARTESIAN_POINT('',(3.5,-3.50400645,0.64));
#2883 = LINE('',#2884,#2885);
#2884 = CARTESIAN_POINT('',(-3.5,-3.50400645,0.64));
#2885 = VECTOR('',#2886,1.);
#2886 = DIRECTION('',(1.,0.,0.));
#2887 = ORIENTED_EDGE('',*,*,#2888,.F.);
#2888 = EDGE_CURVE('',#2889,#2881,#2891,.T.);
#2889 = VERTEX_POINT('',#2890);
#2890 = CARTESIAN_POINT('',(3.5,-3.50400645,0.));
#2891 = LINE('',#2892,#2893);
#2892 = CARTESIAN_POINT('',(3.5,-3.50400645,0.));
#2893 = VECTOR('',#2894,1.);
#2894 = DIRECTION('',(0.,0.,1.));
#2895 = ORIENTED_EDGE('',*,*,#2896,.F.);
#2896 = EDGE_CURVE('',#2871,#2889,#2897,.T.);
#2897 = LINE('',#2898,#2899);
#2898 = CARTESIAN_POINT('',(-3.5,-3.50400645,0.));
#2899 = VECTOR('',#2900,1.);
#2900 = DIRECTION('',(1.,0.,0.));
#2901 = PLANE('',#2902);
#2902 = AXIS2_PLACEMENT_3D('',#2903,#2904,#2905);
#2903 = CARTESIAN_POINT('',(-3.5,-3.50400645,0.));
#2904 = DIRECTION('',(0.,1.,0.));
#2905 = DIRECTION('',(1.,0.,0.));
#2906 = ADVANCED_FACE('',(#2907),#2932,.F.);
#2907 = FACE_BOUND('',#2908,.F.);
#2908 = EDGE_LOOP('',(#2909,#2919,#2925,#2926));
#2909 = ORIENTED_EDGE('',*,*,#2910,.T.);
#2910 = EDGE_CURVE('',#2911,#2913,#2915,.T.);
#2911 = VERTEX_POINT('',#2912);
#2912 = CARTESIAN_POINT('',(-3.5,3.49599355,0.));
#2913 = VERTEX_POINT('',#2914);
#2914 = CARTESIAN_POINT('',(-3.5,3.49599355,0.64));
#2915 = LINE('',#2916,#2917);
#2916 = CARTESIAN_POINT('',(-3.5,3.49599355,0.));
#2917 = VECTOR('',#2918,1.);
#2918 = DIRECTION('',(0.,0.,1.));
#2919 = ORIENTED_EDGE('',*,*,#2920,.T.);
#2920 = EDGE_CURVE('',#2913,#2873,#2921,.T.);
#2921 = LINE('',#2922,#2923);
#2922 = CARTESIAN_POINT('',(-3.5,3.49599355,0.64));
#2923 = VECTOR('',#2924,1.);
#2924 = DIRECTION('',(0.,-1.,0.));
#2925 = ORIENTED_EDGE('',*,*,#2870,.F.);
#2926 = ORIENTED_EDGE('',*,*,#2927,.F.);
#2927 = EDGE_CURVE('',#2911,#2871,#2928,.T.);
#2928 = LINE('',#2929,#2930);
#2929 = CARTESIAN_POINT('',(-3.5,3.49599355,0.));
#2930 = VECTOR('',#2931,1.);
#2931 = DIRECTION('',(0.,-1.,0.));
#2932 = PLANE('',#2933);
#2933 = AXIS2_PLACEMENT_3D('',#2934,#2935,#2936);
#2934 = CARTESIAN_POINT('',(-3.5,3.49599355,0.));
#2935 = DIRECTION('',(1.,0.,0.));
#2936 = DIRECTION('',(0.,-1.,0.));
#2937 = ADVANCED_FACE('',(#2938),#2963,.F.);
#2938 = FACE_BOUND('',#2939,.F.);
#2939 = EDGE_LOOP('',(#2940,#2941,#2949,#2957));
#2940 = ORIENTED_EDGE('',*,*,#2888,.T.);
#2941 = ORIENTED_EDGE('',*,*,#2942,.T.);
#2942 = EDGE_CURVE('',#2881,#2943,#2945,.T.);
#2943 = VERTEX_POINT('',#2944);
#2944 = CARTESIAN_POINT('',(3.5,3.49599355,0.64));
#2945 = LINE('',#2946,#2947);
#2946 = CARTESIAN_POINT('',(3.5,-3.50400645,0.64));
#2947 = VECTOR('',#2948,1.);
#2948 = DIRECTION('',(0.,1.,0.));
#2949 = ORIENTED_EDGE('',*,*,#2950,.F.);
#2950 = EDGE_CURVE('',#2951,#2943,#2953,.T.);
#2951 = VERTEX_POINT('',#2952);
#2952 = CARTESIAN_POINT('',(3.5,3.49599355,0.));
#2953 = LINE('',#2954,#2955);
#2954 = CARTESIAN_POINT('',(3.5,3.49599355,0.));
#2955 = VECTOR('',#2956,1.);
#2956 = DIRECTION('',(0.,0.,1.));
#2957 = ORIENTED_EDGE('',*,*,#2958,.F.);
#2958 = EDGE_CURVE('',#2889,#2951,#2959,.T.);
#2959 = LINE('',#2960,#2961);
#2960 = CARTESIAN_POINT('',(3.5,-3.50400645,0.));
#2961 = VECTOR('',#2962,1.);
#2962 = DIRECTION('',(0.,1.,0.));
#2963 = PLANE('',#2964);
#2964 = AXIS2_PLACEMENT_3D('',#2965,#2966,#2967);
#2965 = CARTESIAN_POINT('',(3.5,-3.50400645,0.));
#2966 = DIRECTION('',(-1.,0.,0.));
#2967 = DIRECTION('',(0.,1.,0.));
#2968 = ADVANCED_FACE('',(#2969),#2980,.F.);
#2969 = FACE_BOUND('',#2970,.F.);
#2970 = EDGE_LOOP('',(#2971,#2972,#2973,#2979));
#2971 = ORIENTED_EDGE('',*,*,#2896,.T.);
#2972 = ORIENTED_EDGE('',*,*,#2958,.T.);
#2973 = ORIENTED_EDGE('',*,*,#2974,.T.);
#2974 = EDGE_CURVE('',#2951,#2911,#2975,.T.);
#2975 = LINE('',#2976,#2977);
#2976 = CARTESIAN_POINT('',(3.5,3.49599355,0.));
#2977 = VECTOR('',#2978,1.);
#2978 = DIRECTION('',(-1.,0.,0.));
#2979 = ORIENTED_EDGE('',*,*,#2927,.T.);
#2980 = PLANE('',#2981);
#2981 = AXIS2_PLACEMENT_3D('',#2982,#2983,#2984);
#2982 = CARTESIAN_POINT('',(0.,-4.006450000001E-03,0.));
#2983 = DIRECTION('',(0.,0.,1.));
#2984 = DIRECTION('',(1.,0.,0.));
#2985 = ADVANCED_FACE('',(#2986,#2997),#3031,.T.);
#2986 = FACE_BOUND('',#2987,.T.);
#2987 = EDGE_LOOP('',(#2988,#2989,#2990,#2996));
#2988 = ORIENTED_EDGE('',*,*,#2880,.T.);
#2989 = ORIENTED_EDGE('',*,*,#2942,.T.);
#2990 = ORIENTED_EDGE('',*,*,#2991,.T.);
#2991 = EDGE_CURVE('',#2943,#2913,#2992,.T.);
#2992 = LINE('',#2993,#2994);
#2993 = CARTESIAN_POINT('',(3.5,3.49599355,0.64));
#2994 = VECTOR('',#2995,1.);
#2995 = DIRECTION('',(-1.,0.,0.));
#2996 = ORIENTED_EDGE('',*,*,#2920,.T.);
#2997 = FACE_BOUND('',#2998,.T.);
#2998 = EDGE_LOOP('',(#2999,#3009,#3017,#3025));
#2999 = ORIENTED_EDGE('',*,*,#3000,.F.);
#3000 = EDGE_CURVE('',#3001,#3003,#3005,.T.);
#3001 = VERTEX_POINT('',#3002);
#3002 = CARTESIAN_POINT('',(-2.,-2.,0.64));
#3003 = VERTEX_POINT('',#3004);
#3004 = CARTESIAN_POINT('',(2.,-2.,0.64));
#3005 = LINE('',#3006,#3007);
#3006 = CARTESIAN_POINT('',(-2.,-2.,0.64));
#3007 = VECTOR('',#3008,1.);
#3008 = DIRECTION('',(1.,0.,0.));
#3009 = ORIENTED_EDGE('',*,*,#3010,.F.);
#3010 = EDGE_CURVE('',#3011,#3001,#3013,.T.);
#3011 = VERTEX_POINT('',#3012);
#3012 = CARTESIAN_POINT('',(-2.,2.,0.64));
#3013 = LINE('',#3014,#3015);
#3014 = CARTESIAN_POINT('',(-2.,2.,0.64));
#3015 = VECTOR('',#3016,1.);
#3016 = DIRECTION('',(0.,-1.,0.));
#3017 = ORIENTED_EDGE('',*,*,#3018,.F.);
#3018 = EDGE_CURVE('',#3019,#3011,#3021,.T.);
#3019 = VERTEX_POINT('',#3020);
#3020 = CARTESIAN_POINT('',(2.,2.,0.64));
#3021 = LINE('',#3022,#3023);
#3022 = CARTESIAN_POINT('',(2.,2.,0.64));
#3023 = VECTOR('',#3024,1.);
#3024 = DIRECTION('',(-1.,0.,0.));
#3025 = ORIENTED_EDGE('',*,*,#3026,.F.);
#3026 = EDGE_CURVE('',#3003,#3019,#3027,.T.);
#3027 = LINE('',#3028,#3029);
#3028 = CARTESIAN_POINT('',(2.,-2.,0.64));
#3029 = VECTOR('',#3030,1.);
#3030 = DIRECTION('',(0.,1.,0.));
#3031 = PLANE('',#3032);
#3032 = AXIS2_PLACEMENT_3D('',#3033,#3034,#3035);
#3033 = CARTESIAN_POINT('',(0.,-4.006450000001E-03,0.64));
#3034 = DIRECTION('',(0.,0.,1.));
#3035 = DIRECTION('',(1.,0.,0.));
#3036 = ADVANCED_FACE('',(#3037),#3043,.F.);
#3037 = FACE_BOUND('',#3038,.F.);
#3038 = EDGE_LOOP('',(#3039,#3040,#3041,#3042));
#3039 = ORIENTED_EDGE('',*,*,#2950,.T.);
#3040 = ORIENTED_EDGE('',*,*,#2991,.T.);
#3041 = ORIENTED_EDGE('',*,*,#2910,.F.);
#3042 = ORIENTED_EDGE('',*,*,#2974,.F.);
#3043 = PLANE('',#3044);
#3044 = AXIS2_PLACEMENT_3D('',#3045,#3046,#3047);
#3045 = CARTESIAN_POINT('',(3.5,3.49599355,0.));
#3046 = DIRECTION('',(0.,-1.,0.));
#3047 = DIRECTION('',(-1.,0.,0.));
#3048 = ADVANCED_FACE('',(#3049),#3074,.F.);
#3049 = FACE_BOUND('',#3050,.F.);
#3050 = EDGE_LOOP('',(#3051,#3059,#3067,#3073));
#3051 = ORIENTED_EDGE('',*,*,#3052,.T.);
#3052 = EDGE_CURVE('',#3001,#3053,#3055,.T.);
#3053 = VERTEX_POINT('',#3054);
#3054 = CARTESIAN_POINT('',(-2.,-2.,0.65));
#3055 = LINE('',#3056,#3057);
#3056 = CARTESIAN_POINT('',(-2.,-2.,0.64));
#3057 = VECTOR('',#3058,1.);
#3058 = DIRECTION('',(0.,0.,1.));
#3059 = ORIENTED_EDGE('',*,*,#3060,.T.);
#3060 = EDGE_CURVE('',#3053,#3061,#3063,.T.);
#3061 = VERTEX_POINT('',#3062);
#3062 = CARTESIAN_POINT('',(2.,-2.,0.65));
#3063 = LINE('',#3064,#3065);
#3064 = CARTESIAN_POINT('',(-2.,-2.,0.65));
#3065 = VECTOR('',#3066,1.);
#3066 = DIRECTION('',(1.,0.,0.));
#3067 = ORIENTED_EDGE('',*,*,#3068,.F.);
#3068 = EDGE_CURVE('',#3003,#3061,#3069,.T.);
#3069 = LINE('',#3070,#3071);
#3070 = CARTESIAN_POINT('',(2.,-2.,0.64));
#3071 = VECTOR('',#3072,1.);
#3072 = DIRECTION('',(0.,0.,1.));
#3073 = ORIENTED_EDGE('',*,*,#3000,.F.);
#3074 = PLANE('',#3075);
#3075 = AXIS2_PLACEMENT_3D('',#3076,#3077,#3078);
#3076 = CARTESIAN_POINT('',(-2.,-2.,0.64));
#3077 = DIRECTION('',(0.,1.,0.));
#3078 = DIRECTION('',(1.,0.,0.));
#3079 = ADVANCED_FACE('',(#3080),#3098,.F.);
#3080 = FACE_BOUND('',#3081,.F.);
#3081 = EDGE_LOOP('',(#3082,#3083,#3091,#3097));
#3082 = ORIENTED_EDGE('',*,*,#3068,.T.);
#3083 = ORIENTED_EDGE('',*,*,#3084,.T.);
#3084 = EDGE_CURVE('',#3061,#3085,#3087,.T.);
#3085 = VERTEX_POINT('',#3086);
#3086 = CARTESIAN_POINT('',(2.,2.,0.65));
#3087 = LINE('',#3088,#3089);
#3088 = CARTESIAN_POINT('',(2.,-2.,0.65));
#3089 = VECTOR('',#3090,1.);
#3090 = DIRECTION('',(0.,1.,0.));
#3091 = ORIENTED_EDGE('',*,*,#3092,.F.);
#3092 = EDGE_CURVE('',#3019,#3085,#3093,.T.);
#3093 = LINE('',#3094,#3095);
#3094 = CARTESIAN_POINT('',(2.,2.,0.64));
#3095 = VECTOR('',#3096,1.);
#3096 = DIRECTION('',(0.,0.,1.));
#3097 = ORIENTED_EDGE('',*,*,#3026,.F.);
#3098 = PLANE('',#3099);
#3099 = AXIS2_PLACEMENT_3D('',#3100,#3101,#3102);
#3100 = CARTESIAN_POINT('',(2.,-2.,0.64));
#3101 = DIRECTION('',(-1.,0.,0.));
#3102 = DIRECTION('',(0.,1.,0.));
#3103 = ADVANCED_FACE('',(#3104),#3122,.F.);
#3104 = FACE_BOUND('',#3105,.F.);
#3105 = EDGE_LOOP('',(#3106,#3107,#3115,#3121));
#3106 = ORIENTED_EDGE('',*,*,#3092,.T.);
#3107 = ORIENTED_EDGE('',*,*,#3108,.T.);
#3108 = EDGE_CURVE('',#3085,#3109,#3111,.T.);
#3109 = VERTEX_POINT('',#3110);
#3110 = CARTESIAN_POINT('',(-2.,2.,0.65));
#3111 = LINE('',#3112,#3113);
#3112 = CARTESIAN_POINT('',(2.,2.,0.65));
#3113 = VECTOR('',#3114,1.);
#3114 = DIRECTION('',(-1.,0.,0.));
#3115 = ORIENTED_EDGE('',*,*,#3116,.F.);
#3116 = EDGE_CURVE('',#3011,#3109,#3117,.T.);
#3117 = LINE('',#3118,#3119);
#3118 = CARTESIAN_POINT('',(-2.,2.,0.64));
#3119 = VECTOR('',#3120,1.);
#3120 = DIRECTION('',(0.,0.,1.));
#3121 = ORIENTED_EDGE('',*,*,#3018,.F.);
#3122 = PLANE('',#3123);
#3123 = AXIS2_PLACEMENT_3D('',#3124,#3125,#3126);
#3124 = CARTESIAN_POINT('',(2.,2.,0.64));
#3125 = DIRECTION('',(0.,-1.,0.));
#3126 = DIRECTION('',(-1.,0.,0.));
#3127 = ADVANCED_FACE('',(#3128),#3139,.F.);
#3128 = FACE_BOUND('',#3129,.F.);
#3129 = EDGE_LOOP('',(#3130,#3131,#3137,#3138));
#3130 = ORIENTED_EDGE('',*,*,#3116,.T.);
#3131 = ORIENTED_EDGE('',*,*,#3132,.T.);
#3132 = EDGE_CURVE('',#3109,#3053,#3133,.T.);
#3133 = LINE('',#3134,#3135);
#3134 = CARTESIAN_POINT('',(-2.,2.,0.65));
#3135 = VECTOR('',#3136,1.);
#3136 = DIRECTION('',(0.,-1.,0.));
#3137 = ORIENTED_EDGE('',*,*,#3052,.F.);
#3138 = ORIENTED_EDGE('',*,*,#3010,.F.);
#3139 = PLANE('',#3140);
#3140 = AXIS2_PLACEMENT_3D('',#3141,#3142,#3143);
#3141 = CARTESIAN_POINT('',(-2.,2.,0.64));
#3142 = DIRECTION('',(1.,0.,-0.));
#3143 = DIRECTION('',(0.,-1.,0.));
#3144 = ADVANCED_FACE('',(#3145),#3151,.T.);
#3145 = FACE_BOUND('',#3146,.T.);
#3146 = EDGE_LOOP('',(#3147,#3148,#3149,#3150));
#3147 = ORIENTED_EDGE('',*,*,#3060,.T.);
#3148 = ORIENTED_EDGE('',*,*,#3084,.T.);
#3149 = ORIENTED_EDGE('',*,*,#3108,.T.);
#3150 = ORIENTED_EDGE('',*,*,#3132,.T.);
#3151 = PLANE('',#3152);
#3152 = AXIS2_PLACEMENT_3D('',#3153,#3154,#3155);
#3153 = CARTESIAN_POINT('',(0.,0.,0.65));
#3154 = DIRECTION('',(0.,0.,1.));
#3155 = DIRECTION('',(1.,0.,0.));
#3156 = ( GEOMETRIC_REPRESENTATION_CONTEXT(3) 
GLOBAL_UNCERTAINTY_ASSIGNED_CONTEXT((#3160)) 
GLOBAL_UNIT_ASSIGNED_CONTEXT((#3157,#3158,#3159)) REPRESENTATION_CONTEXT
('Context #1','3D Context with UNIT and UNCERTAINTY') );
#3157 = ( LENGTH_UNIT() NAMED_UNIT(*) SI_UNIT(.MILLI.,.METRE.) );
#3158 = ( NAMED_UNIT(*) PLANE_ANGLE_UNIT() SI_UNIT($,.RADIAN.) );
#3159 = ( NAMED_UNIT(*) SI_UNIT($,.STERADIAN.) SOLID_ANGLE_UNIT() );
#3160 = UNCERTAINTY_MEASURE_WITH_UNIT(LENGTH_MEASURE(1.E-07),#3157,
  'distance_accuracy_value','confusion accuracy');
#3161 = CONTEXT_DEPENDENT_SHAPE_REPRESENTATION(#3162,#3164);
#3162 = ( REPRESENTATION_RELATIONSHIP('','',#2863,#10) 
REPRESENTATION_RELATIONSHIP_WITH_TRANSFORMATION(#3163) 
SHAPE_REPRESENTATION_RELATIONSHIP() );
#3163 = ITEM_DEFINED_TRANSFORMATION('','',#11,#27);
#3164 = PRODUCT_DEFINITION_SHAPE('Placement','Placement of an item',
  #3165);
#3165 = NEXT_ASSEMBLY_USAGE_OCCURRENCE('4','Pad001','',#5,#2858,$);
#3166 = PRODUCT_RELATED_PRODUCT_CATEGORY('part',$,(#2860));
#3167 = MECHANICAL_DESIGN_GEOMETRIC_PRESENTATION_REPRESENTATION('',(
    #3168),#2845);
#3168 = STYLED_ITEM('color',(#3169),#2695);
#3169 = PRESENTATION_STYLE_ASSIGNMENT((#3170,#3176));
#3170 = SURFACE_STYLE_USAGE(.BOTH.,#3171);
#3171 = SURFACE_SIDE_STYLE('',(#3172));
#3172 = SURFACE_STYLE_FILL_AREA(#3173);
#3173 = FILL_AREA_STYLE('',(#3174));
#3174 = FILL_AREA_STYLE_COLOUR('',#3175);
#3175 = COLOUR_RGB('',0.188235296286,0.188235296286,0.188235296286);
#3176 = CURVE_STYLE('',#3177,POSITIVE_LENGTH_MEASURE(0.1),#3178);
#3177 = DRAUGHTING_PRE_DEFINED_CURVE_FONT('continuous');
#3178 = COLOUR_RGB('',9.803921802644E-02,9.803921802644E-02,
  9.803921802644E-02);
#3179 = MECHANICAL_DESIGN_GEOMETRIC_PRESENTATION_REPRESENTATION('',(
    #3180,#3189),#337);
#3180 = STYLED_ITEM('color',(#3181),#45);
#3181 = PRESENTATION_STYLE_ASSIGNMENT((#3182,#3187));
#3182 = SURFACE_STYLE_USAGE(.BOTH.,#3183);
#3183 = SURFACE_SIDE_STYLE('',(#3184));
#3184 = SURFACE_STYLE_FILL_AREA(#3185);
#3185 = FILL_AREA_STYLE('',(#3186));
#3186 = FILL_AREA_STYLE_COLOUR('',#3175);
#3187 = CURVE_STYLE('',#3188,POSITIVE_LENGTH_MEASURE(0.1),#3178);
#3188 = DRAUGHTING_PRE_DEFINED_CURVE_FONT('continuous');
#3189 = OVER_RIDING_STYLED_ITEM('overriding color',(#3190),#325,#3180);
#3190 = PRESENTATION_STYLE_ASSIGNMENT((#3191));
#3191 = SURFACE_STYLE_USAGE(.BOTH.,#3192);
#3192 = SURFACE_SIDE_STYLE('',(#3193));
#3193 = SURFACE_STYLE_FILL_AREA(#3194);
#3194 = FILL_AREA_STYLE('',(#3195));
#3195 = FILL_AREA_STYLE_COLOUR('',#3196);
#3196 = COLOUR_RGB('',0.68000001254,0.68000001254,0.68000001254);
#3197 = MECHANICAL_DESIGN_GEOMETRIC_PRESENTATION_REPRESENTATION('',(
    #3198,#3207),#3156);
#3198 = STYLED_ITEM('color',(#3199),#2864);
#3199 = PRESENTATION_STYLE_ASSIGNMENT((#3200,#3205));
#3200 = SURFACE_STYLE_USAGE(.BOTH.,#3201);
#3201 = SURFACE_SIDE_STYLE('',(#3202));
#3202 = SURFACE_STYLE_FILL_AREA(#3203);
#3203 = FILL_AREA_STYLE('',(#3204));
#3204 = FILL_AREA_STYLE_COLOUR('',#3175);
#3205 = CURVE_STYLE('',#3206,POSITIVE_LENGTH_MEASURE(0.1),#3178);
#3206 = DRAUGHTING_PRE_DEFINED_CURVE_FONT('continuous');
#3207 = OVER_RIDING_STYLED_ITEM('overriding color',(#3208),#3144,#3198);
#3208 = PRESENTATION_STYLE_ASSIGNMENT((#3209));
#3209 = SURFACE_STYLE_USAGE(.BOTH.,#3210);
#3210 = SURFACE_SIDE_STYLE('',(#3211));
#3211 = SURFACE_STYLE_FILL_AREA(#3212);
#3212 = FILL_AREA_STYLE('',(#3213));
#3213 = FILL_AREA_STYLE_COLOUR('',#3196);
#3214 = MECHANICAL_DESIGN_GEOMETRIC_PRESENTATION_REPRESENTATION('',(
    #3215,#3225,#3234),#2676);
#3215 = STYLED_ITEM('color',(#3216),#356);
#3216 = PRESENTATION_STYLE_ASSIGNMENT((#3217,#3223));
#3217 = SURFACE_STYLE_USAGE(.BOTH.,#3218);
#3218 = SURFACE_SIDE_STYLE('',(#3219));
#3219 = SURFACE_STYLE_FILL_AREA(#3220);
#3220 = FILL_AREA_STYLE('',(#3221));
#3221 = FILL_AREA_STYLE_COLOUR('',#3222);
#3222 = DRAUGHTING_PRE_DEFINED_COLOUR('white');
#3223 = CURVE_STYLE('',#3224,POSITIVE_LENGTH_MEASURE(0.1),#3178);
#3224 = DRAUGHTING_PRE_DEFINED_CURVE_FONT('continuous');
#3225 = STYLED_ITEM('color',(#3226),#972);
#3226 = PRESENTATION_STYLE_ASSIGNMENT((#3227,#3232));
#3227 = SURFACE_STYLE_USAGE(.BOTH.,#3228);
#3228 = SURFACE_SIDE_STYLE('',(#3229));
#3229 = SURFACE_STYLE_FILL_AREA(#3230);
#3230 = FILL_AREA_STYLE('',(#3231));
#3231 = FILL_AREA_STYLE_COLOUR('',#3222);
#3232 = CURVE_STYLE('',#3233,POSITIVE_LENGTH_MEASURE(0.1),#3178);
#3233 = DRAUGHTING_PRE_DEFINED_CURVE_FONT('continuous');
#3234 = STYLED_ITEM('color',(#3235),#1616);
#3235 = PRESENTATION_STYLE_ASSIGNMENT((#3236,#3241));
#3236 = SURFACE_STYLE_USAGE(.BOTH.,#3237);
#3237 = SURFACE_SIDE_STYLE('',(#3238));
#3238 = SURFACE_STYLE_FILL_AREA(#3239);
#3239 = FILL_AREA_STYLE('',(#3240));
#3240 = FILL_AREA_STYLE_COLOUR('',#3222);
#3241 = CURVE_STYLE('',#3242,POSITIVE_LENGTH_MEASURE(0.1),#3178);
#3242 = DRAUGHTING_PRE_DEFINED_CURVE_FONT('continuous');
ENDSEC;
END-ISO-10303-21;
