#VRML V2.0 utf8
# 3D model generated by easyeda2kicad.py (https://github.com/uPesy/easyeda2kicad.py)

Shape{
    appearance Appearance {
        material  Material 	{
            diffuseColor 0.0 0.0 0.0
            specularColor 0.0 0.0 0.0
            ambientIntensity 0.2
            transparency 0
            shininess 0.5
        }
    }
    geometry IndexedFaceSet {
        ccw TRUE
        solid FALSE
        coord DEF co Coordinate {
            point [
                -0.0595 0.3384 -0.0311, -0.0595 0.3423 -0.0311, -0.0612 0.3423 -0.0311, -0.0612 0.3384 -0.0311, -0.0629 0.3423 -0.0308, -0.0629 0.3384 -0.0308, -0.0645 0.3423 -0.0304, -0.0645 0.3384 -0.0304, -0.0661 0.3423 -0.0299, -0.0661 0.3384 -0.0299, -0.0677 0.3423 -0.0292, -0.0677 0.3384 -0.0292, -0.0693 0.3423 -0.0283, -0.0693 0.3384 -0.0283, -0.0705 0.3423 -0.0274, -0.0705 0.3384 -0.0274, -0.0705 0.3384 -0.0343, -0.0705 0.3423 -0.0343, -0.0689 0.3423 -0.0351, -0.0689 0.3384 -0.0351, -0.0672 0.3423 -0.0356, -0.0672 0.3384 -0.0356, -0.0654 0.3423 -0.0361, -0.0654 0.3384 -0.0361, -0.0635 0.3423 -0.0364, -0.0635 0.3384 -0.0364, -0.0615 0.3423 -0.0366, -0.0615 0.3384 -0.0366, -0.0602 0.3423 -0.0366, -0.0602 0.3384 -0.0366, -0.0581 0.3423 -0.0365, -0.0581 0.3384 -0.0365, -0.0561 0.3423 -0.0363, -0.0561 0.3384 -0.0363, -0.0543 0.3423 -0.0359, -0.0543 0.3384 -0.0359, -0.0526 0.3423 -0.0354, -0.0526 0.3384 -0.0354, -0.0511 0.3423 -0.0348, -0.0511 0.3384 -0.0348, -0.0498 0.3423 -0.034, -0.0498 0.3384 -0.034, -0.0491 0.3423 -0.0336, -0.0491 0.3384 -0.0336, -0.048 0.3423 -0.0327, -0.048 0.3384 -0.0327, -0.0471 0.3423 -0.0318, -0.0471 0.3384 -0.0318, -0.0463 0.3423 -0.0308, -0.0463 0.3384 -0.0308, -0.0457 0.3423 -0.0298, -0.0457 0.3384 -0.0298, -0.0453 0.3423 -0.0287, -0.0453 0.3384 -0.0287, -0.045 0.3423 -0.0275, -0.045 0.3384 -0.0275, -0.0448 0.3423 -0.0262, -0.0448 0.3384 -0.0262, -0.0448 0.3423 -0.0253, -0.0448 0.3384 -0.0253, -0.0449 0.3423 -0.024, -0.0449 0.3384 -0.024, -0.0451 0.3423 -0.0227, -0.0451 0.3384 -0.0227, -0.0455 0.3423 -0.0215, -0.0455 0.3384 -0.0215, -0.046 0.3423 -0.0205, -0.046 0.3384 -0.0205, -0.0466 0.3423 -0.0195, -0.0466 0.3384 -0.0195, -0.047 0.3423 -0.019, -0.047 0.3384 -0.019, -0.0479 0.3423 -0.0182, -0.0479 0.3384 -0.0182, -0.0489 0.3423 -0.0174, -0.0489 0.3384 -0.0174, -0.0503 0.3423 -0.0165, -0.0503 0.3384 -0.0165, -0.0521 0.3423 -0.0156, -0.0521 0.3384 -0.0156, -0.0542 0.3423 -0.0146, -0.0542 0.3384 -0.0146, -0.0556 0.3423 -0.0141, -0.0556 0.3384 -0.0141, -0.0585 0.3423 -0.0129, -0.0585 0.3384 -0.0129, -0.0604 0.3423 -0.012, -0.0604 0.3384 -0.012, -0.0615 0.3423 -0.0113, -0.0615 0.3384 -0.0113, -0.0621 0.3423 -0.0108, -0.0621 0.3384 -0.0108, -0.0627 0.3423 -0.0102, -0.0627 0.3384 -0.0102, -0.0631 0.3423 -0.0095, -0.0631 0.3384 -0.0095, -0.0634 0.3423 -0.0088, -0.0634 0.3384 -0.0088, -0.0636 0.3423 -0.0079, -0.0636 0.3384 -0.0079, -0.0636 0.3423 -0.0073, -0.0636 0.3384 -0.0073, -0.0635 0.3423 -0.0064, -0.0635 0.3384 -0.0064, -0.0633 0.3423 -0.0056, -0.0633 0.3384 -0.0056, -0.0629 0.3423 -0.0049, -0.0629 0.3384 -0.0049, -0.0624 0.3423 -0.0042, -0.0624 0.3384 -0.0042, -0.0617 0.3423 -0.0037, -0.0617 0.3384 -0.0037, -0.0616 0.3423 -0.0035, -0.0616 0.3384 -0.0035, -0.0607 0.3423 -0.003, -0.0607 0.3384 -0.003, -0.0597 0.3423 -0.0026, -0.0597 0.3384 -0.0026, -0.0586 0.3423 -0.0023, -0.0586 0.3384 -0.0023, -0.0573 0.3423 -0.0022, -0.0573 0.3384 -0.0022, -0.0563 0.3423 -0.0021, -0.0563 0.3384 -0.0021, -0.0545 0.3423 -0.0022, -0.0545 0.3384 -0.0022, -0.0528 0.3423 -0.0024, -0.0528 0.3384 -0.0024, -0.0512 0.3423 -0.0028, -0.0512 0.3384 -0.0028, -0.0496 0.3423 -0.0033, -0.0496 0.3384 -0.0033, -0.0481 0.3423 -0.004, -0.0481 0.3384 -0.004, -0.0466 0.3423 -0.0049, -0.0466 0.3384 -0.0049, -0.0466 0.3384 0.0016, -0.0466 0.3423 0.0016, -0.0483 0.3423 0.0022, -0.0483 0.3384 0.0022, -0.0501 0.3423 0.0027, -0.0501 0.3384 0.0027, -0.052 0.3423 0.0031, -0.052 0.3384 0.0031, -0.054 0.3423 0.0033, -0.054 0.3384 0.0033, -0.0556 0.3423 0.0033, -0.0556 0.3384 0.0033, -0.0576 0.3423 0.0032, -0.0576 0.3384 0.0032, -0.0595 0.3423 0.003, -0.0595 0.3384 0.003, -0.0612 0.3423 0.0026, -0.0612 0.3384 0.0026, -0.0628 0.3423 0.0021, -0.0628 0.3384 0.0021, -0.0642 0.3423 0.0015, -0.0642 0.3384 0.0015, -0.0656 0.3423 0.0007, -0.0656 0.3384 0.0007, -0.0662 0.3423 0.0003, -0.0662 0.3384 0.0003, -0.0673 0.3423 -0.0006, -0.0673 0.3384 -0.0006, -0.0682 0.3423 -0.0016, -0.0682 0.3384 -0.0016, -0.069 0.3423 -0.0026, -0.069 0.3384 -0.0026, -0.0696 0.3423 -0.0036, -0.0696 0.3384 -0.0036, -0.07 0.3423 -0.0047, -0.07 0.3384 -0.0047, -0.0703 0.3423 -0.0059, -0.0703 0.3384 -0.0059, -0.0705 0.3423 -0.0072, -0.0705 0.3384 -0.0072, -0.0705 0.3423 -0.0079, -0.0705 0.3384 -0.0079, -0.0704 0.3423 -0.0092, -0.0704 0.3384 -0.0092, -0.0702 0.3423 -0.0105, -0.0702 0.3384 -0.0105, -0.0698 0.3423 -0.0117, -0.0698 0.3384 -0.0117, -0.0693 0.3423 -0.0128, -0.0693 0.3384 -0.0128, -0.0687 0.3423 -0.0138, -0.0687 0.3384 -0.0138, -0.0686 0.3423 -0.0139, -0.0686 0.3384 -0.0139, -0.0679 0.3423 -0.0146, -0.0679 0.3384 -0.0146, -0.067 0.3423 -0.0154, -0.067 0.3384 -0.0154, -0.0658 0.3423 -0.0163, -0.0658 0.3384 -0.0163, -0.0642 0.3423 -0.0172, -0.0642 0.3384 -0.0172, -0.0622 0.3423 -0.0181, -0.0622 0.3384 -0.0181, -0.0604 0.3423 -0.0189, -0.0604 0.3384 -0.0189, -0.0574 0.3423 -0.0201, -0.0574 0.3384 -0.0201, -0.0555 0.3423 -0.021, -0.0555 0.3384 -0.021, -0.0542 0.3423 -0.0218, -0.0542 0.3384 -0.0218, -0.0534 0.3423 -0.0223, -0.0534 0.3384 -0.0223, -0.0527 0.3423 -0.023, -0.0527 0.3384 -0.023, -0.0522 0.3423 -0.0237, -0.0522 0.3384 -0.0237, -0.0519 0.3423 -0.0245, -0.0519 0.3384 -0.0245, -0.0517 0.3423 -0.0253, -0.0517 0.3384 -0.0253, -0.0516 0.3423 -0.026, -0.0516 0.3384 -0.026, -0.0517 0.3423 -0.0269, -0.0517 0.3384 -0.0269, -0.052 0.3423 -0.0278, -0.052 0.3384 -0.0278, -0.0523 0.3423 -0.0285, -0.0523 0.3384 -0.0285, -0.0528 0.3423 -0.0292, -0.0528 0.3384 -0.0292, -0.0534 0.3423 -0.0297, -0.0534 0.3384 -0.0297, -0.0542 0.3423 -0.0302, -0.0542 0.3384 -0.0302, -0.0552 0.3423 -0.0306, -0.0552 0.3384 -0.0306, -0.0563 0.3423 -0.0309, -0.0563 0.3384 -0.0309, -0.0577 0.3423 -0.0311, -0.0577 0.3384 -0.0311, -0.1166 0.3384 -0.0296, -0.1166 0.3384 -0.0357, -0.1166 0.3423 -0.0296, -0.1166 0.3423 -0.0357, -0.1384 0.3384 -0.0296, -0.1384 0.3423 -0.0296, -0.1384 0.3384 -0.0116, -0.1384 0.3423 -0.0116, -0.1194 0.3384 -0.0116, -0.1194 0.3423 -0.0116, -0.1194 0.3384 -0.0055, -0.1194 0.3423 -0.0055, -0.1384 0.3384 -0.0055, -0.1384 0.3423 -0.0055, -0.1384 0.3384 0.0116, -0.1384 0.3423 0.0116, -0.1178 0.3384 0.0116, -0.1178 0.3423 0.0116, -0.1178 0.3384 0.0177, -0.1178 0.3423 0.0177, -0.1453 0.3384 0.0177, -0.1453 0.3423 0.0177, -0.1453 0.3384 -0.0357, -0.1453 0.3423 -0.0357, -0.0898 0.3384 0.0481, -0.0898 0.3423 0.0481, -0.0866 0.3423 0.0482, -0.0866 0.3384 0.0482, -0.0835 0.3423 0.0485, -0.0835 0.3384 0.0485, -0.0808 0.3423 0.0491, -0.0808 0.3384 0.0491, -0.0783 0.3423 0.0498, -0.0783 0.3384 0.0498, -0.0761 0.3423 0.0507, -0.0761 0.3384 0.0507, -0.075 0.3423 0.0512, -0.075 0.3384 0.0512, -0.075 0.3384 0.0578, -0.075 0.3423 0.0578, -0.077 0.3423 0.0567, -0.077 0.3384 0.0567, -0.0792 0.3423 0.0558, -0.0792 0.3384 0.0558, -0.0814 0.3423 0.0551, -0.0814 0.3384 0.0551, -0.0838 0.3423 0.0546, -0.0838 0.3384 0.0546, -0.0863 0.3423 0.0543, -0.0863 0.3384 0.0543, -0.0888 0.3423 0.0542, -0.0888 0.3384 0.0542, -0.0911 0.3423 0.0543, -0.0911 0.3384 0.0543, -0.0933 0.3423 0.0547, -0.0933 0.3384 0.0547, -0.0953 0.3423 0.0552, -0.0953 0.3384 0.0552, -0.0972 0.3423 0.056, -0.0972 0.3384 0.056, -0.0989 0.3423 0.0569, -0.0989 0.3384 0.0569, -0.1005 0.3423 0.058, -0.1005 0.3384 0.058, -0.102 0.3423 0.0593, -0.102 0.3384 0.0593, -0.1025 0.3423 0.0599, -0.1025 0.3384 0.0599, -0.1038 0.3423 0.0614, -0.1038 0.3384 0.0614, -0.1049 0.3423 0.0631, -0.1049 0.3384 0.0631, -0.1059 0.3423 0.065, -0.1059 0.3384 0.065, -0.1066 0.3423 0.0669, -0.1066 0.3384 0.0669, -0.1072 0.3423 0.0691, -0.1072 0.3384 0.0691, -0.1076 0.3423 0.0714, -0.1076 0.3384 0.0714, -0.1078 0.3423 0.074, -0.1078 0.3384 0.074, -0.1078 0.3423 0.0751, -0.1078 0.3384 0.0751, -0.1077 0.3423 0.0779, -0.1077 0.3384 0.0779, -0.1073 0.3423 0.0804, -0.1073 0.3384 0.0804, -0.1068 0.3423 0.0828, -0.1068 0.3384 0.0828, -0.1061 0.3423 0.085, -0.1061 0.3384 0.085, -0.1051 0.3423 0.0869, -0.1051 0.3384 0.0869, -0.1041 0.3423 0.0888, -0.1041 0.3384 0.0888, -0.1028 0.3423 0.0904, -0.1028 0.3384 0.0904, -0.1022 0.3423 0.0911, -0.1022 0.3384 0.0911, -0.1006 0.3423 0.0926, -0.1006 0.3384 0.0926, -0.099 0.3423 0.0938, -0.099 0.3384 0.0938, -0.0972 0.3423 0.0949, -0.0972 0.3384 0.0949, -0.0954 0.3423 0.0957, -0.0954 0.3384 0.0957, -0.0934 0.3423 0.0963, -0.0934 0.3384 0.0963, -0.0913 0.3423 0.0968, -0.0913 0.3384 0.0968, -0.0891 0.3423 0.097, -0.0891 0.3384 0.097, -0.0876 0.3423 0.0971, -0.0876 0.3384 0.0971, -0.085 0.3423 0.0969, -0.085 0.3384 0.0969, -0.0826 0.3423 0.0966, -0.0826 0.3384 0.0966, -0.0802 0.3423 0.096, -0.0802 0.3384 0.096, -0.078 0.3423 0.0953, -0.078 0.3384 0.0953, -0.0758 0.3423 0.0943, -0.0758 0.3384 0.0943, -0.075 0.3423 0.0939, -0.075 0.3384 0.0939, -0.075 0.3384 0.1011, -0.075 0.3423 0.1011, -0.0771 0.3423 0.1019, -0.0771 0.3384 0.1019, -0.0794 0.3423 0.1025, -0.0794 0.3384 0.1025, -0.0819 0.3423 0.1029, -0.0819 0.3384 0.1029, -0.0848 0.3423 0.1032, -0.0848 0.3384 0.1032, -0.0877 0.3423 0.1033, -0.0877 0.3384 0.1033, -0.0905 0.3423 0.1032, -0.0905 0.3384 0.1032, -0.0931 0.3423 0.1028, -0.0931 0.3384 0.1028, -0.0956 0.3423 0.1023, -0.0956 0.3384 0.1023, -0.098 0.3423 0.1015, -0.098 0.3384 0.1015, -0.1002 0.3423 0.1006, -0.1002 0.3384 0.1006, -0.1023 0.3423 0.0994, -0.1023 0.3384 0.0994, -0.1042 0.3423 0.0981, -0.1042 0.3384 0.0981, -0.1061 0.3423 0.0965, -0.1061 0.3384 0.0965, -0.1073 0.3423 0.0954, -0.1073 0.3384 0.0954, -0.1089 0.3423 0.0936, -0.1089 0.3384 0.0936, -0.1104 0.3423 0.0916, -0.1104 0.3384 0.0916, -0.1116 0.3423 0.0896, -0.1116 0.3384 0.0896, -0.1126 0.3423 0.0874, -0.1126 0.3384 0.0874, -0.1135 0.3423 0.0851, -0.1135 0.3384 0.0851, -0.1142 0.3423 0.0826, -0.1142 0.3384 0.0826, -0.1146 0.3423 0.08, -0.1146 0.3384 0.08, -0.1149 0.3423 0.0772, -0.1149 0.3384 0.0772, -0.115 0.3423 0.0747, -0.115 0.3384 0.0747, -0.1149 0.3423 0.0717, -0.1149 0.3384 0.0717, -0.1146 0.3423 0.0688, -0.1146 0.3384 0.0688, -0.114 0.3423 0.0662, -0.114 0.3384 0.0662, -0.1133 0.3423 0.0638, -0.1133 0.3384 0.0638, -0.1124 0.3423 0.0616, -0.1124 0.3384 0.0616, -0.1112 0.3423 0.0595, -0.1112 0.3384 0.0595, -0.11 0.3423 0.0575, -0.11 0.3384 0.0575, -0.1086 0.3423 0.0558, -0.1086 0.3384 0.0558, -0.1082 0.3423 0.0554, -0.1082 0.3384 0.0554, -0.1065 0.3423 0.0538, -0.1065 0.3384 0.0538, -0.1047 0.3423 0.0524, -0.1047 0.3384 0.0524, -0.1028 0.3423 0.0512, -0.1028 0.3384 0.0512, -0.1008 0.3423 0.0502, -0.1008 0.3384 0.0502, -0.0987 0.3423 0.0494, -0.0987 0.3384 0.0494, -0.0964 0.3423 0.0488, -0.0964 0.3384 0.0488, -0.094 0.3423 0.0484, -0.094 0.3384 0.0484, -0.0914 0.3423 0.0481, -0.0914 0.3384 0.0481, 0.1026 0.3384 -0.0151, 0.1005 0.3384 -0.0211, 0.1206 0.3384 -0.0151, 0.1227 0.3384 -0.0211, 0.1106 0.3384 0.0071, 0.108 0.3384 0.0177, 0.0877 0.3384 -0.0357, 0.0953 0.3384 -0.0357, 0.1111 0.3384 0.0087, 0.1115 0.3384 0.0109, 0.1154 0.3384 0.0177, 0.1117 0.3384 0.0109, 0.1121 0.3384 0.0086, 0.1125 0.3384 0.0071, 0.1357 0.3384 -0.0357, 0.1281 0.3384 -0.0357, 0.1005 0.3423 -0.0211, 0.1026 0.3423 -0.0151, 0.1227 0.3423 -0.0211, 0.1206 0.3423 -0.0151, 0.1125 0.3423 0.0071, 0.1154 0.3423 0.0177, 0.1357 0.3423 -0.0357, 0.1281 0.3423 -0.0357, 0.1121 0.3423 0.0086, 0.1117 0.3423 0.0109, 0.108 0.3423 0.0177, 0.1115 0.3423 0.0109, 0.1111 0.3423 0.0087, 0.1106 0.3423 0.0071, 0.0877 0.3423 -0.0357, 0.0953 0.3423 -0.0357, 0.0953 0.3423 -0.0357
            ]
        }
        coordIndex [
            0,1,2,-1,0,2,3,-1,3,2,4,-1,3,4,5,-1,5,4,6,-1,5,6,7,-1,7,6,8,-1,7,8,9,-1,9,8,10,-1,9,10,11,-1,11,10,12,-1,11,12,13,-1,13,12,14,-1,13,14,15,-1,16,15,17,-1,17,15,14,-1,16,17,18,-1,16,18,19,-1,19,18,20,-1,19,20,21,-1,21,20,22,-1,21,22,23,-1,23,22,24,-1,23,24,25,-1,25,24,26,-1,25,26,27,-1,27,26,28,-1,27,28,29,-1,29,28,30,-1,29,30,31,-1,31,30,32,-1,31,32,33,-1,33,32,34,-1,33,34,35,-1,35,34,36,-1,35,36,37,-1,37,36,38,-1,37,38,39,-1,39,38,40,-1,39,40,41,-1,41,40,42,-1,41,42,43,-1,43,42,44,-1,43,44,45,-1,45,44,46,-1,45,46,47,-1,47,46,48,-1,47,48,49,-1,49,48,50,-1,49,50,51,-1,51,50,52,-1,51,52,53,-1,53,52,54,-1,53,54,55,-1,55,54,56,-1,55,56,57,-1,57,56,58,-1,57,58,59,-1,59,58,60,-1,59,60,61,-1,61,60,62,-1,61,62,63,-1,63,62,64,-1,63,64,65,-1,65,64,66,-1,65,66,67,-1,67,66,68,-1,67,68,69,-1,69,68,70,-1,69,70,71,-1,71,70,72,-1,71,72,73,-1,73,72,74,-1,73,74,75,-1,75,74,76,-1,75,76,77,-1,77,76,78,-1,77,78,79,-1,79,78,80,-1,79,80,81,-1,81,80,82,-1,81,82,83,-1,83,82,84,-1,83,84,85,-1,85,84,86,-1,85,86,87,-1,87,86,88,-1,87,88,89,-1,89,88,90,-1,89,90,91,-1,91,90,92,-1,91,92,93,-1,93,92,94,-1,93,94,95,-1,95,94,96,-1,95,96,97,-1,97,96,98,-1,97,98,99,-1,99,98,100,-1,99,100,101,-1,101,100,102,-1,101,102,103,-1,103,102,104,-1,103,104,105,-1,105,104,106,-1,105,106,107,-1,107,106,108,-1,107,108,109,-1,109,108,110,-1,109,110,111,-1,111,110,112,-1,111,112,113,-1,113,112,114,-1,113,114,115,-1,115,114,116,-1,115,116,117,-1,117,116,118,-1,117,118,119,-1,119,118,120,-1,119,120,121,-1,121,120,122,-1,121,122,123,-1,123,122,124,-1,123,124,125,-1,125,124,126,-1,125,126,127,-1,127,126,128,-1,127,128,129,-1,129,128,130,-1,129,130,131,-1,131,130,132,-1,131,132,133,-1,133,132,134,-1,133,134,135,-1,136,135,137,-1,137,135,134,-1,136,137,138,-1,136,138,139,-1,139,138,140,-1,139,140,141,-1,141,140,142,-1,141,142,143,-1,143,142,144,-1,143,144,145,-1,145,144,146,-1,145,146,147,-1,147,146,148,-1,147,148,149,-1,149,148,150,-1,149,150,151,-1,151,150,152,-1,151,152,153,-1,153,152,154,-1,153,154,155,-1,155,154,156,-1,155,156,157,-1,157,156,158,-1,157,158,159,-1,159,158,160,-1,159,160,161,-1,161,160,162,-1,161,162,163,-1,163,162,164,-1,163,164,165,-1,165,164,166,-1,165,166,167,-1,167,166,168,-1,167,168,169,-1,169,168,170,-1,169,170,171,-1,171,170,172,-1,171,172,173,-1,173,172,174,-1,173,174,175,-1,175,174,176,-1,175,176,177,-1,177,176,178,-1,177,178,179,-1,179,178,180,-1,179,180,181,-1,181,180,182,-1,181,182,183,-1,183,182,184,-1,183,184,185,-1,185,184,186,-1,185,186,187,-1,187,186,188,-1,187,188,189,-1,189,188,190,-1,189,190,191,-1,191,190,192,-1,191,192,193,-1,193,192,194,-1,193,194,195,-1,195,194,196,-1,195,196,197,-1,197,196,198,-1,197,198,199,-1,199,198,200,-1,199,200,201,-1,201,200,202,-1,201,202,203,-1,203,202,204,-1,203,204,205,-1,205,204,206,-1,205,206,207,-1,207,206,208,-1,207,208,209,-1,209,208,210,-1,209,210,211,-1,211,210,212,-1,211,212,213,-1,213,212,214,-1,213,214,215,-1,215,214,216,-1,215,216,217,-1,217,216,218,-1,217,218,219,-1,219,218,220,-1,219,220,221,-1,221,220,222,-1,221,222,223,-1,223,222,224,-1,223,224,225,-1,225,224,226,-1,225,226,227,-1,227,226,228,-1,227,228,229,-1,229,228,230,-1,229,230,231,-1,231,230,232,-1,231,232,233,-1,233,232,234,-1,233,234,235,-1,235,234,236,-1,235,236,237,-1,237,236,1,-1,237,1,0,-1,13,15,16,-1,133,135,136,-1,43,45,227,-1,227,45,225,-1,107,167,105,-1,105,167,169,-1,105,169,103,-1,45,47,225,-1,225,47,49,-1,225,49,223,-1,109,163,107,-1,107,163,165,-1,107,165,167,-1,43,227,41,-1,41,227,229,-1,41,229,39,-1,39,229,231,-1,39,231,37,-1,37,231,233,-1,37,233,35,-1,185,95,183,-1,183,95,97,-1,67,213,65,-1,65,213,215,-1,169,171,103,-1,103,171,173,-1,103,173,101,-1,173,175,101,-1,101,175,177,-1,101,177,99,-1,99,177,179,-1,99,179,97,-1,97,179,181,-1,97,181,183,-1,185,187,95,-1,95,187,189,-1,95,189,93,-1,93,189,191,-1,93,191,91,-1,91,191,193,-1,91,193,89,-1,89,193,195,-1,89,195,87,-1,219,59,217,-1,217,59,61,-1,217,61,215,-1,215,61,63,-1,215,63,65,-1,49,51,223,-1,223,51,53,-1,223,53,221,-1,221,53,55,-1,221,55,219,-1,219,55,57,-1,219,57,59,-1,67,69,213,-1,213,69,71,-1,213,71,211,-1,211,71,73,-1,211,73,209,-1,209,73,75,-1,209,75,207,-1,207,75,77,-1,207,77,205,-1,35,233,33,-1,33,233,235,-1,33,235,31,-1,31,235,237,-1,31,237,29,-1,29,237,0,-1,29,0,27,-1,27,0,3,-1,27,3,25,-1,25,3,5,-1,25,5,23,-1,23,5,7,-1,23,7,21,-1,21,7,9,-1,21,9,19,-1,19,9,16,-1,16,9,11,-1,16,11,13,-1,77,79,205,-1,205,79,81,-1,205,81,203,-1,203,81,83,-1,203,83,201,-1,201,83,85,-1,201,85,199,-1,199,85,87,-1,199,87,197,-1,197,87,195,-1,133,136,131,-1,131,136,139,-1,131,139,129,-1,129,139,141,-1,129,141,127,-1,127,141,143,-1,127,143,125,-1,125,143,145,-1,125,145,123,-1,123,145,147,-1,123,147,121,-1,121,147,149,-1,121,149,119,-1,119,149,151,-1,119,151,117,-1,117,151,153,-1,117,153,115,-1,115,153,155,-1,115,155,113,-1,113,155,157,-1,113,157,111,-1,111,157,159,-1,111,159,109,-1,109,159,161,-1,109,161,163,-1,224,44,226,-1,226,44,42,-1,226,42,228,-1,228,42,40,-1,228,40,230,-1,106,104,166,-1,186,94,188,-1,188,94,92,-1,222,48,224,-1,224,48,46,-1,224,46,44,-1,216,214,62,-1,62,214,64,-1,64,214,212,-1,64,212,66,-1,186,184,94,-1,94,184,182,-1,94,182,96,-1,96,182,180,-1,96,180,98,-1,210,70,212,-1,212,70,68,-1,212,68,66,-1,100,172,102,-1,102,172,170,-1,102,170,104,-1,104,170,168,-1,104,168,166,-1,220,52,222,-1,222,52,50,-1,222,50,48,-1,180,178,98,-1,98,178,176,-1,98,176,100,-1,100,176,174,-1,100,174,172,-1,40,38,230,-1,230,38,36,-1,230,36,232,-1,232,36,34,-1,232,34,234,-1,234,34,32,-1,234,32,236,-1,236,32,30,-1,236,30,1,-1,1,30,28,-1,1,28,2,-1,2,28,26,-1,2,26,4,-1,4,26,24,-1,4,24,6,-1,62,60,216,-1,216,60,58,-1,216,58,218,-1,218,58,56,-1,218,56,220,-1,220,56,54,-1,220,54,52,-1,24,22,6,-1,6,22,20,-1,6,20,8,-1,8,20,18,-1,8,18,10,-1,10,18,17,-1,10,17,12,-1,12,17,14,-1,202,200,84,-1,84,200,198,-1,84,198,86,-1,86,198,196,-1,86,196,88,-1,88,196,194,-1,88,194,90,-1,90,194,192,-1,90,192,92,-1,92,192,190,-1,92,190,188,-1,166,164,106,-1,106,164,162,-1,106,162,108,-1,108,162,160,-1,108,160,110,-1,110,160,158,-1,110,158,112,-1,112,158,156,-1,112,156,114,-1,114,156,154,-1,114,154,116,-1,116,154,152,-1,116,152,118,-1,118,152,150,-1,118,150,120,-1,120,150,148,-1,120,148,122,-1,122,148,146,-1,122,146,124,-1,124,146,144,-1,124,144,126,-1,126,144,142,-1,126,142,128,-1,128,142,140,-1,128,140,130,-1,130,140,138,-1,130,138,132,-1,132,138,137,-1,132,137,134,-1,84,82,202,-1,202,82,80,-1,202,80,204,-1,204,80,78,-1,204,78,206,-1,206,78,76,-1,206,76,208,-1,208,76,74,-1,208,74,210,-1,210,74,72,-1,210,72,70,-1,238,239,240,-1,240,239,241,-1,242,238,243,-1,243,238,240,-1,244,242,245,-1,245,242,243,-1,246,244,247,-1,247,244,245,-1,248,246,249,-1,249,246,247,-1,250,248,251,-1,251,248,249,-1,252,250,253,-1,253,250,251,-1,254,252,255,-1,255,252,253,-1,256,254,257,-1,257,254,255,-1,258,256,259,-1,259,256,257,-1,260,258,261,-1,261,258,259,-1,239,260,241,-1,241,260,261,-1,260,239,238,-1,238,242,260,-1,260,242,244,-1,260,244,258,-1,254,256,252,-1,252,256,258,-1,252,258,250,-1,250,258,244,-1,250,244,248,-1,248,244,246,-1,259,257,255,-1,255,253,259,-1,259,253,251,-1,259,251,261,-1,240,241,243,-1,243,241,261,-1,243,261,245,-1,245,261,251,-1,245,251,247,-1,247,251,249,-1,262,263,264,-1,262,264,265,-1,265,264,266,-1,265,266,267,-1,267,266,268,-1,267,268,269,-1,269,268,270,-1,269,270,271,-1,271,270,272,-1,271,272,273,-1,273,272,274,-1,273,274,275,-1,276,275,277,-1,277,275,274,-1,276,277,278,-1,276,278,279,-1,279,278,280,-1,279,280,281,-1,281,280,282,-1,281,282,283,-1,283,282,284,-1,283,284,285,-1,285,284,286,-1,285,286,287,-1,287,286,288,-1,287,288,289,-1,289,288,290,-1,289,290,291,-1,291,290,292,-1,291,292,293,-1,293,292,294,-1,293,294,295,-1,295,294,296,-1,295,296,297,-1,297,296,298,-1,297,298,299,-1,299,298,300,-1,299,300,301,-1,301,300,302,-1,301,302,303,-1,303,302,304,-1,303,304,305,-1,305,304,306,-1,305,306,307,-1,307,306,308,-1,307,308,309,-1,309,308,310,-1,309,310,311,-1,311,310,312,-1,311,312,313,-1,313,312,314,-1,313,314,315,-1,315,314,316,-1,315,316,317,-1,317,316,318,-1,317,318,319,-1,319,318,320,-1,319,320,321,-1,321,320,322,-1,321,322,323,-1,323,322,324,-1,323,324,325,-1,325,324,326,-1,325,326,327,-1,327,326,328,-1,327,328,329,-1,329,328,330,-1,329,330,331,-1,331,330,332,-1,331,332,333,-1,333,332,334,-1,333,334,335,-1,335,334,336,-1,335,336,337,-1,337,336,338,-1,337,338,339,-1,339,338,340,-1,339,340,341,-1,341,340,342,-1,341,342,343,-1,343,342,344,-1,343,344,345,-1,345,344,346,-1,345,346,347,-1,347,346,348,-1,347,348,349,-1,349,348,350,-1,349,350,351,-1,351,350,352,-1,351,352,353,-1,353,352,354,-1,353,354,355,-1,355,354,356,-1,355,356,357,-1,357,356,358,-1,357,358,359,-1,359,358,360,-1,359,360,361,-1,361,360,362,-1,361,362,363,-1,363,362,364,-1,363,364,365,-1,366,365,367,-1,367,365,364,-1,366,367,368,-1,366,368,369,-1,369,368,370,-1,369,370,371,-1,371,370,372,-1,371,372,373,-1,373,372,374,-1,373,374,375,-1,375,374,376,-1,375,376,377,-1,377,376,378,-1,377,378,379,-1,379,378,380,-1,379,380,381,-1,381,380,382,-1,381,382,383,-1,383,382,384,-1,383,384,385,-1,385,384,386,-1,385,386,387,-1,387,386,388,-1,387,388,389,-1,389,388,390,-1,389,390,391,-1,391,390,392,-1,391,392,393,-1,393,392,394,-1,393,394,395,-1,395,394,396,-1,395,396,397,-1,397,396,398,-1,397,398,399,-1,399,398,400,-1,399,400,401,-1,401,400,402,-1,401,402,403,-1,403,402,404,-1,403,404,405,-1,405,404,406,-1,405,406,407,-1,407,406,408,-1,407,408,409,-1,409,408,410,-1,409,410,411,-1,411,410,412,-1,411,412,413,-1,413,412,414,-1,413,414,415,-1,415,414,416,-1,415,416,417,-1,417,416,418,-1,417,418,419,-1,419,418,420,-1,419,420,421,-1,421,420,422,-1,421,422,423,-1,423,422,424,-1,423,424,425,-1,425,424,426,-1,425,426,427,-1,427,426,428,-1,427,428,429,-1,429,428,430,-1,429,430,431,-1,431,430,432,-1,431,432,433,-1,433,432,434,-1,433,434,435,-1,435,434,436,-1,435,436,437,-1,437,436,438,-1,437,438,439,-1,439,438,440,-1,439,440,441,-1,441,440,442,-1,441,442,443,-1,443,442,444,-1,443,444,445,-1,445,444,446,-1,445,446,447,-1,447,446,263,-1,447,263,262,-1,363,365,366,-1,307,427,429,-1,283,271,281,-1,281,271,273,-1,281,273,279,-1,279,273,275,-1,279,275,276,-1,307,429,305,-1,305,429,431,-1,305,431,303,-1,303,431,433,-1,303,433,301,-1,301,433,435,-1,301,435,299,-1,299,435,437,-1,299,437,297,-1,437,439,297,-1,297,439,441,-1,297,441,295,-1,295,441,443,-1,295,443,293,-1,293,443,445,-1,293,445,291,-1,291,445,447,-1,291,447,289,-1,289,447,262,-1,289,262,287,-1,287,262,265,-1,287,265,285,-1,285,265,267,-1,285,267,283,-1,283,267,269,-1,283,269,271,-1,339,393,337,-1,337,393,395,-1,337,395,335,-1,335,395,397,-1,335,397,333,-1,333,397,399,-1,333,399,331,-1,331,399,401,-1,331,401,329,-1,329,401,403,-1,329,403,327,-1,327,403,405,-1,327,405,325,-1,363,366,361,-1,361,366,369,-1,361,369,359,-1,359,369,371,-1,359,371,357,-1,357,371,373,-1,357,373,355,-1,355,373,375,-1,355,375,353,-1,353,375,377,-1,353,377,351,-1,351,377,379,-1,351,379,349,-1,349,379,381,-1,349,381,347,-1,347,381,383,-1,347,383,345,-1,345,383,385,-1,345,385,343,-1,343,385,387,-1,343,387,341,-1,341,387,389,-1,341,389,339,-1,339,389,391,-1,339,391,393,-1,427,307,425,-1,425,307,309,-1,425,309,423,-1,423,309,311,-1,423,311,421,-1,421,311,313,-1,421,313,419,-1,419,313,315,-1,419,315,417,-1,417,315,415,-1,415,315,317,-1,415,317,413,-1,405,407,325,-1,325,407,409,-1,325,409,323,-1,323,409,411,-1,323,411,321,-1,321,411,413,-1,321,413,319,-1,319,413,317,-1,278,277,274,-1,278,274,280,-1,294,440,296,-1,296,440,438,-1,296,438,298,-1,298,438,436,-1,298,436,300,-1,300,436,434,-1,300,434,302,-1,302,434,432,-1,302,432,304,-1,364,362,367,-1,367,362,360,-1,367,360,368,-1,368,360,358,-1,432,430,304,-1,304,430,428,-1,304,428,306,-1,306,428,426,-1,306,426,308,-1,308,426,424,-1,308,424,310,-1,310,424,422,-1,310,422,312,-1,274,272,280,-1,280,272,270,-1,280,270,282,-1,282,270,268,-1,282,268,284,-1,284,268,266,-1,284,266,286,-1,286,266,264,-1,286,264,288,-1,288,264,263,-1,288,263,290,-1,290,263,446,-1,290,446,292,-1,292,446,444,-1,292,444,294,-1,294,444,442,-1,294,442,440,-1,332,396,334,-1,334,396,394,-1,334,394,336,-1,336,394,392,-1,336,392,338,-1,338,392,390,-1,338,390,340,-1,340,390,388,-1,340,388,342,-1,342,388,386,-1,342,386,344,-1,344,386,384,-1,344,384,346,-1,346,384,382,-1,346,382,348,-1,348,382,380,-1,348,380,350,-1,350,380,378,-1,350,378,352,-1,352,378,376,-1,352,376,354,-1,354,376,374,-1,354,374,356,-1,356,374,372,-1,356,372,358,-1,358,372,370,-1,358,370,368,-1,412,410,322,-1,322,410,408,-1,322,408,324,-1,324,408,406,-1,324,406,326,-1,326,406,404,-1,326,404,328,-1,328,404,402,-1,328,402,330,-1,330,402,400,-1,330,400,332,-1,332,400,398,-1,332,398,396,-1,422,420,312,-1,312,420,418,-1,312,418,314,-1,314,418,416,-1,314,416,316,-1,316,416,414,-1,316,414,318,-1,318,414,412,-1,318,412,320,-1,320,412,322,-1,448,449,450,-1,450,449,451,-1,452,453,448,-1,448,453,454,-1,448,454,449,-1,449,454,455,-1,452,456,453,-1,453,456,457,-1,453,457,458,-1,458,457,459,-1,458,459,460,-1,460,461,458,-1,458,461,450,-1,458,450,462,-1,462,450,451,-1,462,451,463,-1,464,465,466,-1,466,465,467,-1,468,469,467,-1,467,469,470,-1,467,470,466,-1,466,470,471,-1,468,472,469,-1,469,472,473,-1,469,473,474,-1,474,473,475,-1,474,475,476,-1,476,477,474,-1,474,477,465,-1,474,465,478,-1,478,465,464,-1,478,464,479,-1,458,462,469,-1,469,462,470,-1,453,458,474,-1,474,458,469,-1,454,453,478,-1,478,453,474,-1,455,454,479,-1,479,454,478,-1,449,455,464,-1,464,455,479,-1,451,449,466,-1,466,449,464,-1,463,451,471,-1,471,451,466,-1,462,463,470,-1,470,463,471,-1,448,450,465,-1,465,450,467,-1,450,461,467,-1,467,461,468,-1,459,473,472,-1,459,472,460,-1,460,472,468,-1,460,468,461,-1,459,457,473,-1,473,457,475,-1,452,477,476,-1,452,476,456,-1,456,476,475,-1,456,475,457,-1,452,448,477,-1,477,448,465,-1,
        ]
    }
}
Shape{
    appearance Appearance {
        material  Material 	{
            diffuseColor 0.6470588235294118 0.6196078431372549 0.5882352941176471
            specularColor 0.45098039215686275 0.43529411764705883 0.4117647058823529
            ambientIntensity 0.2
            transparency 0
            shininess 0.5
        }
    }
    geometry IndexedFaceSet {
        ccw TRUE
        solid FALSE
        coord DEF co Coordinate {
            point [
                0.5619 0.2242 -0.7087, 0.5619 0.4604 -0.7087, 0.7981 0.2242 -0.7087, 0.7981 0.4604 -0.7087, 0.5619 0.5391 -0.6299, 0.7981 0.5391 -0.6299, 0.7981 0.5365 -0.6503, 0.5619 0.5365 -0.6503, 0.7981 0.5286 -0.6693, 0.5619 0.5286 -0.6693, 0.7981 0.5161 -0.6856, 0.5619 0.5161 -0.6856, 0.7981 0.4998 -0.6981, 0.5619 0.4998 -0.6981, 0.7981 0.4808 -0.706, 0.5619 0.4808 -0.706, 0.5619 0.5391 0.3779, 0.7981 0.5391 0.3779, 0.5619 0.4801 0.3779, 0.7981 0.4801 0.3779, 0.5619 0.4801 -0.6299, 0.7981 0.4801 -0.6299, 0.5619 0.4604 -0.6496, 0.7981 0.4604 -0.6496, 0.5619 0.4648 -0.6491, 0.7981 0.4648 -0.6491, 0.5619 0.4689 -0.6477, 0.7981 0.4689 -0.6477, 0.5619 0.4727 -0.6453, 0.7981 0.4727 -0.6453, 0.5619 0.4758 -0.6422, 0.7981 0.4758 -0.6422, 0.5619 0.4781 -0.6385, 0.7981 0.4781 -0.6385, 0.5619 0.4796 -0.6343, 0.7981 0.4796 -0.6343, 0.5619 0.2242 -0.6496, 0.7981 0.2242 -0.6496, 0.7981 0.2242 -0.6496
            ]
        }
        coordIndex [
            0,1,2,-1,2,1,3,-1,4,5,6,-1,4,6,7,-1,7,6,8,-1,7,8,9,-1,9,8,10,-1,9,10,11,-1,11,10,12,-1,11,12,13,-1,13,12,14,-1,13,14,15,-1,15,14,3,-1,15,3,1,-1,4,16,5,-1,5,16,17,-1,16,18,17,-1,17,18,19,-1,18,20,19,-1,19,20,21,-1,22,23,24,-1,24,23,25,-1,24,25,26,-1,26,25,27,-1,26,27,28,-1,28,27,29,-1,28,29,30,-1,30,29,31,-1,30,31,32,-1,32,31,33,-1,32,33,34,-1,34,33,35,-1,34,35,20,-1,20,35,21,-1,22,36,23,-1,23,36,37,-1,36,0,37,-1,37,0,2,-1,0,36,1,-1,1,36,22,-1,1,22,15,-1,15,22,24,-1,15,24,13,-1,13,24,26,-1,13,26,11,-1,18,16,20,-1,20,16,4,-1,20,4,34,-1,34,4,7,-1,34,7,32,-1,32,7,9,-1,32,9,30,-1,30,9,11,-1,30,11,28,-1,28,11,26,-1,17,19,5,-1,5,19,21,-1,5,21,6,-1,6,21,35,-1,6,35,8,-1,8,35,33,-1,8,33,10,-1,37,2,23,-1,23,2,3,-1,23,3,25,-1,25,3,14,-1,25,14,27,-1,27,14,12,-1,27,12,29,-1,29,12,10,-1,29,10,31,-1,31,10,33,-1,
        ]
    }
}
Shape{
    appearance Appearance {
        material  Material 	{
            diffuseColor 0.0 0.0 0.0
            specularColor 0.0 0.0 0.0
            ambientIntensity 0.2
            transparency 0
            shininess 0.5
        }
    }
    geometry IndexedFaceSet {
        ccw TRUE
        solid FALSE
        coord DEF co Coordinate {
            point [
                -0.001 0.3384 0.0568, 0.0027 0.3384 0.0517, 0.0009 0.3384 0.0577, 0.0049 0.3384 0.0528, 0.0027 0.3384 0.0588, 0.007 0.3384 0.0542, 0.0043 0.3384 0.06, 0.009 0.3384 0.0557, 0.005 0.3384 0.0606, 0.0099 0.3384 0.0565, 0.0063 0.3384 0.0621, 0.0116 0.3384 0.0582, 0.0075 0.3384 0.0637, 0.0131 0.3384 0.0601, 0.0085 0.3384 0.0655, 0.0143 0.3384 0.0621, 0.0093 0.3384 0.0674, 0.0102 0.3384 0.0813, 0.0169 0.3384 0.0841, 0.0097 0.3384 0.0835, 0.0162 0.3384 0.0864, 0.0089 0.3384 0.0855, 0.0152 0.3384 0.0885, 0.0081 0.3384 0.0873, 0.0141 0.3384 0.0905, 0.007 0.3384 0.0889, 0.0154 0.3384 0.0641, 0.0163 0.3384 0.0663, 0.0099 0.3384 0.0694, 0.017 0.3384 0.0687, 0.0103 0.3384 0.0717, 0.0175 0.3384 0.0712, 0.0106 0.3384 0.0742, 0.0178 0.3384 0.0738, 0.0107 0.3384 0.0762, 0.0179 0.3384 0.0764, 0.0105 0.3384 0.0789, 0.0178 0.3384 0.0791, 0.0175 0.3384 0.0817, 0.0127 0.3384 0.0923, 0.0112 0.3384 0.094, 0.0058 0.3384 0.0903, 0.0099 0.3384 0.0953, 0.0048 0.3384 0.0912, 0.0079 0.3384 0.0969, 0.0031 0.3384 0.0925, 0.0058 0.3384 0.0983, 0.0014 0.3384 0.0936, 0.0036 0.3384 0.0995, -0.0006 0.3384 0.0945, 0.0013 0.3384 0.1004, -0.0027 0.3384 0.0952, -0.0012 0.3384 0.1012, -0.0049 0.3384 0.0957, -0.0037 0.3384 0.1018, -0.0074 0.3384 0.0961, -0.0065 0.3384 0.1022, -0.0099 0.3384 0.0962, -0.0094 0.3384 0.1024, -0.0106 0.3384 0.0962, -0.0103 0.3384 0.1024, -0.0187 0.3384 0.0962, -0.0256 0.3384 0.1024, -0.0187 0.3384 0.0551, -0.0256 0.3384 0.049, -0.0109 0.3384 0.0551, -0.0109 0.3384 0.049, -0.0081 0.3384 0.0552, -0.0078 0.3384 0.0491, -0.0055 0.3384 0.0555, -0.0049 0.3384 0.0494, -0.0031 0.3384 0.0561, -0.0022 0.3384 0.05, 0.0003 0.3384 0.0508, 0.0031 0.3423 0.0925, 0.0079 0.3423 0.0969, 0.0048 0.3423 0.0912, 0.0099 0.3423 0.0953, 0.0058 0.3423 0.0903, 0.0112 0.3423 0.094, 0.007 0.3423 0.0889, 0.0127 0.3423 0.0923, 0.0081 0.3423 0.0873, 0.0141 0.3423 0.0905, 0.0089 0.3423 0.0855, 0.0152 0.3423 0.0885, 0.0097 0.3423 0.0835, 0.0009 0.3423 0.0577, 0.0027 0.3423 0.0517, -0.001 0.3423 0.0568, 0.0003 0.3423 0.0508, -0.0031 0.3423 0.0561, -0.0022 0.3423 0.05, -0.0055 0.3423 0.0555, -0.0049 0.3423 0.0494, -0.0081 0.3423 0.0552, -0.0078 0.3423 0.0491, -0.0109 0.3423 0.0551, -0.0109 0.3423 0.049, -0.0187 0.3423 0.0551, -0.0256 0.3423 0.049, -0.0187 0.3423 0.0962, -0.0256 0.3423 0.1024, -0.0106 0.3423 0.0962, -0.0103 0.3423 0.1024, -0.0099 0.3423 0.0962, -0.0094 0.3423 0.1024, -0.0074 0.3423 0.0961, -0.0065 0.3423 0.1022, -0.0049 0.3423 0.0957, -0.0037 0.3423 0.1018, -0.0027 0.3423 0.0952, -0.0012 0.3423 0.1012, -0.0006 0.3423 0.0945, 0.0013 0.3423 0.1004, 0.0014 0.3423 0.0936, 0.0036 0.3423 0.0995, 0.0058 0.3423 0.0983, 0.0099 0.3423 0.0694, 0.0163 0.3423 0.0663, 0.0093 0.3423 0.0674, 0.0154 0.3423 0.0641, 0.0085 0.3423 0.0655, 0.0143 0.3423 0.0621, 0.0075 0.3423 0.0637, 0.0131 0.3423 0.0601, 0.0063 0.3423 0.0621, 0.0116 0.3423 0.0582, 0.005 0.3423 0.0606, 0.0099 0.3423 0.0565, 0.0043 0.3423 0.06, 0.009 0.3423 0.0557, 0.0027 0.3423 0.0588, 0.007 0.3423 0.0542, 0.0049 0.3423 0.0528, 0.0162 0.3423 0.0864, 0.0169 0.3423 0.0841, 0.0102 0.3423 0.0813, 0.0175 0.3423 0.0817, 0.0105 0.3423 0.0789, 0.0178 0.3423 0.0791, 0.0107 0.3423 0.0762, 0.0179 0.3423 0.0764, 0.0106 0.3423 0.0742, 0.0178 0.3423 0.0738, 0.0103 0.3423 0.0717, 0.0175 0.3423 0.0712, 0.017 0.3423 0.0687, -0.0116 0.3384 0.0024, -0.0047 0.3384 0.0024, -0.0116 0.3423 0.0024, -0.0047 0.3423 0.0024, -0.0221 0.3384 -0.0263, -0.0221 0.3423 -0.0263, -0.0226 0.3423 -0.028, -0.0226 0.3384 -0.028, -0.0229 0.3423 -0.0294, -0.0229 0.3384 -0.0294, -0.023 0.3384 -0.0294, -0.023 0.3423 -0.0294, -0.0239 0.3384 -0.0262, -0.0239 0.3423 -0.0262, -0.0338 0.3384 0.0024, -0.0338 0.3423 0.0024, -0.0413 0.3384 0.0024, -0.0413 0.3423 0.0024, -0.0263 0.3384 -0.0356, -0.0263 0.3423 -0.0356, -0.0293 0.3384 -0.0425, -0.0293 0.3423 -0.0425, -0.0301 0.3423 -0.0441, -0.0301 0.3384 -0.0441, -0.0309 0.3423 -0.0453, -0.0309 0.3384 -0.0453, -0.0318 0.3423 -0.0463, -0.0318 0.3384 -0.0463, -0.0328 0.3423 -0.047, -0.0328 0.3384 -0.047, -0.0338 0.3423 -0.0475, -0.0338 0.3384 -0.0475, -0.035 0.3423 -0.0478, -0.035 0.3384 -0.0478, -0.0361 0.3423 -0.0479, -0.0361 0.3384 -0.0479, -0.0376 0.3423 -0.0478, -0.0376 0.3384 -0.0478, -0.0391 0.3423 -0.0475, -0.0391 0.3384 -0.0475, -0.0399 0.3423 -0.0471, -0.0399 0.3384 -0.0471, -0.0399 0.3384 -0.0531, -0.0399 0.3423 -0.0531, -0.0383 0.3423 -0.0534, -0.0383 0.3384 -0.0534, -0.0365 0.3423 -0.0536, -0.0365 0.3384 -0.0536, -0.0356 0.3423 -0.0536, -0.0356 0.3384 -0.0536, -0.034 0.3423 -0.0535, -0.034 0.3384 -0.0535, -0.0324 0.3423 -0.0532, -0.0324 0.3384 -0.0532, -0.0309 0.3423 -0.0527, -0.0309 0.3384 -0.0527, -0.0295 0.3423 -0.0519, -0.0295 0.3384 -0.0519, -0.0282 0.3423 -0.0509, -0.0282 0.3384 -0.0509, -0.0269 0.3423 -0.0497, -0.0269 0.3384 -0.0497, -0.0257 0.3423 -0.0482, -0.0257 0.3384 -0.0482, -0.0244 0.3423 -0.0464, -0.0244 0.3384 -0.0464, -0.0233 0.3423 -0.0443, -0.0233 0.3384 -0.0443, -0.0222 0.3423 -0.0418, -0.0222 0.3384 -0.0418, -0.022 0.3423 -0.0414, -0.022 0.3384 -0.0414, -0.0988 0.3384 -0.0185, -0.0973 0.3384 -0.0181, -0.0863 0.3384 -0.0115, -0.0952 0.3384 -0.0178, -0.1047 0.3384 -0.0153, -0.1017 0.3384 -0.0201, -0.1009 0.3384 -0.0195, -0.0887 0.3384 -0.004, -0.0851 0.3384 0.0013, -0.0894 0.3384 -0.0033, -0.0863 0.3384 0.002, -0.0903 0.3384 -0.0028, -0.0876 0.3384 0.0025, -0.0914 0.3384 -0.0024, -0.0863 0.3384 -0.0205, -0.0864 0.3384 -0.022, -0.0796 0.3384 -0.0112, -0.1022 0.3384 -0.0287, -0.1027 0.3384 -0.0279, -0.1083 0.3384 -0.0321, -0.106 0.3384 -0.0161, -0.107 0.3384 -0.017, -0.1023 0.3384 -0.0208, -0.0863 0.3384 -0.0357, -0.0796 0.3384 -0.0357, -0.0863 0.3384 -0.0298, -0.0866 0.3384 -0.0234, -0.0874 0.3384 -0.0056, -0.0822 0.3384 -0.0013, -0.088 0.3384 -0.0047, -0.083 0.3384 -0.0003, -0.084 0.3384 0.0006, -0.1072 0.3384 -0.0172, -0.1081 0.3384 -0.0182, -0.1028 0.3384 -0.0217, -0.1088 0.3384 -0.0192, -0.1031 0.3384 -0.0226, -0.0976 0.3384 -0.013, -0.0997 0.3384 -0.0134, -0.1 0.3384 -0.019, -0.1016 0.3384 -0.0139, -0.1033 0.3384 -0.0146, -0.0866 0.3384 -0.0079, -0.0803 0.3384 -0.0053, -0.087 0.3384 -0.0067, -0.0808 0.3384 -0.0038, -0.0815 0.3384 -0.0025, -0.1015 0.3384 -0.0294, -0.1048 0.3384 -0.0351, -0.1007 0.3384 -0.03, -0.1035 0.3384 -0.0357, -0.0998 0.3384 -0.0305, -0.1022 0.3384 -0.0361, -0.0988 0.3384 -0.0308, -0.1075 0.3384 -0.0331, -0.107 0.3384 -0.0336, -0.1059 0.3384 -0.0344, -0.1034 0.3384 -0.026, -0.1099 0.3384 -0.0285, -0.1031 0.3384 -0.027, -0.1095 0.3384 -0.0298, -0.109 0.3384 -0.031, -0.0797 0.3384 -0.009, -0.0863 0.3384 -0.0166, -0.0863 0.3384 -0.0202, -0.0864 0.3384 -0.0093, -0.0799 0.3384 -0.007, -0.0863 0.3384 -0.011, -0.1093 0.3384 -0.0204, -0.1098 0.3384 -0.0217, -0.1034 0.3384 -0.0237, -0.1101 0.3384 -0.0231, -0.1034 0.3384 -0.0249, -0.0891 0.3384 0.0029, -0.0907 0.3384 0.0032, -0.0926 0.3384 -0.0022, -0.0926 0.3384 0.0033, -0.094 0.3384 -0.0021, -0.0934 0.3384 0.0033, -0.0947 0.3384 -0.0021, -0.0956 0.3384 0.0032, -0.0965 0.3384 -0.0023, -0.0978 0.3384 0.003, -0.0982 0.3384 -0.0026, -0.0998 0.3384 0.0026, -0.0999 0.3384 -0.0031, -0.1018 0.3384 0.002, -0.1016 0.3384 -0.0037, -0.1036 0.3384 0.0013, -0.1032 0.3384 -0.0045, -0.1053 0.3384 0.0005, -0.1049 0.3384 -0.0055, -0.1065 0.3384 -0.0002, -0.1065 0.3384 -0.0067, -0.087 0.3384 -0.0246, -0.0876 0.3384 -0.0258, -0.0865 0.3384 -0.0298, -0.0883 0.3384 -0.027, -0.0868 0.3384 -0.0303, -0.095 0.3384 -0.031, -0.0935 0.3384 -0.0359, -0.0937 0.3384 -0.0308, -0.0921 0.3384 -0.0353, -0.0925 0.3384 -0.0304, -0.0909 0.3384 -0.0346, -0.0914 0.3384 -0.0298, -0.1102 0.3384 -0.0246, -0.1102 0.3384 -0.0255, -0.1101 0.3384 -0.0271, -0.0898 0.3384 -0.0338, -0.0887 0.3384 -0.0328, -0.0904 0.3384 -0.0291, -0.0877 0.3384 -0.0317, -0.0894 0.3384 -0.0283, -0.0891 0.3384 -0.028, -0.1007 0.3384 -0.0364, -0.0991 0.3384 -0.0366, -0.0976 0.3384 -0.031, -0.0981 0.3384 -0.0366, -0.0964 0.3384 -0.0311, -0.0965 0.3384 -0.0365, -0.0949 0.3384 -0.0363, -0.1049 0.3423 -0.0055, -0.1065 0.3423 -0.0067, -0.1065 0.3423 -0.0002, -0.0894 0.3423 -0.0033, -0.0851 0.3423 0.0013, -0.0887 0.3423 -0.004, -0.084 0.3423 0.0006, -0.088 0.3423 -0.0047, -0.1022 0.3423 -0.0287, -0.1083 0.3423 -0.0321, -0.1027 0.3423 -0.0279, -0.109 0.3423 -0.031, -0.1031 0.3423 -0.027, -0.1017 0.3423 -0.0201, -0.1023 0.3423 -0.0208, -0.107 0.3423 -0.017, -0.0866 0.3423 -0.0234, -0.0864 0.3423 -0.022, -0.0796 0.3423 -0.0112, -0.1034 0.3423 -0.026, -0.1102 0.3423 -0.0255, -0.1034 0.3423 -0.0249, -0.1102 0.3423 -0.0246, -0.1034 0.3423 -0.0237, -0.1028 0.3423 -0.0217, -0.1081 0.3423 -0.0182, -0.1072 0.3423 -0.0172, -0.083 0.3423 -0.0003, -0.0822 0.3423 -0.0013, -0.0874 0.3423 -0.0056, -0.0815 0.3423 -0.0025, -0.087 0.3423 -0.0067, -0.0926 0.3423 -0.0022, -0.0907 0.3423 0.0032, -0.0914 0.3423 -0.0024, -0.0891 0.3423 0.0029, -0.0903 0.3423 -0.0028, -0.0876 0.3423 0.0025, -0.0863 0.3423 0.002, -0.087 0.3423 -0.0246, -0.0863 0.3423 -0.0298, -0.0863 0.3423 -0.0357, -0.0796 0.3423 -0.0357, -0.1095 0.3423 -0.0298, -0.1099 0.3423 -0.0285, -0.1101 0.3423 -0.0271, -0.1015 0.3423 -0.0294, -0.107 0.3423 -0.0336, -0.1075 0.3423 -0.0331, -0.1007 0.3423 -0.03, -0.1048 0.3423 -0.0351, -0.1059 0.3423 -0.0344, -0.106 0.3423 -0.0161, -0.1047 0.3423 -0.0153, -0.1009 0.3423 -0.0195, -0.1033 0.3423 -0.0146, -0.1 0.3423 -0.019, -0.1016 0.3423 -0.0139, -0.0988 0.3423 -0.0185, -0.0997 0.3423 -0.0134, -0.0973 0.3423 -0.0181, -0.0976 0.3423 -0.013, -0.1101 0.3423 -0.0231, -0.1098 0.3423 -0.0217, -0.1031 0.3423 -0.0226, -0.1093 0.3423 -0.0204, -0.1088 0.3423 -0.0192, -0.0863 0.3423 -0.0166, -0.0797 0.3423 -0.009, -0.0863 0.3423 -0.0202, -0.0863 0.3423 -0.0205, -0.0808 0.3423 -0.0038, -0.0803 0.3423 -0.0053, -0.0866 0.3423 -0.0079, -0.0799 0.3423 -0.007, -0.0864 0.3423 -0.0093, -0.0863 0.3423 -0.011, -0.0863 0.3423 -0.0115, -0.0952 0.3423 -0.0178, -0.0868 0.3423 -0.0303, -0.0877 0.3423 -0.0317, -0.0904 0.3423 -0.0291, -0.0887 0.3423 -0.0328, -0.0914 0.3423 -0.0298, -0.0898 0.3423 -0.0338, -0.0925 0.3423 -0.0304, -0.0909 0.3423 -0.0346, -0.0937 0.3423 -0.0308, -0.1032 0.3423 -0.0045, -0.1053 0.3423 0.0005, -0.1016 0.3423 -0.0037, -0.1036 0.3423 0.0013, -0.0999 0.3423 -0.0031, -0.1018 0.3423 0.002, -0.0982 0.3423 -0.0026, -0.0998 0.3423 0.0026, -0.0965 0.3423 -0.0023, -0.0978 0.3423 0.003, -0.0947 0.3423 -0.0021, -0.0956 0.3423 0.0032, -0.094 0.3423 -0.0021, -0.0934 0.3423 0.0033, -0.0926 0.3423 0.0033, -0.0976 0.3423 -0.031, -0.0991 0.3423 -0.0366, -0.0988 0.3423 -0.0308, -0.1007 0.3423 -0.0364, -0.0998 0.3423 -0.0305, -0.1022 0.3423 -0.0361, -0.1035 0.3423 -0.0357, -0.0921 0.3423 -0.0353, -0.0935 0.3423 -0.0359, -0.095 0.3423 -0.031, -0.0949 0.3423 -0.0363, -0.0964 0.3423 -0.0311, -0.0965 0.3423 -0.0365, -0.0981 0.3423 -0.0366, -0.0894 0.3423 -0.0283, -0.0891 0.3423 -0.028, -0.0865 0.3423 -0.0298, -0.0883 0.3423 -0.027, -0.0876 0.3423 -0.0258, 0.0659 0.3384 -0.0279, 0.0695 0.3384 -0.033, 0.0678 0.3384 -0.027, 0.0718 0.3384 -0.0318, 0.0695 0.3384 -0.0259, 0.0739 0.3384 -0.0305, 0.0711 0.3384 -0.0247, 0.0758 0.3384 -0.029, 0.0718 0.3384 -0.024, 0.0767 0.3384 -0.0282, 0.0731 0.3384 -0.0226, 0.0784 0.3384 -0.0265, 0.0743 0.3384 -0.021, 0.0799 0.3384 -0.0246, 0.0753 0.3384 -0.0192, 0.0812 0.3384 -0.0226, 0.0761 0.3384 -0.0173, 0.0771 0.3384 -0.0034, 0.0837 0.3384 -0.0005, 0.0765 0.3384 -0.0011, 0.083 0.3384 0.0017, 0.0758 0.3384 0.0008, 0.0821 0.3384 0.0038, 0.0749 0.3384 0.0026, 0.0809 0.3384 0.0058, 0.0738 0.3384 0.0042, 0.0796 0.3384 0.0076, 0.0781 0.3384 0.0093, 0.0726 0.3384 0.0056, 0.0767 0.3384 0.0106, 0.0717 0.3384 0.0065, 0.0747 0.3384 0.0122, 0.07 0.3384 0.0078, 0.0726 0.3384 0.0136, 0.0682 0.3384 0.0089, 0.0704 0.3384 0.0148, 0.0663 0.3384 0.0098, 0.0681 0.3384 0.0158, 0.0642 0.3384 0.0105, 0.0657 0.3384 0.0165, 0.0619 0.3384 0.011, 0.0631 0.3384 0.0171, 0.0595 0.3384 0.0114, 0.0604 0.3384 0.0175, 0.0569 0.3384 0.0115, 0.0575 0.3384 0.0177, 0.0562 0.3384 0.0116, 0.0565 0.3384 0.0177, 0.0482 0.3384 0.0116, 0.0413 0.3384 0.0177, 0.0482 0.3384 -0.0296, 0.0413 0.3384 -0.0357, 0.0559 0.3384 -0.0296, 0.056 0.3384 -0.0357, 0.0587 0.3384 -0.0295, 0.059 0.3384 -0.0356, 0.0614 0.3384 -0.0292, 0.0619 0.3384 -0.0352, 0.0637 0.3384 -0.0286, 0.0646 0.3384 -0.0347, 0.0672 0.3384 -0.0339, 0.0823 0.3384 -0.0205, 0.0832 0.3384 -0.0183, 0.0767 0.3384 -0.0152, 0.0839 0.3384 -0.016, 0.0772 0.3384 -0.013, 0.0844 0.3384 -0.0135, 0.0774 0.3384 -0.0105, 0.0847 0.3384 -0.0109, 0.0775 0.3384 -0.0085, 0.0847 0.3384 -0.0083, 0.0774 0.3384 -0.0058, 0.0846 0.3384 -0.0056, 0.0843 0.3384 -0.003, 0.07 0.3423 0.0078, 0.0747 0.3423 0.0122, 0.0717 0.3423 0.0065, 0.0767 0.3423 0.0106, 0.0726 0.3423 0.0056, 0.0781 0.3423 0.0093, 0.0738 0.3423 0.0042, 0.0796 0.3423 0.0076, 0.0749 0.3423 0.0026, 0.0809 0.3423 0.0058, 0.0758 0.3423 0.0008, 0.0821 0.3423 0.0038, 0.0765 0.3423 -0.0011, 0.0678 0.3423 -0.027, 0.0695 0.3423 -0.033, 0.0659 0.3423 -0.0279, 0.0672 0.3423 -0.0339, 0.0637 0.3423 -0.0286, 0.0646 0.3423 -0.0347, 0.0614 0.3423 -0.0292, 0.0619 0.3423 -0.0352, 0.0587 0.3423 -0.0295, 0.059 0.3423 -0.0356, 0.0559 0.3423 -0.0296, 0.056 0.3423 -0.0357, 0.0482 0.3423 -0.0296, 0.0413 0.3423 -0.0357, 0.0482 0.3423 0.0116, 0.0413 0.3423 0.0177, 0.0562 0.3423 0.0116, 0.0565 0.3423 0.0177, 0.0569 0.3423 0.0115, 0.0575 0.3423 0.0177, 0.0595 0.3423 0.0114, 0.0604 0.3423 0.0175, 0.0619 0.3423 0.011, 0.0631 0.3423 0.0171, 0.0642 0.3423 0.0105, 0.0657 0.3423 0.0165, 0.0663 0.3423 0.0098, 0.0681 0.3423 0.0158, 0.0682 0.3423 0.0089, 0.0704 0.3423 0.0148, 0.0726 0.3423 0.0136, 0.0767 0.3423 -0.0152, 0.0832 0.3423 -0.0183, 0.0761 0.3423 -0.0173, 0.0823 0.3423 -0.0205, 0.0753 0.3423 -0.0192, 0.0812 0.3423 -0.0226, 0.0743 0.3423 -0.021, 0.0799 0.3423 -0.0246, 0.0731 0.3423 -0.0226, 0.0784 0.3423 -0.0265, 0.0718 0.3423 -0.024, 0.0767 0.3423 -0.0282, 0.0711 0.3423 -0.0247, 0.0758 0.3423 -0.029, 0.0695 0.3423 -0.0259, 0.0739 0.3423 -0.0305, 0.0718 0.3423 -0.0318, 0.083 0.3423 0.0017, 0.0837 0.3423 -0.0005, 0.0771 0.3423 -0.0034, 0.0843 0.3423 -0.003, 0.0774 0.3423 -0.0058, 0.0846 0.3423 -0.0056, 0.0775 0.3423 -0.0085, 0.0847 0.3423 -0.0083, 0.0774 0.3423 -0.0105, 0.0847 0.3423 -0.0109, 0.0772 0.3423 -0.013, 0.0844 0.3423 -0.0135, 0.0839 0.3423 -0.016, -0.3754 0.3384 -0.0502, -0.3713 0.3384 -0.0537, -0.3845 0.3384 -0.0097, -0.3519 0.3384 0.059, -0.3492 0.3384 0.0575, -0.361 0.3384 0.0852, -0.3204 0.3384 0.0025, -0.3492 0.3384 -0.0085, -0.3466 0.3384 -0.0088, -0.3109 0.3384 -0.023, -0.3345 0.3384 -0.0246, -0.3112 0.3384 -0.0278, -0.3353 0.3384 -0.0283, -0.327 0.3384 0.0857, -0.3206 0.3384 0.0892, -0.3324 0.3384 0.109, -0.2516 0.3384 0.0662, -0.2484 0.3384 0.0595, -0.2266 0.3384 0.067, -0.2463 0.3384 0.0525, -0.2452 0.3384 0.0465, -0.361 0.3384 -0.0144, -0.3828 0.3384 -0.0058, -0.3629 0.3384 -0.0176, -0.3639 0.3384 -0.0212, -0.2308 0.3384 -0.0106, -0.2361 0.3384 -0.0122, -0.2305 0.3384 -0.0348, -0.3849 0.3384 -0.0351, -0.3826 0.3384 -0.0407, -0.3794 0.3384 -0.0457, -0.3374 0.3384 -0.0145, -0.3356 0.3384 -0.0175, -0.3346 0.3384 -0.021, -0.2577 0.3384 0.0089, -0.2695 0.3384 0.029, -0.3109 0.3384 -0.0192, -0.3528 0.3384 -0.009, -0.3469 0.3384 0.0153, -0.3488 0.3384 0.0154, -0.3803 0.3384 0.0616, -0.3851 0.3384 0.084, -0.3925 0.3384 0.0815, -0.3431 0.3384 -0.0099, -0.3399 0.3384 -0.0118, -0.337 0.3384 -0.0316, -0.3148 0.3384 -0.0397, -0.3125 0.3384 -0.0339, -0.3591 0.3384 -0.0343, -0.3561 0.3384 -0.0364, -0.366 0.3384 -0.0569, -0.3526 0.3384 -0.0378, -0.3561 0.3384 -0.0103, -0.3708 0.3384 0.0082, -0.3591 0.3384 -0.0123, -0.3755 0.3384 0.0043, -0.3796 0.3384 -0.0005, -0.3549 0.3384 0.0149, -0.3606 0.3384 0.0134, -0.3661 0.3384 0.0111, -0.2376 0.3384 -0.0359, -0.2399 0.3384 -0.0127, -0.26 0.3384 -0.0359, -0.257 0.3384 -0.0127, -0.2619 0.3384 -0.0356, -0.3244 0.3384 0.1123, -0.3137 0.3384 0.0917, -0.316 0.3384 0.1147, -0.39 0.3384 -0.0066, -0.3964 0.3384 -0.0309, -0.3892 0.3384 -0.0338, -0.3861 0.3384 0.0593, -0.3996 0.3384 0.0782, -0.3914 0.3384 0.0561, -0.4063 0.3384 0.0739, -0.3961 0.3384 0.052, -0.3247 0.3384 0.0067, -0.3296 0.3384 0.0102, -0.3351 0.3384 0.0128, -0.3411 0.3384 0.0146, -0.2138 0.3384 0.0254, -0.1937 0.3384 0.0378, -0.2159 0.3384 0.0305, -0.1971 0.3384 0.0442, -0.2189 0.3384 0.0351, -0.2015 0.3384 0.0501, -0.2226 0.3384 0.0391, -0.2066 0.3384 0.0554, -0.227 0.3384 0.0423, -0.3992 0.3384 0.0019, -0.4152 0.3384 -0.0169, -0.3949 0.3384 -0.0028, -0.4095 0.3384 -0.0225, -0.4032 0.3384 -0.0271, -0.3775 0.3384 0.0855, -0.3742 0.3384 0.0629, -0.3697 0.3384 0.086, -0.3693 0.3384 0.0632, -0.3653 0.3384 0.0857, -0.3634 0.3384 0.0627, -0.3576 0.3384 0.0613, -0.3615 0.3384 -0.0316, -0.3631 0.3384 -0.0284, -0.3639 0.3384 -0.0249, -0.2236 0.3384 -0.0327, -0.2171 0.3384 -0.0297, -0.226 0.3384 -0.008, -0.2109 0.3384 -0.0258, -0.2217 0.3384 -0.0047, -0.2053 0.3384 -0.021, -0.22 0.3384 -0.0029, -0.2031 0.3384 -0.0188, -0.2168 0.3384 0.0015, -0.3402 0.3384 0.1046, -0.3443 0.3384 0.1019, -0.3329 0.3384 0.0814, -0.3503 0.3384 0.097, -0.3382 0.3384 0.0763, -0.3558 0.3384 0.0915, -0.3427 0.3384 0.0706, -0.3464 0.3384 0.0643, -0.2299 0.3384 0.0746, -0.2342 0.3384 0.0818, -0.2556 0.3384 0.0724, -0.2393 0.3384 0.0888, -0.2604 0.3384 0.078, -0.4067 0.3384 0.0184, -0.4292 0.3384 0.0091, -0.405 0.3384 0.0124, -0.4268 0.3384 0.0016, -0.4024 0.3384 0.0067, -0.4234 0.3384 -0.0055, -0.4191 0.3384 -0.0122, -0.3423 0.3384 -0.0364, -0.3263 0.3384 -0.0534, -0.3394 0.3384 -0.0344, -0.322 0.3384 -0.0498, -0.318 0.3384 -0.045, -0.3602 0.3384 -0.0592, -0.3541 0.3384 -0.0606, -0.3492 0.3384 -0.0381, -0.3488 0.3384 -0.0609, -0.3456 0.3384 -0.0377, -0.2131 0.3384 0.0114, -0.1892 0.3384 0.0139, -0.2126 0.3384 0.0169, -0.1891 0.3384 0.0173, -0.2127 0.3384 0.02, -0.1897 0.3384 0.0243, -0.1912 0.3384 0.0312, -0.1986 0.3384 -0.0132, -0.1949 0.3384 -0.007, -0.2145 0.3384 0.0063, -0.192 0.3384 -0.0004, -0.1901 0.3384 0.0067, -0.3427 0.3384 -0.0604, -0.3369 0.3384 -0.059, -0.3314 0.3384 -0.0567, -0.2588 0.3384 -0.0124, -0.2681 0.3384 -0.0318, -0.2669 0.3384 -0.033, -0.2987 0.3384 0.1167, -0.2984 0.3384 0.0939, -0.2961 0.3384 0.1167, -0.2911 0.3384 0.0934, -0.403 0.3384 0.0426, -0.4263 0.3384 0.0486, -0.4054 0.3384 0.0371, -0.4289 0.3384 0.0412, -0.4068 0.3384 0.0313, -0.4305 0.3384 0.0335, -0.4073 0.3384 0.0252, -0.4312 0.3384 0.0261, -0.4073 0.3384 0.0241, -0.4312 0.3384 0.0245, -0.4307 0.3384 0.0167, -0.2422 0.3384 0.0465, -0.2368 0.3384 0.046, -0.2252 0.3384 0.0665, -0.2317 0.3384 0.0446, -0.2188 0.3384 0.0638, -0.2124 0.3384 0.0601, -0.271 0.3384 -0.0241, -0.2707 0.3384 -0.0269, -0.2697 0.3384 -0.0294, -0.2577 0.3384 -0.0126, -0.2644 0.3384 -0.0347, -0.3075 0.3384 0.1162, -0.3064 0.3384 0.0933, -0.2995 0.3384 0.0939, -0.2621 0.3384 -0.0127, -0.2647 0.3384 -0.0137, -0.271 0.3384 -0.023, -0.2671 0.3384 -0.0153, -0.2689 0.3384 -0.0174, -0.2703 0.3384 -0.0201, -0.412 0.3384 0.069, -0.4134 0.3384 0.0677, -0.3998 0.3384 0.0478, -0.4185 0.3384 0.0619, -0.4228 0.3384 0.0555, -0.2593 0.3384 -0.0123, -0.2454 0.3384 0.0953, -0.2471 0.3384 0.097, -0.2651 0.3384 0.0822, -0.2543 0.3384 0.1026, -0.271 0.3384 0.0863, -0.2621 0.3384 0.1073, -0.2774 0.3384 0.0896, -0.2702 0.3384 0.1111, -0.2842 0.3384 0.092, -0.2787 0.3384 0.114, -0.2873 0.3384 0.1158, -0.2695 0.3423 0.029, -0.2577 0.3423 0.0089, -0.3204 0.3423 0.0025, -0.3109 0.3423 -0.0192, -0.3314 0.3423 -0.0567, -0.3845 0.3423 -0.0097, -0.3528 0.3423 -0.009, -0.3561 0.3423 -0.0103, -0.3629 0.3423 -0.0176, -0.3639 0.3423 -0.0212, -0.4032 0.3423 -0.0271, -0.3639 0.3423 -0.0249, -0.3964 0.3423 -0.0309, -0.3109 0.3423 -0.023, -0.3112 0.3423 -0.0278, -0.3263 0.3423 -0.0534, -0.322 0.3423 -0.0498, -0.3949 0.3423 -0.0028, -0.39 0.3423 -0.0066, -0.3206 0.3423 0.0892, -0.327 0.3423 0.0857, -0.3402 0.3423 0.1046, -0.3561 0.3423 -0.0364, -0.3713 0.3423 -0.0537, -0.3591 0.3423 -0.0343, -0.3754 0.3423 -0.0502, -0.3615 0.3423 -0.0316, -0.3492 0.3423 -0.0381, -0.3456 0.3423 -0.0377, -0.3427 0.3423 -0.0604, -0.337 0.3423 -0.0316, -0.3353 0.3423 -0.0283, -0.3345 0.3423 -0.0246, -0.3346 0.3423 -0.021, -0.3464 0.3423 0.0643, -0.3492 0.3423 0.0575, -0.361 0.3423 0.0852, -0.3519 0.3423 0.059, -0.3861 0.3423 0.0593, -0.3925 0.3423 0.0815, -0.3803 0.3423 0.0616, -0.3851 0.3423 0.084, -0.3742 0.3423 0.0629, -0.3775 0.3423 0.0855, -0.3693 0.3423 0.0632, -0.4095 0.3423 -0.0225, -0.4152 0.3423 -0.0169, -0.3992 0.3423 0.0019, -0.4191 0.3423 -0.0122, -0.4024 0.3423 0.0067, -0.4234 0.3423 -0.0055, -0.405 0.3423 0.0124, -0.3591 0.3423 -0.0123, -0.361 0.3423 -0.0144, -0.2556 0.3423 0.0724, -0.2342 0.3423 0.0818, -0.2516 0.3423 0.0662, -0.2299 0.3423 0.0746, -0.2484 0.3423 0.0595, -0.2266 0.3423 0.067, -0.2463 0.3423 0.0525, -0.3443 0.3423 0.1019, -0.3329 0.3423 0.0814, -0.3503 0.3423 0.097, -0.2317 0.3423 0.0446, -0.2368 0.3423 0.046, -0.3125 0.3423 -0.0339, -0.3148 0.3423 -0.0397, -0.318 0.3423 -0.045, -0.3576 0.3423 0.0613, -0.3634 0.3423 0.0627, -0.3653 0.3423 0.0857, -0.3697 0.3423 0.086, -0.3558 0.3423 0.0915, -0.3382 0.3423 0.0763, -0.3427 0.3423 0.0706, -0.2145 0.3423 0.0063, -0.1949 0.3423 -0.007, -0.2168 0.3423 0.0015, -0.1986 0.3423 -0.0132, -0.22 0.3423 -0.0029, -0.2031 0.3423 -0.0188, -0.2217 0.3423 -0.0047, -0.2053 0.3423 -0.021, -0.226 0.3423 -0.008, -0.2159 0.3423 0.0305, -0.1937 0.3423 0.0378, -0.2138 0.3423 0.0254, -0.1912 0.3423 0.0312, -0.2127 0.3423 0.02, -0.1897 0.3423 0.0243, -0.2126 0.3423 0.0169, -0.2422 0.3423 0.0465, -0.2452 0.3423 0.0465, -0.3794 0.3423 -0.0457, -0.3826 0.3423 -0.0407, -0.3631 0.3423 -0.0284, -0.3849 0.3423 -0.0351, -0.3892 0.3423 -0.0338, -0.3369 0.3423 -0.059, -0.3423 0.3423 -0.0364, -0.3394 0.3423 -0.0344, -0.3492 0.3423 -0.0085, -0.3469 0.3423 0.0153, -0.3466 0.3423 -0.0088, -0.3411 0.3423 0.0146, -0.3431 0.3423 -0.0099, -0.3488 0.3423 -0.0609, -0.3541 0.3423 -0.0606, -0.3526 0.3423 -0.0378, -0.3602 0.3423 -0.0592, -0.366 0.3423 -0.0569, -0.3351 0.3423 0.0128, -0.3296 0.3423 0.0102, -0.3399 0.3423 -0.0118, -0.3247 0.3423 0.0067, -0.3374 0.3423 -0.0145, -0.3356 0.3423 -0.0175, -0.3661 0.3423 0.0111, -0.3606 0.3423 0.0134, -0.4054 0.3423 0.0371, -0.4263 0.3423 0.0486, -0.403 0.3423 0.0426, -0.4228 0.3423 0.0555, -0.3998 0.3423 0.0478, -0.4268 0.3423 0.0016, -0.4292 0.3423 0.0091, -0.4067 0.3423 0.0184, -0.4307 0.3423 0.0167, -0.4073 0.3423 0.0241, -0.4312 0.3423 0.0245, -0.4073 0.3423 0.0252, -0.4312 0.3423 0.0261, -0.4068 0.3423 0.0313, -0.4305 0.3423 0.0335, -0.4289 0.3423 0.0412, -0.2669 0.3423 -0.033, -0.2681 0.3423 -0.0318, -0.2588 0.3423 -0.0124, -0.2697 0.3423 -0.0294, -0.1891 0.3423 0.0173, -0.1892 0.3423 0.0139, -0.2131 0.3423 0.0114, -0.1901 0.3423 0.0067, -0.192 0.3423 -0.0004, -0.2252 0.3423 0.0665, -0.2188 0.3423 0.0638, -0.227 0.3423 0.0423, -0.2124 0.3423 0.0601, -0.2226 0.3423 0.0391, -0.2066 0.3423 0.0554, -0.2189 0.3423 0.0351, -0.2015 0.3423 0.0501, -0.1971 0.3423 0.0442, -0.3796 0.3423 -0.0005, -0.3755 0.3423 0.0043, -0.3708 0.3423 0.0082, -0.3549 0.3423 0.0149, -0.3488 0.3423 0.0154, -0.4185 0.3423 0.0619, -0.4134 0.3423 0.0677, -0.3961 0.3423 0.052, -0.412 0.3423 0.069, -0.3914 0.3423 0.0561, -0.4063 0.3423 0.0739, -0.3996 0.3423 0.0782, -0.2109 0.3423 -0.0258, -0.2171 0.3423 -0.0297, -0.2308 0.3423 -0.0106, -0.2236 0.3423 -0.0327, -0.2361 0.3423 -0.0122, -0.2305 0.3423 -0.0348, -0.2399 0.3423 -0.0127, -0.2376 0.3423 -0.0359, -0.257 0.3423 -0.0127, -0.26 0.3423 -0.0359, -0.2577 0.3423 -0.0126, -0.2619 0.3423 -0.0356, -0.2644 0.3423 -0.0347, -0.2707 0.3423 -0.0269, -0.271 0.3423 -0.0241, -0.271 0.3423 -0.023, -0.3828 0.3423 -0.0058, -0.2703 0.3423 -0.0201, -0.2689 0.3423 -0.0174, -0.2671 0.3423 -0.0153, -0.2647 0.3423 -0.0137, -0.2651 0.3423 0.0822, -0.2471 0.3423 0.097, -0.2604 0.3423 0.078, -0.2454 0.3423 0.0953, -0.2393 0.3423 0.0888, -0.3324 0.3423 0.109, -0.3244 0.3423 0.1123, -0.3137 0.3423 0.0917, -0.316 0.3423 0.1147, -0.3064 0.3423 0.0933, -0.3075 0.3423 0.1162, -0.2995 0.3423 0.0939, -0.2987 0.3423 0.1167, -0.2984 0.3423 0.0939, -0.2961 0.3423 0.1167, -0.2911 0.3423 0.0934, -0.2873 0.3423 0.1158, -0.2842 0.3423 0.092, -0.2787 0.3423 0.114, -0.2774 0.3423 0.0896, -0.2702 0.3423 0.1111, -0.271 0.3423 0.0863, -0.2621 0.3423 0.1073, -0.2543 0.3423 0.1026, -0.2621 0.3423 -0.0127, -0.2593 0.3423 -0.0123, -0.2593 0.3423 -0.0123
            ]
        }
        coordIndex [
            0,1,2,-1,2,1,3,-1,2,3,4,-1,4,3,5,-1,4,5,6,-1,6,5,7,-1,6,7,8,-1,8,7,9,-1,8,9,10,-1,10,9,11,-1,10,11,12,-1,12,11,13,-1,12,13,14,-1,14,13,15,-1,14,15,16,-1,17,18,19,-1,19,18,20,-1,19,20,21,-1,21,20,22,-1,21,22,23,-1,23,22,24,-1,23,24,25,-1,15,26,16,-1,16,26,27,-1,16,27,28,-1,28,27,29,-1,28,29,30,-1,30,29,31,-1,30,31,32,-1,32,31,33,-1,32,33,34,-1,34,33,35,-1,34,35,36,-1,36,35,37,-1,36,37,17,-1,17,37,38,-1,17,38,18,-1,24,39,25,-1,25,39,40,-1,25,40,41,-1,41,40,42,-1,41,42,43,-1,43,42,44,-1,43,44,45,-1,45,44,46,-1,45,46,47,-1,47,46,48,-1,47,48,49,-1,49,48,50,-1,49,50,51,-1,51,50,52,-1,51,52,53,-1,53,52,54,-1,53,54,55,-1,55,54,56,-1,55,56,57,-1,57,56,58,-1,57,58,59,-1,59,58,60,-1,59,60,61,-1,61,60,62,-1,61,62,63,-1,63,62,64,-1,63,64,65,-1,65,64,66,-1,65,66,67,-1,67,66,68,-1,67,68,69,-1,69,68,70,-1,69,70,71,-1,71,70,72,-1,71,72,0,-1,0,72,73,-1,0,73,1,-1,74,75,76,-1,76,75,77,-1,76,77,78,-1,78,77,79,-1,78,79,80,-1,80,79,81,-1,80,81,82,-1,82,81,83,-1,82,83,84,-1,84,83,85,-1,84,85,86,-1,87,88,89,-1,89,88,90,-1,89,90,91,-1,91,90,92,-1,91,92,93,-1,93,92,94,-1,93,94,95,-1,95,94,96,-1,95,96,97,-1,97,96,98,-1,97,98,99,-1,99,98,100,-1,99,100,101,-1,101,100,102,-1,101,102,103,-1,103,102,104,-1,103,104,105,-1,105,104,106,-1,105,106,107,-1,107,106,108,-1,107,108,109,-1,109,108,110,-1,109,110,111,-1,111,110,112,-1,111,112,113,-1,113,112,114,-1,113,114,115,-1,115,114,116,-1,115,116,74,-1,74,116,117,-1,74,117,75,-1,118,119,120,-1,120,119,121,-1,120,121,122,-1,122,121,123,-1,122,123,124,-1,124,123,125,-1,124,125,126,-1,126,125,127,-1,126,127,128,-1,128,127,129,-1,128,129,130,-1,130,129,131,-1,130,131,132,-1,132,131,133,-1,132,133,87,-1,87,133,134,-1,87,134,88,-1,85,135,86,-1,86,135,136,-1,86,136,137,-1,137,136,138,-1,137,138,139,-1,139,138,140,-1,139,140,141,-1,141,140,142,-1,141,142,143,-1,143,142,144,-1,143,144,145,-1,145,144,146,-1,145,146,118,-1,118,146,147,-1,118,147,119,-1,66,64,98,-1,98,64,100,-1,66,98,96,-1,66,96,68,-1,68,96,94,-1,68,94,70,-1,70,94,92,-1,70,92,72,-1,72,92,90,-1,72,90,73,-1,73,90,88,-1,73,88,1,-1,1,88,134,-1,1,134,3,-1,3,134,133,-1,3,133,5,-1,5,133,131,-1,5,131,7,-1,7,131,129,-1,7,129,9,-1,9,129,127,-1,9,127,11,-1,11,127,125,-1,11,125,13,-1,13,125,123,-1,13,123,15,-1,15,123,121,-1,15,121,26,-1,26,121,119,-1,26,119,27,-1,27,119,147,-1,27,147,29,-1,29,147,146,-1,29,146,31,-1,31,146,144,-1,31,144,33,-1,33,144,142,-1,33,142,35,-1,35,142,140,-1,35,140,37,-1,37,140,138,-1,37,138,38,-1,38,138,136,-1,38,136,18,-1,18,136,135,-1,18,135,20,-1,20,135,85,-1,20,85,22,-1,22,85,83,-1,22,83,24,-1,24,83,81,-1,24,81,39,-1,39,81,79,-1,39,79,40,-1,40,79,77,-1,40,77,42,-1,42,77,75,-1,42,75,44,-1,44,75,117,-1,44,117,46,-1,46,117,116,-1,46,116,48,-1,48,116,114,-1,48,114,50,-1,50,114,112,-1,50,112,52,-1,52,112,110,-1,52,110,54,-1,54,110,108,-1,54,108,56,-1,56,108,106,-1,56,106,58,-1,58,106,104,-1,58,104,60,-1,62,60,102,-1,102,60,104,-1,64,62,100,-1,100,62,102,-1,59,61,103,-1,103,61,101,-1,61,63,101,-1,101,63,99,-1,63,65,99,-1,99,65,97,-1,8,128,130,-1,8,130,6,-1,6,130,132,-1,6,132,4,-1,4,132,87,-1,4,87,2,-1,2,87,89,-1,2,89,0,-1,0,89,91,-1,0,91,71,-1,71,91,93,-1,71,93,69,-1,69,93,95,-1,69,95,67,-1,67,95,97,-1,67,97,65,-1,34,141,143,-1,34,143,32,-1,32,143,145,-1,32,145,30,-1,30,145,118,-1,30,118,28,-1,28,118,120,-1,28,120,16,-1,16,120,122,-1,16,122,14,-1,14,122,124,-1,14,124,12,-1,12,124,126,-1,12,126,10,-1,10,126,128,-1,10,128,8,-1,43,76,78,-1,43,78,41,-1,41,78,80,-1,41,80,25,-1,25,80,82,-1,25,82,23,-1,23,82,84,-1,23,84,21,-1,21,84,86,-1,21,86,19,-1,19,86,137,-1,19,137,17,-1,17,137,139,-1,17,139,36,-1,36,139,141,-1,36,141,34,-1,59,103,105,-1,59,105,57,-1,57,105,107,-1,57,107,55,-1,55,107,109,-1,55,109,53,-1,53,109,111,-1,53,111,51,-1,51,111,113,-1,51,113,49,-1,49,113,115,-1,49,115,47,-1,47,115,74,-1,47,74,45,-1,45,74,76,-1,45,76,43,-1,148,149,150,-1,150,149,151,-1,152,148,153,-1,153,148,150,-1,152,153,154,-1,152,154,155,-1,155,154,156,-1,155,156,157,-1,158,157,159,-1,159,157,156,-1,160,158,161,-1,161,158,159,-1,162,160,163,-1,163,160,161,-1,164,162,165,-1,165,162,163,-1,166,164,167,-1,167,164,165,-1,168,166,169,-1,169,166,167,-1,168,169,170,-1,168,170,171,-1,171,170,172,-1,171,172,173,-1,173,172,174,-1,173,174,175,-1,175,174,176,-1,175,176,177,-1,177,176,178,-1,177,178,179,-1,179,178,180,-1,179,180,181,-1,181,180,182,-1,181,182,183,-1,183,182,184,-1,183,184,185,-1,185,184,186,-1,185,186,187,-1,187,186,188,-1,187,188,189,-1,190,189,191,-1,191,189,188,-1,190,191,192,-1,190,192,193,-1,193,192,194,-1,193,194,195,-1,195,194,196,-1,195,196,197,-1,197,196,198,-1,197,198,199,-1,199,198,200,-1,199,200,201,-1,201,200,202,-1,201,202,203,-1,203,202,204,-1,203,204,205,-1,205,204,206,-1,205,206,207,-1,207,206,208,-1,207,208,209,-1,209,208,210,-1,209,210,211,-1,211,210,212,-1,211,212,213,-1,213,212,214,-1,213,214,215,-1,215,214,216,-1,215,216,217,-1,217,216,218,-1,217,218,219,-1,149,219,151,-1,151,219,218,-1,155,157,219,-1,149,148,219,-1,219,148,152,-1,219,152,155,-1,162,164,160,-1,160,164,166,-1,160,166,158,-1,173,175,207,-1,207,175,205,-1,205,175,177,-1,205,177,203,-1,203,177,179,-1,203,179,201,-1,201,179,199,-1,199,179,181,-1,199,181,197,-1,197,181,183,-1,197,183,195,-1,207,209,173,-1,173,209,211,-1,173,211,171,-1,171,211,213,-1,171,213,168,-1,195,183,193,-1,193,183,185,-1,193,185,190,-1,190,185,187,-1,190,187,189,-1,213,215,168,-1,168,215,217,-1,168,217,166,-1,166,217,219,-1,166,219,158,-1,158,219,157,-1,180,178,200,-1,167,165,163,-1,150,151,153,-1,153,151,218,-1,200,178,202,-1,202,178,176,-1,202,176,204,-1,200,198,180,-1,180,198,196,-1,180,196,182,-1,182,196,194,-1,182,194,184,-1,184,194,192,-1,184,192,186,-1,186,192,191,-1,186,191,188,-1,204,176,206,-1,206,176,174,-1,206,174,208,-1,208,174,172,-1,208,172,210,-1,210,172,170,-1,210,170,212,-1,212,170,214,-1,214,170,169,-1,214,169,216,-1,159,156,218,-1,218,156,154,-1,218,154,153,-1,163,161,167,-1,167,161,159,-1,167,159,169,-1,169,159,218,-1,169,218,216,-1,220,221,222,-1,222,221,223,-1,224,225,226,-1,227,228,229,-1,229,228,230,-1,229,230,231,-1,231,230,232,-1,231,232,233,-1,234,235,236,-1,237,238,239,-1,224,240,225,-1,225,240,241,-1,225,241,242,-1,243,244,245,-1,245,244,236,-1,245,236,246,-1,246,236,235,-1,247,248,249,-1,249,248,250,-1,249,250,227,-1,227,250,251,-1,227,251,228,-1,241,252,242,-1,242,252,253,-1,242,253,254,-1,254,253,255,-1,254,255,256,-1,222,257,220,-1,220,257,258,-1,220,258,259,-1,259,258,260,-1,259,260,226,-1,226,260,261,-1,226,261,224,-1,262,263,264,-1,264,263,265,-1,264,265,247,-1,247,265,266,-1,247,266,248,-1,267,268,269,-1,269,268,270,-1,269,270,271,-1,271,270,272,-1,271,272,273,-1,239,274,237,-1,237,274,275,-1,237,275,267,-1,267,275,276,-1,267,276,268,-1,277,278,279,-1,279,278,280,-1,279,280,238,-1,238,280,281,-1,238,281,239,-1,282,283,236,-1,236,283,284,-1,236,284,234,-1,285,282,262,-1,262,282,286,-1,262,286,263,-1,223,283,222,-1,222,283,282,-1,222,282,287,-1,287,282,285,-1,255,288,256,-1,256,288,289,-1,256,289,290,-1,290,289,291,-1,290,291,292,-1,232,293,233,-1,233,293,294,-1,233,294,295,-1,295,294,296,-1,295,296,297,-1,297,296,298,-1,297,298,299,-1,299,298,300,-1,299,300,301,-1,301,300,302,-1,301,302,303,-1,303,302,304,-1,303,304,305,-1,305,304,306,-1,305,306,307,-1,307,306,308,-1,307,308,309,-1,309,308,310,-1,309,310,311,-1,311,310,312,-1,311,312,313,-1,246,314,245,-1,245,314,315,-1,245,315,316,-1,316,315,317,-1,316,317,318,-1,319,320,321,-1,321,320,322,-1,321,322,323,-1,323,322,324,-1,323,324,325,-1,291,326,292,-1,292,326,327,-1,292,327,277,-1,277,327,328,-1,277,328,278,-1,324,329,325,-1,325,329,330,-1,325,330,331,-1,331,330,332,-1,331,332,333,-1,333,332,318,-1,333,318,334,-1,334,318,317,-1,272,335,273,-1,273,335,336,-1,273,336,337,-1,337,336,338,-1,337,338,339,-1,339,338,340,-1,339,340,319,-1,319,340,341,-1,319,341,320,-1,342,343,344,-1,345,346,347,-1,347,346,348,-1,347,348,349,-1,350,351,352,-1,352,351,353,-1,352,353,354,-1,355,356,357,-1,358,359,360,-1,361,362,363,-1,363,362,364,-1,363,364,365,-1,366,367,356,-1,356,367,368,-1,356,368,357,-1,348,369,349,-1,349,369,370,-1,349,370,371,-1,371,370,372,-1,371,372,373,-1,374,375,376,-1,376,375,377,-1,376,377,378,-1,378,377,379,-1,378,379,345,-1,345,379,380,-1,345,380,346,-1,381,358,382,-1,382,358,360,-1,382,360,383,-1,383,360,384,-1,353,385,354,-1,354,385,386,-1,354,386,361,-1,361,386,387,-1,361,387,362,-1,388,389,350,-1,350,389,390,-1,350,390,351,-1,391,392,388,-1,388,392,393,-1,388,393,389,-1,357,394,355,-1,355,394,395,-1,355,395,396,-1,396,395,397,-1,396,397,398,-1,398,397,399,-1,398,399,400,-1,400,399,401,-1,400,401,402,-1,402,401,403,-1,364,404,365,-1,365,404,405,-1,365,405,406,-1,406,405,407,-1,406,407,366,-1,366,407,408,-1,366,408,367,-1,409,410,411,-1,411,410,360,-1,411,360,412,-1,412,360,359,-1,372,413,373,-1,373,413,414,-1,373,414,415,-1,415,414,416,-1,415,416,417,-1,417,416,410,-1,417,410,418,-1,418,410,419,-1,419,410,409,-1,419,409,403,-1,403,409,420,-1,403,420,402,-1,421,422,423,-1,423,422,424,-1,423,424,425,-1,425,424,426,-1,425,426,427,-1,427,426,428,-1,427,428,429,-1,342,344,430,-1,430,344,431,-1,430,431,432,-1,432,431,433,-1,432,433,434,-1,434,433,435,-1,434,435,436,-1,436,435,437,-1,436,437,438,-1,438,437,439,-1,438,439,440,-1,440,439,441,-1,440,441,442,-1,442,441,443,-1,442,443,374,-1,374,443,444,-1,374,444,375,-1,445,446,447,-1,447,446,448,-1,447,448,449,-1,449,448,450,-1,449,450,391,-1,391,450,451,-1,391,451,392,-1,428,452,429,-1,429,452,453,-1,429,453,454,-1,454,453,455,-1,454,455,456,-1,456,455,457,-1,456,457,445,-1,445,457,458,-1,445,458,446,-1,423,459,421,-1,421,459,460,-1,421,460,461,-1,461,460,462,-1,461,462,382,-1,382,462,463,-1,382,463,381,-1,298,443,441,-1,298,441,300,-1,300,441,439,-1,300,439,302,-1,302,439,437,-1,302,437,304,-1,304,437,435,-1,304,435,306,-1,306,435,433,-1,306,433,308,-1,308,433,431,-1,308,431,310,-1,310,431,344,-1,310,344,312,-1,313,312,343,-1,343,312,344,-1,313,343,342,-1,313,342,311,-1,311,342,430,-1,311,430,309,-1,309,430,432,-1,309,432,307,-1,307,432,434,-1,307,434,305,-1,305,434,436,-1,305,436,303,-1,303,436,438,-1,303,438,301,-1,301,438,440,-1,301,440,299,-1,299,440,442,-1,299,442,297,-1,297,442,374,-1,297,374,295,-1,295,374,376,-1,295,376,233,-1,233,376,378,-1,233,378,231,-1,231,378,345,-1,231,345,229,-1,229,345,347,-1,229,347,227,-1,227,347,349,-1,227,349,249,-1,249,349,371,-1,249,371,247,-1,247,371,373,-1,247,373,264,-1,264,373,415,-1,264,415,262,-1,262,415,417,-1,262,417,285,-1,285,417,418,-1,285,418,287,-1,287,418,419,-1,287,419,222,-1,257,222,403,-1,403,222,419,-1,257,403,401,-1,257,401,258,-1,258,401,399,-1,258,399,260,-1,260,399,397,-1,260,397,261,-1,261,397,395,-1,261,395,224,-1,224,395,394,-1,224,394,240,-1,240,394,357,-1,240,357,241,-1,241,357,368,-1,241,368,252,-1,252,368,367,-1,252,367,253,-1,253,367,408,-1,253,408,255,-1,255,408,407,-1,255,407,288,-1,288,407,405,-1,288,405,289,-1,289,405,404,-1,289,404,291,-1,291,404,364,-1,291,364,326,-1,326,364,362,-1,326,362,327,-1,327,362,387,-1,327,387,328,-1,328,387,386,-1,328,386,278,-1,278,386,385,-1,278,385,280,-1,280,385,353,-1,280,353,281,-1,281,353,351,-1,281,351,239,-1,239,351,390,-1,239,390,274,-1,274,390,389,-1,274,389,275,-1,275,389,393,-1,275,393,276,-1,276,393,392,-1,276,392,268,-1,268,392,451,-1,268,451,270,-1,270,451,450,-1,270,450,272,-1,272,450,448,-1,272,448,335,-1,335,448,446,-1,335,446,336,-1,336,446,458,-1,336,458,338,-1,338,458,457,-1,338,457,340,-1,340,457,455,-1,340,455,341,-1,341,455,453,-1,341,453,320,-1,320,453,452,-1,320,452,322,-1,322,452,428,-1,322,428,324,-1,324,428,426,-1,324,426,329,-1,329,426,424,-1,329,424,330,-1,330,424,422,-1,330,422,332,-1,332,422,421,-1,332,421,318,-1,318,421,461,-1,318,461,316,-1,245,316,382,-1,382,316,461,-1,243,245,383,-1,383,245,382,-1,244,243,384,-1,384,243,383,-1,236,244,360,-1,360,244,384,-1,236,360,410,-1,236,410,282,-1,282,410,416,-1,282,416,286,-1,286,416,414,-1,286,414,263,-1,263,414,413,-1,263,413,265,-1,265,413,372,-1,265,372,266,-1,266,372,370,-1,266,370,248,-1,248,370,369,-1,248,369,250,-1,250,369,348,-1,250,348,251,-1,251,348,346,-1,251,346,228,-1,228,346,380,-1,228,380,230,-1,230,380,379,-1,230,379,232,-1,232,379,377,-1,232,377,293,-1,293,377,375,-1,293,375,294,-1,294,375,444,-1,294,444,296,-1,296,444,443,-1,296,443,298,-1,225,355,396,-1,225,396,226,-1,226,396,398,-1,226,398,259,-1,259,398,400,-1,259,400,220,-1,220,400,402,-1,220,402,221,-1,221,402,420,-1,221,420,223,-1,292,363,365,-1,292,365,290,-1,290,365,406,-1,290,406,256,-1,256,406,366,-1,256,366,254,-1,254,366,356,-1,254,356,242,-1,242,356,355,-1,242,355,225,-1,267,388,350,-1,267,350,237,-1,237,350,352,-1,237,352,238,-1,238,352,354,-1,238,354,279,-1,279,354,361,-1,279,361,277,-1,277,361,363,-1,277,363,292,-1,339,456,445,-1,339,445,337,-1,337,445,447,-1,337,447,273,-1,273,447,449,-1,273,449,271,-1,271,449,391,-1,271,391,269,-1,269,391,388,-1,269,388,267,-1,334,460,459,-1,334,459,333,-1,333,459,423,-1,333,423,331,-1,331,423,425,-1,331,425,325,-1,325,425,427,-1,325,427,323,-1,323,427,429,-1,323,429,321,-1,321,429,454,-1,321,454,319,-1,319,454,456,-1,319,456,339,-1,284,411,412,-1,284,412,234,-1,234,412,359,-1,234,359,235,-1,235,359,358,-1,235,358,246,-1,246,358,381,-1,246,381,314,-1,314,381,463,-1,314,463,315,-1,315,463,462,-1,315,462,317,-1,317,462,460,-1,317,460,334,-1,284,283,411,-1,411,283,409,-1,283,223,409,-1,409,223,420,-1,464,465,466,-1,466,465,467,-1,466,467,468,-1,468,467,469,-1,468,469,470,-1,470,469,471,-1,470,471,472,-1,472,471,473,-1,472,473,474,-1,474,473,475,-1,474,475,476,-1,476,475,477,-1,476,477,478,-1,478,477,479,-1,478,479,480,-1,481,482,483,-1,483,482,484,-1,483,484,485,-1,485,484,486,-1,485,486,487,-1,487,486,488,-1,487,488,489,-1,488,490,489,-1,489,490,491,-1,489,491,492,-1,492,491,493,-1,492,493,494,-1,494,493,495,-1,494,495,496,-1,496,495,497,-1,496,497,498,-1,498,497,499,-1,498,499,500,-1,500,499,501,-1,500,501,502,-1,502,501,503,-1,502,503,504,-1,504,503,505,-1,504,505,506,-1,506,505,507,-1,506,507,508,-1,508,507,509,-1,508,509,510,-1,510,509,511,-1,510,511,512,-1,512,511,513,-1,512,513,514,-1,514,513,515,-1,514,515,516,-1,516,515,517,-1,516,517,518,-1,518,517,519,-1,518,519,520,-1,520,519,521,-1,520,521,522,-1,522,521,523,-1,522,523,464,-1,464,523,524,-1,464,524,465,-1,479,525,480,-1,480,525,526,-1,480,526,527,-1,527,526,528,-1,527,528,529,-1,529,528,530,-1,529,530,531,-1,531,530,532,-1,531,532,533,-1,533,532,534,-1,533,534,535,-1,535,534,536,-1,535,536,481,-1,481,536,537,-1,481,537,482,-1,538,539,540,-1,540,539,541,-1,540,541,542,-1,542,541,543,-1,542,543,544,-1,544,543,545,-1,544,545,546,-1,546,545,547,-1,546,547,548,-1,548,547,549,-1,548,549,550,-1,551,552,553,-1,553,552,554,-1,553,554,555,-1,555,554,556,-1,555,556,557,-1,557,556,558,-1,557,558,559,-1,559,558,560,-1,559,560,561,-1,561,560,562,-1,561,562,563,-1,563,562,564,-1,563,564,565,-1,565,564,566,-1,565,566,567,-1,567,566,568,-1,567,568,569,-1,569,568,570,-1,569,570,571,-1,571,570,572,-1,571,572,573,-1,573,572,574,-1,573,574,575,-1,575,574,576,-1,575,576,577,-1,577,576,578,-1,577,578,579,-1,579,578,580,-1,579,580,538,-1,538,580,581,-1,538,581,539,-1,582,583,584,-1,584,583,585,-1,584,585,586,-1,586,585,587,-1,586,587,588,-1,588,587,589,-1,588,589,590,-1,590,589,591,-1,590,591,592,-1,592,591,593,-1,592,593,594,-1,594,593,595,-1,594,595,596,-1,596,595,597,-1,596,597,551,-1,551,597,598,-1,551,598,552,-1,549,599,550,-1,550,599,600,-1,550,600,601,-1,601,600,602,-1,601,602,603,-1,603,602,604,-1,603,604,605,-1,605,604,606,-1,605,606,607,-1,607,606,608,-1,607,608,609,-1,609,608,610,-1,609,610,582,-1,582,610,611,-1,582,611,583,-1,517,515,562,-1,562,515,564,-1,517,562,560,-1,517,560,519,-1,519,560,558,-1,519,558,521,-1,521,558,556,-1,521,556,523,-1,523,556,554,-1,523,554,524,-1,524,554,552,-1,524,552,465,-1,465,552,598,-1,465,598,467,-1,467,598,597,-1,467,597,469,-1,469,597,595,-1,469,595,471,-1,471,595,593,-1,471,593,473,-1,473,593,591,-1,473,591,475,-1,475,591,589,-1,475,589,477,-1,477,589,587,-1,477,587,479,-1,479,587,585,-1,479,585,525,-1,525,585,583,-1,525,583,526,-1,526,583,611,-1,526,611,528,-1,528,611,610,-1,528,610,530,-1,530,610,608,-1,530,608,532,-1,532,608,606,-1,532,606,534,-1,534,606,604,-1,534,604,536,-1,536,604,602,-1,536,602,537,-1,537,602,600,-1,537,600,482,-1,482,600,599,-1,482,599,484,-1,484,599,549,-1,484,549,486,-1,486,549,547,-1,486,547,488,-1,488,547,545,-1,488,545,490,-1,490,545,543,-1,490,543,491,-1,491,543,541,-1,491,541,493,-1,493,541,539,-1,493,539,495,-1,495,539,581,-1,495,581,497,-1,497,581,580,-1,497,580,499,-1,499,580,578,-1,499,578,501,-1,501,578,576,-1,501,576,503,-1,503,576,574,-1,503,574,505,-1,505,574,572,-1,505,572,507,-1,507,572,570,-1,507,570,509,-1,509,570,568,-1,509,568,511,-1,513,511,566,-1,566,511,568,-1,515,513,564,-1,564,513,566,-1,510,512,567,-1,567,512,565,-1,512,514,565,-1,565,514,563,-1,514,516,563,-1,563,516,561,-1,472,592,594,-1,472,594,470,-1,470,594,596,-1,470,596,468,-1,468,596,551,-1,468,551,466,-1,466,551,553,-1,466,553,464,-1,464,553,555,-1,464,555,522,-1,522,555,557,-1,522,557,520,-1,520,557,559,-1,520,559,518,-1,518,559,561,-1,518,561,516,-1,533,605,607,-1,533,607,531,-1,531,607,609,-1,531,609,529,-1,529,609,582,-1,529,582,527,-1,527,582,584,-1,527,584,480,-1,480,584,586,-1,480,586,478,-1,478,586,588,-1,478,588,476,-1,476,588,590,-1,476,590,474,-1,474,590,592,-1,474,592,472,-1,494,540,542,-1,494,542,492,-1,492,542,544,-1,492,544,489,-1,489,544,546,-1,489,546,487,-1,487,546,548,-1,487,548,485,-1,485,548,550,-1,485,550,483,-1,483,550,601,-1,483,601,481,-1,481,601,603,-1,481,603,535,-1,535,603,605,-1,535,605,533,-1,510,567,569,-1,510,569,508,-1,508,569,571,-1,508,571,506,-1,506,571,573,-1,506,573,504,-1,504,573,575,-1,504,575,502,-1,502,575,577,-1,502,577,500,-1,500,577,579,-1,500,579,498,-1,498,579,538,-1,498,538,496,-1,496,538,540,-1,496,540,494,-1,612,613,614,-1,615,616,617,-1,618,619,620,-1,621,622,623,-1,623,622,624,-1,625,626,627,-1,628,629,630,-1,630,629,631,-1,630,631,632,-1,633,634,635,-1,635,634,614,-1,635,614,636,-1,637,638,639,-1,640,641,614,-1,614,641,642,-1,614,642,612,-1,643,644,621,-1,621,644,645,-1,621,645,622,-1,646,647,648,-1,648,647,618,-1,649,650,651,-1,652,653,654,-1,618,620,648,-1,648,620,655,-1,648,655,621,-1,621,655,656,-1,621,656,643,-1,657,658,624,-1,624,658,659,-1,624,659,623,-1,660,613,661,-1,661,613,662,-1,661,662,663,-1,664,665,666,-1,666,665,667,-1,666,667,633,-1,633,667,668,-1,633,668,634,-1,651,669,649,-1,649,669,670,-1,649,670,664,-1,664,670,671,-1,664,671,665,-1,639,638,672,-1,672,638,673,-1,672,673,674,-1,674,673,675,-1,674,675,676,-1,627,626,677,-1,677,626,678,-1,677,678,679,-1,680,681,614,-1,614,681,682,-1,614,682,640,-1,652,654,683,-1,683,654,684,-1,683,684,685,-1,685,684,686,-1,685,686,687,-1,619,618,649,-1,649,618,688,-1,649,688,689,-1,689,690,649,-1,649,690,691,-1,649,691,650,-1,692,693,694,-1,694,693,695,-1,694,695,696,-1,696,695,697,-1,696,697,698,-1,698,697,699,-1,698,699,700,-1,701,702,703,-1,703,702,704,-1,703,704,680,-1,680,704,705,-1,680,705,681,-1,653,652,706,-1,706,652,707,-1,706,707,708,-1,708,707,709,-1,708,709,710,-1,710,709,711,-1,710,711,617,-1,617,711,712,-1,617,712,615,-1,660,713,613,-1,613,713,714,-1,613,714,614,-1,614,714,715,-1,614,715,636,-1,639,716,637,-1,637,716,717,-1,637,717,718,-1,718,717,719,-1,718,719,720,-1,720,719,721,-1,720,721,722,-1,722,721,723,-1,722,723,724,-1,627,725,625,-1,625,725,726,-1,625,726,727,-1,727,726,728,-1,727,728,729,-1,729,728,730,-1,729,730,731,-1,731,730,617,-1,731,617,732,-1,732,617,616,-1,630,733,628,-1,628,733,734,-1,628,734,735,-1,735,734,736,-1,735,736,737,-1,738,739,740,-1,740,739,741,-1,740,741,742,-1,742,741,743,-1,742,743,701,-1,701,743,744,-1,701,744,702,-1,745,746,747,-1,747,746,748,-1,747,748,657,-1,657,748,749,-1,657,749,658,-1,662,750,663,-1,663,750,751,-1,663,751,752,-1,752,751,753,-1,752,753,754,-1,755,756,757,-1,757,756,758,-1,757,758,759,-1,759,758,760,-1,759,760,692,-1,692,760,761,-1,692,761,693,-1,723,762,724,-1,724,762,763,-1,724,763,764,-1,764,763,765,-1,764,765,755,-1,755,765,766,-1,755,766,756,-1,753,767,754,-1,754,767,768,-1,754,768,745,-1,745,768,769,-1,745,769,746,-1,770,771,772,-1,773,774,775,-1,775,774,776,-1,777,778,779,-1,779,778,780,-1,779,780,781,-1,781,780,782,-1,781,782,783,-1,783,782,784,-1,783,784,785,-1,785,784,786,-1,785,786,738,-1,738,786,787,-1,738,787,739,-1,632,788,630,-1,630,788,789,-1,630,789,790,-1,790,789,791,-1,790,791,792,-1,792,791,700,-1,792,700,793,-1,793,700,699,-1,794,795,770,-1,770,795,796,-1,770,796,771,-1,675,797,676,-1,676,797,770,-1,676,770,798,-1,798,770,772,-1,679,678,799,-1,799,678,800,-1,799,800,773,-1,773,800,801,-1,773,801,774,-1,802,803,804,-1,803,805,804,-1,804,805,806,-1,804,806,807,-1,686,808,687,-1,687,808,809,-1,687,809,810,-1,810,809,811,-1,810,811,777,-1,777,811,812,-1,777,812,778,-1,794,770,804,-1,804,770,813,-1,804,813,802,-1,736,814,737,-1,737,814,815,-1,737,815,816,-1,816,815,817,-1,816,817,818,-1,818,817,819,-1,818,819,820,-1,820,819,821,-1,820,821,822,-1,822,821,823,-1,822,823,776,-1,776,823,824,-1,776,824,775,-1,825,826,827,-1,827,826,828,-1,827,828,829,-1,830,831,832,-1,833,834,835,-1,835,834,836,-1,835,836,837,-1,828,838,829,-1,829,838,839,-1,829,839,840,-1,840,839,841,-1,842,843,835,-1,835,843,830,-1,835,830,833,-1,844,845,846,-1,847,848,849,-1,849,848,850,-1,849,850,851,-1,852,853,854,-1,855,856,829,-1,829,856,857,-1,829,857,827,-1,827,857,858,-1,859,860,861,-1,861,860,862,-1,863,864,865,-1,865,864,866,-1,865,866,867,-1,867,866,868,-1,867,868,869,-1,835,870,842,-1,842,870,871,-1,842,871,872,-1,872,871,873,-1,872,873,874,-1,874,873,875,-1,874,875,876,-1,832,877,830,-1,830,877,878,-1,830,878,833,-1,879,880,881,-1,881,880,882,-1,881,882,883,-1,883,882,884,-1,883,884,885,-1,846,845,886,-1,886,845,887,-1,886,887,888,-1,889,890,884,-1,891,892,839,-1,839,892,893,-1,839,893,841,-1,862,894,861,-1,861,894,895,-1,861,895,896,-1,896,895,869,-1,896,869,897,-1,897,869,868,-1,888,887,898,-1,898,887,899,-1,898,899,861,-1,861,899,900,-1,861,900,859,-1,901,902,903,-1,903,902,904,-1,903,904,905,-1,905,904,906,-1,905,906,907,-1,907,906,908,-1,907,908,909,-1,910,911,912,-1,912,911,913,-1,912,913,914,-1,914,913,915,-1,914,915,916,-1,890,917,884,-1,884,917,918,-1,884,918,885,-1,850,919,851,-1,851,919,920,-1,851,920,921,-1,921,920,922,-1,921,922,836,-1,836,922,923,-1,836,923,837,-1,854,853,924,-1,924,853,925,-1,924,925,829,-1,829,925,926,-1,829,926,855,-1,927,928,929,-1,929,928,930,-1,929,930,931,-1,854,932,852,-1,852,932,933,-1,852,933,934,-1,934,933,935,-1,934,935,847,-1,847,935,936,-1,847,936,848,-1,930,937,931,-1,931,937,938,-1,931,938,939,-1,939,938,940,-1,939,940,941,-1,941,940,827,-1,941,827,942,-1,942,827,858,-1,927,943,944,-1,945,946,947,-1,947,946,948,-1,947,948,949,-1,875,950,876,-1,876,950,951,-1,876,951,952,-1,952,951,953,-1,952,953,954,-1,954,953,955,-1,954,955,956,-1,956,955,957,-1,956,957,958,-1,958,957,959,-1,958,959,945,-1,945,959,960,-1,945,960,946,-1,961,962,963,-1,963,962,964,-1,915,965,916,-1,916,965,966,-1,916,966,967,-1,967,966,968,-1,967,968,901,-1,901,968,969,-1,901,969,902,-1,884,970,889,-1,889,970,971,-1,889,971,972,-1,972,971,973,-1,972,973,974,-1,974,973,975,-1,974,975,976,-1,976,975,977,-1,976,977,910,-1,910,977,978,-1,910,978,911,-1,979,980,927,-1,927,980,981,-1,927,981,943,-1,944,982,927,-1,927,982,983,-1,927,983,928,-1,948,984,949,-1,949,984,985,-1,949,985,986,-1,986,985,987,-1,986,987,988,-1,988,987,989,-1,988,989,863,-1,863,989,990,-1,863,990,864,-1,908,991,909,-1,909,991,992,-1,909,992,993,-1,993,992,994,-1,993,994,995,-1,995,994,996,-1,995,996,997,-1,997,996,998,-1,997,998,999,-1,999,998,1000,-1,999,1000,1001,-1,1001,1000,1002,-1,1001,1002,963,-1,963,1002,1003,-1,963,1003,961,-1,964,1004,963,-1,963,1004,1005,-1,963,1005,1006,-1,831,830,927,-1,927,830,1007,-1,927,1007,979,-1,1008,1009,1006,-1,1006,1009,1010,-1,1006,1010,1011,-1,1012,1013,1014,-1,1014,1013,1015,-1,1014,1015,879,-1,879,1015,1016,-1,879,1016,880,-1,846,1017,844,-1,844,1017,1018,-1,844,1018,1019,-1,1019,1018,1020,-1,1019,1020,1021,-1,1021,1020,1022,-1,1021,1022,1023,-1,1023,1022,1024,-1,1023,1024,1025,-1,1025,1024,1026,-1,1025,1026,1027,-1,1027,1026,1028,-1,1027,1028,1029,-1,1029,1028,1030,-1,1029,1030,1031,-1,1031,1030,1032,-1,1031,1032,1033,-1,1033,1032,1034,-1,1033,1034,1012,-1,1012,1034,1035,-1,1012,1035,1013,-1,1011,1036,1006,-1,1006,1036,1037,-1,1006,1037,963,-1,758,965,915,-1,758,915,760,-1,760,915,913,-1,760,913,761,-1,761,913,911,-1,761,911,693,-1,693,911,978,-1,693,978,695,-1,695,978,977,-1,695,977,697,-1,697,977,975,-1,697,975,699,-1,699,975,973,-1,699,973,793,-1,793,973,971,-1,793,971,792,-1,792,971,970,-1,792,970,790,-1,790,970,884,-1,790,884,630,-1,630,884,882,-1,630,882,733,-1,733,882,880,-1,733,880,734,-1,734,880,1016,-1,734,1016,736,-1,736,1016,1015,-1,736,1015,814,-1,814,1015,1013,-1,814,1013,815,-1,815,1013,1035,-1,815,1035,817,-1,817,1035,1034,-1,817,1034,819,-1,819,1034,1032,-1,819,1032,821,-1,821,1032,1030,-1,821,1030,823,-1,823,1030,1028,-1,823,1028,824,-1,824,1028,1026,-1,824,1026,775,-1,775,1026,1024,-1,775,1024,773,-1,773,1024,1022,-1,773,1022,799,-1,799,1022,1020,-1,799,1020,679,-1,679,1020,1018,-1,679,1018,677,-1,677,1018,1017,-1,677,1017,627,-1,627,1017,846,-1,627,846,725,-1,725,846,886,-1,725,886,726,-1,726,886,888,-1,726,888,728,-1,728,888,898,-1,728,898,730,-1,730,898,861,-1,730,861,617,-1,617,861,896,-1,617,896,710,-1,710,896,897,-1,710,897,708,-1,708,897,868,-1,708,868,706,-1,706,868,866,-1,706,866,653,-1,653,866,864,-1,653,864,654,-1,654,864,990,-1,654,990,684,-1,684,990,989,-1,684,989,686,-1,686,989,987,-1,686,987,808,-1,808,987,985,-1,808,985,809,-1,809,985,984,-1,809,984,811,-1,811,984,948,-1,811,948,812,-1,812,948,946,-1,812,946,778,-1,778,946,960,-1,778,960,780,-1,780,960,959,-1,780,959,782,-1,782,959,957,-1,782,957,784,-1,784,957,955,-1,784,955,786,-1,786,955,953,-1,786,953,787,-1,787,953,951,-1,787,951,739,-1,739,951,950,-1,739,950,741,-1,741,950,875,-1,741,875,743,-1,743,875,873,-1,743,873,744,-1,744,873,871,-1,744,871,702,-1,702,871,870,-1,702,870,704,-1,704,870,835,-1,704,835,705,-1,705,835,837,-1,705,837,681,-1,681,837,923,-1,681,923,682,-1,682,923,922,-1,682,922,640,-1,640,922,920,-1,640,920,641,-1,641,920,919,-1,641,919,642,-1,642,919,850,-1,642,850,612,-1,612,850,848,-1,612,848,613,-1,613,848,936,-1,613,936,662,-1,662,936,935,-1,662,935,750,-1,750,935,933,-1,750,933,751,-1,751,933,932,-1,751,932,753,-1,753,932,854,-1,753,854,767,-1,767,854,924,-1,767,924,768,-1,768,924,829,-1,768,829,769,-1,769,829,840,-1,769,840,746,-1,746,840,841,-1,746,841,748,-1,748,841,893,-1,748,893,749,-1,749,893,892,-1,749,892,658,-1,658,892,891,-1,658,891,659,-1,659,891,839,-1,659,839,623,-1,623,839,838,-1,623,838,621,-1,648,621,828,-1,828,621,838,-1,646,648,826,-1,826,648,828,-1,647,646,825,-1,825,646,826,-1,618,647,827,-1,827,647,825,-1,618,827,940,-1,618,940,688,-1,688,940,938,-1,688,938,689,-1,689,938,937,-1,689,937,690,-1,690,937,930,-1,690,930,691,-1,691,930,928,-1,691,928,650,-1,650,928,983,-1,650,983,651,-1,651,983,982,-1,651,982,669,-1,669,982,944,-1,669,944,670,-1,670,944,943,-1,670,943,671,-1,671,943,981,-1,671,981,665,-1,665,981,980,-1,665,980,667,-1,667,980,979,-1,667,979,668,-1,668,979,1007,-1,668,1007,634,-1,634,1007,830,-1,634,830,614,-1,614,830,843,-1,614,843,680,-1,680,843,842,-1,680,842,703,-1,703,842,872,-1,703,872,701,-1,701,872,874,-1,701,874,742,-1,742,874,876,-1,742,876,740,-1,740,876,952,-1,740,952,738,-1,738,952,954,-1,738,954,785,-1,785,954,956,-1,785,956,783,-1,783,956,958,-1,783,958,781,-1,781,958,945,-1,781,945,779,-1,779,945,947,-1,779,947,777,-1,777,947,949,-1,777,949,810,-1,810,949,986,-1,810,986,687,-1,687,986,988,-1,687,988,685,-1,685,988,863,-1,685,863,683,-1,683,863,865,-1,683,865,652,-1,652,865,867,-1,652,867,707,-1,707,867,869,-1,707,869,709,-1,709,869,895,-1,709,895,711,-1,711,895,894,-1,711,894,712,-1,712,894,862,-1,712,862,615,-1,615,862,860,-1,615,860,616,-1,616,860,859,-1,616,859,732,-1,732,859,900,-1,732,900,731,-1,731,900,899,-1,731,899,729,-1,729,899,887,-1,729,887,727,-1,727,887,845,-1,727,845,625,-1,625,845,844,-1,625,844,626,-1,626,844,1019,-1,626,1019,678,-1,678,1019,1021,-1,678,1021,800,-1,800,1021,1023,-1,800,1023,801,-1,801,1023,1025,-1,801,1025,774,-1,774,1025,1027,-1,774,1027,776,-1,776,1027,1029,-1,776,1029,822,-1,822,1029,1031,-1,822,1031,820,-1,820,1031,1033,-1,820,1033,818,-1,818,1033,1012,-1,818,1012,816,-1,816,1012,1014,-1,816,1014,737,-1,737,1014,879,-1,737,879,735,-1,735,879,881,-1,735,881,628,-1,628,881,883,-1,628,883,629,-1,629,883,885,-1,629,885,631,-1,631,885,918,-1,631,918,632,-1,788,632,917,-1,917,632,918,-1,788,917,890,-1,788,890,789,-1,789,890,889,-1,789,889,791,-1,791,889,972,-1,791,972,700,-1,700,972,974,-1,700,974,698,-1,698,974,976,-1,698,976,696,-1,696,976,910,-1,696,910,694,-1,694,910,912,-1,694,912,692,-1,692,912,914,-1,692,914,759,-1,759,914,916,-1,759,916,757,-1,757,916,967,-1,757,967,755,-1,755,967,901,-1,755,901,764,-1,764,901,903,-1,764,903,724,-1,724,903,905,-1,724,905,722,-1,722,905,907,-1,722,907,720,-1,720,907,909,-1,720,909,718,-1,718,909,993,-1,718,993,637,-1,637,993,995,-1,637,995,638,-1,638,995,997,-1,638,997,673,-1,675,673,999,-1,999,673,997,-1,675,999,1001,-1,675,1001,797,-1,797,1001,963,-1,797,963,770,-1,770,963,1037,-1,770,1037,813,-1,813,1037,1036,-1,813,1036,802,-1,802,1036,1011,-1,802,1011,803,-1,803,1011,1010,-1,803,1010,805,-1,805,1010,1009,-1,805,1009,806,-1,806,1009,1008,-1,806,1008,807,-1,807,1008,1006,-1,807,1006,804,-1,804,1006,1005,-1,804,1005,794,-1,794,1005,1004,-1,794,1004,795,-1,795,1004,964,-1,795,964,796,-1,796,964,962,-1,796,962,771,-1,771,962,961,-1,771,961,772,-1,772,961,1003,-1,772,1003,798,-1,798,1003,1002,-1,798,1002,676,-1,676,1002,1000,-1,676,1000,674,-1,672,674,998,-1,998,674,1000,-1,672,998,996,-1,672,996,639,-1,639,996,994,-1,639,994,716,-1,716,994,992,-1,716,992,717,-1,717,992,991,-1,717,991,719,-1,719,991,908,-1,719,908,721,-1,721,908,906,-1,721,906,723,-1,723,906,904,-1,723,904,762,-1,762,904,902,-1,762,902,763,-1,763,902,969,-1,763,969,765,-1,765,969,968,-1,765,968,766,-1,766,968,966,-1,766,966,756,-1,756,966,965,-1,756,965,758,-1,619,927,929,-1,619,929,620,-1,620,929,931,-1,620,931,655,-1,655,931,939,-1,655,939,656,-1,656,939,941,-1,656,941,643,-1,643,941,942,-1,643,942,644,-1,644,942,858,-1,644,858,645,-1,645,858,857,-1,645,857,622,-1,622,857,856,-1,622,856,624,-1,624,856,855,-1,624,855,657,-1,657,855,926,-1,657,926,747,-1,747,926,925,-1,747,925,745,-1,745,925,853,-1,745,853,754,-1,754,853,852,-1,754,852,752,-1,752,852,934,-1,752,934,663,-1,663,934,847,-1,663,847,661,-1,661,847,849,-1,661,849,660,-1,660,849,851,-1,660,851,713,-1,713,851,921,-1,713,921,714,-1,714,921,836,-1,714,836,715,-1,715,836,834,-1,715,834,636,-1,636,834,833,-1,636,833,635,-1,635,833,878,-1,635,878,633,-1,633,878,877,-1,633,877,666,-1,666,877,832,-1,666,832,664,-1,664,832,831,-1,664,831,649,-1,649,831,927,-1,649,927,619,-1,
        ]
    }
}
Shape{
    appearance Appearance {
        material  Material 	{
            diffuseColor 0.6470588235294118 0.6196078431372549 0.5882352941176471
            specularColor 0.45098039215686275 0.43529411764705883 0.4117647058823529
            ambientIntensity 0.2
            transparency 0
            shininess 0.5
        }
    }
    geometry IndexedFaceSet {
        ccw TRUE
        solid FALSE
        coord DEF co Coordinate {
            point [
                -0.8554 0.4604 -0.7087, -0.8554 0.2242 -0.7087, -1.0916 0.4604 -0.7087, -1.0916 0.2242 -0.7087, -1.0916 0.4808 -0.706, -0.8554 0.4808 -0.706, -1.0916 0.4998 -0.6981, -0.8554 0.4998 -0.6981, -1.0916 0.5161 -0.6856, -0.8554 0.5161 -0.6856, -1.0916 0.5286 -0.6693, -0.8554 0.5286 -0.6693, -1.0916 0.5365 -0.6503, -0.8554 0.5365 -0.6503, -1.0916 0.5391 -0.6299, -0.8554 0.5391 -0.6299, -0.8554 0.5391 0.3779, -1.0916 0.5391 0.3779, -0.8554 0.4801 0.3779, -1.0916 0.4801 0.3779, -0.8554 0.4801 -0.6299, -1.0916 0.4801 -0.6299, -0.8554 0.4796 -0.6343, -1.0916 0.4796 -0.6343, -0.8554 0.4781 -0.6385, -1.0916 0.4781 -0.6385, -0.8554 0.4758 -0.6422, -1.0916 0.4758 -0.6422, -0.8554 0.4727 -0.6453, -1.0916 0.4727 -0.6453, -0.8554 0.4689 -0.6477, -1.0916 0.4689 -0.6477, -0.8554 0.4648 -0.6491, -1.0916 0.4648 -0.6491, -0.8554 0.4604 -0.6496, -1.0916 0.4604 -0.6496, -0.8554 0.2242 -0.6496, -1.0916 0.2242 -0.6496, -1.0916 0.2242 -0.6496
            ]
        }
        coordIndex [
            0,1,2,-1,2,1,3,-1,0,2,4,-1,0,4,5,-1,5,4,6,-1,5,6,7,-1,7,6,8,-1,7,8,9,-1,9,8,10,-1,9,10,11,-1,11,10,12,-1,11,12,13,-1,13,12,14,-1,13,14,15,-1,16,15,17,-1,17,15,14,-1,18,16,19,-1,19,16,17,-1,20,18,21,-1,21,18,19,-1,20,21,22,-1,22,21,23,-1,22,23,24,-1,24,23,25,-1,24,25,26,-1,26,25,27,-1,26,27,28,-1,28,27,29,-1,28,29,30,-1,30,29,31,-1,30,31,32,-1,32,31,33,-1,32,33,34,-1,34,33,35,-1,36,34,37,-1,37,34,35,-1,1,36,3,-1,3,36,37,-1,16,18,15,-1,15,18,20,-1,15,20,13,-1,13,20,22,-1,13,22,11,-1,11,22,24,-1,11,24,9,-1,36,1,34,-1,34,1,0,-1,34,0,32,-1,32,0,5,-1,32,5,30,-1,30,5,7,-1,30,7,28,-1,28,7,9,-1,28,9,26,-1,26,9,24,-1,3,37,2,-1,2,37,35,-1,2,35,4,-1,4,35,33,-1,4,33,6,-1,6,33,31,-1,6,31,8,-1,19,17,21,-1,21,17,14,-1,21,14,23,-1,23,14,12,-1,23,12,25,-1,25,12,10,-1,25,10,27,-1,27,10,8,-1,27,8,29,-1,29,8,31,-1,
        ]
    }
}
Shape{
    appearance Appearance {
        material  Material 	{
            diffuseColor 1.0 1.0 1.0
            specularColor 0.5019607843137255 0.5019607843137255 0.5019607843137255
            ambientIntensity 0.2
            transparency 0
            shininess 0.5
        }
    }
    geometry IndexedFaceSet {
        ccw TRUE
        solid FALSE
        coord DEF co Coordinate {
            point [
                -0.6585 0.917 -0.689, -0.683 0.8982 -0.689, -1.0522 1.1297 -0.689, 0.247 0.917 -0.689, 0.2225 0.8982 -0.689, -0.8357 0.5391 -0.689, 0.2037 0.8738 -0.689, 0.1919 0.8453 -0.689, -0.4972 0.7557 -0.689, -0.4854 0.7842 -0.689, 0.7588 1.1297 -0.689, -0.5404 0.917 -0.689, -0.516 0.8982 -0.689, -0.4972 0.8738 -0.689, 0.4083 0.8738 -0.689, 0.3895 0.8982 -0.689, 0.2755 0.9288 -0.689, 0.306 0.9328 -0.689, -0.5689 0.9288 -0.689, -0.5995 0.9328 -0.689, -0.6301 0.9288 -0.689, 0.247 0.7124 -0.689, 0.2755 0.7006 -0.689, 0.5422 0.5391 -0.689, 0.306 0.6966 -0.689, 0.3366 0.7006 -0.689, 0.3651 0.917 -0.689, 0.3366 0.9288 -0.689, 0.1879 0.8147 -0.689, 0.1919 0.7842 -0.689, -0.8357 0.3423 -0.689, 0.2037 0.7557 -0.689, -0.5995 0.6966 -0.689, -0.6301 0.7006 -0.689, -0.6585 0.7124 -0.689, -0.4814 0.8147 -0.689, -0.4854 0.8453 -0.689, 0.4083 0.7557 -0.689, 0.7588 0.5391 -0.689, 0.3895 0.7312 -0.689, 0.3651 0.7124 -0.689, -0.7176 0.8147 -0.689, -1.0522 0.5391 -0.689, -0.7136 0.8453 -0.689, -0.7018 0.8738 -0.689, -0.7136 0.7842 -0.689, -0.7018 0.7557 -0.689, -0.683 0.7312 -0.689, 0.4201 0.7842 -0.689, 0.4241 0.8147 -0.689, 0.4201 0.8453 -0.689, 0.5422 0.3423 -0.689, 0.2225 0.7312 -0.689, -0.5689 0.7006 -0.689, -0.5404 0.7124 -0.689, -0.516 0.7312 -0.689, -1.2885 1.1297 -0.374, -1.2885 1.1297 -0.2756, -1.0522 1.1297 -0.374, -1.0129 1.1297 -0.2756, -1.0129 1.1297 0.2756, -1.2885 1.1297 0.2756, -1.2885 1.1297 0.2953, -1.5641 1.1297 0.2953, -1.5641 1.1297 0.689, 1.2706 1.1297 0.689, 1.2706 1.1297 0.2953, 0.995 1.1297 0.2953, -0.7176 1.1297 0.29, -0.7219 1.1297 0.2872, -0.713 1.1297 0.2923, -0.7258 1.1297 0.2838, -0.7292 1.1297 0.2799, -0.732 1.1297 0.2756, 0.995 1.1297 0.2756, 0.7194 1.1297 0.2756, 0.4045 1.1297 0.2953, -0.698 1.1297 0.2953, -0.7082 1.1297 0.2939, 0.995 1.1297 -0.2756, 0.995 1.1297 -0.374, 0.7194 1.1297 -0.2756, 0.7588 1.1297 -0.374, -0.7343 1.1297 0.271, -0.7359 1.1297 0.2661, -0.7373 1.1297 0.256, -0.7373 1.1297 -0.256, -0.7359 1.1297 -0.2661, 0.4357 1.1297 0.2799, 0.4323 1.1297 0.2838, 0.4284 1.1297 0.2872, 0.4242 1.1297 0.29, 0.4284 1.1297 -0.2872, 0.4242 1.1297 -0.29, 0.4196 1.1297 -0.2923, 0.4323 1.1297 -0.2838, 0.4357 1.1297 -0.2799, 0.4386 1.1297 -0.2756, 0.4438 1.1297 -0.256, 0.4438 1.1297 0.256, 0.4425 1.1297 0.2661, 0.4408 1.1297 0.271, 0.4386 1.1297 0.2756, 0.4196 1.1297 0.2923, 0.4147 1.1297 0.2939, -0.7292 1.1297 -0.2799, -0.7258 1.1297 -0.2838, -0.7219 1.1297 -0.2872, -0.7176 1.1297 -0.29, 0.4408 1.1297 -0.271, 0.4425 1.1297 -0.2661, -0.7343 1.1297 -0.271, -0.732 1.1297 -0.2756, -0.713 1.1297 -0.2923, -0.7082 1.1297 -0.2939, -0.698 1.1297 -0.2953, 0.4045 1.1297 -0.2953, 0.4147 1.1297 -0.2939, -1.0522 0.5391 -0.374, -0.8357 0.5391 -0.1572, -1.2885 0.5391 -0.374, -1.2885 0.5391 -0.1572, -1.5641 0.3423 0.2953, -1.5641 0.3423 0.689, 1.2706 0.3423 0.689, 1.2706 0.3423 0.2953, 0.995 0.3423 0.2953, -1.2885 0.3423 0.2953, -1.2885 0.3423 -0.1572, -0.8357 0.3423 -0.1572, 0.5422 0.3423 -0.1572, 0.995 0.3423 -0.1572, 0.7588 0.5391 -0.374, 0.995 0.5391 -0.374, 0.995 1.1887 -0.2756, 0.995 1.1887 0.2756, 0.995 0.5391 -0.1572, -1.2885 1.1887 0.2756, -1.2885 1.1887 -0.2756, 0.5422 0.5391 -0.1572, -1.0129 1.1887 -0.2756, -1.0129 1.1887 0.2756, 0.7194 1.1887 -0.2756, 0.7194 1.1887 0.2756, 0.9855 1.1887 -0.2841, 0.995 1.1887 -0.2802, 1.0032 1.1887 -0.2739, 1.0094 1.1887 -0.2657, 0.7194 1.1887 -0.2802, 0.7289 1.1887 -0.2841, 0.7391 1.1887 -0.2854, 0.9753 1.1887 -0.2854, 1.0133 1.1887 0.2563, 1.0094 1.1887 0.2657, 1.0032 1.1887 0.2739, 0.995 1.1887 0.2802, 0.9855 1.1887 0.2841, 0.9753 1.1887 0.2854, 0.7391 1.1887 0.2854, 0.7289 1.1887 0.2841, 1.0133 1.1887 -0.2563, 1.0147 1.1887 -0.2461, 1.0147 1.1887 0.2461, 0.7194 1.1887 0.2802, 0.7113 1.1887 0.2739, 0.705 1.1887 0.2657, 0.7011 1.1887 0.2563, 0.6997 1.1887 0.2461, 0.6997 1.1887 -0.2461, 0.7011 1.1887 -0.2563, 0.705 1.1887 -0.2657, 0.7113 1.1887 -0.2739, 0.6997 1.2675 -0.2461, 0.6997 1.2675 0.2461, 0.7391 1.2675 0.2854, 0.9753 1.2675 0.2854, 1.0147 1.2675 -0.2461, 1.0147 1.2675 0.2461, 0.9753 1.2675 -0.2854, 0.7391 1.2675 -0.2854, 0.7391 1.3069 -0.2461, 0.7391 1.3069 0.2461, 0.9753 1.3069 -0.2461, 0.9753 1.3069 0.2461, -1.3082 1.2675 0.2461, -1.3082 1.2675 -0.2461, -1.3082 1.1887 0.2461, -1.3082 1.1887 -0.2461, -1.2688 1.1887 0.2854, -1.0326 1.1887 0.2854, -1.2688 1.2675 0.2854, -1.0326 1.2675 0.2854, -0.9932 1.1887 0.2461, -0.9932 1.1887 -0.2461, -0.9932 1.2675 0.2461, -0.9932 1.2675 -0.2461, -1.0326 1.1887 -0.2854, -1.2688 1.1887 -0.2854, -1.0326 1.2675 -0.2854, -1.2688 1.2675 -0.2854, -1.2688 1.3069 -0.2461, -1.2688 1.3069 0.2461, -1.0326 1.3069 -0.2461, -1.0326 1.3069 0.2461, -1.0224 1.1887 -0.2841, -1.0129 1.1887 -0.2802, -1.0047 1.1887 -0.2739, -0.9985 1.1887 -0.2657, -1.2885 1.1887 -0.2802, -1.279 1.1887 -0.2841, -0.9945 1.1887 0.2563, -0.9985 1.1887 0.2657, -1.0047 1.1887 0.2739, -1.0129 1.1887 0.2802, -1.0224 1.1887 0.2841, -1.279 1.1887 0.2841, -0.9945 1.1887 -0.2563, -1.2885 1.1887 0.2802, -1.2966 1.1887 0.2739, -1.3029 1.1887 0.2657, -1.3068 1.1887 -0.2563, -1.3029 1.1887 -0.2657, -1.2966 1.1887 -0.2739, -1.3068 1.1887 0.2563, 0.2755 0.9288 -0.9252, 0.247 0.917 -0.9252, 0.2225 0.8982 -0.9252, 0.2037 0.8738 -0.9252, 0.1919 0.8453 -0.9252, 0.1879 0.8147 -0.9252, 0.1919 0.7842 -0.9252, 0.2037 0.7557 -0.9252, 0.2225 0.7312 -0.9252, 0.247 0.7124 -0.9252, 0.2755 0.7006 -0.9252, 0.306 0.6966 -0.9252, 0.3366 0.7006 -0.9252, 0.3651 0.7124 -0.9252, 0.3895 0.7312 -0.9252, 0.4083 0.7557 -0.9252, 0.4201 0.7842 -0.9252, 0.4241 0.8147 -0.9252, 0.4201 0.8453 -0.9252, 0.4083 0.8738 -0.9252, 0.3895 0.8982 -0.9252, 0.3651 0.917 -0.9252, 0.3366 0.9288 -0.9252, 0.306 0.9328 -0.9252, 0.3257 0.7806 -1.0039, 0.3162 0.7767 -1.0039, 0.306 0.8147 -1.0039, 0.306 0.7754 -1.0039, 0.2958 0.7767 -1.0039, 0.3441 0.8045 -1.0039, 0.3401 0.795 -1.0039, 0.3339 0.7869 -1.0039, 0.3401 0.8344 -1.0039, 0.3441 0.8249 -1.0039, 0.3454 0.8147 -1.0039, 0.3162 0.8528 -1.0039, 0.3257 0.8488 -1.0039, 0.3339 0.8426 -1.0039, 0.2863 0.8488 -1.0039, 0.2958 0.8528 -1.0039, 0.306 0.8541 -1.0039, 0.268 0.8249 -1.0039, 0.2719 0.8344 -1.0039, 0.2782 0.8426 -1.0039, 0.2719 0.795 -1.0039, 0.268 0.8045 -1.0039, 0.2667 0.8147 -1.0039, 0.2863 0.7806 -1.0039, 0.2782 0.7869 -1.0039, -0.6301 0.9288 -0.9252, -0.6585 0.917 -0.9252, -0.683 0.8982 -0.9252, -0.7018 0.8738 -0.9252, -0.7136 0.8453 -0.9252, -0.7176 0.8147 -0.9252, -0.7136 0.7842 -0.9252, -0.7018 0.7557 -0.9252, -0.683 0.7312 -0.9252, -0.6585 0.7124 -0.9252, -0.6301 0.7006 -0.9252, -0.5995 0.6966 -0.9252, -0.5689 0.7006 -0.9252, -0.5404 0.7124 -0.9252, -0.516 0.7312 -0.9252, -0.4972 0.7557 -0.9252, -0.4854 0.7842 -0.9252, -0.4814 0.8147 -0.9252, -0.4854 0.8453 -0.9252, -0.4972 0.8738 -0.9252, -0.516 0.8982 -0.9252, -0.5404 0.917 -0.9252, -0.5689 0.9288 -0.9252, -0.5995 0.9328 -0.9252, -0.6192 0.8488 -1.0039, -0.6097 0.8528 -1.0039, -0.5995 0.8147 -1.0039, -0.5995 0.8541 -1.0039, -0.5893 0.8528 -1.0039, -0.6375 0.8249 -1.0039, -0.6336 0.8344 -1.0039, -0.6273 0.8426 -1.0039, -0.6336 0.795 -1.0039, -0.6375 0.8045 -1.0039, -0.6389 0.8147 -1.0039, -0.6097 0.7767 -1.0039, -0.6192 0.7806 -1.0039, -0.6273 0.7869 -1.0039, -0.5798 0.7806 -1.0039, -0.5893 0.7767 -1.0039, -0.5995 0.7754 -1.0039, -0.5615 0.8045 -1.0039, -0.5654 0.795 -1.0039, -0.5717 0.7869 -1.0039, -0.5654 0.8344 -1.0039, -0.5615 0.8249 -1.0039, -0.5601 0.8147 -1.0039, -0.5798 0.8488 -1.0039, -0.5717 0.8426 -1.0039, -0.6294 0.9262 -0.9456, -0.6572 0.9147 -0.9456, -0.6811 0.8963 -0.9456, -0.6995 0.8724 -0.9456, -0.711 0.8446 -0.9456, -0.7149 0.8147 -0.9456, -0.711 0.7849 -0.9456, -0.6995 0.757 -0.9456, -0.6811 0.7331 -0.9456, -0.6572 0.7148 -0.9456, -0.6294 0.7032 -0.9456, -0.5995 0.6993 -0.9456, -0.5696 0.7032 -0.9456, -0.5418 0.7148 -0.9456, -0.5179 0.7331 -0.9456, -0.4995 0.757 -0.9456, -0.488 0.7849 -0.9456, -0.4841 0.8147 -0.9456, -0.488 0.8446 -0.9456, -0.4995 0.8724 -0.9456, -0.5179 0.8963 -0.9456, -0.5418 0.9147 -0.9456, -0.5696 0.9262 -0.9456, -0.5995 0.9302 -0.9456, -0.6273 0.9186 -0.9646, -0.6533 0.9079 -0.9646, -0.6755 0.8908 -0.9646, -0.6926 0.8685 -0.9646, -0.7034 0.8426 -0.9646, -0.707 0.8147 -0.9646, -0.7034 0.7869 -0.9646, -0.6926 0.7609 -0.9646, -0.6755 0.7387 -0.9646, -0.6533 0.7216 -0.9646, -0.6273 0.7108 -0.9646, -0.5995 0.7072 -0.9646, -0.5717 0.7108 -0.9646, -0.5457 0.7216 -0.9646, -0.5234 0.7387 -0.9646, -0.5063 0.7609 -0.9646, -0.4956 0.7869 -0.9646, -0.4919 0.8147 -0.9646, -0.4956 0.8426 -0.9646, -0.5063 0.8685 -0.9646, -0.5234 0.8908 -0.9646, -0.5457 0.9079 -0.9646, -0.5717 0.9186 -0.9646, -0.5995 0.9223 -0.9646, -0.6241 0.9065 -0.9809, -0.647 0.897 -0.9809, -0.6667 0.8819 -0.9809, -0.6818 0.8623 -0.9809, -0.6913 0.8393 -0.9809, -0.6945 0.8147 -0.9809, -0.6913 0.7901 -0.9809, -0.6818 0.7672 -0.9809, -0.6667 0.7475 -0.9809, -0.647 0.7324 -0.9809, -0.6241 0.7229 -0.9809, -0.5995 0.7197 -0.9809, -0.5749 0.7229 -0.9809, -0.552 0.7324 -0.9809, -0.5323 0.7475 -0.9809, -0.5172 0.7672 -0.9809, -0.5077 0.7901 -0.9809, -0.5044 0.8147 -0.9809, -0.5077 0.8393 -0.9809, -0.5172 0.8623 -0.9809, -0.5323 0.8819 -0.9809, -0.552 0.897 -0.9809, -0.5749 0.9065 -0.9809, -0.5995 0.9098 -0.9809, -0.6199 0.8908 -0.9934, -0.6389 0.8829 -0.9934, -0.6552 0.8704 -0.9934, -0.6677 0.8541 -0.9934, -0.6755 0.8351 -0.9934, -0.6782 0.8147 -0.9934, -0.6755 0.7943 -0.9934, -0.6677 0.7754 -0.9934, -0.6552 0.7591 -0.9934, -0.6389 0.7465 -0.9934, -0.6199 0.7387 -0.9934, -0.5995 0.736 -0.9934, -0.5791 0.7387 -0.9934, -0.5601 0.7465 -0.9934, -0.5438 0.7591 -0.9934, -0.5313 0.7754 -0.9934, -0.5234 0.7943 -0.9934, -0.5207 0.8147 -0.9934, -0.5234 0.8351 -0.9934, -0.5313 0.8541 -0.9934, -0.5438 0.8704 -0.9934, -0.5601 0.8829 -0.9934, -0.5791 0.8908 -0.9934, -0.5995 0.8935 -0.9934, -0.615 0.8724 -1.0013, -0.6294 0.8665 -1.0013, -0.6417 0.857 -1.0013, -0.6512 0.8446 -1.0013, -0.6572 0.8302 -1.0013, -0.6592 0.8147 -1.0013, -0.6572 0.7993 -1.0013, -0.6512 0.7849 -1.0013, -0.6417 0.7725 -1.0013, -0.6294 0.763 -1.0013, -0.615 0.757 -1.0013, -0.5995 0.755 -1.0013, -0.584 0.757 -1.0013, -0.5696 0.763 -1.0013, -0.5572 0.7725 -1.0013, -0.5477 0.7849 -1.0013, -0.5418 0.7993 -1.0013, -0.5397 0.8147 -1.0013, -0.5418 0.8302 -1.0013, -0.5477 0.8446 -1.0013, -0.5572 0.857 -1.0013, -0.5696 0.8665 -1.0013, -0.584 0.8724 -1.0013, -0.5995 0.8745 -1.0013, 0.2906 0.757 -1.0013, 0.2761 0.763 -1.0013, 0.2638 0.7725 -1.0013, 0.2543 0.7849 -1.0013, 0.2483 0.7993 -1.0013, 0.2463 0.8147 -1.0013, 0.2483 0.8302 -1.0013, 0.2543 0.8446 -1.0013, 0.2638 0.857 -1.0013, 0.2761 0.8665 -1.0013, 0.2906 0.8724 -1.0013, 0.306 0.8745 -1.0013, 0.3215 0.8724 -1.0013, 0.3359 0.8665 -1.0013, 0.3483 0.857 -1.0013, 0.3578 0.8446 -1.0013, 0.3637 0.8302 -1.0013, 0.3658 0.8147 -1.0013, 0.3637 0.7993 -1.0013, 0.3578 0.7849 -1.0013, 0.3483 0.7725 -1.0013, 0.3359 0.763 -1.0013, 0.3215 0.757 -1.0013, 0.306 0.755 -1.0013, 0.2856 0.7387 -0.9934, 0.2667 0.7465 -0.9934, 0.2503 0.7591 -0.9934, 0.2378 0.7754 -0.9934, 0.23 0.7943 -0.9934, 0.2273 0.8147 -0.9934, 0.23 0.8351 -0.9934, 0.2378 0.8541 -0.9934, 0.2503 0.8704 -0.9934, 0.2667 0.8829 -0.9934, 0.2856 0.8908 -0.9934, 0.306 0.8935 -0.9934, 0.3264 0.8908 -0.9934, 0.3454 0.8829 -0.9934, 0.3617 0.8704 -0.9934, 0.3742 0.8541 -0.9934, 0.3821 0.8351 -0.9934, 0.3848 0.8147 -0.9934, 0.3821 0.7943 -0.9934, 0.3742 0.7754 -0.9934, 0.3617 0.7591 -0.9934, 0.3454 0.7465 -0.9934, 0.3264 0.7387 -0.9934, 0.306 0.736 -0.9934, 0.2814 0.7229 -0.9809, 0.2585 0.7324 -0.9809, 0.2388 0.7475 -0.9809, 0.2237 0.7672 -0.9809, 0.2142 0.7901 -0.9809, 0.211 0.8147 -0.9809, 0.2142 0.8393 -0.9809, 0.2237 0.8623 -0.9809, 0.2388 0.8819 -0.9809, 0.2585 0.897 -0.9809, 0.2814 0.9065 -0.9809, 0.306 0.9098 -0.9809, 0.3306 0.9065 -0.9809, 0.3535 0.897 -0.9809, 0.3732 0.8819 -0.9809, 0.3883 0.8623 -0.9809, 0.3978 0.8393 -0.9809, 0.4011 0.8147 -0.9809, 0.3978 0.7901 -0.9809, 0.3883 0.7672 -0.9809, 0.3732 0.7475 -0.9809, 0.3535 0.7324 -0.9809, 0.3306 0.7229 -0.9809, 0.306 0.7197 -0.9809, 0.2782 0.7108 -0.9646, 0.2522 0.7216 -0.9646, 0.23 0.7387 -0.9646, 0.2129 0.7609 -0.9646, 0.2021 0.7869 -0.9646, 0.1985 0.8147 -0.9646, 0.2021 0.8426 -0.9646, 0.2129 0.8685 -0.9646, 0.23 0.8908 -0.9646, 0.2522 0.9079 -0.9646, 0.2782 0.9186 -0.9646, 0.306 0.9223 -0.9646, 0.3339 0.9186 -0.9646, 0.3598 0.9079 -0.9646, 0.3821 0.8908 -0.9646, 0.3992 0.8685 -0.9646, 0.4099 0.8426 -0.9646, 0.4136 0.8147 -0.9646, 0.4099 0.7869 -0.9646, 0.3992 0.7609 -0.9646, 0.3821 0.7387 -0.9646, 0.3598 0.7216 -0.9646, 0.3339 0.7108 -0.9646, 0.306 0.7072 -0.9646, 0.2761 0.7032 -0.9456, 0.2483 0.7148 -0.9456, 0.2244 0.7331 -0.9456, 0.2061 0.757 -0.9456, 0.1945 0.7849 -0.9456, 0.1906 0.8147 -0.9456, 0.1945 0.8446 -0.9456, 0.2061 0.8724 -0.9456, 0.2244 0.8963 -0.9456, 0.2483 0.9147 -0.9456, 0.2761 0.9262 -0.9456, 0.306 0.9302 -0.9456, 0.3359 0.9262 -0.9456, 0.3637 0.9147 -0.9456, 0.3876 0.8963 -0.9456, 0.406 0.8724 -0.9456, 0.4175 0.8446 -0.9456, 0.4215 0.8147 -0.9456, 0.4175 0.7849 -0.9456, 0.406 0.757 -0.9456, 0.3876 0.7331 -0.9456, 0.3637 0.7148 -0.9456, 0.3359 0.7032 -0.9456, 0.306 0.6993 -0.9456, 0.306 0.6993 -0.9456
            ]
        }
        coordIndex [
            0,1,2,-1,3,4,5,-1,5,4,6,-1,5,6,7,-1,8,9,10,-1,11,10,12,-1,12,10,13,-1,14,15,10,-1,3,5,16,-1,16,5,10,-1,16,10,17,-1,11,18,10,-1,10,18,19,-1,10,19,2,-1,2,19,20,-1,2,20,0,-1,21,22,23,-1,23,22,24,-1,23,24,25,-1,15,26,10,-1,10,26,27,-1,10,27,17,-1,7,28,5,-1,5,28,29,-1,5,29,30,-1,30,29,31,-1,32,5,33,-1,33,5,34,-1,9,35,10,-1,10,35,36,-1,10,36,13,-1,37,38,39,-1,39,38,23,-1,39,23,40,-1,40,23,25,-1,41,42,43,-1,43,42,2,-1,43,2,44,-1,44,2,1,-1,41,45,42,-1,42,45,46,-1,42,46,5,-1,5,46,47,-1,5,47,34,-1,37,48,38,-1,38,48,49,-1,38,49,10,-1,10,49,50,-1,10,50,14,-1,23,51,21,-1,21,51,30,-1,21,30,52,-1,52,30,31,-1,32,53,5,-1,5,53,54,-1,5,54,10,-1,10,54,55,-1,10,55,8,-1,56,57,58,-1,58,57,59,-1,58,59,2,-1,2,59,10,-1,60,61,62,-1,63,64,62,-1,62,64,65,-1,65,66,67,-1,68,69,62,-1,68,62,70,-1,69,71,62,-1,62,71,72,-1,62,72,73,-1,74,75,67,-1,67,75,76,-1,67,76,65,-1,65,76,77,-1,65,77,62,-1,62,77,78,-1,62,78,70,-1,79,80,81,-1,81,80,82,-1,73,83,62,-1,62,83,84,-1,62,84,60,-1,60,84,85,-1,60,85,59,-1,59,85,86,-1,59,86,87,-1,88,89,75,-1,75,89,90,-1,75,90,91,-1,92,81,93,-1,93,81,94,-1,92,95,81,-1,81,95,96,-1,81,96,97,-1,81,98,75,-1,75,98,99,-1,75,99,100,-1,100,101,75,-1,75,101,102,-1,75,102,88,-1,91,103,75,-1,75,103,104,-1,75,104,76,-1,105,106,59,-1,59,106,107,-1,59,107,108,-1,97,109,81,-1,81,109,110,-1,81,110,98,-1,87,111,59,-1,59,111,112,-1,59,112,105,-1,108,113,59,-1,59,113,114,-1,59,114,10,-1,10,114,115,-1,10,115,82,-1,82,115,116,-1,82,116,81,-1,81,116,117,-1,81,117,94,-1,42,5,118,-1,118,5,119,-1,118,119,120,-1,120,119,121,-1,56,58,120,-1,120,58,118,-1,122,123,63,-1,63,123,64,-1,124,65,123,-1,123,65,64,-1,66,65,125,-1,125,65,124,-1,126,125,124,-1,127,128,129,-1,30,51,129,-1,129,51,130,-1,130,131,126,-1,130,126,129,-1,129,126,124,-1,129,124,127,-1,127,124,123,-1,127,123,122,-1,132,82,133,-1,133,82,80,-1,134,135,79,-1,79,135,74,-1,80,79,133,-1,133,79,74,-1,133,74,136,-1,136,74,67,-1,136,67,131,-1,131,67,126,-1,125,126,66,-1,66,126,67,-1,127,122,62,-1,62,122,63,-1,121,128,127,-1,56,120,57,-1,57,120,121,-1,127,62,121,-1,121,62,61,-1,121,61,57,-1,57,61,137,-1,57,137,138,-1,119,5,129,-1,129,5,30,-1,121,119,128,-1,128,119,129,-1,133,136,132,-1,132,136,139,-1,132,139,38,-1,38,139,23,-1,23,139,51,-1,51,139,130,-1,139,136,130,-1,130,136,131,-1,140,141,59,-1,59,141,60,-1,138,140,57,-1,57,140,59,-1,141,137,60,-1,60,137,61,-1,142,134,81,-1,81,134,79,-1,143,142,75,-1,75,142,81,-1,135,143,74,-1,74,143,75,-1,144,145,134,-1,134,145,146,-1,134,146,147,-1,148,149,142,-1,142,149,150,-1,142,150,134,-1,134,150,151,-1,134,151,144,-1,152,153,135,-1,135,153,154,-1,135,154,155,-1,155,156,135,-1,135,156,157,-1,135,157,143,-1,143,157,158,-1,143,158,159,-1,147,160,134,-1,134,160,161,-1,134,161,135,-1,135,161,162,-1,135,162,152,-1,159,163,143,-1,143,163,164,-1,143,164,165,-1,165,166,143,-1,143,166,167,-1,143,167,142,-1,142,167,168,-1,142,168,169,-1,169,170,142,-1,142,170,171,-1,142,171,148,-1,168,167,172,-1,172,167,173,-1,158,157,174,-1,174,157,175,-1,176,177,161,-1,161,177,162,-1,151,150,178,-1,178,150,179,-1,180,181,182,-1,182,181,183,-1,184,185,186,-1,186,185,187,-1,188,189,190,-1,190,189,191,-1,192,193,194,-1,194,193,195,-1,196,197,198,-1,198,197,199,-1,200,201,202,-1,202,201,203,-1,204,205,140,-1,140,205,206,-1,140,206,207,-1,208,209,138,-1,138,209,197,-1,138,197,140,-1,140,197,196,-1,140,196,204,-1,210,211,141,-1,141,211,212,-1,141,212,213,-1,213,214,141,-1,141,214,189,-1,141,189,137,-1,137,189,188,-1,137,188,215,-1,207,216,140,-1,140,216,193,-1,140,193,141,-1,141,193,192,-1,141,192,210,-1,215,217,137,-1,137,217,218,-1,137,218,219,-1,220,221,138,-1,138,221,222,-1,138,222,208,-1,219,223,137,-1,137,223,186,-1,137,186,138,-1,138,186,187,-1,138,187,220,-1,17,224,16,-1,16,224,225,-1,16,225,3,-1,3,225,226,-1,3,226,4,-1,4,226,227,-1,4,227,6,-1,6,227,228,-1,6,228,7,-1,7,228,229,-1,7,229,28,-1,28,229,230,-1,28,230,29,-1,29,230,231,-1,29,231,31,-1,31,231,232,-1,31,232,52,-1,52,232,233,-1,52,233,21,-1,21,233,234,-1,21,234,22,-1,22,234,235,-1,22,235,24,-1,24,235,236,-1,24,236,25,-1,25,236,237,-1,25,237,40,-1,40,237,238,-1,40,238,39,-1,39,238,239,-1,39,239,37,-1,37,239,240,-1,37,240,48,-1,48,240,241,-1,48,241,49,-1,49,241,242,-1,49,242,50,-1,50,242,243,-1,50,243,14,-1,14,243,244,-1,14,244,15,-1,15,244,245,-1,15,245,26,-1,26,245,246,-1,26,246,27,-1,27,246,247,-1,27,247,17,-1,17,247,224,-1,248,249,250,-1,250,249,251,-1,250,251,252,-1,253,254,250,-1,250,254,255,-1,250,255,248,-1,256,257,250,-1,250,257,258,-1,250,258,253,-1,259,260,250,-1,250,260,261,-1,250,261,256,-1,262,263,250,-1,250,263,264,-1,250,264,259,-1,265,266,250,-1,250,266,267,-1,250,267,262,-1,268,269,250,-1,250,269,270,-1,250,270,265,-1,252,271,250,-1,250,271,272,-1,250,272,268,-1,19,273,20,-1,20,273,274,-1,20,274,0,-1,0,274,275,-1,0,275,1,-1,1,275,276,-1,1,276,44,-1,44,276,277,-1,44,277,43,-1,43,277,278,-1,43,278,41,-1,41,278,279,-1,41,279,45,-1,45,279,280,-1,45,280,46,-1,46,280,281,-1,46,281,47,-1,47,281,282,-1,47,282,34,-1,34,282,283,-1,34,283,33,-1,33,283,284,-1,33,284,32,-1,32,284,285,-1,32,285,53,-1,53,285,286,-1,53,286,54,-1,54,286,287,-1,54,287,55,-1,55,287,288,-1,55,288,8,-1,8,288,289,-1,8,289,9,-1,9,289,290,-1,9,290,35,-1,35,290,291,-1,35,291,36,-1,36,291,292,-1,36,292,13,-1,13,292,293,-1,13,293,12,-1,12,293,294,-1,12,294,11,-1,11,294,295,-1,11,295,18,-1,18,295,296,-1,18,296,19,-1,19,296,273,-1,297,298,299,-1,299,298,300,-1,299,300,301,-1,302,303,299,-1,299,303,304,-1,299,304,297,-1,305,306,299,-1,299,306,307,-1,299,307,302,-1,308,309,299,-1,299,309,310,-1,299,310,305,-1,311,312,299,-1,299,312,313,-1,299,313,308,-1,314,315,299,-1,299,315,316,-1,299,316,311,-1,317,318,299,-1,299,318,319,-1,299,319,314,-1,301,320,299,-1,299,320,321,-1,299,321,317,-1,296,322,273,-1,273,322,323,-1,273,323,274,-1,274,323,324,-1,274,324,275,-1,275,324,325,-1,275,325,276,-1,276,325,326,-1,276,326,277,-1,277,326,327,-1,277,327,278,-1,278,327,328,-1,278,328,279,-1,279,328,329,-1,279,329,280,-1,280,329,330,-1,280,330,281,-1,281,330,331,-1,281,331,282,-1,282,331,332,-1,282,332,283,-1,283,332,333,-1,283,333,284,-1,284,333,334,-1,284,334,285,-1,285,334,335,-1,285,335,286,-1,286,335,336,-1,286,336,287,-1,287,336,337,-1,287,337,288,-1,288,337,338,-1,288,338,289,-1,289,338,339,-1,289,339,290,-1,290,339,340,-1,290,340,291,-1,291,340,341,-1,291,341,292,-1,292,341,342,-1,292,342,293,-1,293,342,343,-1,293,343,294,-1,294,343,344,-1,294,344,295,-1,295,344,345,-1,295,345,296,-1,296,345,322,-1,345,346,322,-1,322,346,347,-1,322,347,323,-1,323,347,348,-1,323,348,324,-1,324,348,349,-1,324,349,325,-1,325,349,350,-1,325,350,326,-1,326,350,351,-1,326,351,327,-1,327,351,352,-1,327,352,328,-1,328,352,353,-1,328,353,329,-1,329,353,354,-1,329,354,330,-1,330,354,355,-1,330,355,331,-1,331,355,356,-1,331,356,332,-1,332,356,357,-1,332,357,333,-1,333,357,358,-1,333,358,334,-1,334,358,359,-1,334,359,335,-1,335,359,360,-1,335,360,336,-1,336,360,361,-1,336,361,337,-1,337,361,362,-1,337,362,338,-1,338,362,363,-1,338,363,339,-1,339,363,364,-1,339,364,340,-1,340,364,365,-1,340,365,341,-1,341,365,366,-1,341,366,342,-1,342,366,367,-1,342,367,343,-1,343,367,368,-1,343,368,344,-1,344,368,369,-1,344,369,345,-1,345,369,346,-1,369,370,346,-1,346,370,371,-1,346,371,347,-1,347,371,372,-1,347,372,348,-1,348,372,373,-1,348,373,349,-1,349,373,374,-1,349,374,350,-1,350,374,375,-1,350,375,351,-1,351,375,376,-1,351,376,352,-1,352,376,377,-1,352,377,353,-1,353,377,378,-1,353,378,354,-1,354,378,379,-1,354,379,355,-1,355,379,380,-1,355,380,356,-1,356,380,381,-1,356,381,357,-1,357,381,382,-1,357,382,358,-1,358,382,383,-1,358,383,359,-1,359,383,384,-1,359,384,360,-1,360,384,385,-1,360,385,361,-1,361,385,386,-1,361,386,362,-1,362,386,387,-1,362,387,363,-1,363,387,388,-1,363,388,364,-1,364,388,389,-1,364,389,365,-1,365,389,390,-1,365,390,366,-1,366,390,391,-1,366,391,367,-1,367,391,392,-1,367,392,368,-1,368,392,393,-1,368,393,369,-1,369,393,370,-1,393,394,370,-1,370,394,395,-1,370,395,371,-1,371,395,396,-1,371,396,372,-1,372,396,397,-1,372,397,373,-1,373,397,398,-1,373,398,374,-1,374,398,399,-1,374,399,375,-1,375,399,400,-1,375,400,376,-1,376,400,401,-1,376,401,377,-1,377,401,402,-1,377,402,378,-1,378,402,403,-1,378,403,379,-1,379,403,404,-1,379,404,380,-1,380,404,405,-1,380,405,381,-1,381,405,406,-1,381,406,382,-1,382,406,407,-1,382,407,383,-1,383,407,408,-1,383,408,384,-1,384,408,409,-1,384,409,385,-1,385,409,410,-1,385,410,386,-1,386,410,411,-1,386,411,387,-1,387,411,412,-1,387,412,388,-1,388,412,413,-1,388,413,389,-1,389,413,414,-1,389,414,390,-1,390,414,415,-1,390,415,391,-1,391,415,416,-1,391,416,392,-1,392,416,417,-1,392,417,393,-1,393,417,394,-1,417,418,394,-1,394,418,419,-1,394,419,395,-1,395,419,420,-1,395,420,396,-1,396,420,421,-1,396,421,397,-1,397,421,422,-1,397,422,398,-1,398,422,423,-1,398,423,399,-1,399,423,424,-1,399,424,400,-1,400,424,425,-1,400,425,401,-1,401,425,426,-1,401,426,402,-1,402,426,427,-1,402,427,403,-1,403,427,428,-1,403,428,404,-1,404,428,429,-1,404,429,405,-1,405,429,430,-1,405,430,406,-1,406,430,431,-1,406,431,407,-1,407,431,432,-1,407,432,408,-1,408,432,433,-1,408,433,409,-1,409,433,434,-1,409,434,410,-1,410,434,435,-1,410,435,411,-1,411,435,436,-1,411,436,412,-1,412,436,437,-1,412,437,413,-1,413,437,438,-1,413,438,414,-1,414,438,439,-1,414,439,415,-1,415,439,440,-1,415,440,416,-1,416,440,441,-1,416,441,417,-1,417,441,418,-1,441,298,418,-1,418,298,297,-1,418,297,419,-1,419,297,304,-1,419,304,420,-1,420,304,303,-1,420,303,421,-1,421,303,302,-1,421,302,422,-1,422,302,307,-1,422,307,423,-1,423,307,306,-1,423,306,424,-1,424,306,305,-1,424,305,425,-1,425,305,310,-1,425,310,426,-1,426,310,309,-1,426,309,427,-1,427,309,308,-1,427,308,428,-1,428,308,313,-1,428,313,429,-1,429,313,312,-1,429,312,430,-1,430,312,311,-1,430,311,431,-1,431,311,316,-1,431,316,432,-1,432,316,315,-1,432,315,433,-1,433,315,314,-1,433,314,434,-1,434,314,319,-1,434,319,435,-1,435,319,318,-1,435,318,436,-1,436,318,317,-1,436,317,437,-1,437,317,321,-1,437,321,438,-1,438,321,320,-1,438,320,439,-1,439,320,301,-1,439,301,440,-1,440,301,300,-1,440,300,441,-1,441,300,298,-1,251,442,252,-1,252,442,443,-1,252,443,271,-1,271,443,444,-1,271,444,272,-1,272,444,445,-1,272,445,268,-1,268,445,446,-1,268,446,269,-1,269,446,447,-1,269,447,270,-1,270,447,448,-1,270,448,265,-1,265,448,449,-1,265,449,266,-1,266,449,450,-1,266,450,267,-1,267,450,451,-1,267,451,262,-1,262,451,452,-1,262,452,263,-1,263,452,453,-1,263,453,264,-1,264,453,454,-1,264,454,259,-1,259,454,455,-1,259,455,260,-1,260,455,456,-1,260,456,261,-1,261,456,457,-1,261,457,256,-1,256,457,458,-1,256,458,257,-1,257,458,459,-1,257,459,258,-1,258,459,460,-1,258,460,253,-1,253,460,461,-1,253,461,254,-1,254,461,462,-1,254,462,255,-1,255,462,463,-1,255,463,248,-1,248,463,464,-1,248,464,249,-1,249,464,465,-1,249,465,251,-1,251,465,442,-1,465,466,442,-1,442,466,467,-1,442,467,443,-1,443,467,468,-1,443,468,444,-1,444,468,469,-1,444,469,445,-1,445,469,470,-1,445,470,446,-1,446,470,471,-1,446,471,447,-1,447,471,472,-1,447,472,448,-1,448,472,473,-1,448,473,449,-1,449,473,474,-1,449,474,450,-1,450,474,475,-1,450,475,451,-1,451,475,476,-1,451,476,452,-1,452,476,477,-1,452,477,453,-1,453,477,478,-1,453,478,454,-1,454,478,479,-1,454,479,455,-1,455,479,480,-1,455,480,456,-1,456,480,481,-1,456,481,457,-1,457,481,482,-1,457,482,458,-1,458,482,483,-1,458,483,459,-1,459,483,484,-1,459,484,460,-1,460,484,485,-1,460,485,461,-1,461,485,486,-1,461,486,462,-1,462,486,487,-1,462,487,463,-1,463,487,488,-1,463,488,464,-1,464,488,489,-1,464,489,465,-1,465,489,466,-1,489,490,466,-1,466,490,491,-1,466,491,467,-1,467,491,492,-1,467,492,468,-1,468,492,493,-1,468,493,469,-1,469,493,494,-1,469,494,470,-1,470,494,495,-1,470,495,471,-1,471,495,496,-1,471,496,472,-1,472,496,497,-1,472,497,473,-1,473,497,498,-1,473,498,474,-1,474,498,499,-1,474,499,475,-1,475,499,500,-1,475,500,476,-1,476,500,501,-1,476,501,477,-1,477,501,502,-1,477,502,478,-1,478,502,503,-1,478,503,479,-1,479,503,504,-1,479,504,480,-1,480,504,505,-1,480,505,481,-1,481,505,506,-1,481,506,482,-1,482,506,507,-1,482,507,483,-1,483,507,508,-1,483,508,484,-1,484,508,509,-1,484,509,485,-1,485,509,510,-1,485,510,486,-1,486,510,511,-1,486,511,487,-1,487,511,512,-1,487,512,488,-1,488,512,513,-1,488,513,489,-1,489,513,490,-1,513,514,490,-1,490,514,515,-1,490,515,491,-1,491,515,516,-1,491,516,492,-1,492,516,517,-1,492,517,493,-1,493,517,518,-1,493,518,494,-1,494,518,519,-1,494,519,495,-1,495,519,520,-1,495,520,496,-1,496,520,521,-1,496,521,497,-1,497,521,522,-1,497,522,498,-1,498,522,523,-1,498,523,499,-1,499,523,524,-1,499,524,500,-1,500,524,525,-1,500,525,501,-1,501,525,526,-1,501,526,502,-1,502,526,527,-1,502,527,503,-1,503,527,528,-1,503,528,504,-1,504,528,529,-1,504,529,505,-1,505,529,530,-1,505,530,506,-1,506,530,531,-1,506,531,507,-1,507,531,532,-1,507,532,508,-1,508,532,533,-1,508,533,509,-1,509,533,534,-1,509,534,510,-1,510,534,535,-1,510,535,511,-1,511,535,536,-1,511,536,512,-1,512,536,537,-1,512,537,513,-1,513,537,514,-1,537,538,514,-1,514,538,539,-1,514,539,515,-1,515,539,540,-1,515,540,516,-1,516,540,541,-1,516,541,517,-1,517,541,542,-1,517,542,518,-1,518,542,543,-1,518,543,519,-1,519,543,544,-1,519,544,520,-1,520,544,545,-1,520,545,521,-1,521,545,546,-1,521,546,522,-1,522,546,547,-1,522,547,523,-1,523,547,548,-1,523,548,524,-1,524,548,549,-1,524,549,525,-1,525,549,550,-1,525,550,526,-1,526,550,551,-1,526,551,527,-1,527,551,552,-1,527,552,528,-1,528,552,553,-1,528,553,529,-1,529,553,554,-1,529,554,530,-1,530,554,555,-1,530,555,531,-1,531,555,556,-1,531,556,532,-1,532,556,557,-1,532,557,533,-1,533,557,558,-1,533,558,534,-1,534,558,559,-1,534,559,535,-1,535,559,560,-1,535,560,536,-1,536,560,561,-1,536,561,537,-1,537,561,538,-1,561,234,538,-1,538,234,233,-1,538,233,539,-1,539,233,232,-1,539,232,540,-1,540,232,231,-1,540,231,541,-1,541,231,230,-1,541,230,542,-1,542,230,229,-1,542,229,543,-1,543,229,228,-1,543,228,544,-1,544,228,227,-1,544,227,545,-1,545,227,226,-1,545,226,546,-1,546,226,225,-1,546,225,547,-1,547,225,224,-1,547,224,548,-1,548,224,247,-1,548,247,549,-1,549,247,246,-1,549,246,550,-1,550,246,245,-1,550,245,551,-1,551,245,244,-1,551,244,552,-1,552,244,243,-1,552,243,553,-1,553,243,242,-1,553,242,554,-1,554,242,241,-1,554,241,555,-1,555,241,240,-1,555,240,556,-1,556,240,239,-1,556,239,557,-1,557,239,238,-1,557,238,558,-1,558,238,237,-1,558,237,559,-1,559,237,236,-1,559,236,560,-1,560,236,235,-1,560,235,561,-1,561,235,234,-1,
        ]
    }
}
Shape{
    appearance Appearance {
        material  Material 	{
            diffuseColor 0.25098039215686274 0.25098039215686274 0.25098039215686274
            specularColor 0.12549019607843137 0.12549019607843137 0.12549019607843137
            ambientIntensity 0.2
            transparency 0
            shininess 0.5
        }
    }
    geometry IndexedFaceSet {
        ccw TRUE
        solid FALSE
        coord DEF co Coordinate {
            point [
                -0.7373 1.1297 -0.256, -0.7373 1.1297 0.256, -0.7083 1.6829 -0.227, -0.7083 1.6829 0.227, 0.3755 1.6829 0.2663, -0.669 1.6829 0.2663, 0.4045 1.1297 0.2953, -0.698 1.1297 0.2953, 0.4148 1.6829 -0.227, 0.4148 1.6829 0.227, 0.4438 1.1297 -0.256, 0.4438 1.1297 0.256, -0.669 1.6829 -0.2663, 0.3755 1.6829 -0.2663, -0.698 1.1297 -0.2953, 0.4045 1.1297 -0.2953, 0.3755 1.7202 -0.227, -0.669 1.7202 -0.227, 0.3755 1.7202 0.227, -0.669 1.7202 0.227, -0.6791 1.6834 0.2649, -0.7082 1.1297 0.2939, -0.713 1.1297 0.2923, -0.6791 1.6834 0.2649, -0.7176 1.1297 0.29, -0.6886 1.6837 0.261, -0.7219 1.1297 0.2872, -0.6886 1.6837 0.261, -0.7258 1.1297 0.2838, -0.6967 1.6838 0.2547, -0.7292 1.1297 0.2799, -0.703 1.6837 0.2466, -0.732 1.1297 0.2756, -0.703 1.6837 0.2466, -0.7343 1.1297 0.271, -0.7069 1.6834 0.2371, -0.7359 1.1297 0.2661, -0.7069 1.6834 0.2371, -0.7066 1.6924 -0.227, -0.7066 1.6924 0.227, -0.7065 1.6927 -0.227, -0.7065 1.6927 0.227, -0.7025 1.7015 -0.227, -0.7025 1.7015 0.227, -0.7023 1.7017 -0.227, -0.7023 1.7017 0.227, -0.6962 1.7093 -0.227, -0.6962 1.7093 0.227, -0.6961 1.7094 -0.227, -0.6961 1.7094 0.227, -0.6882 1.7152 -0.227, -0.6882 1.7152 0.227, -0.6881 1.7153 -0.227, -0.6881 1.7153 0.227, -0.6789 1.719 -0.227, -0.6789 1.719 0.227, -0.6788 1.719 -0.227, -0.6788 1.719 0.227, -0.7069 1.6834 -0.2371, -0.7359 1.1297 -0.2661, -0.7343 1.1297 -0.271, -0.7069 1.6834 -0.2371, -0.732 1.1297 -0.2756, -0.703 1.6837 -0.2466, -0.7292 1.1297 -0.2799, -0.703 1.6837 -0.2466, -0.7258 1.1297 -0.2838, -0.6967 1.6838 -0.2547, -0.7219 1.1297 -0.2872, -0.6886 1.6837 -0.261, -0.7176 1.1297 -0.29, -0.6886 1.6837 -0.261, -0.713 1.1297 -0.2923, -0.6791 1.6834 -0.2649, -0.7082 1.1297 -0.2939, -0.6791 1.6834 -0.2649, -0.669 1.7017 0.2603, -0.669 1.7093 0.2542, -0.676 1.7093 0.2533, -0.6739 1.7152 0.2455, -0.6715 1.719 0.2365, -0.6739 1.719 0.2356, -0.6776 1.719 0.2319, -0.676 1.719 0.234, -0.6786 1.719 0.2295, -0.669 1.719 0.2368, -0.6787 1.6924 0.2633, -0.6878 1.6924 0.2596, -0.6956 1.6924 0.2536, -0.7016 1.6924 0.2458, -0.7053 1.6924 0.2367, -0.669 1.7094 0.2541, -0.669 1.7152 0.2462, -0.669 1.7153 0.246, -0.669 1.719 0.2369, -0.6786 1.7152 0.2436, -0.6825 1.7152 0.2405, -0.6856 1.7152 0.2366, -0.6875 1.7152 0.2319, -0.6826 1.7093 0.2505, -0.6882 1.7093 0.2462, -0.6926 1.7093 0.2406, -0.6953 1.7093 0.234, -0.669 1.6927 0.2645, -0.669 1.7015 0.2605, -0.6776 1.7015 0.2593, -0.6857 1.7015 0.256, -0.6927 1.7015 0.2507, -0.698 1.7015 0.2437, -0.7013 1.7015 0.2356, -0.669 1.6924 0.2646, -0.6953 1.7093 -0.234, -0.6875 1.7152 -0.2319, -0.6786 1.719 -0.2295, -0.6776 1.719 -0.2319, -0.6739 1.719 -0.2356, -0.676 1.719 -0.234, -0.6715 1.719 -0.2365, -0.7053 1.6924 -0.2367, -0.7016 1.6924 -0.2458, -0.6956 1.6924 -0.2536, -0.6878 1.6924 -0.2596, -0.6787 1.6924 -0.2633, -0.669 1.6924 -0.2646, -0.669 1.719 -0.2368, -0.6856 1.7152 -0.2366, -0.6825 1.7152 -0.2405, -0.6786 1.7152 -0.2436, -0.6739 1.7152 -0.2455, -0.669 1.719 -0.2369, -0.669 1.7153 -0.246, -0.669 1.7152 -0.2462, -0.669 1.7094 -0.2541, -0.6926 1.7093 -0.2406, -0.6882 1.7093 -0.2462, -0.6826 1.7093 -0.2505, -0.676 1.7093 -0.2533, -0.7013 1.7015 -0.2356, -0.698 1.7015 -0.2437, -0.6927 1.7015 -0.2507, -0.6857 1.7015 -0.256, -0.6776 1.7015 -0.2593, -0.669 1.7093 -0.2542, -0.669 1.7017 -0.2603, -0.669 1.7015 -0.2605, -0.669 1.6927 -0.2645, 0.4135 1.6834 0.2371, 0.4425 1.1297 0.2661, 0.4408 1.1297 0.271, 0.4135 1.6834 0.2371, 0.4386 1.1297 0.2756, 0.4095 1.6837 0.2466, 0.4357 1.1297 0.2799, 0.4095 1.6837 0.2466, 0.4323 1.1297 0.2838, 0.4033 1.6838 0.2547, 0.4284 1.1297 0.2872, 0.3951 1.6837 0.261, 0.4242 1.1297 0.29, 0.3951 1.6837 0.261, 0.4196 1.1297 0.2923, 0.3857 1.6834 0.2649, 0.4147 1.1297 0.2939, 0.3857 1.6834 0.2649, 0.3755 1.6924 0.2646, 0.3755 1.6927 0.2645, 0.3755 1.7015 0.2605, 0.3755 1.7017 0.2603, 0.3755 1.7093 0.2542, 0.3755 1.7094 0.2541, 0.3755 1.7152 0.2462, 0.3755 1.7153 0.246, 0.3755 1.719 0.2369, 0.3755 1.719 0.2368, 0.3755 1.6924 -0.2646, 0.3755 1.6927 -0.2645, 0.3755 1.7015 -0.2605, 0.3755 1.7017 -0.2603, 0.3755 1.7093 -0.2542, 0.3755 1.7094 -0.2541, 0.3755 1.7152 -0.2462, 0.3755 1.7153 -0.246, 0.3755 1.719 -0.2369, 0.3755 1.719 -0.2368, 0.3857 1.6834 -0.2649, 0.4147 1.1297 -0.2939, 0.4196 1.1297 -0.2923, 0.3857 1.6834 -0.2649, 0.4242 1.1297 -0.29, 0.3951 1.6837 -0.261, 0.4284 1.1297 -0.2872, 0.3951 1.6837 -0.261, 0.4323 1.1297 -0.2838, 0.4033 1.6838 -0.2547, 0.4357 1.1297 -0.2799, 0.4095 1.6837 -0.2466, 0.4386 1.1297 -0.2756, 0.4095 1.6837 -0.2466, 0.4408 1.1297 -0.271, 0.4135 1.6834 -0.2371, 0.4425 1.1297 -0.2661, 0.4135 1.6834 -0.2371, 0.4089 1.7017 0.227, 0.4027 1.7093 0.227, 0.4018 1.7093 0.234, 0.394 1.7152 0.2319, 0.3851 1.719 0.2295, 0.3841 1.719 0.2319, 0.3805 1.719 0.2356, 0.3825 1.719 0.234, 0.3781 1.719 0.2365, 0.3854 1.719 0.227, 0.4119 1.6924 0.2367, 0.4081 1.6924 0.2458, 0.4021 1.6924 0.2536, 0.3943 1.6924 0.2596, 0.3852 1.6924 0.2633, 0.4026 1.7094 0.227, 0.3947 1.7152 0.227, 0.3946 1.7153 0.227, 0.3854 1.719 0.227, 0.3921 1.7152 0.2366, 0.3891 1.7152 0.2405, 0.3851 1.7152 0.2436, 0.3805 1.7152 0.2455, 0.3991 1.7093 0.2406, 0.3948 1.7093 0.2462, 0.3891 1.7093 0.2505, 0.3826 1.7093 0.2533, 0.413 1.6927 0.227, 0.409 1.7015 0.227, 0.4079 1.7015 0.2356, 0.4045 1.7015 0.2437, 0.3992 1.7015 0.2507, 0.3923 1.7015 0.256, 0.3842 1.7015 0.2593, 0.4131 1.6924 0.227, 0.3826 1.7093 -0.2533, 0.3805 1.7152 -0.2455, 0.3781 1.719 -0.2365, 0.3805 1.719 -0.2356, 0.3841 1.719 -0.2319, 0.3825 1.719 -0.234, 0.3851 1.719 -0.2295, 0.3852 1.6924 -0.2633, 0.3943 1.6924 -0.2596, 0.4021 1.6924 -0.2536, 0.4081 1.6924 -0.2458, 0.4119 1.6924 -0.2367, 0.4131 1.6924 -0.227, 0.3854 1.719 -0.227, 0.3851 1.7152 -0.2436, 0.3891 1.7152 -0.2405, 0.3921 1.7152 -0.2366, 0.394 1.7152 -0.2319, 0.3854 1.719 -0.227, 0.3946 1.7153 -0.227, 0.3947 1.7152 -0.227, 0.4026 1.7094 -0.227, 0.3891 1.7093 -0.2505, 0.3948 1.7093 -0.2462, 0.3991 1.7093 -0.2406, 0.4018 1.7093 -0.234, 0.3842 1.7015 -0.2593, 0.3923 1.7015 -0.256, 0.3992 1.7015 -0.2507, 0.4045 1.7015 -0.2437, 0.4079 1.7015 -0.2356, 0.4027 1.7093 -0.227, 0.4089 1.7017 -0.227, 0.409 1.7015 -0.227, 0.413 1.6927 -0.227, 0.413 1.6927 -0.227
            ]
        }
        coordIndex [
            0,1,2,-1,2,1,3,-1,4,5,6,-1,6,5,7,-1,8,9,10,-1,10,9,11,-1,12,13,14,-1,14,13,15,-1,16,17,18,-1,18,17,19,-1,5,20,7,-1,7,20,21,-1,21,20,22,-1,22,20,23,-1,22,23,24,-1,24,23,25,-1,24,25,26,-1,26,25,27,-1,26,27,28,-1,28,27,29,-1,28,29,30,-1,30,29,31,-1,30,31,32,-1,32,31,33,-1,32,33,34,-1,34,33,35,-1,34,35,36,-1,35,37,36,-1,36,37,3,-1,36,3,1,-1,2,3,38,-1,38,3,39,-1,38,39,40,-1,40,39,41,-1,40,41,42,-1,42,41,43,-1,42,43,44,-1,44,43,45,-1,44,45,46,-1,46,45,47,-1,46,47,48,-1,48,47,49,-1,48,49,50,-1,50,49,51,-1,50,51,52,-1,52,51,53,-1,52,53,54,-1,54,53,55,-1,54,55,56,-1,55,57,56,-1,56,57,19,-1,56,19,17,-1,2,58,0,-1,0,58,59,-1,59,58,60,-1,60,58,61,-1,60,61,62,-1,62,61,63,-1,62,63,64,-1,64,63,65,-1,64,65,66,-1,66,65,67,-1,66,67,68,-1,68,67,69,-1,68,69,70,-1,70,69,71,-1,70,71,72,-1,72,71,73,-1,72,73,74,-1,73,75,74,-1,74,75,12,-1,74,12,14,-1,76,77,78,-1,79,80,81,-1,19,82,83,-1,84,82,19,-1,81,80,19,-1,85,19,80,-1,86,23,20,-1,23,86,25,-1,25,86,87,-1,25,87,27,-1,27,87,88,-1,27,88,29,-1,29,88,89,-1,29,89,31,-1,31,89,33,-1,33,89,90,-1,33,90,35,-1,35,90,37,-1,37,90,39,-1,37,39,3,-1,57,84,19,-1,91,92,79,-1,79,92,93,-1,79,93,80,-1,80,93,94,-1,80,94,85,-1,95,83,96,-1,96,83,82,-1,96,82,97,-1,97,82,84,-1,97,84,98,-1,57,55,84,-1,84,55,53,-1,84,53,98,-1,98,53,51,-1,98,51,49,-1,78,95,99,-1,99,95,96,-1,99,96,100,-1,100,96,97,-1,100,97,101,-1,101,97,98,-1,101,98,102,-1,102,98,49,-1,103,104,105,-1,105,104,76,-1,76,78,105,-1,105,78,99,-1,105,99,106,-1,106,99,100,-1,106,100,107,-1,107,100,101,-1,107,101,108,-1,108,101,102,-1,108,102,109,-1,77,91,78,-1,78,91,79,-1,78,79,95,-1,95,79,81,-1,95,81,83,-1,83,81,19,-1,103,86,110,-1,110,86,20,-1,110,20,5,-1,49,47,102,-1,102,47,45,-1,102,45,109,-1,109,45,43,-1,109,43,41,-1,103,105,86,-1,86,105,106,-1,86,106,87,-1,87,106,107,-1,87,107,88,-1,88,107,108,-1,88,108,89,-1,89,108,109,-1,89,109,90,-1,90,109,41,-1,90,41,39,-1,44,46,111,-1,112,113,114,-1,17,115,116,-1,117,115,17,-1,114,113,17,-1,56,17,113,-1,118,61,58,-1,61,118,63,-1,63,118,119,-1,63,119,65,-1,65,119,120,-1,65,120,67,-1,67,120,121,-1,67,121,69,-1,69,121,71,-1,71,121,122,-1,71,122,73,-1,73,122,75,-1,75,122,123,-1,75,123,12,-1,124,117,17,-1,48,50,112,-1,112,50,52,-1,112,52,113,-1,113,52,54,-1,113,54,56,-1,125,116,126,-1,126,116,115,-1,126,115,127,-1,127,115,117,-1,127,117,128,-1,124,129,117,-1,117,129,130,-1,117,130,128,-1,128,130,131,-1,128,131,132,-1,111,125,133,-1,133,125,126,-1,133,126,134,-1,134,126,127,-1,134,127,135,-1,135,127,128,-1,135,128,136,-1,136,128,132,-1,40,42,137,-1,137,42,44,-1,44,111,137,-1,137,111,133,-1,137,133,138,-1,138,133,134,-1,138,134,139,-1,139,134,135,-1,139,135,140,-1,140,135,136,-1,140,136,141,-1,46,48,111,-1,111,48,112,-1,111,112,125,-1,125,112,114,-1,125,114,116,-1,116,114,17,-1,40,118,38,-1,38,118,58,-1,38,58,2,-1,132,142,136,-1,136,142,143,-1,136,143,141,-1,141,143,144,-1,141,144,145,-1,40,137,118,-1,118,137,138,-1,118,138,119,-1,119,138,139,-1,119,139,120,-1,120,139,140,-1,120,140,121,-1,121,140,141,-1,121,141,122,-1,122,141,145,-1,122,145,123,-1,9,146,11,-1,11,146,147,-1,147,146,148,-1,148,146,149,-1,148,149,150,-1,150,149,151,-1,150,151,152,-1,152,151,153,-1,152,153,154,-1,154,153,155,-1,154,155,156,-1,156,155,157,-1,156,157,158,-1,158,157,159,-1,158,159,160,-1,160,159,161,-1,160,161,162,-1,161,163,162,-1,162,163,4,-1,162,4,6,-1,5,4,110,-1,110,4,164,-1,110,164,103,-1,103,164,165,-1,103,165,104,-1,104,165,166,-1,104,166,76,-1,76,166,167,-1,76,167,77,-1,77,167,168,-1,77,168,91,-1,91,168,169,-1,91,169,92,-1,92,169,170,-1,92,170,93,-1,93,170,171,-1,93,171,94,-1,94,171,172,-1,94,172,85,-1,172,173,85,-1,85,173,18,-1,85,18,19,-1,13,12,174,-1,174,12,123,-1,174,123,175,-1,175,123,145,-1,175,145,176,-1,176,145,144,-1,176,144,177,-1,177,144,143,-1,177,143,178,-1,178,143,142,-1,178,142,179,-1,179,142,132,-1,179,132,180,-1,180,132,131,-1,180,131,181,-1,181,131,130,-1,181,130,182,-1,182,130,129,-1,182,129,183,-1,129,124,183,-1,183,124,17,-1,183,17,16,-1,13,184,15,-1,15,184,185,-1,185,184,186,-1,186,184,187,-1,186,187,188,-1,188,187,189,-1,188,189,190,-1,190,189,191,-1,190,191,192,-1,192,191,193,-1,192,193,194,-1,194,193,195,-1,194,195,196,-1,196,195,197,-1,196,197,198,-1,198,197,199,-1,198,199,200,-1,199,201,200,-1,200,201,8,-1,200,8,10,-1,202,203,204,-1,205,206,207,-1,18,208,209,-1,210,208,18,-1,207,206,18,-1,211,18,206,-1,212,149,146,-1,149,212,151,-1,151,212,213,-1,151,213,153,-1,153,213,214,-1,153,214,155,-1,155,214,215,-1,155,215,157,-1,157,215,159,-1,159,215,216,-1,159,216,161,-1,161,216,163,-1,163,216,164,-1,163,164,4,-1,173,210,18,-1,217,218,205,-1,205,218,219,-1,205,219,206,-1,206,219,220,-1,206,220,211,-1,221,209,222,-1,222,209,208,-1,222,208,223,-1,223,208,210,-1,223,210,224,-1,173,172,210,-1,210,172,171,-1,210,171,224,-1,224,171,170,-1,224,170,169,-1,204,221,225,-1,225,221,222,-1,225,222,226,-1,226,222,223,-1,226,223,227,-1,227,223,224,-1,227,224,228,-1,228,224,169,-1,229,230,231,-1,231,230,202,-1,202,204,231,-1,231,204,225,-1,231,225,232,-1,232,225,226,-1,232,226,233,-1,233,226,227,-1,233,227,234,-1,234,227,228,-1,234,228,235,-1,203,217,204,-1,204,217,205,-1,204,205,221,-1,221,205,207,-1,221,207,209,-1,209,207,18,-1,229,212,236,-1,236,212,146,-1,236,146,9,-1,169,168,228,-1,228,168,167,-1,228,167,235,-1,235,167,166,-1,235,166,165,-1,229,231,212,-1,212,231,232,-1,212,232,213,-1,213,232,233,-1,213,233,214,-1,214,233,234,-1,214,234,215,-1,215,234,235,-1,215,235,216,-1,216,235,165,-1,216,165,164,-1,177,178,237,-1,238,239,240,-1,16,241,242,-1,243,241,16,-1,240,239,16,-1,183,16,239,-1,244,187,184,-1,187,244,189,-1,189,244,245,-1,189,245,191,-1,191,245,246,-1,191,246,193,-1,193,246,247,-1,193,247,195,-1,195,247,197,-1,197,247,248,-1,197,248,199,-1,199,248,201,-1,201,248,249,-1,201,249,8,-1,250,243,16,-1,179,180,238,-1,238,180,181,-1,238,181,239,-1,239,181,182,-1,239,182,183,-1,251,242,252,-1,252,242,241,-1,252,241,253,-1,253,241,243,-1,253,243,254,-1,250,255,243,-1,243,255,256,-1,243,256,254,-1,254,256,257,-1,254,257,258,-1,237,251,259,-1,259,251,252,-1,259,252,260,-1,260,252,253,-1,260,253,261,-1,261,253,254,-1,261,254,262,-1,262,254,258,-1,175,176,263,-1,263,176,177,-1,177,237,263,-1,263,237,259,-1,263,259,264,-1,264,259,260,-1,264,260,265,-1,265,260,261,-1,265,261,266,-1,266,261,262,-1,266,262,267,-1,178,179,237,-1,237,179,238,-1,237,238,251,-1,251,238,240,-1,251,240,242,-1,242,240,16,-1,175,244,174,-1,174,244,184,-1,174,184,13,-1,258,268,262,-1,262,268,269,-1,262,269,267,-1,267,269,270,-1,267,270,271,-1,175,263,244,-1,244,263,264,-1,244,264,245,-1,245,264,265,-1,245,265,246,-1,246,265,266,-1,246,266,247,-1,247,266,267,-1,247,267,248,-1,248,267,271,-1,248,271,249,-1,9,8,236,-1,236,8,249,-1,236,249,229,-1,229,249,271,-1,229,271,230,-1,230,271,270,-1,230,270,202,-1,202,270,269,-1,202,269,203,-1,203,269,268,-1,203,268,217,-1,217,268,258,-1,217,258,218,-1,218,258,257,-1,218,257,219,-1,219,257,256,-1,219,256,220,-1,220,256,255,-1,220,255,211,-1,255,250,211,-1,211,250,16,-1,211,16,18,-1,
        ]
    }
}
Shape{
    appearance Appearance {
        material  Material 	{
            diffuseColor 1.0 1.0 1.0
            specularColor 0.5019607843137255 0.5019607843137255 0.5019607843137255
            ambientIntensity 0.2
            transparency 0
            shininess 0.5
        }
    }
    geometry IndexedFaceSet {
        ccw TRUE
        solid FALSE
        coord DEF co Coordinate {
            point [
                0.7588 1.1297 -0.374, 0.7588 0.5391 -0.374, 0.7588 1.1297 -0.689, 0.7588 0.5391 -0.689, -1.0522 0.5391 -0.374, -1.0522 1.1297 -0.374, -1.0522 0.5391 -0.689, -1.0522 1.1297 -0.689, -1.0326 1.2675 0.2854, -1.0326 1.1887 0.2854, -1.0224 1.1887 0.2841, -1.0224 1.2675 0.2841, -1.0129 1.1887 0.2802, -1.0129 1.2675 0.2802, -1.0047 1.1887 0.2739, -1.0047 1.2675 0.2739, -0.9985 1.1887 0.2657, -0.9985 1.2675 0.2657, -0.9945 1.1887 0.2563, -0.9945 1.2675 0.2563, -0.9932 1.1887 0.2461, -0.9932 1.2675 0.2461, -1.2688 1.2675 0.2854, -1.0326 1.2777 0.2841, -1.2688 1.2777 0.2841, -1.0326 1.2872 0.2802, -1.2688 1.2872 0.2802, -1.0326 1.2953 0.2739, -1.2688 1.2953 0.2739, -1.0326 1.3016 0.2657, -1.2688 1.3016 0.2657, -1.0326 1.3055 0.2563, -1.2688 1.3055 0.2563, -1.0326 1.3069 0.2461, -1.2688 1.3069 0.2461, -1.3082 1.2675 0.2461, -1.3082 1.1887 0.2461, -1.3068 1.1887 0.2563, -1.3068 1.2675 0.2563, -1.3029 1.1887 0.2657, -1.3029 1.2675 0.2657, -1.2966 1.1887 0.2739, -1.2966 1.2675 0.2739, -1.2885 1.1887 0.2802, -1.2885 1.2675 0.2802, -1.279 1.1887 0.2841, -1.279 1.2675 0.2841, -1.2688 1.1887 0.2854, -1.0227 1.3042 0.2563, -1.0227 1.2845 0.2802, -1.0275 1.2763 0.2841, -1.0254 1.2747 0.2841, -1.0227 1.2701 0.2841, -1.0299 1.2773 0.2841, -1.0275 1.2865 0.2802, -1.0254 1.2944 0.2739, -1.0186 1.2814 0.2802, -1.0237 1.2726 0.2841, -1.0155 1.2773 0.2802, -1.0135 1.2726 0.2802, -1.0186 1.2916 0.2739, -1.0129 1.2872 0.2739, -1.0085 1.2814 0.2739, -1.0057 1.2747 0.2739, -1.0237 1.3004 0.2657, -1.0155 1.297 0.2657, -1.0085 1.2916 0.2657, -1.003 1.2845 0.2657, -0.9996 1.2763 0.2657, -1.0135 1.3004 0.2563, -1.0057 1.2944 0.2563, -0.9996 1.2865 0.2563, -0.9958 1.2773 0.2563, -1.0224 1.3055 0.2461, -1.0129 1.3016 0.2461, -1.0047 1.2953 0.2461, -0.9985 1.2872 0.2461, -0.9945 1.2777 0.2461, -1.3055 1.2773 0.2563, -1.2858 1.2773 0.2802, -1.2776 1.2726 0.2841, -1.276 1.2747 0.2841, -1.2714 1.2773 0.2841, -1.2786 1.2701 0.2841, -1.2878 1.2726 0.2802, -1.2957 1.2747 0.2739, -1.2827 1.2814 0.2802, -1.2739 1.2763 0.2841, -1.2786 1.2845 0.2802, -1.2739 1.2865 0.2802, -1.2929 1.2814 0.2739, -1.2885 1.2872 0.2739, -1.2827 1.2916 0.2739, -1.276 1.2944 0.2739, -1.3017 1.2763 0.2657, -1.2983 1.2845 0.2657, -1.2929 1.2916 0.2657, -1.2858 1.297 0.2657, -1.2776 1.3004 0.2657, -1.3017 1.2865 0.2563, -1.2957 1.2944 0.2563, -1.2878 1.3004 0.2563, -1.2786 1.3042 0.2563, -1.3068 1.2777 0.2461, -1.3029 1.2872 0.2461, -1.2966 1.2953 0.2461, -1.2885 1.3016 0.2461, -1.279 1.3055 0.2461, -0.9932 1.2675 -0.2461, -0.9932 1.1887 -0.2461, -0.9945 1.1887 -0.2563, -0.9945 1.2675 -0.2563, -0.9985 1.1887 -0.2657, -0.9985 1.2675 -0.2657, -1.0047 1.1887 -0.2739, -1.0047 1.2675 -0.2739, -1.0129 1.1887 -0.2802, -1.0129 1.2675 -0.2802, -1.0224 1.1887 -0.2841, -1.0224 1.2675 -0.2841, -1.0326 1.1887 -0.2854, -1.0326 1.2675 -0.2854, -0.9942 1.2762 -0.2461, -0.9947 1.2776 -0.2461, -0.9971 1.2846 -0.2461, -0.9987 1.2871 -0.2461, -1.0018 1.292 -0.2461, -1.0049 1.2951 -0.2461, -1.008 1.2983 -0.2461, -1.013 1.3014 -0.2461, -1.0155 1.303 -0.2461, -1.0224 1.3054 -0.2461, -1.0238 1.3059 -0.2461, -1.0326 1.3069 -0.2461, -1.3072 1.2762 -0.2461, -1.3082 1.2675 -0.2461, -1.3067 1.2776 -0.2461, -1.3043 1.2846 -0.2461, -1.3027 1.2871 -0.2461, -1.2996 1.292 -0.2461, -1.2964 1.2951 -0.2461, -1.2933 1.2983 -0.2461, -1.2883 1.3014 -0.2461, -1.2859 1.303 -0.2461, -1.2789 1.3054 -0.2461, -1.2775 1.3059 -0.2461, -1.2688 1.3069 -0.2461, -1.2688 1.2675 -0.2854, -1.2688 1.1887 -0.2854, -1.279 1.1887 -0.2841, -1.279 1.2675 -0.2841, -1.2885 1.1887 -0.2802, -1.2885 1.2675 -0.2802, -1.2966 1.1887 -0.2739, -1.2966 1.2675 -0.2739, -1.3029 1.1887 -0.2657, -1.3029 1.2675 -0.2657, -1.3068 1.1887 -0.2563, -1.3068 1.2675 -0.2563, -1.3082 1.1887 -0.2461, -1.0262 1.2755 -0.2841, -1.0246 1.2738 -0.2841, -1.0178 1.2982 -0.2657, -1.0161 1.3017 -0.2563, -1.0088 1.2972 -0.2563, -0.9955 1.2759 -0.2563, -1.0326 1.3057 -0.2548, -1.0241 1.3046 -0.2563, -1.0326 1.3055 -0.2563, -1.0028 1.2912 -0.2563, -0.9983 1.284 -0.2563, -1.0326 1.3027 -0.263, -1.025 1.3007 -0.2657, -1.0326 1.3016 -0.2657, -1.0264 1.2946 -0.2739, -0.9993 1.2751 -0.2657, -1.0054 1.2737 -0.2739, -1.0075 1.2796 -0.2739, -1.0326 1.2845 -0.2813, -1.0326 1.2872 -0.2802, -1.0282 1.2867 -0.2802, -1.0205 1.2926 -0.2739, -1.0113 1.2941 -0.2657, -1.0326 1.2918 -0.2766, -1.0326 1.2953 -0.2739, -1.0326 1.298 -0.2704, -1.0148 1.276 -0.2802, -1.0172 1.2798 -0.2802, -1.0059 1.2887 -0.2657, -1.0152 1.2893 -0.2739, -1.024 1.2852 -0.2802, -1.0303 1.2774 -0.2841, -1.0234 1.2719 -0.2841, -1.0134 1.2719 -0.2802, -1.0226 1.2698 -0.2841, -1.0326 1.2762 -0.2843, -1.0326 1.2777 -0.2841, -1.0018 1.2823 -0.2657, -1.0108 1.2848 -0.2739, -1.0203 1.2829 -0.2802, -1.0281 1.2767 -0.2841, -1.2688 1.2762 -0.2843, -1.271 1.2774 -0.2841, -1.2853 1.3017 -0.2563, -1.2925 1.2972 -0.2563, -1.2985 1.2912 -0.2563, -1.303 1.284 -0.2563, -1.2688 1.3057 -0.2548, -1.2772 1.3046 -0.2563, -1.2688 1.3055 -0.2563, -1.2688 1.3027 -0.263, -1.2764 1.3007 -0.2657, -1.2688 1.3016 -0.2657, -1.2688 1.298 -0.2704, -1.275 1.2946 -0.2739, -1.2688 1.2953 -0.2739, -1.2688 1.2918 -0.2766, -1.2732 1.2867 -0.2802, -1.3059 1.2759 -0.2563, -1.302 1.2751 -0.2657, -1.2959 1.2737 -0.2739, -1.288 1.2719 -0.2802, -1.2787 1.2698 -0.2841, -1.2995 1.2823 -0.2657, -1.2954 1.2887 -0.2657, -1.2939 1.2796 -0.2739, -1.2905 1.2848 -0.2739, -1.2865 1.276 -0.2802, -1.2842 1.2798 -0.2802, -1.278 1.2719 -0.2841, -1.2767 1.2738 -0.2841, -1.29 1.2941 -0.2657, -1.2861 1.2893 -0.2739, -1.2811 1.2829 -0.2802, -1.2751 1.2755 -0.2841, -1.2836 1.2982 -0.2657, -1.2809 1.2926 -0.2739, -1.2773 1.2852 -0.2802, -1.2732 1.2767 -0.2841, -1.2688 1.2872 -0.2802, -1.2688 1.2845 -0.2813, -1.2688 1.2777 -0.2841, 0.9753 1.2675 0.2854, 0.9753 1.1887 0.2854, 0.9855 1.1887 0.2841, 0.9855 1.2675 0.2841, 0.995 1.1887 0.2802, 0.995 1.2675 0.2802, 1.0032 1.1887 0.2739, 1.0032 1.2675 0.2739, 1.0094 1.1887 0.2657, 1.0094 1.2675 0.2657, 1.0133 1.1887 0.2563, 1.0133 1.2675 0.2563, 1.0147 1.1887 0.2461, 1.0147 1.2675 0.2461, 0.9753 1.3069 0.2461, 0.7391 1.3069 0.2461, 0.7391 1.3055 0.2563, 0.9753 1.3055 0.2563, 0.7391 1.3016 0.2657, 0.9753 1.3016 0.2657, 0.7391 1.2953 0.2739, 0.9753 1.2953 0.2739, 0.7391 1.2872 0.2802, 0.9753 1.2872 0.2802, 0.7391 1.2777 0.2841, 0.9753 1.2777 0.2841, 0.7391 1.2675 0.2854, 0.6997 1.2675 0.2461, 0.6997 1.1887 0.2461, 0.7011 1.1887 0.2563, 0.7011 1.2675 0.2563, 0.705 1.1887 0.2657, 0.705 1.2675 0.2657, 0.7113 1.1887 0.2739, 0.7113 1.2675 0.2739, 0.7194 1.1887 0.2802, 0.7194 1.2675 0.2802, 0.7289 1.1887 0.2841, 0.7289 1.2675 0.2841, 0.7391 1.1887 0.2854, 0.9852 1.3042 0.2563, 0.9852 1.2845 0.2802, 0.9804 1.2763 0.2841, 0.9825 1.2747 0.2841, 0.9852 1.2701 0.2841, 0.978 1.2773 0.2841, 0.9804 1.2865 0.2802, 0.9825 1.2944 0.2739, 0.9892 1.2814 0.2802, 0.9841 1.2726 0.2841, 0.9924 1.2773 0.2802, 0.9943 1.2726 0.2802, 0.9892 1.2916 0.2739, 0.995 1.2872 0.2739, 0.9994 1.2814 0.2739, 1.0022 1.2747 0.2739, 0.9841 1.3004 0.2657, 0.9924 1.297 0.2657, 0.9994 1.2916 0.2657, 1.0048 1.2845 0.2657, 1.0082 1.2763 0.2657, 0.9943 1.3004 0.2563, 1.0022 1.2944 0.2563, 1.0082 1.2865 0.2563, 1.012 1.2773 0.2563, 0.9855 1.3055 0.2461, 0.995 1.3016 0.2461, 1.0032 1.2953 0.2461, 1.0094 1.2872 0.2461, 1.0133 1.2777 0.2461, 0.7024 1.2773 0.2563, 0.722 1.2773 0.2802, 0.7303 1.2726 0.2841, 0.7319 1.2747 0.2841, 0.7365 1.2773 0.2841, 0.7293 1.2701 0.2841, 0.7201 1.2726 0.2802, 0.7122 1.2747 0.2739, 0.7252 1.2814 0.2802, 0.734 1.2763 0.2841, 0.7293 1.2845 0.2802, 0.734 1.2865 0.2802, 0.715 1.2814 0.2739, 0.7194 1.2872 0.2739, 0.7252 1.2916 0.2739, 0.7319 1.2944 0.2739, 0.7062 1.2763 0.2657, 0.7096 1.2845 0.2657, 0.715 1.2916 0.2657, 0.722 1.297 0.2657, 0.7303 1.3004 0.2657, 0.7062 1.2865 0.2563, 0.7122 1.2944 0.2563, 0.7201 1.3004 0.2563, 0.7293 1.3042 0.2563, 0.7011 1.2777 0.2461, 0.705 1.2872 0.2461, 0.7113 1.2953 0.2461, 0.7194 1.3016 0.2461, 0.7289 1.3055 0.2461, 1.0147 1.2675 -0.2461, 1.0147 1.1887 -0.2461, 1.0133 1.1887 -0.2563, 1.0133 1.2675 -0.2563, 1.0094 1.1887 -0.2657, 1.0094 1.2675 -0.2657, 1.0032 1.1887 -0.2739, 1.0032 1.2675 -0.2739, 0.995 1.1887 -0.2802, 0.995 1.2675 -0.2802, 0.9855 1.1887 -0.2841, 0.9855 1.2675 -0.2841, 0.9753 1.1887 -0.2854, 0.9753 1.2675 -0.2854, 0.9841 1.3059 -0.2461, 0.9753 1.3069 -0.2461, 0.9855 1.3054 -0.2461, 0.9924 1.303 -0.2461, 0.9949 1.3014 -0.2461, 0.9999 1.2983 -0.2461, 1.003 1.2951 -0.2461, 1.0061 1.292 -0.2461, 1.0092 1.2871 -0.2461, 1.0108 1.2846 -0.2461, 1.0132 1.2776 -0.2461, 1.0137 1.2762 -0.2461, 0.7391 1.3069 -0.2461, 0.7303 1.3059 -0.2461, 0.7289 1.3054 -0.2461, 0.722 1.303 -0.2461, 0.7195 1.3014 -0.2461, 0.7145 1.2983 -0.2461, 0.7114 1.2951 -0.2461, 0.7083 1.292 -0.2461, 0.7052 1.2871 -0.2461, 0.7036 1.2846 -0.2461, 0.7012 1.2776 -0.2461, 0.7007 1.2762 -0.2461, 0.6997 1.2675 -0.2461, 0.7391 1.2675 -0.2854, 0.7391 1.1887 -0.2854, 0.7289 1.1887 -0.2841, 0.7289 1.2675 -0.2841, 0.7194 1.1887 -0.2802, 0.7194 1.2675 -0.2802, 0.7113 1.1887 -0.2739, 0.7113 1.2675 -0.2739, 0.705 1.1887 -0.2657, 0.705 1.2675 -0.2657, 0.7011 1.1887 -0.2563, 0.7011 1.2675 -0.2563, 0.6997 1.1887 -0.2461, 0.9852 1.2698 -0.2841, 0.9845 1.2719 -0.2841, 0.9833 1.2738 -0.2841, 0.9817 1.2755 -0.2841, 0.9797 1.2767 -0.2841, 0.9776 1.2774 -0.2841, 0.9753 1.2777 -0.2841, 0.9753 1.2872 -0.2802, 0.9797 1.2867 -0.2802, 0.9753 1.2953 -0.2739, 0.9815 1.2946 -0.2739, 0.9753 1.3016 -0.2657, 0.9829 1.3007 -0.2657, 0.9753 1.3055 -0.2563, 0.9838 1.3046 -0.2563, 0.9918 1.3017 -0.2563, 0.999 1.2972 -0.2563, 1.005 1.2912 -0.2563, 1.0096 1.284 -0.2563, 1.0124 1.2759 -0.2563, 0.9901 1.2982 -0.2657, 0.9966 1.2941 -0.2657, 1.002 1.2887 -0.2657, 1.006 1.2823 -0.2657, 1.0086 1.2751 -0.2657, 0.9874 1.2926 -0.2739, 0.9927 1.2893 -0.2739, 0.9971 1.2848 -0.2739, 1.0004 1.2796 -0.2739, 1.0025 1.2737 -0.2739, 0.9839 1.2852 -0.2802, 0.9876 1.2829 -0.2802, 0.9907 1.2798 -0.2802, 0.993 1.276 -0.2802, 0.9945 1.2719 -0.2802, 0.7368 1.2774 -0.2841, 0.7391 1.2777 -0.2841, 0.7347 1.2767 -0.2841, 0.7327 1.2755 -0.2841, 0.7311 1.2738 -0.2841, 0.7299 1.2719 -0.2841, 0.7292 1.2698 -0.2841, 0.7199 1.2719 -0.2802, 0.712 1.2737 -0.2739, 0.7059 1.2751 -0.2657, 0.702 1.2759 -0.2563, 0.7048 1.284 -0.2563, 0.7094 1.2912 -0.2563, 0.7154 1.2972 -0.2563, 0.7226 1.3017 -0.2563, 0.7306 1.3046 -0.2563, 0.7391 1.3055 -0.2563, 0.7084 1.2823 -0.2657, 0.7124 1.2887 -0.2657, 0.7178 1.2941 -0.2657, 0.7243 1.2982 -0.2657, 0.7315 1.3007 -0.2657, 0.7391 1.3016 -0.2657, 0.714 1.2796 -0.2739, 0.7173 1.2848 -0.2739, 0.7217 1.2893 -0.2739, 0.727 1.2926 -0.2739, 0.7329 1.2946 -0.2739, 0.7391 1.2953 -0.2739, 0.7214 1.276 -0.2802, 0.7237 1.2798 -0.2802, 0.7268 1.2829 -0.2802, 0.7306 1.2852 -0.2802, 0.7347 1.2867 -0.2802, 0.7391 1.2872 -0.2802, 0.7391 1.2872 -0.2802
            ]
        }
        coordIndex [
            0,1,2,-1,2,1,3,-1,4,5,6,-1,6,5,7,-1,8,9,10,-1,8,10,11,-1,11,10,12,-1,11,12,13,-1,13,12,14,-1,13,14,15,-1,15,14,16,-1,15,16,17,-1,17,16,18,-1,17,18,19,-1,19,18,20,-1,19,20,21,-1,22,8,23,-1,22,23,24,-1,24,23,25,-1,24,25,26,-1,26,25,27,-1,26,27,28,-1,28,27,29,-1,28,29,30,-1,30,29,31,-1,30,31,32,-1,32,31,33,-1,32,33,34,-1,35,36,37,-1,35,37,38,-1,38,37,39,-1,38,39,40,-1,40,39,41,-1,40,41,42,-1,42,41,43,-1,42,43,44,-1,44,43,45,-1,44,45,46,-1,46,45,47,-1,46,47,22,-1,33,31,48,-1,49,50,51,-1,8,11,52,-1,51,50,8,-1,53,8,50,-1,53,50,54,-1,54,50,49,-1,54,49,55,-1,23,8,53,-1,56,57,58,-1,58,57,52,-1,58,52,59,-1,59,52,11,-1,59,11,13,-1,23,53,25,-1,25,53,54,-1,25,54,27,-1,27,54,55,-1,27,55,29,-1,60,56,61,-1,61,56,58,-1,61,58,62,-1,62,58,59,-1,62,59,63,-1,63,59,13,-1,63,13,15,-1,64,60,65,-1,65,60,61,-1,65,61,66,-1,66,61,62,-1,66,62,67,-1,67,62,63,-1,67,63,68,-1,68,63,15,-1,68,15,17,-1,31,64,48,-1,48,64,65,-1,48,65,69,-1,69,65,66,-1,69,66,70,-1,70,66,67,-1,70,67,71,-1,71,67,68,-1,71,68,72,-1,72,68,17,-1,72,17,19,-1,33,48,73,-1,73,48,69,-1,73,69,74,-1,74,69,70,-1,74,70,75,-1,75,70,71,-1,75,71,76,-1,76,71,72,-1,76,72,77,-1,77,72,19,-1,77,19,21,-1,57,8,52,-1,31,29,64,-1,64,29,55,-1,64,55,60,-1,60,55,49,-1,60,49,56,-1,56,49,51,-1,56,51,57,-1,57,51,8,-1,35,38,78,-1,79,80,81,-1,22,24,82,-1,81,80,22,-1,83,22,80,-1,83,80,84,-1,84,80,79,-1,84,79,85,-1,46,22,83,-1,86,87,88,-1,88,87,82,-1,88,82,89,-1,89,82,24,-1,89,24,26,-1,46,83,44,-1,44,83,84,-1,44,84,42,-1,42,84,85,-1,42,85,40,-1,90,86,91,-1,91,86,88,-1,91,88,92,-1,92,88,89,-1,92,89,93,-1,93,89,26,-1,93,26,28,-1,94,90,95,-1,95,90,91,-1,95,91,96,-1,96,91,92,-1,96,92,97,-1,97,92,93,-1,97,93,98,-1,98,93,28,-1,98,28,30,-1,38,94,78,-1,78,94,95,-1,78,95,99,-1,99,95,96,-1,99,96,100,-1,100,96,97,-1,100,97,101,-1,101,97,98,-1,101,98,102,-1,102,98,30,-1,102,30,32,-1,35,78,103,-1,103,78,99,-1,103,99,104,-1,104,99,100,-1,104,100,105,-1,105,100,101,-1,105,101,106,-1,106,101,102,-1,106,102,107,-1,107,102,32,-1,107,32,34,-1,87,22,82,-1,38,40,94,-1,94,40,85,-1,94,85,90,-1,90,85,79,-1,90,79,86,-1,86,79,81,-1,86,81,87,-1,87,81,22,-1,108,109,110,-1,108,110,111,-1,111,110,112,-1,111,112,113,-1,113,112,114,-1,113,114,115,-1,115,114,116,-1,115,116,117,-1,117,116,118,-1,117,118,119,-1,119,118,120,-1,119,120,121,-1,108,122,21,-1,21,122,77,-1,122,123,77,-1,77,123,124,-1,77,124,76,-1,124,125,76,-1,76,125,126,-1,76,126,75,-1,126,127,75,-1,75,127,128,-1,75,128,74,-1,128,129,74,-1,74,129,130,-1,74,130,73,-1,73,130,131,-1,73,131,33,-1,33,131,132,-1,33,132,133,-1,134,135,35,-1,134,35,136,-1,136,35,103,-1,136,103,137,-1,137,103,104,-1,137,104,138,-1,138,104,139,-1,139,104,105,-1,139,105,140,-1,140,105,141,-1,141,105,106,-1,141,106,142,-1,142,106,143,-1,143,106,107,-1,143,107,144,-1,144,107,145,-1,145,107,34,-1,145,34,146,-1,147,148,149,-1,147,149,150,-1,150,149,151,-1,150,151,152,-1,152,151,153,-1,152,153,154,-1,154,153,155,-1,154,155,156,-1,156,155,157,-1,156,157,158,-1,158,157,159,-1,158,159,135,-1,160,161,121,-1,162,163,164,-1,165,122,108,-1,122,165,123,-1,133,132,166,-1,166,132,167,-1,166,167,168,-1,131,130,163,-1,163,130,129,-1,163,129,164,-1,164,129,128,-1,164,128,127,-1,169,126,125,-1,125,124,170,-1,170,124,123,-1,168,167,171,-1,171,167,172,-1,171,172,173,-1,132,131,167,-1,167,131,163,-1,167,163,172,-1,172,163,162,-1,172,162,174,-1,111,113,175,-1,175,176,177,-1,178,179,180,-1,180,179,174,-1,180,174,181,-1,181,174,162,-1,181,162,182,-1,182,162,164,-1,182,164,169,-1,169,164,127,-1,169,127,126,-1,179,183,174,-1,174,183,184,-1,174,184,172,-1,172,184,185,-1,172,185,173,-1,177,186,187,-1,125,170,169,-1,169,170,188,-1,169,188,182,-1,182,188,189,-1,182,189,181,-1,181,189,190,-1,181,190,180,-1,180,190,191,-1,180,191,178,-1,161,160,187,-1,187,186,161,-1,161,186,192,-1,161,192,121,-1,177,176,186,-1,186,176,193,-1,186,193,192,-1,192,193,194,-1,192,194,121,-1,175,113,176,-1,176,113,115,-1,176,115,193,-1,193,115,117,-1,193,117,194,-1,194,117,119,-1,194,119,121,-1,121,195,191,-1,191,195,196,-1,191,196,178,-1,123,165,170,-1,170,165,197,-1,170,197,188,-1,188,197,198,-1,188,198,189,-1,189,198,199,-1,189,199,190,-1,190,199,200,-1,190,200,191,-1,191,200,121,-1,108,111,165,-1,165,111,175,-1,165,175,197,-1,197,175,177,-1,197,177,198,-1,198,177,187,-1,198,187,199,-1,199,187,160,-1,199,160,200,-1,200,160,121,-1,201,147,202,-1,142,143,203,-1,140,141,204,-1,138,139,205,-1,136,137,206,-1,146,207,145,-1,145,207,208,-1,145,208,144,-1,207,209,208,-1,208,209,210,-1,208,210,211,-1,210,212,211,-1,211,212,213,-1,211,213,214,-1,213,215,214,-1,214,215,216,-1,214,216,217,-1,135,134,158,-1,158,134,218,-1,158,218,156,-1,156,218,219,-1,156,219,154,-1,154,219,220,-1,154,220,152,-1,152,220,221,-1,152,221,150,-1,150,221,222,-1,150,222,147,-1,137,138,206,-1,206,138,205,-1,206,205,223,-1,223,205,224,-1,223,224,225,-1,225,224,226,-1,225,226,227,-1,227,226,228,-1,227,228,229,-1,229,228,230,-1,229,230,147,-1,139,140,205,-1,205,140,204,-1,205,204,224,-1,224,204,231,-1,224,231,226,-1,226,231,232,-1,226,232,228,-1,228,232,233,-1,228,233,230,-1,230,233,234,-1,230,234,147,-1,134,136,218,-1,218,136,206,-1,218,206,219,-1,219,206,223,-1,219,223,220,-1,220,223,225,-1,220,225,221,-1,221,225,227,-1,221,227,222,-1,222,227,229,-1,222,229,147,-1,143,144,203,-1,203,144,208,-1,203,208,235,-1,235,208,211,-1,235,211,236,-1,236,211,214,-1,236,214,237,-1,237,214,217,-1,237,217,238,-1,238,217,202,-1,238,202,147,-1,216,239,217,-1,217,239,240,-1,217,240,202,-1,202,240,241,-1,202,241,201,-1,141,142,204,-1,204,142,203,-1,204,203,231,-1,231,203,235,-1,231,235,232,-1,232,235,236,-1,232,236,233,-1,233,236,237,-1,233,237,234,-1,234,237,238,-1,234,238,147,-1,147,201,121,-1,121,201,195,-1,195,201,196,-1,196,201,241,-1,196,241,178,-1,178,241,240,-1,178,240,179,-1,179,240,239,-1,179,239,183,-1,183,239,216,-1,183,216,184,-1,184,216,215,-1,184,215,185,-1,185,215,213,-1,185,213,173,-1,173,213,212,-1,173,212,171,-1,171,212,210,-1,171,210,168,-1,168,210,209,-1,168,209,166,-1,209,207,166,-1,166,207,146,-1,166,146,133,-1,242,243,244,-1,242,244,245,-1,245,244,246,-1,245,246,247,-1,247,246,248,-1,247,248,249,-1,249,248,250,-1,249,250,251,-1,251,250,252,-1,251,252,253,-1,253,252,254,-1,253,254,255,-1,256,257,258,-1,256,258,259,-1,259,258,260,-1,259,260,261,-1,261,260,262,-1,261,262,263,-1,263,262,264,-1,263,264,265,-1,265,264,266,-1,265,266,267,-1,267,266,268,-1,267,268,242,-1,269,270,271,-1,269,271,272,-1,272,271,273,-1,272,273,274,-1,274,273,275,-1,274,275,276,-1,276,275,277,-1,276,277,278,-1,278,277,279,-1,278,279,280,-1,280,279,281,-1,280,281,268,-1,256,259,282,-1,283,284,285,-1,242,245,286,-1,285,284,242,-1,287,242,284,-1,287,284,288,-1,288,284,283,-1,288,283,289,-1,267,242,287,-1,290,291,292,-1,292,291,286,-1,292,286,293,-1,293,286,245,-1,293,245,247,-1,267,287,265,-1,265,287,288,-1,265,288,263,-1,263,288,289,-1,263,289,261,-1,294,290,295,-1,295,290,292,-1,295,292,296,-1,296,292,293,-1,296,293,297,-1,297,293,247,-1,297,247,249,-1,298,294,299,-1,299,294,295,-1,299,295,300,-1,300,295,296,-1,300,296,301,-1,301,296,297,-1,301,297,302,-1,302,297,249,-1,302,249,251,-1,259,298,282,-1,282,298,299,-1,282,299,303,-1,303,299,300,-1,303,300,304,-1,304,300,301,-1,304,301,305,-1,305,301,302,-1,305,302,306,-1,306,302,251,-1,306,251,253,-1,256,282,307,-1,307,282,303,-1,307,303,308,-1,308,303,304,-1,308,304,309,-1,309,304,305,-1,309,305,310,-1,310,305,306,-1,310,306,311,-1,311,306,253,-1,311,253,255,-1,291,242,286,-1,259,261,298,-1,298,261,289,-1,298,289,294,-1,294,289,283,-1,294,283,290,-1,290,283,285,-1,290,285,291,-1,291,285,242,-1,269,272,312,-1,313,314,315,-1,268,266,316,-1,315,314,268,-1,317,268,314,-1,317,314,318,-1,318,314,313,-1,318,313,319,-1,280,268,317,-1,320,321,322,-1,322,321,316,-1,322,316,323,-1,323,316,266,-1,323,266,264,-1,280,317,278,-1,278,317,318,-1,278,318,276,-1,276,318,319,-1,276,319,274,-1,324,320,325,-1,325,320,322,-1,325,322,326,-1,326,322,323,-1,326,323,327,-1,327,323,264,-1,327,264,262,-1,328,324,329,-1,329,324,325,-1,329,325,330,-1,330,325,326,-1,330,326,331,-1,331,326,327,-1,331,327,332,-1,332,327,262,-1,332,262,260,-1,272,328,312,-1,312,328,329,-1,312,329,333,-1,333,329,330,-1,333,330,334,-1,334,330,331,-1,334,331,335,-1,335,331,332,-1,335,332,336,-1,336,332,260,-1,336,260,258,-1,269,312,337,-1,337,312,333,-1,337,333,338,-1,338,333,334,-1,338,334,339,-1,339,334,335,-1,339,335,340,-1,340,335,336,-1,340,336,341,-1,341,336,258,-1,341,258,257,-1,321,268,316,-1,272,274,328,-1,328,274,319,-1,328,319,324,-1,324,319,313,-1,324,313,320,-1,320,313,315,-1,320,315,321,-1,321,315,268,-1,342,343,344,-1,342,344,345,-1,345,344,346,-1,345,346,347,-1,347,346,348,-1,347,348,349,-1,349,348,350,-1,349,350,351,-1,351,350,352,-1,351,352,353,-1,353,352,354,-1,353,354,355,-1,356,357,256,-1,356,256,358,-1,358,256,307,-1,358,307,359,-1,359,307,308,-1,359,308,360,-1,360,308,361,-1,361,308,309,-1,361,309,362,-1,362,309,363,-1,363,309,310,-1,363,310,364,-1,364,310,365,-1,365,310,311,-1,365,311,366,-1,366,311,367,-1,367,311,255,-1,367,255,342,-1,368,369,257,-1,257,369,341,-1,369,370,341,-1,341,370,371,-1,341,371,340,-1,371,372,340,-1,340,372,373,-1,340,373,339,-1,373,374,339,-1,339,374,375,-1,339,375,338,-1,375,376,338,-1,338,376,377,-1,338,377,337,-1,337,377,378,-1,337,378,269,-1,269,378,379,-1,269,379,380,-1,381,382,383,-1,381,383,384,-1,384,383,385,-1,384,385,386,-1,386,385,387,-1,386,387,388,-1,388,387,389,-1,388,389,390,-1,390,389,391,-1,390,391,392,-1,392,391,393,-1,392,393,380,-1,394,353,355,-1,394,355,395,-1,396,395,355,-1,397,396,355,-1,398,397,355,-1,399,398,355,-1,400,399,355,-1,400,401,402,-1,401,403,404,-1,403,405,406,-1,405,407,408,-1,407,357,356,-1,407,356,408,-1,408,356,358,-1,408,358,409,-1,358,359,409,-1,409,359,360,-1,409,360,410,-1,360,361,410,-1,410,361,362,-1,410,362,411,-1,362,363,411,-1,411,363,364,-1,411,364,412,-1,364,365,412,-1,412,365,366,-1,412,366,413,-1,366,367,413,-1,413,367,342,-1,413,342,345,-1,405,408,406,-1,406,408,409,-1,406,409,414,-1,414,409,410,-1,414,410,415,-1,415,410,411,-1,415,411,416,-1,416,411,412,-1,416,412,417,-1,417,412,413,-1,417,413,418,-1,418,413,345,-1,418,345,347,-1,403,406,404,-1,404,406,414,-1,404,414,419,-1,419,414,415,-1,419,415,420,-1,420,415,416,-1,420,416,421,-1,421,416,417,-1,421,417,422,-1,422,417,418,-1,422,418,423,-1,423,418,347,-1,423,347,349,-1,401,404,402,-1,402,404,419,-1,402,419,424,-1,424,419,420,-1,424,420,425,-1,425,420,421,-1,425,421,426,-1,426,421,422,-1,426,422,427,-1,427,422,423,-1,427,423,428,-1,428,423,349,-1,428,349,351,-1,400,402,399,-1,399,402,424,-1,399,424,398,-1,398,424,425,-1,398,425,397,-1,397,425,426,-1,397,426,396,-1,396,426,427,-1,396,427,395,-1,395,427,428,-1,395,428,394,-1,394,428,351,-1,394,351,353,-1,429,430,381,-1,429,381,431,-1,432,431,381,-1,433,432,381,-1,434,433,381,-1,435,434,381,-1,384,435,381,-1,384,386,436,-1,386,388,437,-1,388,390,438,-1,390,392,439,-1,392,380,379,-1,392,379,439,-1,439,379,378,-1,439,378,440,-1,378,377,440,-1,440,377,376,-1,440,376,441,-1,376,375,441,-1,441,375,374,-1,441,374,442,-1,374,373,442,-1,442,373,372,-1,442,372,443,-1,372,371,443,-1,443,371,370,-1,443,370,444,-1,370,369,444,-1,444,369,368,-1,444,368,445,-1,390,439,438,-1,438,439,440,-1,438,440,446,-1,446,440,441,-1,446,441,447,-1,447,441,442,-1,447,442,448,-1,448,442,443,-1,448,443,449,-1,449,443,444,-1,449,444,450,-1,450,444,445,-1,450,445,451,-1,388,438,437,-1,437,438,446,-1,437,446,452,-1,452,446,447,-1,452,447,453,-1,453,447,448,-1,453,448,454,-1,454,448,449,-1,454,449,455,-1,455,449,450,-1,455,450,456,-1,456,450,451,-1,456,451,457,-1,386,437,436,-1,436,437,452,-1,436,452,458,-1,458,452,453,-1,458,453,459,-1,459,453,454,-1,459,454,460,-1,460,454,455,-1,460,455,461,-1,461,455,456,-1,461,456,462,-1,462,456,457,-1,462,457,463,-1,384,436,435,-1,435,436,458,-1,435,458,434,-1,434,458,459,-1,434,459,433,-1,433,459,460,-1,433,460,432,-1,432,460,461,-1,432,461,431,-1,431,461,462,-1,431,462,429,-1,429,462,463,-1,429,463,430,-1,368,357,407,-1,368,407,445,-1,445,407,405,-1,445,405,451,-1,451,405,403,-1,451,403,457,-1,457,403,401,-1,457,401,463,-1,463,401,400,-1,463,400,430,-1,430,400,355,-1,430,355,381,-1,
        ]
    }
}
Shape{
    appearance Appearance {
        material  Material 	{
            diffuseColor 0.0 0.0 0.0
            specularColor 0.0 0.0 0.0
            ambientIntensity 0.2
            transparency 0
            shininess 0.5
        }
    }
    geometry IndexedFaceSet {
        ccw TRUE
        solid FALSE
        coord DEF co Coordinate {
            point [
                0.0358 0.3384 0.0696, 0.0336 0.3384 0.0636, 0.0537 0.3384 0.0696, 0.0558 0.3384 0.0636, 0.0438 0.3384 0.0918, 0.0412 0.3384 0.1024, 0.0209 0.3384 0.049, 0.0285 0.3384 0.049, 0.0442 0.3384 0.0934, 0.0446 0.3384 0.0956, 0.0486 0.3384 0.1024, 0.0448 0.3384 0.0956, 0.0452 0.3384 0.0933, 0.0456 0.3384 0.0918, 0.0689 0.3384 0.049, 0.0613 0.3384 0.049, 0.0336 0.3423 0.0636, 0.0358 0.3423 0.0696, 0.0558 0.3423 0.0636, 0.0537 0.3423 0.0696, 0.0456 0.3423 0.0918, 0.0486 0.3423 0.1024, 0.0689 0.3423 0.049, 0.0613 0.3423 0.049, 0.0452 0.3423 0.0933, 0.0448 0.3423 0.0956, 0.0412 0.3423 0.1024, 0.0446 0.3423 0.0956, 0.0442 0.3423 0.0934, 0.0438 0.3423 0.0918, 0.0209 0.3423 0.049, 0.0285 0.3423 0.049, 0.0285 0.3423 0.049
            ]
        }
        coordIndex [
            0,1,2,-1,2,1,3,-1,4,5,0,-1,0,5,6,-1,0,6,1,-1,1,6,7,-1,4,8,5,-1,5,8,9,-1,5,9,10,-1,10,9,11,-1,10,11,12,-1,12,13,10,-1,10,13,2,-1,10,2,14,-1,14,2,3,-1,14,3,15,-1,16,17,18,-1,18,17,19,-1,20,21,19,-1,19,21,22,-1,19,22,18,-1,18,22,23,-1,20,24,21,-1,21,24,25,-1,21,25,26,-1,26,25,27,-1,26,27,28,-1,28,29,26,-1,26,29,17,-1,26,17,30,-1,30,17,16,-1,30,16,31,-1,10,14,21,-1,21,14,22,-1,5,10,26,-1,26,10,21,-1,6,5,30,-1,30,5,26,-1,7,6,31,-1,31,6,30,-1,1,7,16,-1,16,7,31,-1,3,1,18,-1,18,1,16,-1,15,3,23,-1,23,3,18,-1,14,15,22,-1,22,15,23,-1,0,2,17,-1,17,2,19,-1,2,13,19,-1,19,13,20,-1,11,25,24,-1,11,24,12,-1,12,24,20,-1,12,20,13,-1,11,9,25,-1,25,9,27,-1,4,29,28,-1,4,28,8,-1,8,28,27,-1,8,27,9,-1,4,0,29,-1,29,0,17,-1,
        ]
    }
}
Shape{
    appearance Appearance {
        material  Material 	{
            diffuseColor 0.6470588235294118 0.6196078431372549 0.5882352941176471
            specularColor 0.45098039215686275 0.43529411764705883 0.4117647058823529
            ambientIntensity 0.2
            transparency 0
            shininess 0.5
        }
    }
    geometry IndexedFaceSet {
        ccw TRUE
        solid FALSE
        coord DEF co Coordinate {
            point [
                1.2899 1.2084 -0.689, 1.2899 1.1297 -0.689, 1.0344 1.2084 -0.689, 1.0344 1.1297 -0.689, -1.0712 1.1297 -0.689, -1.0712 1.2084 -0.689, 0.7777 1.1297 -0.689, 0.7777 1.2084 -0.689, 1.0344 1.1297 -0.5906, -1.5833 1.1297 0.6552, -1.5833 1.1297 -0.689, -1.3278 1.1297 -0.5906, -1.3278 1.1297 -0.689, 1.2899 1.1297 0.6552, 1.0147 1.1297 0.2953, 1.0147 1.1297 -0.2953, -0.7373 1.1297 0.2953, 0.4438 1.1297 0.2953, 1.2509 1.1297 0.689, 0.8769 1.1297 -0.5906, 0.6997 1.1297 -0.2953, 0.6997 1.1297 0.2953, 1.2893 1.1297 0.6584, 1.2864 1.1297 0.6667, -0.9932 1.1297 0.2953, -0.7373 1.1297 -0.2953, -0.9932 1.1297 -0.2953, 1.268 1.1297 0.6851, 1.2597 1.1297 0.688, 1.2817 1.1297 0.6742, 1.2755 1.1297 0.6804, 0.4438 1.1297 -0.2953, -1.1704 1.1297 -0.5906, -1.3082 1.1297 -0.2953, -1.3082 1.1297 0.2953, -1.5828 1.1297 0.6584, -1.5615 1.1297 0.6851, -1.5689 1.1297 0.6804, -1.5444 1.1297 0.689, -1.5531 1.1297 0.688, -1.5752 1.1297 0.6742, -1.5798 1.1297 0.6667, -1.3278 1.2084 -0.5906, -1.3278 1.2084 -0.689, -1.5833 1.2084 -0.689, 1.2899 1.2084 0.6552, 1.0344 1.2084 -0.5906, 0.6997 1.2084 0.2953, -1.5444 1.2084 0.689, 1.2509 1.2084 0.689, 0.8769 1.2084 -0.5906, 0.6997 1.2084 -0.2953, 1.0147 1.2084 -0.2953, 1.0147 1.2084 0.2953, 1.2893 1.2084 0.6584, 1.2864 1.2084 0.6667, -0.7373 1.2084 -0.2953, 0.4438 1.2084 -0.2953, 1.2597 1.2084 0.688, 1.268 1.2084 0.6851, 1.2755 1.2084 0.6804, 1.2817 1.2084 0.6742, -0.7373 1.2084 0.2953, -0.9932 1.2084 -0.2953, -1.1704 1.2084 -0.5906, -1.3082 1.2084 -0.2953, -0.9932 1.2084 0.2953, 0.4438 1.2084 0.2953, -1.3082 1.2084 0.2953, -1.5833 1.2084 0.6552, -1.5828 1.2084 0.6584, -1.5798 1.2084 0.6667, -1.5752 1.2084 0.6742, -1.5689 1.2084 0.6804, -1.5615 1.2084 0.6851, -1.5531 1.2084 0.688, 1.29 1.1297 -0.689, 1.3104 1.2057 -0.689, 1.2901 1.1296 -0.689, 1.3294 1.1978 -0.689, 1.2902 1.1296 -0.689, 1.3458 1.1853 -0.689, 1.2902 1.1295 -0.689, 1.3584 1.1689 -0.689, 1.2903 1.1294 -0.689, 1.3663 1.1498 -0.689, 1.2903 1.1293 -0.689, 1.369 1.1293 -0.689, 1.369 1.1293 -0.2953, 1.3663 1.1498 -0.2953, 1.3584 1.1689 -0.2953, 1.3458 1.1853 -0.2953, 1.3294 1.1978 -0.2953, 1.3104 1.2057 -0.2953, 1.2903 1.2084 0.6496, 1.2903 1.2084 -0.2953, 1.2903 1.1293 0.6496, 1.2903 1.1294 0.6504, 1.2903 1.1293 -0.2953, 1.2903 1.1294 0.6506, 1.2902 1.1295 0.6516, 1.2901 1.1295 0.6525, 1.2901 1.1296 0.6534, 1.29 1.1297 0.6544, 1.2903 0.9525 -0.689, 1.369 0.9525 -0.689, 1.369 0.9525 -0.2953, 1.369 0.9132 -0.3058, 1.369 0.8968 -0.3183, 1.369 0.8843 -0.3346, 1.369 0.8738 -0.6102, 1.369 0.8738 -0.374, 1.369 0.8765 -0.3536, 1.369 0.9321 -0.298, 1.369 0.8843 -0.6496, 1.369 0.8968 -0.6659, 1.369 0.9132 -0.6784, 1.369 0.8765 -0.6306, 1.369 0.9321 -0.6863, 1.2903 0.8843 -0.6496, 1.2903 0.8765 -0.6306, 1.2903 0.8738 -0.6102, 1.2903 0.9321 -0.6863, 1.2903 0.9132 -0.6784, 1.2903 0.8968 -0.6659, 1.2903 0.8738 -0.374, 1.2903 0.9525 -0.2953, 1.2903 0.8765 -0.3536, 1.2903 0.8843 -0.3346, 1.2903 0.8968 -0.3183, 1.2903 0.9132 -0.3058, 1.2903 0.9321 -0.298, -1.5837 1.1293 -0.689, -1.6625 1.1293 -0.689, -1.5837 1.1294 -0.689, -1.6598 1.1498 -0.689, -1.5837 1.1295 -0.689, -1.6519 1.1689 -0.689, -1.5836 1.1296 -0.689, -1.6393 1.1853 -0.689, -1.5835 1.1296 -0.689, -1.6229 1.1978 -0.689, -1.5834 1.1297 -0.689, -1.6038 1.2057 -0.689, -1.5837 1.2084 0.6496, -1.5837 1.2084 -0.2953, -1.6038 1.2057 -0.2953, -1.6229 1.1978 -0.2953, -1.6393 1.1853 -0.2953, -1.6519 1.1689 -0.2953, -1.6598 1.1498 -0.2953, -1.6625 1.1293 -0.2953, -1.5837 1.1294 0.6504, -1.5837 1.1293 0.6496, -1.5837 1.1293 -0.2953, -1.5837 1.1294 0.6506, -1.5836 1.1294 0.6515, -1.5836 1.1295 0.6524, -1.5835 1.1296 0.6533, -1.5834 1.1296 0.6543, -1.6625 0.9525 -0.689, -1.5837 0.9525 -0.689, -1.6625 0.8765 -0.6306, -1.6625 0.8738 -0.6102, -1.6625 0.9132 -0.6784, -1.6625 0.8968 -0.6659, -1.6625 0.8843 -0.6496, -1.6625 0.9525 -0.2953, -1.6625 0.8738 -0.374, -1.6625 0.9321 -0.6863, -1.6625 0.8843 -0.3346, -1.6625 0.8968 -0.3183, -1.6625 0.9132 -0.3058, -1.6625 0.8765 -0.3536, -1.6625 0.9321 -0.298, -1.5837 0.9525 -0.2953, -1.5837 0.8765 -0.3536, -1.5837 0.8738 -0.374, -1.5837 0.8765 -0.6306, -1.5837 0.8843 -0.6496, -1.5837 0.8738 -0.6102, -1.5837 0.9132 -0.3058, -1.5837 0.8968 -0.3183, -1.5837 0.8843 -0.3346, -1.5837 0.8968 -0.6659, -1.5837 0.9132 -0.6784, -1.5837 0.9321 -0.6863, -1.5837 0.9321 -0.298, -1.5837 1.2084 -0.2953, 1.2903 1.2084 0.6496, 1.2903 1.2084 -0.2953, -1.5837 1.2084 0.6496, -1.5837 1.2084 0.6496
            ]
        }
        coordIndex [
            0,1,2,-1,2,1,3,-1,4,5,6,-1,6,5,7,-1,8,3,1,-1,9,10,11,-1,11,10,12,-1,13,14,15,-1,16,17,18,-1,1,13,8,-1,8,13,15,-1,8,15,19,-1,19,15,20,-1,19,20,6,-1,6,20,4,-1,14,13,21,-1,21,13,22,-1,21,22,23,-1,16,24,25,-1,25,24,26,-1,21,27,28,-1,23,29,21,-1,21,29,30,-1,21,30,27,-1,28,18,21,-1,21,18,17,-1,21,17,20,-1,20,17,31,-1,20,31,4,-1,4,31,25,-1,4,25,32,-1,32,25,26,-1,32,26,11,-1,11,26,33,-1,11,33,9,-1,9,33,34,-1,9,34,35,-1,36,37,34,-1,16,18,24,-1,24,18,38,-1,24,38,34,-1,34,38,39,-1,34,39,36,-1,37,40,34,-1,34,40,41,-1,34,41,35,-1,42,43,44,-1,45,0,46,-1,46,0,2,-1,47,48,49,-1,50,51,46,-1,46,51,52,-1,46,52,45,-1,45,52,53,-1,45,53,54,-1,54,53,55,-1,5,56,57,-1,47,49,53,-1,53,49,58,-1,53,58,59,-1,59,60,53,-1,53,60,61,-1,53,61,55,-1,62,56,63,-1,56,5,63,-1,63,5,64,-1,63,64,65,-1,63,66,62,-1,62,66,48,-1,62,48,67,-1,67,48,47,-1,67,47,57,-1,57,47,51,-1,57,51,5,-1,5,51,50,-1,5,50,7,-1,64,42,65,-1,65,42,44,-1,65,44,68,-1,68,44,69,-1,68,69,66,-1,66,69,70,-1,70,71,66,-1,66,71,72,-1,66,72,73,-1,73,74,66,-1,66,74,75,-1,66,75,48,-1,10,44,12,-1,12,44,43,-1,49,48,18,-1,18,48,38,-1,16,25,62,-1,62,25,56,-1,25,31,56,-1,56,31,57,-1,31,17,57,-1,57,17,67,-1,17,16,67,-1,67,16,62,-1,21,20,47,-1,47,20,51,-1,20,15,51,-1,51,15,52,-1,15,14,52,-1,52,14,53,-1,14,21,53,-1,53,21,47,-1,34,33,68,-1,68,33,65,-1,33,26,65,-1,65,26,63,-1,26,24,63,-1,63,24,66,-1,24,34,66,-1,66,34,68,-1,1,0,76,-1,76,0,77,-1,76,77,78,-1,78,77,79,-1,78,79,80,-1,80,79,81,-1,80,81,82,-1,82,81,83,-1,82,83,84,-1,84,83,85,-1,84,85,86,-1,86,85,87,-1,88,87,85,-1,88,85,89,-1,89,85,83,-1,89,83,90,-1,90,83,81,-1,90,81,91,-1,91,81,79,-1,91,79,92,-1,92,79,77,-1,92,77,93,-1,45,94,95,-1,93,77,95,-1,95,77,0,-1,95,0,45,-1,96,97,98,-1,98,97,99,-1,86,98,84,-1,84,98,99,-1,84,99,82,-1,82,99,100,-1,82,100,80,-1,80,100,101,-1,80,101,78,-1,78,101,102,-1,78,102,76,-1,76,102,103,-1,76,103,1,-1,1,103,13,-1,104,86,105,-1,105,86,87,-1,87,88,105,-1,105,88,106,-1,107,108,109,-1,110,105,111,-1,111,105,106,-1,111,106,112,-1,112,106,109,-1,109,106,113,-1,109,113,107,-1,114,115,116,-1,110,117,105,-1,105,117,114,-1,105,114,118,-1,118,114,116,-1,119,120,121,-1,86,104,121,-1,121,104,122,-1,122,123,121,-1,121,123,124,-1,121,124,119,-1,86,121,98,-1,98,121,125,-1,98,125,126,-1,126,125,127,-1,126,127,128,-1,129,130,128,-1,128,130,131,-1,128,131,126,-1,110,111,121,-1,121,111,125,-1,132,133,134,-1,134,133,135,-1,134,135,136,-1,136,135,137,-1,136,137,138,-1,138,137,139,-1,138,139,140,-1,140,139,141,-1,140,141,142,-1,142,141,143,-1,142,143,10,-1,10,143,44,-1,144,69,145,-1,145,69,44,-1,145,44,146,-1,44,143,146,-1,146,143,141,-1,146,141,147,-1,147,141,139,-1,147,139,148,-1,148,139,137,-1,148,137,149,-1,149,137,135,-1,149,135,150,-1,150,135,133,-1,150,133,151,-1,152,153,154,-1,154,132,134,-1,152,154,155,-1,154,134,155,-1,155,134,136,-1,155,136,156,-1,156,136,138,-1,156,138,157,-1,157,138,140,-1,157,140,158,-1,158,140,142,-1,158,142,159,-1,159,142,10,-1,159,10,9,-1,160,133,161,-1,161,133,132,-1,162,163,160,-1,164,165,166,-1,167,163,168,-1,160,163,133,-1,133,163,167,-1,133,167,151,-1,162,160,166,-1,166,160,169,-1,166,169,164,-1,170,171,172,-1,168,173,167,-1,167,173,170,-1,167,170,174,-1,174,170,172,-1,132,154,161,-1,161,154,175,-1,176,177,175,-1,178,179,161,-1,175,177,161,-1,161,177,180,-1,161,180,178,-1,181,182,183,-1,184,185,179,-1,179,185,186,-1,179,186,161,-1,176,175,183,-1,183,175,187,-1,183,187,181,-1,180,177,163,-1,163,177,168,-1,64,32,42,-1,42,32,11,-1,5,4,64,-1,64,4,32,-1,42,11,43,-1,43,11,12,-1,46,8,50,-1,50,8,19,-1,2,3,46,-1,46,3,8,-1,50,19,7,-1,7,19,6,-1,144,188,153,-1,153,188,154,-1,167,175,151,-1,151,175,154,-1,145,146,154,-1,154,146,147,-1,154,147,148,-1,148,149,154,-1,154,149,150,-1,154,150,151,-1,96,98,189,-1,189,98,190,-1,126,106,98,-1,98,106,88,-1,91,92,98,-1,98,92,93,-1,98,93,190,-1,88,89,98,-1,98,89,90,-1,98,90,91,-1,103,189,13,-1,13,189,45,-1,13,45,22,-1,103,102,189,-1,189,102,101,-1,189,101,100,-1,100,99,189,-1,189,99,97,-1,189,97,96,-1,45,54,22,-1,22,54,55,-1,22,55,23,-1,23,55,61,-1,23,61,29,-1,29,61,60,-1,29,60,30,-1,30,60,59,-1,30,59,27,-1,27,59,58,-1,27,58,28,-1,28,58,49,-1,28,49,18,-1,70,41,71,-1,71,41,40,-1,71,40,72,-1,72,40,37,-1,72,37,73,-1,73,37,36,-1,73,36,74,-1,74,36,39,-1,74,39,75,-1,75,39,38,-1,75,38,48,-1,191,153,152,-1,152,155,191,-1,191,155,156,-1,191,156,157,-1,157,158,191,-1,191,158,159,-1,191,159,69,-1,69,159,9,-1,69,9,70,-1,70,9,35,-1,70,35,41,-1,160,161,186,-1,160,186,169,-1,169,186,185,-1,169,185,164,-1,164,185,184,-1,164,184,165,-1,165,184,179,-1,165,179,166,-1,166,179,178,-1,166,178,162,-1,162,178,180,-1,162,180,163,-1,110,121,120,-1,110,120,117,-1,117,120,119,-1,117,119,114,-1,114,119,124,-1,114,124,115,-1,115,124,123,-1,115,123,116,-1,116,123,122,-1,116,122,118,-1,118,122,104,-1,118,104,105,-1,125,111,112,-1,125,112,127,-1,127,112,109,-1,127,109,128,-1,128,109,108,-1,128,108,129,-1,129,108,107,-1,129,107,130,-1,130,107,113,-1,130,113,131,-1,131,113,106,-1,131,106,126,-1,168,177,176,-1,168,176,173,-1,173,176,183,-1,173,183,170,-1,170,183,182,-1,170,182,171,-1,171,182,181,-1,171,181,172,-1,172,181,187,-1,172,187,174,-1,174,187,175,-1,174,175,167,-1,
        ]
    }
}
Shape{
    appearance Appearance {
        material  Material 	{
            diffuseColor 0.0 0.0 0.0
            specularColor 0.0 0.0 0.0
            ambientIntensity 0.2
            transparency 0
            shininess 0.5
        }
    }
    geometry IndexedFaceSet {
        ccw TRUE
        solid FALSE
        coord DEF co Coordinate {
            point [
                -0.0356 0.3384 0.0551, -0.0356 0.3384 0.049, -0.0356 0.3423 0.0551, -0.0356 0.3423 0.049, -0.0575 0.3384 0.0551, -0.0575 0.3423 0.0551, -0.0575 0.3384 0.073, -0.0575 0.3423 0.073, -0.0384 0.3384 0.073, -0.0384 0.3423 0.073, -0.0384 0.3384 0.0792, -0.0384 0.3423 0.0792, -0.0575 0.3384 0.0792, -0.0575 0.3423 0.0792, -0.0575 0.3384 0.0962, -0.0575 0.3423 0.0962, -0.0369 0.3384 0.0962, -0.0369 0.3423 0.0962, -0.0369 0.3384 0.1024, -0.0369 0.3423 0.1024, -0.0644 0.3384 0.1024, -0.0644 0.3423 0.1024, -0.0644 0.3384 0.049, -0.0644 0.3423 0.049, -0.1172 0.3384 0.0551, -0.1172 0.3384 0.049, -0.1172 0.3423 0.0551, -0.1172 0.3423 0.049, -0.1384 0.3384 0.0551, -0.1384 0.3423 0.0551, -0.1384 0.3384 0.1024, -0.1384 0.3423 0.1024, -0.1453 0.3384 0.1024, -0.1453 0.3423 0.1024, -0.1453 0.3384 0.049, -0.1453 0.3423 0.049, 0.0312 0.3384 -0.0296, 0.0312 0.3384 -0.0357, 0.0312 0.3423 -0.0296, 0.0312 0.3423 -0.0357, 0.0094 0.3384 -0.0296, 0.0094 0.3423 -0.0296, 0.0094 0.3384 -0.0116, 0.0094 0.3423 -0.0116, 0.0285 0.3384 -0.0116, 0.0285 0.3423 -0.0116, 0.0285 0.3384 -0.0055, 0.0285 0.3423 -0.0055, 0.0094 0.3384 -0.0055, 0.0094 0.3423 -0.0055, 0.0094 0.3384 0.0116, 0.0094 0.3423 0.0116, 0.03 0.3384 0.0116, 0.03 0.3423 0.0116, 0.03 0.3384 0.0177, 0.03 0.3423 0.0177, 0.0025 0.3384 0.0177, 0.0025 0.3423 0.0177, 0.0025 0.3384 -0.0357, 0.0025 0.3423 -0.0357, 0.0025 0.3423 -0.0357
            ]
        }
        coordIndex [
            0,1,2,-1,2,1,3,-1,4,0,5,-1,5,0,2,-1,6,4,7,-1,7,4,5,-1,8,6,9,-1,9,6,7,-1,10,8,11,-1,11,8,9,-1,12,10,13,-1,13,10,11,-1,14,12,15,-1,15,12,13,-1,16,14,17,-1,17,14,15,-1,18,16,19,-1,19,16,17,-1,20,18,21,-1,21,18,19,-1,22,20,23,-1,23,20,21,-1,1,22,3,-1,3,22,23,-1,22,1,0,-1,0,4,22,-1,22,4,6,-1,22,6,20,-1,16,18,14,-1,14,18,20,-1,14,20,12,-1,12,20,6,-1,12,6,10,-1,10,6,8,-1,21,19,17,-1,17,15,21,-1,21,15,13,-1,21,13,23,-1,2,3,5,-1,5,3,23,-1,5,23,7,-1,7,23,13,-1,7,13,9,-1,9,13,11,-1,24,25,26,-1,26,25,27,-1,28,24,29,-1,29,24,26,-1,30,28,31,-1,31,28,29,-1,32,30,33,-1,33,30,31,-1,34,32,35,-1,35,32,33,-1,25,34,27,-1,27,34,35,-1,30,32,28,-1,28,32,34,-1,28,34,24,-1,24,34,25,-1,26,27,29,-1,29,27,35,-1,29,35,31,-1,31,35,33,-1,36,37,38,-1,38,37,39,-1,40,36,41,-1,41,36,38,-1,42,40,43,-1,43,40,41,-1,44,42,45,-1,45,42,43,-1,46,44,47,-1,47,44,45,-1,48,46,49,-1,49,46,47,-1,50,48,51,-1,51,48,49,-1,52,50,53,-1,53,50,51,-1,54,52,55,-1,55,52,53,-1,56,54,57,-1,57,54,55,-1,58,56,59,-1,59,56,57,-1,37,58,39,-1,39,58,59,-1,58,37,36,-1,36,40,58,-1,58,40,42,-1,58,42,56,-1,52,54,50,-1,50,54,56,-1,50,56,48,-1,48,56,42,-1,48,42,46,-1,46,42,44,-1,57,55,53,-1,53,51,57,-1,57,51,49,-1,57,49,59,-1,38,39,41,-1,41,39,59,-1,41,59,43,-1,43,59,49,-1,43,49,45,-1,45,49,47,-1,
        ]
    }
}